video_id,classification
LtC4I9tKVMs,"Categorization: Misleading

Explanation: The thumbnail depicts a large-scale explosion with people running away, which strongly suggests a civilian disaster or emergency situation rather than a military operation. The video content, however, clearly shows military helicopters, targeting systems, and coordinated military action, indicating a combat or strategic operation. The thumbnail does not accurately represent the video's main topic or content, thus misleading viewers about the nature of the video."
25N0R1KnXVs,"### Analysis of the Provided Information

#### Step 1: Examine the Thumbnail
The thumbnail shows a person standing in front of two boats. One boat is emitting green laser beams, while the other is engulfed in flames. The person appears to be presenting or explaining something, possibly related to the boats and the effects depicted.

#### Step 2: Read Through the Video Subtitles and Content Description
The subtitles indicate that the video is about comparing the destructive power of a laser versus lava. The video involves various experiments and challenges, including using a laser to cut glass containers, a can of butane gas, and a boat. The video also mentions a ""X"" factor, which seems to be a special element or variable introduced by the creator.

#### Step 3: Compare the Thumbnail to the Actual Video Content
The thumbnail depicts a dramatic scene involving a laser and a boat on fire, which aligns closely with the video's content. The video indeed features experiments with a laser and a boat, though the thumbnail does not explicitly mention the boat being burned.

#### Step 4: Determine if the Thumbnail Accurately Represents the Video's Main Topic or Content
The thumbnail accurately represents the main topic of the video, which is a comparison of the destructive power of a laser versus lava. The presence of a boat in both the thumbnail and the video content further supports this alignment.

#### Step 5: Assess Whether the Thumbnail Uses Exaggeration, False Promises, or Clickbait Tactics
The thumbnail does not use exaggerated language or false promises. It clearly depicts the key elements of the video (laser and boat) without misleading viewers about the specific details of the experiments.

#### Step 6: Categorize the Thumbnail
Based on the analysis, the thumbnail is not misleading.

#### Step 7: Provide a Brief Explanation for the Decision
The thumbnail accurately represents the main topic of the video, which is a comparison of the destructive power of a laser versus lava. While it does not explicitly mention the boat being burned, the presence of the boat in both the thumbnail and the video content helps maintain viewer interest and relevance to the overall theme. Therefore, the thumbnail is not misleading.

### Final Categorization: Not Misleading"
sGxw7ipTrq8,"### Analysis:

1. **Examine the thumbnail**: The thumbnail shows a cow running alongside cyclists on a rural road.
2. **Read the subtitles and video content**: The subtitles do not provide any specific details about the cow or the cyclists. Instead, they seem to be part of a larger compilation of TikTok-style clips, which include various everyday moments and animal interactions.
3. **Compare the thumbnail to the actual video content**: The thumbnail depicts a cow running alongside cyclists, which is not explicitly mentioned in the video description or subtitles. The video content includes a variety of scenes, including a zookeeper holding a chameleon, a cat being petted, and a child in a barn, but does not feature a cow running with cyclists.
4. **Determine if the thumbnail accurately represents the video's main topic or content**: The thumbnail does not accurately represent the video's main topic or content. It suggests a specific event (a cow running with cyclists) that is not present in the video.
5. **Assess whether the thumbnail uses exaggeration, false promises, or clickbait tactics**: The thumbnail uses clickbait tactics by suggesting a specific event that is not actually depicted in the video.
6. **Categorize the thumbnail**: Misleading
7. **Explanation**: The thumbnail exaggerates the content of the video by suggesting a specific event (a cow running with cyclists) that is not actually shown in the video. This creates a misleading impression that attracts viewers who may not be interested in the actual content of the compilation.

### Final Decision:
**Misleading**

**Explanation**: The thumbnail uses clickbait tactics by suggesting a specific event (a cow running with cyclists) that is not actually depicted in the video, leading viewers to expect something different from what they see."
53q2qMvJjxQ,"### Analysis:

**Step 1: Examine the thumbnail**
The thumbnail does not provide any specific visual clues about the content of the video. It appears to be a generic image of a person in athletic attire, which could be misleading because the video content is a compilation of various sports and athletic activities, not a single scene or specific event.

**Step 2: Read through the video subtitles and content description**
The subtitles and the video description indicate that the video is a compilation of various sports and athletic activities, showcasing different skills and environments related to athletics and entertainment. The content is diverse and includes scenes from different sports and activities.

**Step 3: Compare the thumbnail to the actual video content**
The thumbnail does not accurately represent the video content. It lacks specificity and does not convey the variety of sports and activities shown in the video.

**Step 4: Determine if the thumbnail accurately represents the video's main topic or content**
The thumbnail fails to accurately represent the video's main topic or content. It does not give any indication of the diverse range of sports and activities featured in the video.

**Step 5: Assess whether the thumbnail uses exaggeration, false promises, or clickbait tactics**
The thumbnail does not use exaggeration, false promises, or clickbait tactics. However, it is misleading because it does not provide any context or specific imagery that reflects the content of the video.

**Step 6: Categorize the thumbnail as either ""Misleading"" or ""Not Misleading""**
Based on the analysis, the thumbnail is **Misleading**.

**Explanation:**
The thumbnail is misleading because it does not provide any specific visual clues about the content of the video. It lacks context and fails to convey the diverse range of sports and activities showcased in the video. This lack of specificity makes it difficult for viewers to understand what to expect from the video, leading to potential disappointment upon watching the actual content."
WHjITn_bFuM,"Categorization: Misleading

Explanation: The thumbnail depicts a hand holding a small brush with nails attached, which suggests a DIY project involving nails and a brush. However, the video content focuses on various DIY and home improvement techniques, including cutting, drilling, sanding, and applying materials like spackle and joint compound. While the thumbnail may hint at a creative or unconventional use of nails, it does not accurately represent the comprehensive range of skills demonstrated in the video. The thumbnail uses exaggerated imagery to attract viewers, which is not representative of the actual content. Therefore, the thumbnail is misleading."
G0cF0fZgkDo,"### Analysis:

**Step 1: Examine the thumbnail**
The thumbnail depicts two workers running away from a large yellow concrete mixer that has tipped over, causing a mess of concrete to spill out. The image suggests a humorous or exaggerated mishap involving construction workers.

**Step 2: Read through the video subtitles and content description**
The subtitles and video content describe a compilation of various workplace mishaps and accidents, including workers running away from a concrete mixer that has spilled concrete. The video aims to showcase these incidents to entertain viewers.

**Step 3: Compare the thumbnail to the actual video content**
The thumbnail accurately represents the video content. It shows a concrete mixer that has spilled concrete, which aligns with the video's theme of workplace mishaps.

**Step 4: Determine if the thumbnail accurately represents the video's main topic or content**
The thumbnail accurately represents the video's main topic, which is workplace mishaps and accidents.

**Step 5: Assess whether the thumbnail uses exaggeration, false promises, or clickbait tactics**
The thumbnail does not use any exaggeration, false promises, or clickbait tactics. It simply shows a scene that matches the video's content.

**Step 6: Categorize the thumbnail**
The thumbnail is **Not Misleading**.

**Explanation:**
The thumbnail accurately reflects the video's content, which is a compilation of workplace mishaps and accidents. There is no exaggeration or misleading information present in the thumbnail. Therefore, the thumbnail is not misleading."
23ZHK6lvsHs,"### Analysis:

**Step 1: Examine the thumbnail**
- The thumbnail shows two soccer players, one wearing a PSG jersey and the other wearing a Barcelona jersey, with the name ""Messi"" visible on the Barcelona player's jersey.
- The background suggests a soccer match setting, and the players appear to be in a heated discussion or confrontation.

**Step 2: Read through the video subtitles and content description**
- The subtitles discuss various controversial moments involving Neymar, including fights and heated exchanges during matches.
- The content description provides a detailed breakdown of intense and controversial moments from professional soccer matches, focusing on Neymar's involvement in various confrontations.

**Step 3: Compare the thumbnail to the actual video content**
- The thumbnail depicts a scene where two players are engaged in a heated discussion, which aligns with the content described in the video.
- However, the thumbnail does not explicitly mention Neymar or any specific incidents involving him, which are central themes in the video content.

**Step 4: Determine if the thumbnail accurately represents the video's main topic or content**
- While the thumbnail captures a moment of tension between players, it does not provide context or highlight the specific incidents involving Neymar that are discussed in the video.
- The thumbnail could potentially mislead viewers into expecting a general discussion about soccer matches rather than a focused narrative around Neymar's controversial moments.

**Step 5: Assess whether the thumbnail uses exaggeration, false promises, or clickbait tactics**
- The thumbnail does not use exaggerated language or false promises.
- However, it might be perceived as misleading because it does not clearly indicate that the video focuses specifically on Neymar's controversial moments.

**Step 6: Categorize the thumbnail**
- **Categorization:** Misleading

**Explanation:**
- The thumbnail effectively captures a moment of tension between players, which is part of the video content. However, it fails to convey the specific focus on Neymar's controversial moments, which are the main topics discussed in the video. This omission could lead viewers to expect a broader discussion about soccer matches rather than a detailed account of Neymar's incidents. Therefore, the thumbnail is misleading."
XxMmWxwt14M,"### Analysis of the Provided Information

#### Step 1: Examine the Thumbnail
The thumbnail features a person with a distressed expression, surrounded by what appears to be feces or similar objects. The overall tone seems exaggerated and humorous, which aligns with the comedic nature of the video described.

#### Step 2: Read Through the Video Subtitles and Content Description
The subtitles and video description indicate that the video is a series of comedic scenes set in a school environment, busting various school myths. The content includes scenes of students engaging in different activities, often with humorous captions or situations.

#### Step 3: Compare the Thumbnail to the Actual Video Content
The thumbnail depicts a person reacting dramatically to something unpleasant (feces), which is not directly related to the school myths being discussed in the video. The video content focuses on various school scenarios and busting myths, which are not visually represented in the thumbnail.

#### Step 4: Determine if the Thumbnail Accurately Represents the Video's Main Topic or Content
The thumbnail does not accurately represent the main topic or content of the video. It introduces a visual element (feces) that is not present in the actual video content and does not align with the theme of busting school myths.

#### Step 5: Assess Whether the Thumbnail Uses Exaggeration, False Promises, or Clickbait Tactics
The thumbnail uses exaggerated imagery (feces) to create a sense of shock or humor, which could be considered clickbait. However, the video itself does not feature such imagery; instead, it focuses on school-related scenarios and busting myths.

#### Step 6: Categorize the Thumbnail as Either ""Misleading"" or ""Not Misleading""
Based on the analysis, the thumbnail is misleading because it introduces an element (feces) that is not present in the actual video content and does not accurately represent the theme of the video.

#### Step 7: Provide a Brief Explanation for Your Decision
The thumbnail uses exaggerated imagery (feces) to create a sense of shock or humor, which is not aligned with the actual content of the video. While the video itself is humorous and focuses on school myths, the thumbnail introduces an element that is not relevant to the video's theme, making it misleading.

**Categorization: Misleading**

**Explanation:** The thumbnail introduces an element (feces) that is not present in the actual video content and does not accurately represent the theme of the video, which is busting school myths."
kmAWR8an6Fk,"### Analysis of the Provided Information

#### Step 1: Examine the Thumbnail
The thumbnail features a young athlete in a France national team jersey, holding a burning soccer ball. There is a tweet-like message from ""k.mbappe"" that says, ""Please don't tell anyone..."" accompanied by a laughing emoji.

#### Step 2: Read Through the Video Subtitles and Content Description
The subtitles and video content appear to be a compilation of soccer-related scenes featuring a young athlete demonstrating various soccer skills and equipment. The video includes scenes of practice sessions, demonstrations of soccer techniques, and interactions with soccer gear. The content seems to focus on showcasing soccer-related activities rather than any specific ""life hack"" or humorous scenario involving a burning soccer ball.

#### Step 3: Compare the Thumbnail to the Actual Video Content
The thumbnail depicts a burning soccer ball, which is not present in the video content described. The video content is primarily focused on soccer-related activities and demonstrations, not on a burning soccer ball or any life hack involving such an object.

#### Step 4: Determine if the Thumbnail Accurately Represents the Video's Main Topic or Content
The thumbnail does not accurately represent the video's main topic or content. It suggests a humorous or dramatic scenario involving a burning soccer ball, which is not depicted in the video.

#### Step 5: Assess Whether the Thumbnail Uses Exaggeration, False Promises, or Clickbait Tactics
The thumbnail uses exaggerated imagery (a burning soccer ball) and a humorous tweet-like message, which are likely intended to attract viewers' attention. However, the content of the video does not match the exaggerated imagery in the thumbnail.

#### Step 6: Categorize the Thumbnail as Either ""Misleading"" or ""Not Misleading""
Based on the analysis, the thumbnail is misleading.

#### Step 7: Provide a Brief Explanation for Your Decision
The thumbnail uses exaggerated imagery (a burning soccer ball) and a humorous tweet-like message to attract viewers, but the video content does not feature any such scenario. The thumbnail misrepresents the actual content of the video, which focuses on soccer-related activities and demonstrations. Therefore, the thumbnail is misleading."
3zrLm_N2tnU,"### Analysis:

**Step 1: Examine the thumbnail**
The thumbnail shows a soccer player being handed a yellow card by a referee, with milk splashing onto the referee's uniform. There is a laughing emoji overlaid on the image.

**Step 2: Read through the video subtitles and content description**
The subtitles and video content appear to be a compilation of various football (soccer) matches and related events. The content includes scenes of players interacting, matches in progress, and moments of drama and humor on the field. The video does not seem to focus on a specific incident involving a referee handing a yellow card with milk splashing.

**Step 3: Compare the thumbnail to the actual video content**
The thumbnail depicts a humorous and exaggerated scenario involving a referee receiving a yellow card with milk splashing, which is not present in the video content described. The video seems to be a general compilation of football matches and events without any specific focus on this particular incident.

**Step 4: Determine if the thumbnail accurately represents the video's main topic or content**
The thumbnail does not accurately represent the video's main topic or content. It suggests a specific incident that is not depicted in the video.

**Step 5: Assess whether the thumbnail uses exaggeration, false promises, or clickbait tactics**
The thumbnail uses exaggeration by depicting a humorous and unlikely scenario that is not present in the video content. It is designed to attract viewers with a clickbait approach.

**Step 6: Categorize the thumbnail**
The thumbnail is categorized as **Misleading**.

**Explanation:**
The thumbnail exaggerates a specific incident involving a referee receiving a yellow card with milk splashing, which is not depicted in the video content. This creates a misleading impression that the video will contain this particular humorous event, leading viewers to expect content that is not actually present. Therefore, the thumbnail is misleading."
6qpXk-6kgxM,"Categorization: Not Misleading

Explanation: The thumbnail depicts hands performing a magic trick with the word ""MAGIC"" prominently displayed. However, the video content described involves a series of comedic demonstrations rather than traditional magic tricks. The video features a person performing various actions with drinks and objects, which are part of a humorous routine rather than genuine magical illusions. Since the thumbnail accurately represents the comedic nature of the video, it does not use exaggeration, false promises, or clickbait tactics to mislead viewers. Therefore, the thumbnail is not misleading."
G-Gv94bQaS0,"Categorization: Not Misleading

Explanation: The thumbnail shows a young soccer player in a Real Madrid jersey, which aligns with the video content that features a young soccer player's journey with Real Madrid and the Brazilian national team. The text ""Me chama de Bobby Charlton agora"" (Call me Bobby Charlton now) suggests a comparison to a famous footballer, which could be part of the narrative but does not mislead viewers about the content. The thumbnail accurately represents the main topic of the video, which is the player's journey and achievements with Real Madrid and Brazil. There are no exaggerated claims or misleading elements present in the thumbnail."
fxa_BO3XpE0,"### Analysis:

1. **Examine the thumbnail**: The thumbnail shows a soccer player with a noticeable injury on his head, which appears to be a cut or bruise. The image suggests a dramatic or intense moment involving physical contact during a match.

2. **Read the subtitles and video content**: The subtitles do not provide any specific details about the thumbnail image. They seem to be placeholder music and applause sounds, indicating that the video might have been recorded live or is part of a compilation without specific captions.

3. **Compare the thumbnail to the actual video content**: The video content includes various soccer moments, including collisions, tackles, and goal-scoring opportunities. While there are injuries mentioned in the video description, they are not visually emphasized in the thumbnail.

4. **Determine if the thumbnail accurately represents the video's main topic or content**: The thumbnail does not accurately represent the main content of the video, which focuses on exciting soccer moments rather than a specific injury or dramatic moment.

5. **Assess whether the thumbnail uses exaggeration, false promises, or clickbait tactics**: The thumbnail uses a dramatic image of an injury to attract viewers, which could be considered clickbait as it does not reflect the actual content of the video.

6. **Categorize the thumbnail**: Based on the analysis, the thumbnail is misleading because it uses a dramatic image of an injury to attract viewers, which does not align with the actual content of the video.

7. **Explanation**: The thumbnail exaggerates the content by showing a dramatic injury, which is not the primary focus of the video. It uses clickbait tactics to attract viewers who might be interested in seeing intense soccer moments but are not necessarily drawn by the injury itself.

**Categorization**: Misleading

**Explanation**: The thumbnail uses a dramatic image of an injury to attract viewers, which does not accurately represent the main content of the video, which focuses on exciting soccer moments."
CY-6vZd6iR0,"### Analysis:

1. **Examine the thumbnail**: The thumbnail shows a soccer player in a red jersey reaching up to head the ball, with a laughing emoji and a yellow arrow pointing to the player. The image suggests a humorous or funny moment involving the ball.

2. **Read the subtitles and video content**: The subtitles include phrases like ""no no no,"" ""what,"" ""[Laughter],"" ""hello,"" ""boom,"" ""bop,"" ""pow,"" and ""hello."" These suggest a playful and humorous tone, but they don't provide specific details about the content of the video.

3. **Compare the thumbnail to the actual video content**: The video content includes various soccer moments, including a corner kick, a player sliding on the ground, a humorous fall, and other playful scenes. However, the thumbnail specifically highlights a player reaching up to head the ball, which could be seen as a humorous or funny moment.

4. **Determine if the thumbnail accurately represents the video's main topic or content**: The thumbnail does represent a humorous moment involving the ball, which aligns with the playful tone suggested by the subtitles. However, the thumbnail doesn't explicitly mention the humorous nature of the moment or the specific actions depicted.

5. **Assess whether the thumbnail uses exaggeration, false promises, or clickbait tactics**: The thumbnail doesn't use exaggerated claims or false promises. It simply depicts a humorous moment, which is consistent with the playful tone described in the subtitles.

6. **Categorize the thumbnail**: Given that the thumbnail accurately represents a humorous moment involving the ball, and the video content supports this playful theme, the thumbnail is not misleading.

7. **Explanation**: The thumbnail accurately reflects the playful and humorous tone of the video content, which includes various soccer moments and scenes. While it doesn't explicitly state the humorous nature of the moment, it sets the expectation for a light-hearted and entertaining viewing experience.

### Final Decision:
**Categorization: Not Misleading**

**Explanation:** The thumbnail accurately represents a humorous moment involving the ball, which aligns with the playful and entertaining tone of the video content."
8ItvSeKbPUo,"### Analysis of the Provided Information

#### Step 1: Examine the Thumbnail
The thumbnail depicts a protestor running onto the pitch while holding a burning flag. The text overlay reads ""PROTESTOR INVADES THE PITCH DURING.""

#### Step 2: Read Through the Video Subtitles and Content Description
The subtitles and video content description focus on various soccer-related scenes, including matches, training sessions, interviews, and behind-the-scenes moments. There is no mention of a protestor invading the pitch or any burning flags.

#### Step 3: Compare the Thumbnail to the Actual Video Content
The thumbnail shows a protestor running onto the pitch with a burning flag, which is completely unrelated to the content described in the video description. The video does not feature any protest or burning of flags.

#### Step 4: Determine if the Thumbnail Accurately Represents the Video's Main Topic or Content
The thumbnail does not accurately represent the video's main topic or content. It misleads viewers by suggesting a protest scene that is not present in the video.

#### Step 5: Assess Whether the Thumbnail Uses Exaggeration, False Promises, or Clickbait Tactics
The thumbnail uses clickbait tactics by promising a dramatic event (a protestor invading the pitch) that is not depicted in the video. It exaggerates the content by suggesting a high-stakes protest scenario that is not actually shown.

#### Step 6: Categorize the Thumbnail as Either ""Misleading"" or ""Not Misleading""
Based on the analysis, the thumbnail is clearly misleading.

#### Step 7: Provide a Brief Explanation for the Decision
The thumbnail inaccurately represents the video's content by suggesting a protest scene that is not depicted in the video. It uses clickbait tactics to attract viewers by promising a dramatic event that is not actually shown. Therefore, the thumbnail is misleading.

### Final Categorization: Misleading"
6ByB00sweDk,"### Analysis of the Provided Information

#### Step 1: Examine the Thumbnail
The thumbnail features a man superimposed over a scene of a burning homeless encampment. The image suggests a serious issue related to homelessness and fires in a homeless camp.

#### Step 2: Read Through the Video Subtitles and Content Description
The subtitles and video content describe a series of issues in Santa Monica, including violent attacks, a growing homeless population, and the impact on businesses and residents. The video highlights the deterioration of the area due to crime and economic changes.

#### Step 3: Compare the Thumbnail to the Actual Video Content
The thumbnail depicts a burning homeless encampment, which aligns closely with the content described in the subtitles and video description. The video indeed focuses on the issues surrounding homelessness and crime in Santa Monica.

#### Step 4: Determine if the Thumbnail Accurately Represents the Video's Main Topic or Content
The thumbnail accurately represents the main topic of the video, which is the severe conditions faced by the homeless population and the broader social issues in Santa Monica.

#### Step 5: Assess Whether the Thumbnail Uses Exaggeration, False Promises, or Clickbait Tactics
There is no indication of exaggeration or clickbait tactics in the thumbnail. It clearly conveys the serious nature of the issues discussed in the video.

#### Step 6: Categorize the Thumbnail
Based on the analysis, the thumbnail is **Not Misleading**.

#### Explanation:
The thumbnail effectively communicates the serious nature of the issues discussed in the video without overstating or misrepresenting the content. It accurately reflects the main topics covered in the video, which include the burning of a homeless encampment and the broader social issues affecting Santa Monica. Therefore, the thumbnail does not use any exaggerated claims or clickbait tactics."
04OAZ-NBXkk,"### Analysis of the Provided Information

#### Step 1: Examine the Thumbnail
The thumbnail features a young man with short dark hair, wearing glasses and headphones, sitting in a home office or study environment. The background includes bookshelves. The thumbnail does not visually represent any specific content or context related to the video's discussion of soccer players or social media interactions.

#### Step 2: Read Through the Video Subtitles and Content Description
The subtitles and content description indicate that the video is a reaction or commentary video where the host discusses various social media posts and images related to soccer, particularly focusing on Real Madrid and its players. The host reacts to and discusses posts involving soccer players, including Endrick, Neymar, and other players, and engages with the content in a light-hearted manner.

#### Step 3: Compare the Thumbnail to the Actual Video Content
The thumbnail does not visually represent any of the content discussed in the video. It does not show any soccer players, nor does it depict any social media interactions or reactions to posts. Instead, it shows a generic scene of a person in a home office setting.

#### Step 4: Determine if the Thumbnail Accurately Represents the Video's Main Topic or Content
The thumbnail fails to accurately represent the video's main topic or content. It does not visually depict any of the soccer-related content or social media interactions discussed in the video.

#### Step 5: Assess Whether the Thumbnail Uses Exaggeration, False Promises, or Clickbait Tactics
The thumbnail does not use any exaggerated claims, false promises, or clickbait tactics. It simply shows a generic scene that does not relate to the content of the video.

#### Step 6: Categorize the Thumbnail as Either ""Misleading"" or ""Not Misleading""
Based on the analysis, the thumbnail is **misleading**.

#### Explanation:
The thumbnail does not visually represent the content of the video, which focuses on reactions to social media posts and images related to soccer players. By showing a generic scene of a person in a home office, it fails to convey the specific nature of the content discussed in the video. This misleads viewers into expecting a different type of video than what they actually receive."
Sf5yOKjxggA,"### Analysis:

1. **Examine the thumbnail**: The thumbnail shows a woman clapping her hands, and a soccer player (Ronaldo) interacting with a referee. There is no text or additional imagery that suggests any misleading content.

2. **Read through the video subtitles and content description**: The subtitles appear to be incomplete and fragmented, but they do not provide any misleading information about the content of the video. The video description outlines a compilation of various soccer match moments and referee interactions, which aligns with the thumbnail image.

3. **Compare the thumbnail to the actual video content**: The thumbnail depicts a scene where a woman is clapping and a soccer player is interacting with a referee. This matches the general theme of the video, which involves soccer matches and referee interactions.

4. **Determine if the thumbnail accurately represents the video's main topic or content**: The thumbnail accurately represents the video content, as it shows a scene related to soccer matches and referee interactions.

5. **Assess whether the thumbnail uses exaggeration, false promises, or clickbait tactics**: There is no indication of exaggeration, false promises, or clickbait tactics in the thumbnail.

6. **Categorize the thumbnail as either ""Misleading"" or ""Not Misleading""**: Based on the analysis, the thumbnail does not use any misleading elements.

7. **Provide a brief explanation for your decision**: The thumbnail accurately represents the video content, which involves soccer matches and referee interactions. There is no exaggeration or clickbait tactics used in the thumbnail.

**Categorization**: Not Misleading

**Explanation**: The thumbnail accurately reflects the content of the video, which is a compilation of soccer match moments and referee interactions. There are no misleading elements present in the thumbnail."
eZ_u6fIPzb4,"### Analysis of the Provided Information

#### Step 1: Examine the Thumbnail
The thumbnail shows a dramatic image of a helicopter crashing onto a football field, with flames and smoke billowing. The text reads ""BREAKING NEWS HELICOPTER CRASHES ONTO FIELD DURING NFL.""

#### Step 2: Read Through the Video Subtitles and Content Description
The subtitles and content description do not mention any helicopter crash or breaking news event. Instead, the video focuses on various medical emergencies, safety concerns, and behind-the-scenes moments in American football. It does not depict a helicopter crash or breaking news event.

#### Step 3: Compare the Thumbnail to the Actual Video Content
The thumbnail depicts a dramatic and sensationalized event (a helicopter crash) that is completely unrelated to the actual content of the video. The video content is about medical emergencies, safety concerns, and behind-the-scenes moments in football, which are entirely different from the thumbnail's depiction.

#### Step 4: Determine if the Thumbnail Accurately Represents the Video's Main Topic or Content
The thumbnail does not accurately represent the video's main topic or content. It misleads viewers by suggesting a breaking news event involving a helicopter crash, which is not present in the video.

#### Step 5: Assess Whether the Thumbnail Uses Exaggeration, False Promises, or Clickbait Tactics
The thumbnail uses exaggerated imagery and text to attract viewers, promising a breaking news event that is not actually depicted in the video. This is a classic example of clickbait.

#### Step 6: Categorize the Thumbnail
Categorization: Misleading

#### Step 7: Provide a Brief Explanation for the Decision
The thumbnail is misleading because it depicts a dramatic and sensationalized event (a helicopter crash) that is completely unrelated to the actual content of the video. The video focuses on medical emergencies, safety concerns, and behind-the-scenes moments in football, which are entirely different from the thumbnail's depiction. The thumbnail uses exaggerated imagery and text to attract viewers, promising a breaking news event that is not actually depicted in the video."
3wKm3087UHs,"### Analysis:

1. **Examine the thumbnail**: The thumbnail shows a player in a blue jersey pointing at a referee in a yellow uniform. The image suggests a confrontation or disagreement between the player and the referee.

2. **Read the subtitles and video content**:
   - The subtitles indicate a series of interactions between players and referees, including arguments, protests, and discussions about calls.
   - The video content includes various scenes of intense interactions between players and officials, which align with the thumbnail's depiction of a confrontation.

3. **Compare the thumbnail to the actual video content**:
   - The thumbnail accurately represents the type of content shown in the video, which features confrontations and disagreements between players and referees.
   - The video content consistently shows such interactions, confirming that the thumbnail is representative of the video's main topics.

4. **Determine if the thumbnail accurately represents the video's main topic or content**:
   - The thumbnail accurately reflects the content of the video, which focuses on the dramatic and controversial interactions between players and referees during soccer matches.

5. **Assess whether the thumbnail uses exaggeration, false promises, or clickbait tactics**:
   - There is no exaggeration or false promises in the thumbnail. It simply depicts a typical scene from the video content.

6. **Categorize the thumbnail**:
   - The thumbnail is not misleading because it accurately represents the content of the video.

7. **Explanation**:
   - The thumbnail effectively captures a common scenario in the video, which is the intense and often controversial interactions between players and referees during soccer matches. It does not use any clickbait tactics or exaggerate the content.

### Final Decision:
**Categorization: Not Misleading**

**Explanation:** The thumbnail accurately represents the content of the video, which features various confrontations and disagreements between players and referees during soccer matches. There is no exaggeration or false promises in the thumbnail, making it a fair representation of the video's main topics."
LtOya4_iND0,"### Analysis of the Provided Information

#### Step 1: Examine the Thumbnail
The thumbnail depicts a person interacting with a car that has a gold wrap applied to its exterior. The image suggests a focus on luxury or a high-end vehicle.

#### Step 2: Read Through the Video Subtitles and Content Description
The subtitles and video description indicate that the video is a compilation of various dangerous or risky situations, including accidents, natural disasters, and human-made hazards. The content does not mention anything related to luxury cars or gold wraps.

#### Step 3: Compare the Thumbnail to the Actual Video Content
The thumbnail shows a person interacting with a gold-wrapped car, which is entirely unrelated to the content described in the video description. The video content focuses on dangerous situations and accidents, not luxury vehicles or gold wraps.

#### Step 4: Determine if the Thumbnail Accurately Represents the Video's Main Topic or Content
The thumbnail does not accurately represent the video's main topic or content. It misleads viewers by suggesting that the video is about luxury cars or gold wraps, when it is actually about dangerous situations and accidents.

#### Step 5: Assess Whether the Thumbnail Uses Exaggeration, False Promises, or Clickbait Tactics
The thumbnail uses clickbait tactics by promising viewers a luxurious or high-end vehicle when the video content is about dangerous situations and accidents.

#### Step 6: Categorize the Thumbnail as Either ""Misleading"" or ""Not Misleading""
The thumbnail is **Misleading**.

#### Step 7: Provide a Brief Explanation for Your Decision
The thumbnail inaccurately represents the video's content by suggesting that the video is about luxury cars or gold wraps when it is actually about dangerous situations and accidents. This use of clickbait tactics misleads viewers and does not accurately reflect the video's main topic."
SKQTtsGOT7M,"### Analysis:

**Step 1: Examine the thumbnail**
- The thumbnail shows two individuals, one appearing surprised or shocked, and the other holding a device that resembles an iron. There is a speech bubble saying ""QUER VOLTAR COMIGO?"" which translates to ""Do you want to come back with me?""

**Step 2: Read the video subtitles and content description**
- The subtitles suggest a scenario involving a lie detector test, where one person is trying to determine if someone is telling the truth about wanting to return with them.
- The content description indicates a casual gathering of friends, possibly playing a game or engaging in a social activity, but does not mention any lie detector test or a device resembling an iron.

**Step 3: Compare the thumbnail to the actual video content**
- The thumbnail depicts a dramatic situation involving a lie detector test, which is not mentioned in the video description.
- The video content focuses on a casual social interaction among friends without any indication of a lie detector test or a device resembling an iron.

**Step 4: Determine if the thumbnail accurately represents the video's main topic or content**
- The thumbnail significantly misrepresents the actual content of the video. It suggests a dramatic and potentially confrontational scenario involving a lie detector test, which is not depicted in the video.

**Step 5: Assess whether the thumbnail uses exaggeration, false promises, or clickbait tactics**
- The thumbnail uses exaggerated imagery and a dramatic scenario to attract viewers, which is misleading.

**Step 6: Categorize the thumbnail**
- **Misleading**

**Explanation:**
The thumbnail uses a dramatic and exaggerated scenario involving a lie detector test to attract viewers, which is not present in the actual video content. This creates a misleading impression that the video will contain a confrontation or a serious discussion about honesty, when in reality, it appears to be a casual social gathering among friends."
BJJuqNdL-HM,"### Analysis:

1. **Examine the thumbnail**: The thumbnail shows a dog wearing a wig, which gives the impression of a humorous or funny video involving animals.
   
2. **Read the subtitles and video content**: The subtitles seem to be random phrases and music cues without any clear narrative or context related to the video content described above.

3. **Compare the thumbnail to the actual video content**: The thumbnail depicts a dog with a wig, suggesting a comedic or humorous theme. However, the video content describes a series of adorable and amusing animal moments, including playful interactions between different animals and their environments.

4. **Determine if the thumbnail accurately represents the video's main topic or content**: The thumbnail does not accurately represent the video's main topic or content. It suggests a humorous video involving a dog with a wig, whereas the actual video content is a compilation of various animal moments without any specific focus on a dog or a wig.

5. **Assess whether the thumbnail uses exaggeration, false promises, or clickbait tactics**: The thumbnail uses clickbait tactics by promising a humorous video involving a dog with a wig, which is not reflected in the actual video content.

6. **Categorize the thumbnail**: Based on the analysis, the thumbnail is misleading.

7. **Explanation**: The thumbnail suggests a humorous video involving a dog with a wig, which is not what the video content actually shows. The video is a compilation of various animal moments, and the thumbnail does not accurately represent the content, leading viewers to expect a different type of video than what they receive.

**Categorization**: Misleading

**Explanation**: The thumbnail uses clickbait tactics by promising a humorous video involving a dog with a wig, which is not reflected in the actual video content."
XKz8pKVZfeM,"Categorization: Not Misleading

Explanation: The thumbnail depicts a scene where a Brazilian soccer player is helping another player who is injured on the field. The video content, however, does not necessarily focus on this specific incident but rather showcases a compilation of the player's career highlights, personal moments, and interactions with fans and teammates. While the thumbnail may not directly represent every scene in the video, it does not exaggerate or mislead viewers about the overall content. The thumbnail accurately reflects the theme of the video, which is a comprehensive look at the player's life and career, including both professional achievements and personal experiences."
Tb6dciVa1T0,"### Analysis of the Provided Information

#### Step 1: Examine the Thumbnail
The thumbnail features a hamster with glowing eyes and a tongue sticking out, alongside a person with a bloodied face. The Amazon logo is prominently displayed.

#### Step 2: Read Through the Video Subtitles and Content Description
The subtitles indicate that the video involves purchasing and testing banned Amazon products, which include items like a giant blob, an invisible chair, a frisbee that can cut through anything, a real assassin's crossbow, and a real monkey. The video also mentions testing a super-powered T-shirt launcher, a real cop car, and other dangerous and weird products.

#### Step 3: Compare the Thumbnail to the Actual Video Content
The thumbnail depicts a hamster with exaggerated features (glowing eyes and a tongue sticking out) and a person with a bloodied face, which suggests a horror or thriller theme. However, the video content revolves around purchasing and testing banned Amazon products, which are not typically associated with horror themes.

#### Step 4: Determine if the Thumbnail Accurately Represents the Video's Main Topic or Content
The thumbnail does not accurately represent the video's main topic or content. It suggests a horror or thriller theme, whereas the video is about purchasing and testing banned Amazon products.

#### Step 5: Assess Whether the Thumbnail Uses Exaggeration, False Promises, or Clickbait Tactics
The thumbnail uses exaggerated imagery (a hamster with glowing eyes and a tongue sticking out) and a person with a bloodied face, which could be perceived as clickbait or misleading. It does not accurately reflect the content of the video.

#### Step 6: Categorize the Thumbnail as Either ""Misleading"" or ""Not Misleading""
Based on the analysis, the thumbnail is misleading.

#### Step 7: Provide a Brief Explanation for Your Decision
The thumbnail uses exaggerated imagery and a person with a bloodied face, which suggests a horror or thriller theme. However, the video content is about purchasing and testing banned Amazon products, which are not typically associated with such themes. Therefore, the thumbnail is misleading as it does not accurately represent the video's main topic or content."
uGBjK8Cu8H4,"### Analysis and Categorization:

**Step 1:** Examine the thumbnail.
The thumbnail features a child in a hospital bed connected to medical equipment, with the text ""PLEASE SURVIVE."" 

**Step 2:** Read through the video subtitles and content description.
The subtitles and video content appear to focus on a famous soccer player and his family life, including personal and professional moments. There is no mention of a child in a hospital bed or any related health concerns.

**Step 3:** Compare the thumbnail to the actual video content.
The thumbnail depicts a child in a hospital bed, which is completely unrelated to the content described in the video description. The video content is about a famous soccer player and his family life, with no indication of a health crisis involving a child.

**Step 4:** Determine if the thumbnail accurately represents the video's main topic or content.
The thumbnail does not accurately represent the video's main topic or content. It suggests a serious health issue involving a child, which is not mentioned in the video description.

**Step 5:** Assess whether the thumbnail uses exaggeration, false promises, or clickbait tactics.
The thumbnail uses clickbait tactics by suggesting a serious health issue involving a child, which is not present in the video content. It is designed to attract viewers by creating a sense of urgency or concern.

**Step 6:** Categorize the thumbnail as either ""Misleading"" or ""Not Misleading.""
The thumbnail is clearly misleading.

**Step 7:** Provide a brief explanation for the decision.
The thumbnail uses clickbait tactics by depicting a child in a hospital bed and asking viewers to ""PLEASE SURVIVE,"" which is unrelated to the actual content of the video. The video is about a famous soccer player and his family life, with no indication of a health crisis involving a child. Therefore, the thumbnail is misleading."
rvl6qhBGHAY,"### Analysis:

**Thumbnail:** The thumbnail shows a person in a yellow outfit standing in front of a cage, with another person in a black tank top standing beside them. There is no visible text or additional imagery on the thumbnail.

**Video Subtitles:** The subtitles are fragmented and incomplete, but they seem to be unrelated to the content shown in the video. They include phrases like ""snowboarding,"" ""high school pitcher,"" ""construction site entertainment,"" ""chiropractor,"" ""extra skin,"" ""soccer goal,"" ""Teppanyaki,"" ""gymnastics,"" ""video game physique,"" ""world champion,"" ""coach playing,"" ""fly fishing,"" ""BMX,"" ""jumping rope,"" ""kick in the bucket,"" ""Highland Games,"" ""corn plastic wrap,"" and ""outstanding edition.""

**Video Content Description:** The video compilation showcases a variety of impressive athletic and skilled performances across different sports and activities, including soccer, BMX, motocross, martial arts, dance, and more. The video does not appear to focus on any specific individual or activity depicted in the thumbnail.

### Comparison:

The thumbnail does not accurately represent the video content. The thumbnail shows a person in a yellow outfit standing in front of a cage, which suggests a scene from a mixed martial arts (MMA) fight or similar event. However, the video content is a compilation of various athletic and skilled performances across different sports and activities, without any specific focus on an MMA event.

### Misleading Assessment:

The thumbnail is misleading because it does not accurately represent the video content. The thumbnail suggests a scene from an MMA fight, while the video content is a compilation of various athletic and skilled performances across different sports and activities. The thumbnail uses imagery that is not relevant to the actual content of the video, which could mislead viewers into expecting a different type of content.

### Categorization:

**Categorization:** Misleading

**Explanation:** The thumbnail inaccurately represents the video content by suggesting a scene from an MMA fight, while the video is a compilation of various athletic and skilled performances across different sports and activities. This creates a misleading expectation for the viewer."
7N70RcxxKsk,"### Analysis of the Provided Information

#### Step 1: Examine the Thumbnail
The thumbnail shows three individuals in different stages of physical transformation, with a red arrow pointing from the middle individual to the rightmost individual. The image suggests a significant physical transformation, possibly related to fitness or body transformation.

#### Step 2: Read Through the Video Subtitles and Content Description
The subtitles indicate that the video is a compilation of various life hacks or prank-style scenes, which are often designed to be entertaining and shareable on social media platforms. The content includes practical tips and tricks, such as waterproofing clothes, fixing a car with ramen noodles, and creative solutions for everyday problems.

#### Step 3: Compare the Thumbnail to the Actual Video Content
The thumbnail depicts a dramatic transformation, which is not directly related to the life hacks or pranks shown in the video. The video content focuses on demonstrating various tricks and hacks rather than a physical transformation.

#### Step 4: Determine if the Thumbnail Accurately Represents the Video's Main Topic or Content
The thumbnail does not accurately represent the video's main topic or content. It suggests a transformation that is not present in the video, which could mislead viewers into expecting a different type of content.

#### Step 5: Assess Whether the Thumbnail Uses Exaggeration, False Promises, or Clickbait Tactics
The thumbnail uses exaggerated imagery to attract viewers, promising a significant transformation that is not aligned with the actual content of the video. This can be considered clickbait.

#### Step 6: Categorize the Thumbnail as Either ""Misleading"" or ""Not Misleading""
Based on the analysis, the thumbnail is **Misleading**.

#### Step 7: Provide a Brief Explanation for the Decision
The thumbnail exaggerates the content by suggesting a significant physical transformation, which is not the focus of the video. Instead, the video is a compilation of life hacks and pranks, and the thumbnail does not accurately reflect this theme. Therefore, it uses clickbait tactics to attract viewers who might be interested in a transformation video when the content is entirely different."
oN0iK-cClQI,"### Analysis of the Provided Information

#### Step 1: Examine the thumbnail
The thumbnail shows three individuals hanging from a platform high above the ground, with the text ""DARE #99"". The image suggests a daring activity, likely skydiving or a similar extreme sport.

#### Step 2: Read through the video subtitles and content description
The subtitles indicate that the video is about a series of dares or challenges performed by a group of friends over a period of 24 hours. The content includes various physical challenges, pranks, and reactions, but none of these involve skydiving or any extreme sports depicted in the thumbnail.

#### Step 3: Compare the thumbnail to the actual video content
The thumbnail depicts individuals engaged in a high-risk activity (skydiving), which is not mentioned in the video description. The video content focuses on a series of dares and challenges that are more playful and humorous rather than extreme.

#### Step 4: Determine if the thumbnail accurately represents the video's main topic or content
The thumbnail does not accurately represent the video's content. It suggests a dangerous activity that is not present in the video.

#### Step 5: Assess whether the thumbnail uses exaggeration, false promises, or clickbait tactics
The thumbnail uses exaggerated imagery and text (""DARE #99"") to attract viewers, which is misleading as it does not reflect the actual content of the video.

#### Step 6: Categorize the thumbnail as either ""Misleading"" or ""Not Misleading""
Based on the analysis, the thumbnail is **Misleading**.

#### Step 7: Provide a brief explanation for the decision
The thumbnail misleads viewers by depicting a dangerous activity (skydiving) that is not shown in the video. Instead, the video features a series of playful and humorous dares that are not extreme enough to warrant the dramatic imagery in the thumbnail. This creates a false expectation and attracts viewers with misleading content."
UsKGD8dQBYw,"### Analysis of the Provided Information

#### Step 1: Examine the Thumbnail
The thumbnail shows a pair of boots equipped with crampons, which are typically used for climbing or walking on ice or snow. The image suggests a focus on outdoor adventure gear.

#### Step 2: Read Through the Video Subtitles and Content Description
The subtitles and video description mention a variety of innovative technologies and unique scenarios, including a jet-powered motorcycle, a self-balancing personal mobility device, and a smartphone app for ordering food. These are not directly related to the crampons shown in the thumbnail.

#### Step 3: Compare the Thumbnail to the Actual Video Content
The thumbnail depicts crampons, which are not mentioned in the video description. Instead, the video showcases a wide range of technological innovations across different fields such as transportation, agriculture, and personal devices.

#### Step 4: Determine if the Thumbnail Accurately Represents the Video's Main Topic or Content
The thumbnail does not accurately represent the video's main content. The video focuses on a diverse array of technological innovations, whereas the thumbnail suggests a specific type of outdoor gear.

#### Step 5: Assess Whether the Thumbnail Uses Exaggeration, False Promises, or Clickbait Tactics
The thumbnail does not use exaggeration, false promises, or clickbait tactics. However, it is misleading because it does not reflect the actual content of the video.

#### Step 6: Categorize the Thumbnail as Either ""Misleading"" or ""Not Misleading""
Categorization: Misleading

#### Step 7: Provide a Brief Explanation for Your Decision
The thumbnail is misleading because it shows crampons, which are not the primary focus of the video. The video content is about a montage of various innovative technologies and unique scenarios, not about outdoor adventure gear. The thumbnail does not accurately represent the video's main topic or content, thus it is misleading."
JfYEmhHkCZQ,"### Analysis:

1. **Examine the thumbnail**: The thumbnail features a soccer player interacting with a large bear on a soccer field. The image is visually striking and unusual, which could attract viewers' attention.

2. **Read the subtitles and video content**: The subtitles and video content describe a compilation of unusual and amusing incidents that have occurred during soccer matches. These incidents include weather-related challenges, animal invasions, and other unpredictable events.

3. **Compare the thumbnail to the actual video content**: The thumbnail depicts a soccer player interacting with a bear, which is not mentioned in the video content. The video does not feature any bears or animals on the field.

4. **Determine if the thumbnail accurately represents the video's main topic or content**: The thumbnail does not accurately represent the video's main topic or content. It suggests a scenario that is not depicted in the video.

5. **Assess whether the thumbnail uses exaggeration, false promises, or clickbait tactics**: The thumbnail uses exaggerated imagery (a bear on a soccer field) to attract viewers, which is misleading.

6. **Categorize the thumbnail as either ""Misleading"" or ""Not Misleading""**: Based on the analysis, the thumbnail is misleading.

7. **Explanation**: The thumbnail exaggerates the content of the video by featuring a bear, which is not present in the actual video. It uses clickbait tactics to attract viewers by promising an unusual event that is not shown in the video.

### Final Decision:
**Misleading**

**Explanation**: The thumbnail uses exaggerated imagery (a bear on a soccer field) to attract viewers, which does not accurately represent the video's main topic or content."
GWY8ArsCHxA,"Categorization: Not Misleading

Explanation: The thumbnail depicts a soccer player with visible injuries, which aligns with the video content that documents a soccer match involving Cristiano Ronaldo, including an incident where he sustained an injury. The image accurately reflects the main topic of the video, which focuses on Ronaldo's performance and resilience during the match. There are no exaggerated claims or misleading elements present in the thumbnail. The thumbnail effectively summarizes the key aspect of the video without misleading viewers about the content."
WhrekQumlKY,"### Analysis of the Provided Information

#### Step 1: Examine the Thumbnail
The thumbnail shows two images side by side:
1. On the left, a soccer player in a red jersey is kicking the ball while being approached by a player in a yellow jersey.
2. On the right, a soccer player in a white jersey is hugging a dog.

#### Step 2: Read Through the Video Subtitles and Content Description
The subtitles and video content description describe a compilation of soccer scenes and moments from Brazilian football matches and interviews. The content includes various game situations, referee decisions, player interactions, and dramatic moments typical of soccer matches.

#### Step 3: Compare the Thumbnail to the Actual Video Content
- The thumbnail features a soccer player kicking the ball, which aligns with the soccer theme mentioned in the video description.
- However, the right image in the thumbnail shows a soccer player hugging a dog, which is completely unrelated to the soccer content described in the video.

#### Step 4: Determine if the Thumbnail Accurately Represents the Video's Main Topic or Content
The thumbnail does not accurately represent the main topic or content of the video. While the left image is relevant to soccer, the right image depicting a soccer player hugging a dog is entirely unrelated to the soccer scenes described in the video.

#### Step 5: Assess Whether the Thumbnail Uses Exaggeration, False Promises, or Clickbait Tactics
The thumbnail uses clickbait tactics by promising a scene involving a soccer player hugging a dog, which is not present in the actual video content.

#### Step 6: Categorize the Thumbnail
**Categorization:** Misleading

#### Step 7: Provide a Brief Explanation for the Decision
The thumbnail misleads viewers by showing a scene that is completely unrelated to the soccer content described in the video. It uses clickbait tactics by suggesting that the video will feature a soccer player hugging a dog, which is not true. Therefore, the thumbnail is misleading."
AsFQ3Oe3hYQ,"### Analysis of the Provided Information

#### Step 1: Examine the Thumbnail
The thumbnail does not provide any specific visual or textual information about the video content. It simply shows a truck loaded with bananas, which is unrelated to the video's content described in the video description.

#### Step 2: Read Through the Video Subtitles and Content Description
The subtitles and video description indicate that the video showcases a variety of innovative tools, techniques, and solutions across different fields, including home improvement, construction, and transportation. The video does not focus on bananas or any agricultural activity.

#### Step 3: Compare the Thumbnail to the Actual Video Content
The thumbnail depicts a truck loaded with bananas, which is completely unrelated to the content described in the video description. The video does not feature bananas or any agricultural context.

#### Step 4: Determine if the Thumbnail Accurately Represents the Video's Main Topic or Content
The thumbnail does not represent the video's main topic or content at all. It is entirely misleading because it shows a completely different subject (bananas) that has no relation to the innovative tools and techniques showcased in the video.

#### Step 5: Assess Whether the Thumbnail Uses Exaggeration, False Promises, or Clickbait Tactics
The thumbnail uses clickbait tactics by showing a truck full of bananas, which is likely intended to attract viewers who might be interested in agricultural content. However, since the video content is about innovative tools and techniques, this misleads viewers into expecting a different type of content.

#### Step 6: Categorize the Thumbnail as Either ""Misleading"" or ""Not Misleading""
Based on the analysis, the thumbnail is clearly misleading.

#### Step 7: Provide a Brief Explanation for Your Decision
The thumbnail shows a truck full of bananas, which is completely unrelated to the innovative tools and techniques showcased in the video. This creates a misleading expectation for viewers, leading them to believe the video contains agricultural content when it actually focuses on different topics. Therefore, the thumbnail is misleading."
FyJcI4UkAzs,"### Analysis:

1. **Thumbnail**: The thumbnail shows a person riding a jet ski in a body of water, with a character resembling the Joker from the movie ""Joker"" (2019). The image is vibrant and dynamic, suggesting action and excitement.

2. **Video Subtitles**: The subtitles appear to be random phrases and music cues, indicating that the video might be a compilation of various mishaps and accidents, rather than a specific scene involving the character depicted in the thumbnail.

3. **Video Content Description**: The video compilation includes a variety of mishaps, accidents, and unusual situations, which does not align with the image of a person riding a jet ski.

### Comparison:

- **Thumbnail vs. Video Content**: The thumbnail depicts a high-energy, action-packed scene with a recognizable character, while the video content is a compilation of various mishaps and accidents.
  
- **Exaggeration**: The thumbnail uses a well-known character and a visually exciting scene to attract viewers, which is misleading because the video content does not feature the character or the jet ski scene.

### Conclusion:

**Categorization**: Misleading

**Explanation**: The thumbnail uses a well-known character and a visually exciting scene to attract viewers, which is misleading because the video content does not feature the character or the jet ski scene. The thumbnail exaggerates the content of the video by suggesting a specific and exciting scene when the video is actually a compilation of various mishaps and accidents."
mMCjWTAtdyk,"### Analysis:

**Step 1: Examine the thumbnail**
The thumbnail shows a close-up of a baseball embedded in a red baseball helmet, which is part of a catcher's gear. The image is dramatic and visually striking, suggesting a significant or unusual event involving the ball getting stuck in the helmet.

**Step 2: Read through the video subtitles and content description**
The subtitles and video content describe a series of rare and exciting moments from baseball games, including a ball getting stuck in a helmet, a player catching a foul ball with one hand while holding a child, and other unique and memorable plays. The video aims to showcase these rare and extraordinary moments in baseball.

**Step 3: Compare the thumbnail to the actual video content**
The thumbnail depicts a specific and dramatic moment where a baseball is embedded in a helmet, which aligns closely with the content described in the subtitles and video description. The thumbnail accurately represents a key element of the video's content.

**Step 4: Determine if the thumbnail accurately represents the video's main topic or content**
The thumbnail effectively captures a significant and unusual event within the video, which is a common theme throughout the video content. It does not misrepresent the nature of the video.

**Step 5: Assess whether the thumbnail uses exaggeration, false promises, or clickbait tactics**
The thumbnail does not use any exaggerated claims or false promises. It accurately reflects the content of the video, which focuses on rare and exciting moments in baseball.

**Step 6: Categorize the thumbnail**
Based on the analysis, the thumbnail is **Not Misleading**.

**Explanation:**
The thumbnail accurately represents a key element of the video's content, specifically a dramatic and unusual moment where a baseball gets stuck in a helmet. This aligns perfectly with the video's focus on showcasing rare and exciting moments in baseball. There are no exaggerated claims or misleading elements in the thumbnail, ensuring that viewers understand the nature of the video content before clicking on it."
dainpKoDlAE,"### Analysis and Categorization

#### Step 1: Examine the Thumbnail
The thumbnail features two images:
1. A person with a shocked expression, seemingly reacting to something traumatic.
2. A damaged red sports car with its doors open, indicating a severe accident.

#### Step 2: Read the Subtitles and Content Description
The subtitles mention a ""terrible accident"" involving a famous football player named Lionel Messi. The content description includes scenes of a car crash, a webpage suggesting Messi's death, and training ground footage.

#### Step 3: Compare the Thumbnail to the Actual Video Content
- The thumbnail depicts a car crash and a shocked reaction, which aligns with the initial scenes of the video.
- However, the video later transitions to training ground footage, which contrasts sharply with the initial misleading content.

#### Step 4: Determine if the Thumbnail Accurately Represents the Video's Main Topic or Content
The thumbnail accurately represents the initial scenes of the video, which include a car crash and a shocking reaction. However, the video's main content shifts to training ground footage, which does not match the misleading content suggested by the thumbnail.

#### Step 5: Assess Whether the Thumbnail Uses Exaggeration, False Promises, or Clickbait Tactics
The thumbnail uses exaggerated imagery (car crash, shocked reaction) to attract viewers' attention, which could lead them to expect more sensational content than what follows.

#### Step 6: Categorize the Thumbnail
**Categorization:** Misleading

#### Step 7: Provide a Brief Explanation for the Decision
The thumbnail effectively captures the initial scenes of a car crash and a shocked reaction, which might mislead viewers into expecting more sensational content. While the video later transitions to training ground footage, the misleading content at the beginning sets up expectations that are not fulfilled, making the thumbnail misleading overall."
HsLg6lCCaLg,"### Analysis:

**Step 1: Examine the thumbnail**
- The thumbnail shows a young man lying on a bed with a ""z"" symbol above his head, indicating he is sleeping. There is also a young woman lying on a bed behind him, seemingly asleep as well. The overall tone suggests a peaceful, relaxed environment.

**Step 2: Read through the video subtitles and content description**
- The subtitles and the video content describe a series of interactions between two young people in a home setting, documenting a developing relationship or a significant event. The scenes shift between different rooms and the characters display a range of emotions, from excitement to relaxation.

**Step 3: Compare the thumbnail to the actual video content**
- The thumbnail depicts a scene where both individuals appear to be sleeping peacefully. However, the video content describes a series of interactions and emotional exchanges between the two characters, which does not align with the peaceful, sleeping scene depicted in the thumbnail.

**Step 4: Determine if the thumbnail accurately represents the video's main topic or content**
- The thumbnail does not accurately represent the main topic or content of the video. It suggests a scene of rest and tranquility, whereas the video content involves dynamic interactions and emotional exchanges.

**Step 5: Assess whether the thumbnail uses exaggeration, false promises, or clickbait tactics**
- The thumbnail does not use any exaggerated claims or false promises. It simply depicts a scene that might be misleading due to the lack of context provided by the thumbnail itself.

**Step 6: Categorize the thumbnail as either ""Misleading"" or ""Not Misleading""**
- Based on the analysis, the thumbnail is misleading.

**Step 7: Provide a brief explanation for the decision**
- The thumbnail depicts a scene of rest and tranquility, which does not match the dynamic and emotionally charged interactions described in the video content. This mismatch between the thumbnail and the actual video content makes the thumbnail misleading.

**Final Decision: Misleading**

**Explanation:** The thumbnail inaccurately represents the video's content by depicting a scene of rest and tranquility, which contrasts sharply with the dynamic and emotionally charged interactions described in the video."
kwuIWZ9wRmw,"### Analysis of the Provided Information

#### Step 1: Examine the Thumbnail
The thumbnail depicts a baseball player from the New York Mets giving a high-five to an umpire. There is no text or imagery suggesting any specific content related to the video compilation described above.

#### Step 2: Read Through the Video Subtitles and Content Description
The video compilation showcases various moments from different sports, including American football, baseball, and basketball. The content includes scenes from games and practices across multiple teams and leagues.

#### Step 3: Compare the Thumbnail to the Actual Video Content
The thumbnail does not represent any of the sports or teams mentioned in the video description. It features a New York Mets player, which is not relevant to the content of the video compilation.

#### Step 4: Determine if the Thumbnail Accurately Represents the Video's Main Topic or Content
The thumbnail does not accurately represent the video's main topic or content. It is unrelated to the sports and teams featured in the video compilation.

#### Step 5: Assess Whether the Thumbnail Uses Exaggeration, False Promises, or Clickbait Tactics
The thumbnail does not use any exaggerated claims or false promises. However, it is misleading because it does not reflect the content of the video compilation.

#### Step 6: Categorize the Thumbnail as Either ""Misleading"" or ""Not Misleading""
Based on the analysis, the thumbnail is **Misleading**.

#### Explanation:
The thumbnail fails to represent the content of the video compilation accurately. It features a New York Mets player, which is not relevant to the sports and teams shown in the video. This misleads viewers into expecting a video focused on the New York Mets when the actual content is a compilation of various sports events featuring multiple teams and leagues."
FvDEeIB-FgY,"### Analysis of the Provided Information

#### Step 1: Examine the Thumbnail
The thumbnail shows a person with a stream of sparks coming out of their hand, which is a visual effect often associated with fireworks or sparklers. There is no text or additional imagery present in the thumbnail.

#### Step 2: Read Through the Video Subtitles and Content Description
The video description and subtitles indicate that the video is a compilation of short clips from various sources, likely TikTok. The content includes a mix of everyday moments, reactions, and activities from different people and settings. There is no indication of any fireworks or sparklers being used in the video.

#### Step 3: Compare the Thumbnail to the Actual Video Content
The thumbnail depicts a person with a stream of sparks, which is visually striking and attention-grabbing. However, the video content described does not include any such scene. Instead, it features a variety of unrelated short clips from different contexts.

#### Step 4: Determine if the Thumbnail Accurately Represents the Video's Main Topic or Content
The thumbnail does not accurately represent the video's main topic or content. It suggests a specific action (using fireworks/sparklers) that is not present in the video.

#### Step 5: Assess Whether the Thumbnail Uses Exaggeration, False Promises, or Clickbait Tactics
The thumbnail uses exaggerated imagery (sparks coming out of the hand) to attract viewers, which is misleading because the video does not contain any such content.

#### Step 6: Categorize the Thumbnail as Either ""Misleading"" or ""Not Misleading""
Based on the analysis, the thumbnail is misleading.

#### Step 7: Provide a Brief Explanation for Your Decision
The thumbnail uses exaggerated imagery to attract viewers, suggesting a specific action (using fireworks/sparklers) that is not present in the video. This creates a misleading expectation about the content of the video, which is why it should be categorized as ""Misleading."""
UuAhXrHAfZg,"### Analysis of the YouTube Video Thumbnail

#### Step 1: Examine the Thumbnail
The thumbnail features a young man wearing a Portugal national team jersey, holding a bottle labeled ""SLIME."" There are also images of soccer cleats and a Nike duffel bag prominently displayed. The text overlay reads ""cristiano"" with a timestamp ""19:01"" and a warning ""DO NOT BUY THIS!!!""

#### Step 2: Read Through the Video Subtitles and Content Description
The video content appears to be a mix of soccer-related activities, product demonstrations, and humorous elements. It includes scenes of soccer drills, product placements, and comparisons between real and fake soccer gear. The video also features a segment where the protagonist tests out different soccer balls and shirts, highlighting the differences between real and fake products.

#### Step 3: Compare the Thumbnail to the Actual Video Content
The thumbnail prominently features a bottle labeled ""SLIME,"" which is not mentioned in the video description. The video does not feature any content related to slime or a product called ""SLIME."" Instead, the video focuses on soccer-related activities and product comparisons.

#### Step 4: Determine if the Thumbnail Accurately Represents the Video's Main Topic or Content
The thumbnail does not accurately represent the video's main topic or content. It suggests that the video is about a product called ""SLIME,"" which is not present in the video.

#### Step 5: Assess Whether the Thumbnail Uses Exaggeration, False Promises, or Clickbait Tactics
The thumbnail uses clickbait tactics by suggesting that the video is about a product called ""SLIME"" that should not be bought. However, the video does not feature any content related to ""SLIME.""

#### Step 6: Categorize the Thumbnail as Either ""Misleading"" or ""Not Misleading""
Based on the analysis, the thumbnail is misleading.

#### Step 7: Provide a Brief Explanation for Your Decision
The thumbnail misleads viewers by suggesting that the video is about a product called ""SLIME"" when the video content is entirely unrelated to this product. The thumbnail uses clickbait tactics to attract viewers without providing accurate information about the video's content."
RL_e5QO9S2M,"Categorization: Not Misleading

Explanation: The thumbnail accurately represents the video content. It shows a character skin labeled ""GHOST ENFORCER,"" which aligns with the video's description of showcasing various in-game items and character skins from Fortnite. The thumbnail does not use exaggerated claims or clickbait tactics; instead, it provides a clear preview of the type of content viewers can expect, which is a diverse range of character skins and items available in the game. The video's content matches the expectations set by the thumbnail, ensuring there is no misleading information."
epbqAe76SLM,"Categorization: Not Misleading

Explanation: The thumbnail depicts a scene where a player from PSG is being confronted by an opponent with visible blood on both players' faces. However, the video content described does not explicitly mention any confrontations or injuries involving blood. Instead, the video focuses on various soccer highlights and moments featuring the player wearing jersey number 10 for PSG and the Brazilian national team. The thumbnail may be misleading because it suggests a more intense or dramatic confrontation than what is actually shown in the video. Nonetheless, the thumbnail does not use exaggerated claims or clickbait tactics; it simply presents a scene that could be part of the video but does not necessarily represent the overall content. Therefore, the thumbnail is not misleading based on the provided information."
QSW2uW9eFn4,"### Analysis of the Provided Information

#### Step 1: Examine the Thumbnail
The thumbnail depicts two basketball players in water, seemingly in a playful or humorous interaction. The image suggests a light-hearted or comedic tone related to basketball.

#### Step 2: Read Through the Video Subtitles and Content Description
The subtitles and video content describe a compilation of various NBA-related moments, including intense game moments, behind-the-scenes glimpses, and unusual events. The video does not focus on a single player or a specific humorous interaction but rather showcases a variety of moments across different games and contexts.

#### Step 3: Compare the Thumbnail to the Actual Video Content
The thumbnail shows two players in water, which is not depicted in any of the video descriptions. The video content includes a range of NBA moments, many of which are serious or dramatic, such as tense game situations, physical altercations, and unusual interactions among players and officials.

#### Step 4: Determine if the Thumbnail Accurately Represents the Video's Main Topic or Content
The thumbnail does not accurately represent the video's main topic or content. It suggests a humorous or light-hearted theme that is not reflected in the actual video content.

#### Step 5: Assess Whether the Thumbnail Uses Exaggeration, False Promises, or Clickbait Tactics
The thumbnail uses exaggerated imagery to suggest a humorous or light-hearted theme, which is misleading because the video content is primarily focused on serious and dramatic NBA moments.

#### Step 6: Categorize the Thumbnail as Either ""Misleading"" or ""Not Misleading""
Based on the analysis, the thumbnail is **Misleading**.

#### Explanation:
The thumbnail creates an expectation of a humorous or light-hearted video, which contrasts sharply with the actual content of the video, which is a compilation of serious and dramatic NBA moments. This discrepancy misleads viewers into expecting a different type of content than what is actually presented."
CAI02Pr3Iyg,"### Analysis of the Provided Information

#### Step 1: Examine the Thumbnail
The thumbnail features a person holding a sign that reads ""MESSI IS TRASH."" The individual is dressed in a revealing outfit, and the overall tone suggests a negative stance towards Lionel Messi.

#### Step 2: Read Through the Video Subtitles and Content Description
The video content appears to be a compilation of various soccer-related scenes and moments, showcasing different aspects of the sport and its culture. The subtitles and video description do not mention any specific criticism of Lionel Messi or any negative portrayal of him.

#### Step 3: Compare the Thumbnail to the Actual Video Content
The thumbnail depicts a negative statement about Lionel Messi, while the video content does not contain any such criticism. The video seems to be a general compilation of soccer-related scenes without focusing on any particular player or incident involving Lionel Messi.

#### Step 4: Determine if the Thumbnail Accurately Represents the Video's Main Topic or Content
The thumbnail does not accurately represent the video's main topic or content. It introduces a negative and exaggerated claim about Lionel Messi that is not supported by the video content.

#### Step 5: Assess Whether the Thumbnail Uses Exaggeration, False Promises, or Clickbait Tactics
The thumbnail uses clickbait tactics by suggesting that the video contains a negative portrayal of Lionel Messi, which is not true based on the video content.

#### Step 6: Categorize the Thumbnail as Either ""Misleading"" or ""Not Misleading""
The thumbnail is **Misleading**.

#### Step 7: Provide a Brief Explanation for Your Decision
The thumbnail introduces a negative and exaggerated claim about Lionel Messi (""MESSI IS TRASH"") that is not supported by the video content. This misleads viewers into expecting a video that criticizes Messi, which is not the case. The thumbnail uses clickbait tactics to attract viewers by promising a negative portrayal of Messi, which is not present in the actual video content."
oODreucZqmM,"### Analysis of the Provided Information

#### Step 1: Examine the Thumbnail
The thumbnail shows a person in two halves, labeled ""BEFORE"" and ""AFTER."" The ""BEFORE"" side depicts a person with a normal physique, while the ""AFTER"" side shows a highly muscular individual. The person is holding dumbbells, which suggests a fitness theme.

#### Step 2: Read Through the Video Subtitles and Content Description
The subtitles indicate that the video is about a 24-hour fitness challenge where participants will undergo various exercises and challenges, including running, lifting weights, and participating in a wrestling match. The video also mentions taking pictures and weighing participants before and after the challenge to document their transformations.

#### Step 3: Compare the Thumbnail to the Actual Video Content
The thumbnail shows a significant transformation in physique, which aligns with the idea of a fitness challenge where participants aim to improve their physical appearance over a period of time.

#### Step 4: Determine if the Thumbnail Accurately Represents the Video's Main Topic or Content
The thumbnail accurately represents the main topic of the video, which is a fitness challenge aimed at transforming the participants' bodies. It effectively conveys the idea of a before-and-after transformation.

#### Step 5: Assess Whether the Thumbnail Uses Exaggeration, False Promises, or Clickbait Tactics
The thumbnail does not use exaggerated claims or false promises. It simply shows a visual representation of what the participants hope to achieve through the challenge.

#### Step 6: Categorize the Thumbnail
Based on the analysis, the thumbnail is **Not Misleading**.

#### Step 7: Provide a Brief Explanation for the Decision
The thumbnail accurately reflects the main topic of the video, which is a fitness challenge aiming to transform the participants' bodies. It does not use exaggerated claims or false promises but rather provides a clear visual representation of the expected outcome. Therefore, it is not misleading."
P8gXGWH49ao,"Categorization: Misleading

Explanation: The thumbnail depicts a somber scene with a person lying in a casket next to a tombstone labeled ""R.I.P. Alan,"" which strongly suggests a serious and tragic event, possibly a death. However, the video description indicates that the content revolves around a staged crime scene, mock murder mystery, and various dramatic and humorous scenarios involving young people. The thumbnail does not accurately represent the light-hearted and entertaining nature of the video, which includes elements of comedy and reality TV challenges. Therefore, the thumbnail is misleading as it sets a tone that is vastly different from the actual content of the video."
qS3w6i6Robs,"### Analysis of the Provided Information

#### Step 1: Examine the Thumbnail
The thumbnail depicts a person performing a handstand on a basketball balanced on a stool, with a background of an outdoor setting with trees and people in the distance.

#### Step 2: Read Through the Video Subtitles and Content Description
The video content description mentions various physical feats, skills, and activities across different settings. The video includes scenes of strength, balance, and acrobatics, which align with the thumbnail image of a person performing a handstand.

#### Step 3: Compare the Thumbnail to the Actual Video Content
The thumbnail shows a person performing a handstand on a basketball balanced on a stool, which is a specific and challenging feat. The video content also includes various physical feats and activities, including handstands, but the thumbnail accurately represents one of the main activities shown in the video.

#### Step 4: Determine if the Thumbnail Accurately Represents the Video's Main Topic or Content
The thumbnail accurately represents a key activity showcased in the video, which is a handstand performed on a basketball balanced on a stool.

#### Step 5: Assess Whether the Thumbnail Uses Exaggeration, False Promises, or Clickbait Tactics
The thumbnail does not use any exaggerated claims or false promises. It accurately depicts a specific and challenging feat that is indeed featured in the video.

#### Step 6: Categorize the Thumbnail
Based on the analysis, the thumbnail is not misleading.

#### Step 7: Provide a Brief Explanation for the Decision
The thumbnail accurately represents a specific and challenging feat (a handstand on a basketball balanced on a stool) that is prominently featured in the video. There are no exaggerated claims or false promises used in the thumbnail, ensuring that it accurately reflects the content of the video.

**Categorization:** Not Misleading

**Explanation:** The thumbnail accurately depicts a specific and challenging feat that is indeed featured in the video, without any exaggerated claims or false promises."
6_Py9INA4lE,"Categorization: Not Misleading

Explanation: The thumbnail does not provide any specific details about the content of the video. It simply shows a person with a geometric structure around their head, which could be interpreted as part of a creative or artistic setup rather than indicating a mishap or accident. Since the subtitles are not available, there is no additional context to suggest that the thumbnail is misleading. The thumbnail does not promise or imply anything specific about the video's content, thus it does not use exaggeration, false promises, or clickbait tactics. Therefore, the thumbnail is not misleading."
lHriHbKaS0A,"### Analysis of the Provided Information

#### Step 1: Examine the Thumbnail
The thumbnail shows a person lifting a large watermelon, with a red arrow pointing towards the watermelon. There is no text accompanying the thumbnail.

#### Step 2: Read Through the Video Subtitles and Content Description
The video description mentions a variety of athletic feats and unconventional physical activities, including gymnastics, BMX tricks, and other unique sports and exercises. The subtitles include references to rock climbing, BMX freestyle, and other diverse activities, none of which involve lifting a watermelon.

#### Step 3: Compare the Thumbnail to the Actual Video Content
The thumbnail depicts a person lifting a watermelon, which is not mentioned in the video description or subtitles. The video content focuses on a wide range of athletic activities and physical feats, none of which involve lifting a watermelon.

#### Step 4: Determine if the Thumbnail Accurately Represents the Video's Main Topic or Content
The thumbnail does not accurately represent the video's main topic or content. It suggests that the video is about lifting a watermelon, which is not the case.

#### Step 5: Assess Whether the Thumbnail Uses Exaggeration, False Promises, or Clickbait Tactics
The thumbnail uses exaggerated imagery (lifting a watermelon) to attract viewers, which is misleading because the video content does not involve lifting a watermelon.

#### Step 6: Categorize the Thumbnail as Either ""Misleading"" or ""Not Misleading""
The thumbnail is **Misleading**.

#### Step 7: Provide a Brief Explanation for Your Decision
The thumbnail uses exaggerated imagery (lifting a watermelon) to attract viewers, which is misleading because the video content does not involve lifting a watermelon. The thumbnail does not accurately represent the video's main topic or content, and it uses clickbait tactics to attract viewers."
6P4jcvfqTto,"### Analysis of the Provided Information

#### Step 1: Examine the Thumbnail
The thumbnail features a soccer player with a green laser beam projected onto their face. The image suggests a dramatic or intense moment, likely related to a penalty kick or a similar high-pressure situation in soccer.

#### Step 2: Read Through the Video Subtitles and Content Description
The subtitles and video content description focus on various soccer-related moments, including penalty kicks, matches, transfers, and unfortunate incidents involving players and fans. The content does not explicitly mention a green laser beam or any dramatic visual effects.

#### Step 3: Compare the Thumbnail to the Actual Video Content
The thumbnail depicts a dramatic moment with a green laser beam, which is not mentioned in the video content description. The video content is a compilation of various soccer-related scenes without any specific reference to a green laser beam.

#### Step 4: Determine if the Thumbnail Accurately Represents the Video's Main Topic or Content
The thumbnail does not accurately represent the video's main topics or content. The video is a compilation of various soccer-related scenes, while the thumbnail suggests a specific dramatic moment involving a green laser beam.

#### Step 5: Assess Whether the Thumbnail Uses Exaggeration, False Promises, or Clickbait Tactics
The thumbnail uses exaggerated imagery (a green laser beam) to attract viewers, which is not present in the actual video content. This creates a misleading expectation.

#### Step 6: Categorize the Thumbnail as Either ""Misleading"" or ""Not Misleading""
Based on the analysis, the thumbnail is misleading.

#### Step 7: Provide a Brief Explanation for Your Decision
The thumbnail uses exaggerated imagery (a green laser beam) to attract viewers, which is not present in the actual video content. This creates a misleading expectation about the content of the video, making it misleading.

### Final Categorization: Misleading"
1V1ZvMTFDvs,"### Analysis of the Provided Information

#### Step 1: Examine the Thumbnail
The thumbnail shows a soccer player in a red uniform lying on the ground near a goal net, appearing frustrated or disappointed. The player's posture suggests a moment of disappointment or frustration, possibly after missing a goal or a crucial play.

#### Step 2: Read Through the Video Subtitles and Content Description
The video description mentions a compilation of soccer moments, including both impressive plays and humorous blunders. The subtitles discuss various soccer moments, highlighting instances where players had near misses or failed to achieve their objectives due to bad luck.

#### Step 3: Compare the Thumbnail to the Actual Video Content
The thumbnail depicts a player in a red uniform lying on the ground near a goal net, which aligns with the content described in the video. The video includes moments where players miss goals or fail to achieve their objectives, which could be interpreted as ""bad luck.""

#### Step 4: Determine if the Thumbnail Accurately Represents the Video's Main Topic or Content
The thumbnail accurately represents a moment of disappointment or frustration, which is a common theme in the video content. It captures a real-life moment that aligns with the narrative of the video.

#### Step 5: Assess Whether the Thumbnail Uses Exaggeration, False Promises, or Clickbait Tactics
The thumbnail does not use any exaggerated elements or false promises. It simply shows a realistic moment from the video content.

#### Step 6: Categorize the Thumbnail as Either ""Misleading"" or ""Not Misleading""
Based on the analysis, the thumbnail is not misleading. It accurately represents a moment from the video content without using any exaggerated elements or false promises.

#### Step 7: Provide a Brief Explanation for Your Decision
The thumbnail accurately depicts a moment of disappointment or frustration, which is a common theme in the video content. It does not use any exaggerated elements or false promises, thus it is not misleading.

### Final Categorization: Not Misleading"
tn79OFbPwKE,"### Analysis of the Provided Information

#### Step 1: Examine the Thumbnail
The thumbnail features a person holding a lightsaber, with a plane in the background that appears to be on fire. The text overlay reads ""MYTH #997.""

#### Step 2: Read Through the Video Subtitles and Content Description
The subtitles indicate that the video is about busting movie myths, specifically focusing on the myth that ""humans can fly if they have wings."" The video also mentions other myths such as the ability to breathe underwater by flipping a boat upside down, and the possibility of time travel using a DeLorean.

#### Step 3: Compare the Thumbnail to the Actual Video Content
The thumbnail depicts a scene involving a lightsaber and a burning plane, which does not align with the content described in the subtitles. The subtitles focus on debunking myths related to movies, particularly those involving flight and breathing underwater.

#### Step 4: Determine if the Thumbnail Accurately Represents the Video's Main Topic or Content
The thumbnail does not accurately represent the video's main topic or content. It suggests a scene involving a lightsaber and a burning plane, which is unrelated to the myths being discussed in the subtitles.

#### Step 5: Assess Whether the Thumbnail Uses Exaggeration, False Promises, or Clickbait Tactics
The thumbnail uses exaggerated imagery (lightsaber and burning plane) to attract viewers, which is likely intended to be misleading. It does not accurately reflect the content of the video, which is focused on debunking movie myths.

#### Step 6: Categorize the Thumbnail as Either ""Misleading"" or ""Not Misleading""
Based on the analysis, the thumbnail is clearly misleading.

#### Step 7: Provide a Brief Explanation for Your Decision
The thumbnail uses exaggerated imagery (lightsaber and burning plane) to attract viewers, which is unrelated to the content of the video. The video is about busting movie myths, specifically focusing on the myth that ""humans can fly if they have wings,"" and does not involve a lightsaber or a burning plane. Therefore, the thumbnail is misleading.

### Final Categorization: Misleading"
LOfDW_96yV0,"### Analysis of the Provided Information

#### Step 1: Examine the Thumbnail
The thumbnail shows a cookie being decorated with icing. It appears to be a close-up shot of a single cookie with a decorative design.

#### Step 2: Read Through the Video Subtitles and Content Description
The subtitles and video description do not mention cookies or any form of food decoration. Instead, the video seems to showcase a variety of activities and processes, including ice skating, pottery-making, and other crafts and industrial processes.

#### Step 3: Compare the Thumbnail to the Actual Video Content
The thumbnail depicts a cookie being decorated, while the video content includes a wide range of activities unrelated to food decoration.

#### Step 4: Determine if the Thumbnail Accurately Represents the Video's Main Topic or Content
The thumbnail does not accurately represent the video's main topic or content. It suggests that the video is about food decoration, specifically cookie decorating, when the video is about a compilation of various activities and processes.

#### Step 5: Assess Whether the Thumbnail Uses Exaggeration, False Promises, or Clickbait Tactics
The thumbnail uses clickbait tactics by suggesting that the video is about cookie decorating, which is not the case. It misleads viewers by implying that the video content is related to food decoration when it is not.

#### Step 6: Categorize the Thumbnail as Either ""Misleading"" or ""Not Misleading""
The thumbnail is clearly misleading.

#### Step 7: Provide a Brief Explanation for Your Decision
The thumbnail inaccurately represents the video's content by suggesting that the video is about cookie decorating when it is a compilation of various activities and processes. This creates a false expectation and uses clickbait tactics to attract viewers, making it misleading."
hfCTA7K22is,"### Analysis of the Provided Information

#### Step 1: Examine the Thumbnail
The thumbnail shows a soccer player lying on the ground, appearing injured, with a medical staff member attending to them. The image conveys a sense of injury and medical attention.

#### Step 2: Read Through the Video Subtitles and Content Description
The video content description mentions various soccer-related scenes, including injuries and medical attention. The subtitles discuss specific incidents of severe injuries, such as broken teeth, broken legs, and other serious fouls.

#### Step 3: Compare the Thumbnail to the Actual Video Content
The thumbnail depicts a player lying on the ground receiving medical attention, which aligns closely with the video content that includes multiple scenes of injuries and medical care.

#### Step 4: Determine if the Thumbnail Accurately Represents the Video's Main Topic or Content
The thumbnail accurately represents the video content, as it shows a player receiving medical attention, which is a common theme throughout the video.

#### Step 5: Assess Whether the Thumbnail Uses Exaggeration, False Promises, or Clickbait Tactics
There is no indication of exaggeration or clickbait tactics in the thumbnail. It simply shows a player receiving medical attention, which is a realistic depiction of the video content.

#### Step 6: Categorize the Thumbnail
Based on the analysis, the thumbnail does not use any misleading elements and accurately represents the video content.

#### Step 7: Provide a Brief Explanation for the Decision
The thumbnail accurately reflects the video content, which includes multiple scenes of injuries and medical attention in soccer matches. There are no exaggerated claims or misleading elements in the thumbnail.

### Conclusion
**Categorization:** Not Misleading  
**Explanation:** The thumbnail accurately represents the video content, showing a player receiving medical attention, which is a common theme throughout the video. There are no misleading elements or clickbait tactics used in the thumbnail."
zD7p7FwvHvM,"### Analysis:

1. **Examine the thumbnail**: The thumbnail features a muscular figure with exaggerated muscles, accompanied by the text ""The miracle is talent"" and an arrow pointing towards the figure. The image suggests a performance involving physical strength or a dramatic transformation.

2. **Read the subtitles and video content**: The subtitles include phrases like ""[music]"", ""[applause]"", ""[Laughter]"", ""[music]"", ""[applause]"", etc., which indicate a performance or skit. However, there is no clear indication of a physical transformation or a focus on talent in the form of exaggerated muscle development.

3. **Compare the thumbnail to the actual video content**: The thumbnail depicts a muscular figure, which contrasts sharply with the video content described. The video involves a performer engaging in various actions such as drinking from a small object, pulling strings, and making gestures, but does not feature a transformation into a muscular figure.

4. **Determine if the thumbnail accurately represents the video's main topic or content**: The thumbnail does not accurately represent the video content. It suggests a performance centered around physical strength or a dramatic transformation, whereas the video describes a creative and humorous performance with various actions and elements.

5. **Assess whether the thumbnail uses exaggeration, false promises, or clickbait tactics**: The thumbnail uses exaggeration by depicting a muscular figure, which is not aligned with the actual content of the video. It creates a misleading expectation about the nature of the performance.

6. **Categorize the thumbnail as either ""Misleading"" or ""Not Misleading""**: Based on the analysis, the thumbnail is misleading.

7. **Explanation for the decision**: The thumbnail exaggerates the content by suggesting a performance involving physical strength or a dramatic transformation, which is not present in the actual video. It uses clickbait tactics to attract viewers by promising a performance that is not delivered.

**Categorization**: Misleading

**Explanation**: The thumbnail misrepresents the video content by suggesting a performance involving physical strength or a dramatic transformation, which is not depicted in the actual video."
sUOziK6nCBA,"### Analysis of the Provided Information

#### Step 1: Examine the Thumbnail
The thumbnail depicts a group of people inside an elevator, with one individual appearing to be in distress or struggling against others. The image suggests a scenario involving conflict or physical altercation within a confined space.

#### Step 2: Read Through the Video Subtitles and Content Description
The subtitles and video description indicate that the video is a compilation of various intense and dramatic moments across different scenarios. These moments include rescue operations, emergency situations, and everyday life events. The content does not explicitly mention an elevator scenario or any form of conflict.

#### Step 3: Compare the Thumbnail to the Actual Video Content
The thumbnail shows a group of people in an elevator with one person seemingly in distress, which contrasts sharply with the video content described. The video primarily focuses on rescue operations, emergency situations, and everyday life events, with no indication of an elevator scenario or conflict depicted in the thumbnail.

#### Step 4: Determine if the Thumbnail Accurately Represents the Video's Main Topic or Content
The thumbnail does not accurately represent the video's main topic or content. It misleads viewers by suggesting a scenario that is not present in the actual video.

#### Step 5: Assess Whether the Thumbnail Uses Exaggeration, False Promises, or Clickbait Tactics
The thumbnail uses exaggerated imagery and a misleading scenario to attract viewers, which aligns with clickbait tactics. It creates a sense of drama and conflict that is not present in the actual video content.

#### Step 6: Categorize the Thumbnail as Either ""Misleading"" or ""Not Misleading""
Based on the analysis, the thumbnail is **Misleading**.

#### Step 7: Provide a Brief Explanation for Your Decision
The thumbnail depicts a scenario involving conflict or distress within an elevator, which is not represented in the actual video content. It uses exaggerated imagery and clickbait tactics to attract viewers, leading to a misleading representation of the video's main topic or content."
ziJtUt85C2I,"### Analysis

#### Step 1: Examine the thumbnail
The thumbnail features a muscular individual posing with a strong physique, leaning on a red bench. The image is clear and focused on the individual's physical appearance.

#### Step 2: Read through the video subtitles and content description
The subtitles and video description suggest a compilation of various unusual and daring activities, showcasing people engaging in creative or risky behaviors. The content includes scenes of acrobatics, balancing acts, and other physically demanding activities.

#### Step 3: Compare the thumbnail to the actual video content
The thumbnail depicts a muscular individual, which aligns with the theme of physical prowess and strength showcased in the video. However, the thumbnail does not specifically indicate that the video will feature a compilation of unusual and daring activities.

#### Step 4: Determine if the thumbnail accurately represents the video's main topic or content
While the thumbnail suggests a focus on physical strength, it does not clearly convey the diverse range of activities depicted in the video. The thumbnail might mislead viewers into expecting a video primarily centered on muscle building or bodybuilding, rather than a broader compilation of daring feats.

#### Step 5: Assess whether the thumbnail uses exaggeration, false promises, or clickbait tactics
The thumbnail does not appear to use exaggerated claims or false promises. Instead, it sets expectations based on the individual's physical appearance, which is relevant to the content but not comprehensive enough to represent the full scope of the video.

#### Step 6: Categorize the thumbnail as either ""Misleading"" or ""Not Misleading""
Based on the analysis, the thumbnail can be categorized as **Misleading**.

#### Explanation:
The thumbnail effectively highlights the muscular individual, which is a key element of the video content. However, it fails to communicate the diverse nature of the activities featured in the video. Viewers might expect a video focused on muscle building or bodybuilding, rather than a compilation of unusual and daring activities. This mismatch between the thumbnail and the actual content can lead to viewer disappointment and a sense of being misled."
c7UtiZEiYKg,"### Analysis:

1. **Examine the thumbnail**: The thumbnail depicts a large shark emerging from the water near a pier, with people observing the scene. There is no indication of any unusual or dangerous events related to the video content described in the video description.

2. **Read through the video subtitles and content description**: The video description mentions a variety of unusual, dangerous, or remarkable events, including a large fire burning inside an industrial building, a tall apartment building, a construction vehicle precariously balanced on steel beams, a road flooding or collapsing, and people gathered on a wooden pier with a boat nearby. None of these scenes involve a large shark or a dramatic rescue operation.

3. **Compare the thumbnail to the actual video content**: The thumbnail shows a large shark, which is not mentioned in the video description. The video content focuses on various other events, none of which involve a shark.

4. **Determine if the thumbnail accurately represents the video's main topic or content**: The thumbnail does not accurately represent the video's main topic or content. It misleads viewers by suggesting that the video will feature a dramatic shark rescue, when the actual content involves a variety of other unusual and dangerous events.

5. **Assess whether the thumbnail uses exaggeration, false promises, or clickbait tactics**: The thumbnail uses clickbait tactics by promising a dramatic shark rescue event, which is not present in the actual video content.

6. **Categorize the thumbnail as either ""Misleading"" or ""Not Misleading""**: Based on the analysis, the thumbnail is misleading.

7. **Provide a brief explanation for your decision**: The thumbnail exaggerates the content of the video by suggesting a dramatic shark rescue event, which is not depicted in the actual video. This use of clickbait tactics misleads viewers and does not accurately represent the video's main topic or content.

### Final Decision:
**Misleading**

Explanation: The thumbnail uses clickbait tactics by promising a dramatic shark rescue event, which is not present in the actual video content. This misleads viewers and does not accurately represent the video's main topic or content."
mzHwYwmiRGs,"### Analysis:

#### Step 1: Examine the thumbnail
The thumbnail depicts a person sitting on a subway or train, appearing distressed or agitated, with a hand holding a plastic bag over their head. The image suggests a confrontation or a tense situation.

#### Step 2: Read through the video subtitles and content description
The subtitles and video content description indicate a series of confrontational or tense situations in various public spaces. The video includes scenes of altercations, disagreements, and heated conversations, which align with the thumbnail's depiction of a tense situation.

#### Step 3: Compare the thumbnail to the actual video content
The thumbnail accurately represents the video content. It shows a person in a public transport setting, which matches the scenes described in the video description. The person's distressed expression and the presence of a hand holding a plastic bag over their head also align with the confrontational nature of the situations depicted in the video.

#### Step 4: Determine if the thumbnail accurately represents the video's main topic or content
The thumbnail effectively captures the essence of the video content, which revolves around confrontational situations in public spaces. It does not misrepresent the nature of the video.

#### Step 5: Assess whether the thumbnail uses exaggeration, false promises, or clickbait tactics
The thumbnail does not use any exaggerated elements or false promises. It simply portrays a tense situation, which is consistent with the video content.

#### Step 6: Categorize the thumbnail as either ""Misleading"" or ""Not Misleading""
Based on the analysis, the thumbnail is **Not Misleading**.

#### Explanation:
The thumbnail accurately reflects the content of the video, which features confrontational situations in public spaces. It does not use any misleading elements or clickbait tactics. Therefore, it appropriately represents the video's main topic and content."
t9GPp1DM6fI,"### Analysis of the Provided Information

#### Step 1: Examine the Thumbnail
The thumbnail depicts a scene with multiple individuals interacting with a large, circular pool setup that includes slides and fire elements. The text overlay reads ""TOTALMENTE FALSO,"" which translates to ""Totally False.""

#### Step 2: Read Through the Video Subtitles and Content Description
The subtitles and video content description discuss various social media trends, online personalities, and digital culture phenomena. The video does not appear to be related to the thumbnail image described above.

#### Step 3: Compare the Thumbnail to the Actual Video Content
The thumbnail shows a scene involving a pool setup with slides and fire, which is completely unrelated to the content described in the video description. The video content focuses on exploring various aspects of online culture, content creation, and the intersection of digital and real-world experiences.

#### Step 4: Determine if the Thumbnail Accurately Represents the Video's Main Topic or Content
The thumbnail does not represent the video's main topic or content. It is entirely unrelated to the themes discussed in the video description.

#### Step 5: Assess Whether the Thumbnail Uses Exaggeration, False Promises, or Clickbait Tactics
The thumbnail uses exaggerated imagery (a pool setup with slides and fire) to attract viewers, which is misleading. It suggests a dramatic or entertaining scenario that is not present in the actual video content.

#### Step 6: Categorize the Thumbnail as Either ""Misleading"" or ""Not Misleading""
Based on the analysis, the thumbnail is **Misleading**.

#### Step 7: Provide a Brief Explanation for Your Decision
The thumbnail uses exaggerated imagery and text (""TOTALMENTE FALSO"") to attract viewers, which is misleading. It suggests a dramatic or entertaining scenario that is not present in the actual video content, which explores various aspects of online culture, content creation, and the intersection of digital and real-world experiences."
2PbNHVe5FYo,"### Analysis of the Provided Information

#### Step 1: Examine the Thumbnail
The thumbnail shows a close-up of a foot wearing a chainmail-like sock or shoe. The image suggests a focus on innovative footwear technology.

#### Step 2: Read Through the Video Subtitles and Content Description
The subtitles and video description indicate that the video is a compilation of various innovative technologies and unusual scenarios. The content includes scenes of different technological advancements and creative solutions to various challenges.

#### Step 3: Compare the Thumbnail to the Actual Video Content
The thumbnail depicts a close-up of a foot wearing a chainmail-like sock or shoe, which aligns with the content described in the video description. The video indeed showcases innovative technologies, including a chainmail-like sock or shoe.

#### Step 4: Determine if the Thumbnail Accurately Represents the Video's Main Topic or Content
The thumbnail accurately represents the video content, as it shows a close-up of a foot wearing a chainmail-like sock or shoe, which is part of the innovative technologies showcased in the video.

#### Step 5: Assess Whether the Thumbnail Uses Exaggeration, False Promises, or Clickbait Tactics
There is no indication of exaggeration, false promises, or clickbait tactics in the thumbnail. The thumbnail simply shows a close-up of a foot wearing a chainmail-like sock or shoe, which is a part of the video content.

#### Step 6: Categorize the Thumbnail as Either ""Misleading"" or ""Not Misleading""
The thumbnail is **Not Misleading**.

#### Step 7: Provide a Brief Explanation for Your Decision
The thumbnail accurately represents the video content by showing a close-up of a foot wearing a chainmail-like sock or shoe, which is part of the innovative technologies showcased in the video. There is no exaggeration, false promise, or clickbait tactic present in the thumbnail."
U5oS6yi2g-w,"### Analysis of the Provided Information

#### Step 1: Examine the Thumbnail
The thumbnail shows a blue Range Rover driving over a yellow and black striped road barrier. The image suggests a focus on a vehicle navigating a challenging obstacle course.

#### Step 2: Read Through the Video Subtitles and Content Description
The subtitles and video content description discuss various aspects of infrastructure and transportation technology, including road construction, maintenance, and innovative technologies aimed at improving urban and rural environments. The video does not mention or depict a vehicle navigating a road barrier.

#### Step 3: Compare the Thumbnail to the Actual Video Content
The thumbnail depicts a blue Range Rover driving over a road barrier, which is not mentioned or shown in the video content. The video focuses on different aspects of infrastructure and transportation technology, such as road construction, maintenance, and innovative technologies.

#### Step 4: Determine if the Thumbnail Accurately Represents the Video's Main Topic or Content
The thumbnail does not accurately represent the video's main topic or content. It suggests a focus on a vehicle navigating a road barrier, which is not depicted in the video.

#### Step 5: Assess Whether the Thumbnail Uses Exaggeration, False Promises, or Clickbait Tactics
The thumbnail uses exaggerated imagery (a blue Range Rover driving over a road barrier) that does not align with the actual content of the video. This creates a misleading impression.

#### Step 6: Categorize the Thumbnail as Either ""Misleading"" or ""Not Misleading""
The thumbnail is categorized as ""Misleading.""

#### Step 7: Provide a Brief Explanation for the Decision
The thumbnail misleads viewers by suggesting that the video will showcase a vehicle navigating a road barrier, when in reality, the video focuses on various aspects of infrastructure and transportation technology. This creates an expectation that is not met, which is a common tactic used in clickbait videos."
RsuUvjMxTXg,"Categorization: Not Misleading

Explanation: The thumbnail does not provide any specific details about the content of the video. It shows a highway scene with a dump truck, which could be indicative of a potential accident or mishap, but there is no guarantee that the video will feature such content. Since the subtitles are not available, it is impossible to confirm the exact nature of the video's content. Therefore, the thumbnail does not mislead viewers into expecting a specific type of content that may not be present in the video."
k2aF2Qwb5io,"### Analysis:

**Step 1: Examine the thumbnail**
The thumbnail shows workers handling a large, inflated object outdoors. The object appears to be a large, pink, inflatable bladder or bag, which is often used in construction for tasks such as water displacement or soil stabilization.

**Step 2: Read through the video subtitles and content description**
The subtitles and video content description focus on a variety of skilled labor and DIY projects, including construction, maintenance, and craftsmanship. The video does not explicitly mention the use of inflatable bladders or similar equipment.

**Step 3: Compare the thumbnail to the actual video content**
The thumbnail depicts workers interacting with a large inflatable bladder, which is not mentioned in the video content description. The video content is more general and covers a range of tasks, including woodworking, leatherworking, and construction.

**Step 4: Determine if the thumbnail accurately represents the video's main topic or content**
The thumbnail does not accurately represent the main topics covered in the video. While the video includes construction and maintenance work, the specific task depicted in the thumbnail (inflating a bladder) is not shown in the video content.

**Step 5: Assess whether the thumbnail uses exaggeration, false promises, or clickbait tactics**
The thumbnail does not use exaggerated claims or false promises. However, it does not accurately reflect the content of the video, which is a compilation of various skilled labor and DIY projects rather than a specific task involving inflatable bladders.

**Step 6: Categorize the thumbnail as either ""Misleading"" or ""Not Misleading""**
Based on the analysis, the thumbnail is misleading because it does not accurately represent the main topics covered in the video.

**Step 7: Provide a brief explanation for your decision**
The thumbnail shows workers handling a large inflatable bladder, which is not mentioned in the video content description. The video focuses on a variety of skilled labor and DIY projects, and the specific task depicted in the thumbnail is not shown in the video content. Therefore, the thumbnail is misleading."
UgnnVZK_M7w,"### Analysis of the Provided Information

#### Step 1: Examine the Thumbnail
The thumbnail features a man giving a thumbs-up gesture, with the California state flag in the background. The image suggests a positive or supportive tone, possibly related to a political or social issue in California.

#### Step 2: Read Through the Video Subtitles and Content Description
The subtitles and video content describe a news segment or documentary focusing on issues in Santa Monica, California, specifically crime, homelessness, and local governance. The video discusses the mayor's perspective, local statistics about shoplifting, and the impact of new laws on theft and retail theft.

#### Step 3: Compare the Thumbnail to the Actual Video Content
The thumbnail depicts a positive and supportive gesture, which contrasts with the serious and critical nature of the video content. The video discusses negative issues such as crime, homelessness, and the impact of new laws on theft.

#### Step 4: Determine if the Thumbnail Accurately Represents the Video's Main Topic or Content
The thumbnail does not accurately represent the serious and critical topics discussed in the video. It gives a misleading impression of a positive or supportive message, which is not aligned with the content of the video.

#### Step 5: Assess Whether the Thumbnail Uses Exaggeration, False Promises, or Clickbait Tactics
The thumbnail uses a positive and supportive gesture, which may mislead viewers into expecting a positive outcome or a supportive narrative, rather than the critical and serious content about local issues.

#### Step 6: Categorize the Thumbnail as Either ""Misleading"" or ""Not Misleading""
Based on the analysis, the thumbnail is **misleading**.

#### Step 7: Provide a Brief Explanation for Your Decision
The thumbnail depicts a positive and supportive gesture, which contrasts sharply with the serious and critical content of the video. It gives viewers an incorrect expectation of the video's theme and purpose, leading them to believe that the video will present a positive or supportive message about Santa Monica, California, when in fact, it focuses on negative issues such as crime, homelessness, and the impact of new laws on theft."
dW8J7_l8INY,"### Analysis:

1. **Examine the thumbnail**: The thumbnail shows a crowd of people at a sporting event, specifically a baseball game, where a fan is reaching out to catch a ball. The image is clear and depicts a typical moment at a sporting event.

2. **Read the subtitles and video content**: The subtitles and video content describe various sports events, including baseball, basketball, and football. The video compilation includes clips of players and fans engaging in different sports activities.

3. **Compare the thumbnail to the actual video content**: The thumbnail accurately represents a scene from the video, which features a baseball game with fans reaching for a ball. However, the video content is a compilation of different sports events, not just a single baseball game.

4. **Determine if the thumbnail accurately represents the video's main topic or content**: While the thumbnail shows a baseball game, the video content is a broader compilation of different sports events. The thumbnail does not misrepresent the overall theme of the video.

5. **Assess whether the thumbnail uses exaggeration, false promises, or clickbait tactics**: The thumbnail does not use any exaggerated claims or false promises. It simply shows a typical moment from a baseball game, which aligns with the content of the video.

6. **Categorize the thumbnail**: Based on the analysis, the thumbnail accurately represents the video content without misleading viewers.

### Conclusion:

**Categorization:** Not Misleading

**Explanation:** The thumbnail accurately depicts a scene from the video, which is a compilation of different sports events. Although it shows a baseball game, the video content includes multiple sports, making the thumbnail representative of the overall theme rather than misleading."
mKdjycj-7eE,"### Analysis of the Provided Information

#### Step 1: Examine the Thumbnail
The thumbnail depicts a man inside a car, seemingly reacting to a large, menacing train approaching. The image includes exaggerated features such as sharp teeth on the train, which gives it a dramatic and intense appearance.

#### Step 2: Read Through the Video Subtitles and Content Description
The subtitles describe a scenario involving a Lamborghini being threatened by a train, with the creator giving the car to someone named Blake. The video involves building defenses to protect the Lamborghini from bullets fired by soldiers. The content description outlines a series of phases where Blake constructs various defenses, including shipping containers filled with refrigerators and cars, and eventually a fortified structure to protect the Lamborghini.

#### Step 3: Compare the Thumbnail to the Actual Video Content
The thumbnail shows a dramatic scene with a train approaching a car, which aligns closely with the video content where a train is indeed involved in a destructive scenario. However, the thumbnail does not explicitly mention the Lamborghini or the bullet defense challenge, which are key elements of the video.

#### Step 4: Determine if the Thumbnail Accurately Represents the Video's Main Topic or Content
While the thumbnail captures the essence of the dramatic and intense nature of the video, it does not fully convey the specific elements of the Lamborghini challenge and the bullet defense aspect. The thumbnail is more general and could mislead viewers into expecting a broader action-packed scenario rather than focusing on the Lamborghini protection challenge.

#### Step 5: Assess Whether the Thumbnail Uses Exaggeration, False Promises, or Clickbait Tactics
The thumbnail uses exaggerated imagery (sharp teeth on the train) to create a sense of danger and excitement, which might be perceived as clickbait. However, the thumbnail does not make false promises or use misleading language; it simply sets the tone for the dramatic and intense content.

#### Step 6: Categorize the Thumbnail
Based on the analysis, the thumbnail is **Misleading** because while it captures the dramatic nature of the video, it does not clearly communicate the specific focus on the Lamborghini challenge and the bullet defense aspect. The thumbnail might lead viewers to expect a broader action-packed scenario rather than the detailed protective measures against bullets.

#### Explanation:
The thumbnail effectively conveys the intense and dramatic nature of the video but fails to highlight the specific elements of the Lamborghini challenge and the bullet defense. This omission could mislead viewers into expecting a broader action-packed scenario rather than the detailed protective measures against bullets. Therefore, the thumbnail is misleading."
fcgWYglHQZw,"### Analysis of the Provided Information

#### Step 1: Examine the Thumbnail
The thumbnail shows a cheerleader with pom-poms and a soccer player in a light blue jersey pointing towards her. The image suggests a connection between the cheerleader and the soccer player, likely indicating a celebratory or supportive moment related to a soccer match.

#### Step 2: Read Through the Video Subtitles and Content Description
The subtitles and video content description focus on various soccer-related scenes and news clips, including inappropriate moments, controversies, and administrative issues within the sport. The content does not explicitly mention cheerleaders or celebratory moments.

#### Step 3: Compare the Thumbnail to the Actual Video Content
The thumbnail depicts a scene that is not directly related to the video content described. The video content includes scenes of inappropriate moments, controversies, and administrative issues, which are quite different from the celebratory or supportive moment suggested by the thumbnail.

#### Step 4: Determine if the Thumbnail Accurately Represents the Video's Main Topic or Content
The thumbnail does not accurately represent the main topics or content of the video. It suggests a celebratory or supportive moment, while the video focuses on inappropriate moments, controversies, and administrative issues within soccer.

#### Step 5: Assess Whether the Thumbnail Uses Exaggeration, False Promises, or Clickbait Tactics
The thumbnail uses clickbait tactics by suggesting a celebratory or supportive moment, which is not present in the actual video content. It misleads viewers into expecting a positive or uplifting moment when the video actually contains inappropriate and controversial content.

#### Step 6: Categorize the Thumbnail
Categorization: Misleading

#### Step 7: Provide a Brief Explanation for the Decision
The thumbnail inaccurately represents the video content by suggesting a celebratory or supportive moment, which is not present in the actual video. Instead, the video focuses on inappropriate moments, controversies, and administrative issues within soccer. This misleads viewers into expecting a positive or uplifting moment when the video actually contains inappropriate and controversial content."
iwFuKsHAnK0,"### Analysis of the Provided Information

#### Step 1: Examine the Thumbnail
The thumbnail shows a man in a sports uniform crying while a dog is playing with a soccer ball in the background. The image suggests a humorous or emotional moment involving soccer.

#### Step 2: Read Through the Video Subtitles and Content Description
The subtitles and the video content description indicate that the video is a compilation of various soccer-related scenes and incidents, including gameplay, behind-the-scenes moments, and reactions to events during matches. There is no mention of a dog or any humorous or emotional moment involving a dog.

#### Step 3: Compare the Thumbnail to the Actual Video Content
The thumbnail depicts a man crying and a dog playing with a soccer ball, which does not align with the content described in the video description. The video content focuses on soccer-related scenes and incidents, not a humorous moment involving a dog.

#### Step 4: Determine if the Thumbnail Accurately Represents the Video's Main Topic or Content
The thumbnail does not accurately represent the video's main topic or content. It misleads viewers by suggesting a humorous or emotional moment involving a dog, which is not present in the video.

#### Step 5: Assess Whether the Thumbnail Uses Exaggeration, False Promises, or Clickbait Tactics
The thumbnail uses clickbait tactics by suggesting a humorous or emotional moment involving a dog, which is not present in the video. This creates a misleading expectation for the viewer.

#### Step 6: Categorize the Thumbnail as Either ""Misleading"" or ""Not Misleading""
Categorization: Misleading

#### Step 7: Provide a Brief Explanation for Your Decision
The thumbnail is misleading because it suggests a humorous or emotional moment involving a dog, which is not present in the video. The thumbnail uses clickbait tactics to attract viewers by promising a humorous or emotional moment that is not actually depicted in the video content."
bABseBbIiFk,"### Analysis of the Provided Information

#### Step 1: Examine the thumbnail
The thumbnail features a person underwater with a large shark nearby, accompanied by the text ""MYTH #199.""

#### Step 2: Read through the video subtitles and content description
The subtitles indicate that the video is about busting myths, specifically mentioning a myth about stepping on banana peels causing slips and falls. The video content includes various myth-busting scenes, including one involving stepping on banana peels.

#### Step 3: Compare the thumbnail to the actual video content
The thumbnail depicts a dramatic scene with a shark, which is not directly related to the myth about stepping on banana peels. The shark is likely included to add a sense of danger or excitement, which might mislead viewers into thinking the video is about shark attacks rather than a mundane myth about slipping on banana peels.

#### Step 4: Determine if the thumbnail accurately represents the video's main topic or content
The thumbnail does not accurately represent the main topic of the video, which is myth-busting. It introduces a shark, which is not relevant to the myth being discussed.

#### Step 5: Assess whether the thumbnail uses exaggeration, false promises, or clickbait tactics
The thumbnail uses a shark to create a sense of danger and excitement, which could be considered clickbait. However, the shark itself is not directly related to the myth being discussed.

#### Step 6: Categorize the thumbnail as either ""Misleading"" or ""Not Misleading""
Based on the analysis, the thumbnail is misleading because it introduces a shark, which is not relevant to the myth about stepping on banana peels.

#### Step 7: Provide a brief explanation for the decision
The thumbnail introduces a shark, which is not directly related to the myth being discussed (stepping on banana peels). This creates a misleading impression that the video is about shark attacks rather than a mundane myth about slipping on banana peels. Therefore, the thumbnail is misleading.

### Final Categorization: Misleading"
88KPADTPPAo,"Categorization: Not Misleading

Explanation: The thumbnail depicts a group of workers in red uniforms applying paint to a large surface, which aligns closely with the video content. The video compilation indeed showcases skilled workers performing various tasks across different industries, including painting. The thumbnail accurately represents the main topic of the video, which is the demonstration of skilled craftsmanship and techniques in various trades and settings. There is no exaggeration, false promises, or clickbait tactics used in the thumbnail. Therefore, the thumbnail is not misleading."
vDgrnx_nkhI,"### Analysis:

1. **Examine the thumbnail**: The thumbnail shows a chef preparing vegetables (potatoes, onions, and cucumbers) on a cutting board. The image suggests a cooking tutorial or a demonstration of vegetable preparation techniques.

2. **Read the subtitles and video content**: The subtitles and video content do not mention cooking or vegetable preparation. Instead, the video is a compilation of various athletic and adventurous activities, including sports, acrobatics, and other physical feats.

3. **Compare the thumbnail to the actual video content**: The thumbnail depicts a chef preparing vegetables, which is completely unrelated to the content of the video, which features a variety of athletic and adventurous activities.

4. **Determine if the thumbnail accurately represents the video's main topic or content**: The thumbnail does not accurately represent the video's content. It misleads viewers by suggesting that the video is about cooking, when it is actually about athletic and adventurous activities.

5. **Assess whether the thumbnail uses exaggeration, false promises, or clickbait tactics**: The thumbnail uses clickbait tactics by promising a cooking tutorial when the video is about entirely different content.

6. **Categorize the thumbnail as either ""Misleading"" or ""Not Misleading""**: Based on the analysis, the thumbnail is misleading.

7. **Provide a brief explanation for your decision**: The thumbnail is misleading because it suggests that the video is about cooking when it is actually about athletic and adventurous activities. This creates false expectations and uses clickbait tactics to attract viewers.

**Categorization**: Misleading"
iSb_fyChqLE,"### Analysis:

**Step 1: Examine the thumbnail**
The thumbnail depicts a humorous and exaggerated scenario involving a construction site mishap where concrete is being poured and workers are running away from it. The image is bright, colorful, and dynamic, suggesting a comedic or lighthearted tone.

**Step 2: Read through the video subtitles and content description**
The subtitles and video content description indicate that the video is a compilation of various accidents, mishaps, and unusual incidents. The content includes scenes of construction sites, accidents, and unexpected events, which are presented in a humorous and exaggerated manner.

**Step 3: Compare the thumbnail to the actual video content**
The thumbnail shows a construction site mishap with concrete pouring, which aligns with the content described in the video. However, the thumbnail is more focused on the comedic aspect of the mishap rather than the broader compilation of various incidents.

**Step 4: Determine if the thumbnail accurately represents the video's main topic or content**
While the thumbnail does depict a construction site mishap, it does not fully represent the entire compilation of various accidents and mishaps. The thumbnail focuses on a single, exaggerated moment, which may mislead viewers into expecting a video that is solely about this specific mishap.

**Step 5: Assess whether the thumbnail uses exaggeration, false promises, or clickbait tactics**
The thumbnail uses exaggeration by depicting a humorous and exaggerated mishap, which is typical for entertainment videos. However, it does not use false promises or clickbait tactics; it accurately reflects the content of the video.

**Step 6: Categorize the thumbnail as either ""Misleading"" or ""Not Misleading""**
Given that the thumbnail accurately represents the content of the video (a construction site mishap) but does not fully capture the broader compilation of various incidents, it can be considered **Misleading**.

**Explanation:**
The thumbnail effectively captures the essence of the video content by showing a construction site mishap, which is a common theme in the video. However, it does not provide a comprehensive representation of the entire compilation of various accidents and mishaps. Therefore, while the thumbnail is not misleading in terms of the specific incident depicted, it is misleading because it does not convey the full scope of the video's content."
4PaqJhHM9-s,"### Analysis of the Provided Information

#### Step 1: Examine the Thumbnail
The thumbnail features a person with exaggerated makeup, including gold eye shadow and a wide-eyed expression. The text ""DAY #3"" is prominently displayed.

#### Step 2: Read Through the Video Subtitles and Content Description
The subtitles indicate that the video involves a series of challenges or pranks among a group of young men, likely for an online content creation channel. The video seems to involve various activities such as physical challenges, pranks, and competitions, with a focus on keeping participants awake throughout the night.

#### Step 3: Compare the Thumbnail to the Actual Video Content
The thumbnail depicts a person with exaggerated makeup, which does not necessarily reflect the actual content of the video. The video content involves physical challenges, pranks, and competitions, which are not visually represented by the thumbnail.

#### Step 4: Determine if the Thumbnail Accurately Represents the Video's Main Topic or Content
The thumbnail does not accurately represent the video's main topic or content. It focuses on a person with exaggerated makeup, which is not a central element of the video's content.

#### Step 5: Assess Whether the Thumbnail Uses Exaggeration, False Promises, or Clickbait Tactics
The thumbnail uses exaggeration by featuring a person with exaggerated makeup, which is not representative of the actual content of the video.

#### Step 6: Categorize the Thumbnail as Either ""Misleading"" or ""Not Misleading""
Based on the analysis, the thumbnail is misleading.

#### Step 7: Provide a Brief Explanation for Your Decision
The thumbnail features a person with exaggerated makeup, which does not accurately represent the actual content of the video. The video involves physical challenges, pranks, and competitions, which are not visually represented by the thumbnail. Therefore, the thumbnail is misleading."
lDjR8yD3Obs,"### Analysis:

1. **Examine the thumbnail**: The thumbnail depicts a person performing a stunt involving a sword and candles, which suggests a dramatic and potentially dangerous activity.
   
2. **Read through the video subtitles and content description**: The subtitles and video description indicate that the video is a compilation of various extreme sports, stunts, and physical activities. The content includes scenes of skateboarding, racing, and other high-risk activities, but none of these involve swordsmanship or performing stunts with candles.

3. **Compare the thumbnail to the actual video content**: The thumbnail shows a person with a sword and candles, which is not depicted in the video content. The video focuses on various extreme sports and physical activities without any connection to the image shown in the thumbnail.

4. **Determine if the thumbnail accurately represents the video's main topic or content**: The thumbnail does not accurately represent the video's content. It suggests a specific type of stunt (swordsmanship with candles) that is not present in the video.

5. **Assess whether the thumbnail uses exaggeration, false promises, or clickbait tactics**: The thumbnail uses exaggerated imagery to attract viewers, promising a specific type of content that is not delivered in the video.

6. **Categorize the thumbnail as either ""Misleading"" or ""Not Misleading""**: Based on the analysis, the thumbnail is misleading.

7. **Provide a brief explanation for your decision**: The thumbnail misleads viewers by suggesting a specific type of stunt (swordsmanship with candles) that is not present in the video. Instead, the video features a compilation of various extreme sports and physical activities, which do not match the image shown in the thumbnail.

### Conclusion:
**Categorization: Misleading**

**Explanation:** The thumbnail uses exaggerated imagery to attract viewers, promising a specific type of content (swordsmanship with candles) that is not present in the video. This misleads viewers about the actual content of the video."
CSvPE21Seu4,"### Analysis of the Provided Information

#### Step 1: Examine the Thumbnail
The thumbnail shows a person kneeling on the ground, appearing distressed, with a red arrow pointing towards their feet. The image is zoomed in on the feet, which appear swollen and discolored.

#### Step 2: Read Through the Video Subtitles and Content Description
The subtitles suggest that the video is about identifying fake beggars and scammers. The content description mentions various scenes depicting people in difficult situations, including homelessness, poverty, and disability. However, it also highlights instances of fake beggars and scammers.

#### Step 3: Compare the Thumbnail to the Actual Video Content
The thumbnail depicts a person with visibly swollen and discolored feet, which could be interpreted as a sign of a serious medical condition. However, the video content includes scenes of fake beggars and scammers, which do not necessarily relate to the physical condition shown in the thumbnail.

#### Step 4: Determine if the Thumbnail Accurately Represents the Video's Main Topic or Content
The thumbnail does not accurately represent the main topic of the video, which is about identifying fake beggars and scammers. Instead, it focuses on a physical condition that is unrelated to the content of the video.

#### Step 5: Assess Whether the Thumbnail Uses Exaggeration, False Promises, or Clickbait Tactics
The thumbnail uses exaggerated imagery (swollen feet) to attract viewers, which might lead them to believe the video is about medical conditions rather than identifying fake beggars. This could be considered clickbait.

#### Step 6: Categorize the Thumbnail as Either ""Misleading"" or ""Not Misleading""
Based on the analysis, the thumbnail is misleading because it does not accurately represent the video's main topic and uses exaggerated imagery to attract viewers.

#### Step 7: Provide a Brief Explanation for Your Decision
The thumbnail shows a person with visibly swollen feet, which could be interpreted as a medical condition. However, the video content is about identifying fake beggars and scammers, not addressing medical conditions. The thumbnail uses exaggerated imagery to attract viewers, which is misleading and could be considered clickbait. Therefore, the thumbnail is categorized as ""Misleading."""
f5o7_wPmuiE,"### Analysis of the Provided Information

#### Step 1: Examine the Thumbnail
The thumbnail shows two individuals, one with a futuristic, robotic appearance and the other with a more human-like appearance. The text ""AI GIRLFRIEND"" is prominently displayed above them.

#### Step 2: Read Through the Video Subtitles and Content Description
The subtitles and video content describe a series of futuristic products and their capabilities. The AI version of the person is mentioned, but the focus is on showcasing various high-tech gadgets rather than creating an AI girlfriend.

#### Step 3: Compare the Thumbnail to the Actual Video Content
The thumbnail depicts two individuals, one of whom is clearly a robot, which aligns with the futuristic theme of the video. However, the video content primarily revolves around demonstrating various high-tech products and their functionalities, rather than focusing on the creation of an AI girlfriend.

#### Step 4: Determine if the Thumbnail Accurately Represents the Video's Main Topic or Content
The thumbnail suggests that the video is about creating an AI girlfriend, which is not the primary focus of the video content. Instead, the video showcases a variety of futuristic products and their capabilities.

#### Step 5: Assess Whether the Thumbnail Uses Exaggeration, False Promises, or Clickbait Tactics
The thumbnail uses the term ""AI Girlfriend,"" which might mislead viewers into expecting a narrative centered around creating an AI girlfriend. However, the video content does not delve into creating an AI girlfriend; instead, it focuses on demonstrating various high-tech products.

#### Step 6: Categorize the Thumbnail as Either ""Misleading"" or ""Not Misleading""
Given that the thumbnail suggests a focus on creating an AI girlfriend, which is not the main content of the video, the thumbnail can be considered misleading.

#### Step 7: Provide a Brief Explanation for Your Decision
The thumbnail uses the term ""AI Girlfriend"" to attract viewers' attention, suggesting that the video will be about creating an AI girlfriend. However, the video content primarily showcases various high-tech products and their functionalities, not the creation of an AI girlfriend. Therefore, the thumbnail is misleading.

### Final Categorization: Misleading"
roUuy1xjits,"### Analysis of the Provided Information

#### Step 1: Examine the Thumbnail
The thumbnail shows a baby sitting in a toilet, which appears to be a humorous or exaggerated depiction of a child engaging in mischief. The image is quite vivid and captures attention.

#### Step 2: Read Through the Video Subtitles and Content Description
The subtitles suggest that the video is a compilation of various scenes involving children getting into mischief, often involving chocolate or other unexpected situations. The content description mentions a variety of scenes, including a child pouring liquid, a messy room, a child in a vehicle, and a child in a play area, among others.

#### Step 3: Compare the Thumbnail to the Actual Video Content
The thumbnail depicts a baby in a toilet, which aligns with the theme of children getting into mischief. However, the video content includes a wide range of scenes that do not necessarily revolve around a single child or a specific mischief involving chocolate or a toilet.

#### Step 4: Determine if the Thumbnail Accurately Represents the Video's Main Topic or Content
The thumbnail does not accurately represent the entire content of the video. While it captures a humorous element, the video contains a diverse array of scenes that do not all fit under the umbrella of a single child's mischief.

#### Step 5: Assess Whether the Thumbnail Uses Exaggeration, False Promises, or Clickbait Tactics
The thumbnail uses exaggeration by depicting a baby in a toilet, which is a common trope in videos meant to evoke humor or shock. However, the video itself contains a mix of different scenes that do not all relate to the same theme.

#### Step 6: Categorize the Thumbnail as Either ""Misleading"" or ""Not Misleading""
Given that the thumbnail exaggerates the content of the video by focusing on a single, humorous element (a baby in a toilet), while the actual video contains a variety of unrelated scenes, the thumbnail is misleading.

#### Step 7: Provide a Brief Explanation for Your Decision
The thumbnail uses exaggeration by depicting a baby in a toilet, which is a common trope in videos meant to evoke humor or shock. However, the video itself contains a mix of different scenes that do not all relate to the same theme. Therefore, the thumbnail is misleading because it does not accurately represent the overall content of the video.

### Final Categorization: Misleading"
KItFw-9zqQQ,"### Analysis of the Provided Information

#### Step 1: Examine the Thumbnail
The thumbnail depicts a person in a suit leaning against a casket, set against a backdrop of a football field. The image suggests a connection between football and death, specifically the loss of a footballer.

#### Step 2: Read Through the Video Subtitles and Content Description
The subtitles and video description detail the tragic story of Emiliano Sala, a footballer who died in a plane crash while traveling to join a new club. The video covers various aspects of the incident, including concerns about the plane's condition, the search efforts, and the emotional impact on the football community.

#### Step 3: Compare the Thumbnail to the Actual Video Content
The thumbnail shows a somber scene involving a casket, which aligns with the tragic nature of the story described in the video. However, the thumbnail does not explicitly mention Emiliano Sala or the context of the plane crash.

#### Step 4: Determine if the Thumbnail Accurately Represents the Video's Main Topic or Content
While the thumbnail captures the essence of the tragic story, it does not provide specific details about the plane crash or the identity of the deceased footballer. It could be misleading for viewers who expect more specific content about the incident.

#### Step 5: Assess Whether the Thumbnail Uses Exaggeration, False Promises, or Clickbait Tactics
The thumbnail does not use exaggerated claims or false promises. Instead, it sets a somber tone that aligns with the tragic narrative of the video.

#### Step 6: Categorize the Thumbnail as Either ""Misleading"" or ""Not Misleading""
Based on the analysis, the thumbnail is **misleading** because it does not clearly communicate the specific focus of the video (the plane crash and the identity of Emiliano Sala). While it conveys a sense of tragedy, it lacks specificity that would help viewers understand the exact subject matter.

#### Step 7: Provide a Brief Explanation for the Decision
The thumbnail effectively sets a somber mood but fails to specify the exact subject matter of the video. It does not clearly indicate that the video is about the plane crash involving Emiliano Sala, which could lead viewers to expect a different type of content. Therefore, it is misleading.

### Final Categorization: Misleading"
c7pkrdSvKXM,"### Analysis:

1. **Examine the thumbnail**: The thumbnail shows two soccer players, one wearing a PSG jersey with the number 10, appearing to be in a tense moment with another player. The image suggests a confrontation or heated exchange during a match.

2. **Read the subtitles and video content**: The subtitles mention Neymar, a player known for his involvement in controversial incidents during matches. The text describes various confrontations, disputes, and high-tension moments, indicating a focus on the drama and controversies surrounding Neymar.

3. **Compare the thumbnail to the actual video content**: The thumbnail accurately depicts a tense moment involving Neymar, which aligns with the content described in the subtitles and video description. The video indeed features Neymar in various confrontations and heated exchanges.

4. **Determine if the thumbnail accurately represents the video's main topic or content**: The thumbnail effectively represents the main topic of the video, which is the drama and controversies surrounding Neymar during matches.

5. **Assess whether the thumbnail uses exaggeration, false promises, or clickbait tactics**: There is no indication of exaggeration or clickbait tactics in the thumbnail. It accurately reflects the content of the video.

6. **Categorize the thumbnail**: Based on the analysis, the thumbnail does not use any misleading elements; it accurately represents the content of the video.

7. **Explanation**: The thumbnail accurately shows a tense moment involving Neymar, which is consistent with the video content. There are no exaggerated claims or misleading elements present.

**Categorization**: Not Misleading

**Explanation**: The thumbnail accurately represents the content of the video, which focuses on the drama and controversies surrounding Neymar during matches."
WU2hGpIGq3I,"### Analysis of the Provided Information

#### Step 1: Examine the Thumbnail
The thumbnail shows a Labrador Retriever and a tiger on a wooden deck. The image is bright and colorful, suggesting a friendly and heartwarming interaction between the two animals.

#### Step 2: Read Through the Video Subtitles and Content Description
The subtitles indicate that the video is about moments when dogs bring friends home, which could include other animals. The content description mentions various interspecies interactions, including dogs interacting with cats, cows, horses, ducks, deer, and even a bear.

#### Step 3: Compare the Thumbnail to the Actual Video Content
The thumbnail depicts a Labrador Retriever and a tiger, which aligns with the content described in the video. However, the thumbnail does not explicitly mention that the video includes interspecies interactions or that dogs bring other animals home.

#### Step 4: Determine if the Thumbnail Accurately Represents the Video's Main Topic or Content
While the thumbnail shows a Labrador Retriever and a tiger, which are part of the video content, it does not fully represent the broader theme of the video, which involves multiple interspecies interactions. The thumbnail suggests a specific interaction that might not be the primary focus of the video.

#### Step 5: Assess Whether the Thumbnail Uses Exaggeration, False Promises, or Clickbait Tactics
The thumbnail does not use exaggerated claims or false promises. It accurately represents a part of the video content but does not capture the full scope of the interspecies interactions shown in the video.

#### Step 6: Categorize the Thumbnail as Either ""Misleading"" or ""Not Misleading""
Based on the analysis, the thumbnail is **Not Misleading** because it accurately represents a part of the video content (a Labrador Retriever and a tiger). However, it does not fully represent the broader theme of the video, which involves multiple interspecies interactions.

#### Step 7: Provide a Brief Explanation for Your Decision
The thumbnail accurately depicts a Labrador Retriever and a tiger, which are part of the video content. While it does not fully represent the broader theme of the video involving multiple interspecies interactions, it does not use exaggerated claims or false promises. Therefore, it is categorized as **Not Misleading**."
1jj8tny5qVk,"### Analysis of the Provided Information

#### Step 1: Examine the Thumbnail
The thumbnail shows a banana creatively shaped into the form of a snake, with a humorous twist involving a character resembling Spider-Man riding on top of the snake. The image is visually striking and playful.

#### Step 2: Read Through the Video Subtitles and Content Description
The subtitles suggest a video that challenges viewers to watch through the entire video without saying ""wow."" The content description lists a series of diverse and seemingly unrelated scenes, including a recycling facility, a person walking on hot coals, a hand forming geometric patterns, and various other activities ranging from construction to cooking.

#### Step 3: Compare the Thumbnail to the Actual Video Content
The thumbnail depicts a creative and playful scene involving a banana shaped like a snake with a superhero figure on top. The video content, however, consists of a series of unrelated and diverse scenes, none of which involve a banana or a superhero.

#### Step 4: Determine if the Thumbnail Accurately Represents the Video's Main Topic or Content
The thumbnail does not accurately represent the video's main topic or content. It is misleading because it suggests a video focused on a single, creative, and playful scene, while the actual video contains a wide range of unrelated activities.

#### Step 5: Assess Whether the Thumbnail Uses Exaggeration, False Promises, or Clickbait Tactics
The thumbnail uses exaggerated imagery and humor to attract viewers, which could be considered clickbait. However, the core issue here is that the thumbnail does not accurately reflect the actual content of the video.

#### Step 6: Categorize the Thumbnail as Either ""Misleading"" or ""Not Misleading""
Based on the analysis, the thumbnail is **Misleading**.

#### Step 7: Provide a Brief Explanation for Your Decision
The thumbnail is misleading because it suggests a video focused on a single, creative, and playful scene involving a banana shaped like a snake with a superhero figure on top. In reality, the video contains a series of unrelated and diverse scenes, none of which involve a banana or a superhero. The thumbnail uses exaggerated imagery and humor to attract viewers, which could be considered clickbait, but the primary issue is that it does not accurately represent the actual content of the video."
zeyQOw7mIhc,"### Analysis:

#### Step 1: Examine the thumbnail
The thumbnail shows a circular arrangement of small objects (possibly coins or tiles) with a group of children standing around it. There is no text or additional imagery that suggests the content of the video.

#### Step 2: Read through the video subtitles and content description
The subtitles suggest that the video is about showcasing the skills of workers worldwide, focusing on precision and craftsmanship in various construction and renovation projects. The content description lists a variety of scenes involving construction, renovation, and DIY projects, including pouring concrete, working on leather shoes, painting walls, and more.

#### Step 3: Compare the thumbnail to the actual video content
The thumbnail does not visually represent any of the scenes described in the video content. It shows a completely different scenario (children playing around a circular arrangement of small objects) which has no relation to the construction and renovation projects shown in the video.

#### Step 4: Determine if the thumbnail accurately represents the video's main topic or content
The thumbnail does not accurately represent the video's main topic or content. It fails to convey any of the construction or renovation activities depicted in the video.

#### Step 5: Assess whether the thumbnail uses exaggeration, false promises, or clickbait tactics
The thumbnail uses clickbait tactics by suggesting a playful or educational activity involving children, which is entirely unrelated to the actual content of the video.

#### Step 6: Categorize the thumbnail as either ""Misleading"" or ""Not Misleading""
Categorization: Misleading

#### Step 7: Provide a brief explanation for your decision
The thumbnail is misleading because it does not accurately represent the content of the video. It shows a scene with children playing around a circular arrangement of small objects, which has no connection to the construction and renovation projects featured in the video. This creates a false expectation for the viewer, leading them to believe the video contains content that it does not."
ir3oHaaX5lY,"### Analysis of the YouTube Video Thumbnail

#### Step 1: Examine the Thumbnail
The thumbnail features a soccer player in a blue jersey, pointing towards the camera. The text overlay reads, ""AGORA VC TÁ FU****!"" which translates to ""NOW YOU'RE F***ING!""

#### Step 2: Read Through the Video Subtitles and Content Description
The subtitles and video content focus on the career highlights and controversies surrounding a prominent soccer player, specifically Neymar. The video includes scenes of matches, interviews, and social media interactions, emphasizing the player's interactions with opponents and the challenges he faces due to his playing style.

#### Step 3: Compare the Thumbnail to the Actual Video Content
The thumbnail depicts a single moment where the player is pointing aggressively, which aligns with the subtitles that emphasize the player's confrontational nature and the challenges he faces on the field. However, the thumbnail does not provide context for the entire video content, which includes various scenes of matches, interviews, and social media interactions.

#### Step 4: Determine if the Thumbnail Accurately Represents the Video's Main Topic or Content
While the thumbnail captures a moment of aggression, it does not represent the full range of content in the video. The video includes multiple scenes of matches, interviews, and social media interactions, which are not depicted in the thumbnail.

#### Step 5: Assess Whether the Thumbnail Uses Exaggeration, False Promises, or Clickbait Tactics
The thumbnail uses a provocative statement (""AGORA VC TÁ FU****!"") to attract viewers' attention. While the content of the video does include moments of confrontation, the thumbnail exaggerates the intensity and frequency of these moments.

#### Step 6: Categorize the Thumbnail as Either ""Misleading"" or ""Not Misleading""
Based on the analysis, the thumbnail is misleading because it exaggerates the intensity and frequency of confrontations in the video content. The thumbnail suggests that the entire video focuses on aggressive moments, which is not the case.

#### Step 7: Provide a Brief Explanation for Your Decision
The thumbnail uses a provocative statement to attract viewers, but the video content includes a mix of on-field action, behind-the-scenes moments, and social media interactions. The thumbnail does not accurately represent the full range of content in the video, thus making it misleading.

### Final Categorization: Misleading"
OpOvMwkGL18,"### Analysis of the Provided Information

#### Step 1: Examine the Thumbnail
The thumbnail features a group of individuals with exaggerated makeup and expressions, suggesting a dramatic or intense scenario. The text ""DAY #2"" implies a series of events or challenges.

#### Step 2: Read Through the Video Subtitles and Content Description
The subtitles describe a challenge where contestants must avoid talking or making noise under threat of elimination. The video content includes various physical activities, challenges, and punishments, with a focus on keeping the contestants silent.

#### Step 3: Compare the Thumbnail to the Actual Video Content
The thumbnail shows a dramatic and intense scene, which aligns with the content described in the subtitles and video description. The thumbnail effectively captures the essence of the challenge, which involves silence and potential elimination.

#### Step 4: Determine if the Thumbnail Accurately Represents the Video's Main Topic or Content
The thumbnail accurately represents the main topic of the video, which is a challenge where contestants must remain silent to avoid elimination. The dramatic elements in the thumbnail match the intense atmosphere described in the subtitles and video content.

#### Step 5: Assess Whether the Thumbnail Uses Exaggeration, False Promises, or Clickbait Tactics
The thumbnail does not use exaggeration, false promises, or clickbait tactics. It accurately reflects the theme of the video, which is a challenge involving silence and potential elimination.

#### Step 6: Categorize the Thumbnail
Based on the analysis, the thumbnail is **Not Misleading**.

#### Step 7: Provide a Brief Explanation for the Decision
The thumbnail accurately represents the main topic of the video, which is a challenge involving silence and potential elimination. It does not use exaggeration, false promises, or clickbait tactics. Therefore, it is not misleading."
JiT7zHw1Ym0,"Categorization: Misleading

Explanation: The thumbnail shows a close-up of a hand holding a King of Clubs card with the text ""How?"" prominently displayed. This suggests that the video will demonstrate a card trick or a specific magic technique involving the King of Clubs. However, the video content described does not focus on a card trick but rather involves a magic trick with a mug, liquid, and festive elements. The thumbnail does not accurately represent the video's main topic or content, as it implies a card trick when the actual video content is about a different type of magic trick. Therefore, the thumbnail is misleading."
n6OVH_euDXE,"### Analysis of the Provided Information

#### Step 1: Examine the Thumbnail
The thumbnail image depicts a baby walking outdoors on a concrete surface. The baby appears to be in motion, and there are footprints leading away from the baby, suggesting movement.

#### Step 2: Read Through the Video Subtitles and Content Description
The video content description indicates a compilation of various short TikTok-style clips, each depicting different scenarios ranging from humorous or surprising moments to potentially embarrassing situations. The subtitles suggest that the video is a collection of moments that went wrong, which is a common theme in TikTok content.

#### Step 3: Compare the Thumbnail to the Actual Video Content
The thumbnail shows a baby walking, which does not align with the content described in the video description. The video content includes a variety of unrelated and often humorous or embarrassing moments, none of which involve a baby walking.

#### Step 4: Determine if the Thumbnail Accurately Represents the Video's Main Topic or Content
The thumbnail does not represent the main topic or content of the video. It suggests a different theme (a baby walking) than what the video actually contains (a compilation of various TikTok-style clips).

#### Step 5: Assess Whether the Thumbnail Uses Exaggeration, False Promises, or Clickbait Tactics
The thumbnail uses a misleading image that does not reflect the actual content of the video. It does not promise or suggest that the video will contain content related to a baby walking, which is a significant discrepancy.

#### Step 6: Categorize the Thumbnail as Either ""Misleading"" or ""Not Misleading""
Based on the analysis, the thumbnail is misleading.

#### Step 7: Provide a Brief Explanation for Your Decision
The thumbnail shows a baby walking, which is completely unrelated to the content of the video, which is a compilation of various TikTok-style clips depicting humorous or embarrassing moments. This creates a misleading impression that the viewer might expect to see a baby walking, which is not the case. Therefore, the thumbnail is misleading."
EPUa9a6cuU4,"### Analysis of the Provided Information

#### Step 1: Examine the Thumbnail
The thumbnail shows two images side by side:
- On the left, a soccer player in a Real Madrid jersey from 2008.
- On the right, the same soccer player in a homeless state holding a sign that reads ""HOMELESS & HUNGRY.""

#### Step 2: Read Through the Video Subtitles and Content Description
The subtitles and video content describe the life of a soccer player named Royston Dren, detailing his journey from a troubled childhood to becoming a professional athlete, and then to homelessness. The video highlights his struggles, achievements, and the stark contrast between his past and present circumstances.

#### Step 3: Compare the Thumbnail to the Actual Video Content
The thumbnail accurately depicts the main theme of the video, which is the life of a soccer player transitioning from a professional career to homelessness. It captures the essence of the narrative arc described in the subtitles and video content.

#### Step 4: Determine if the Thumbnail Accurately Represents the Video's Main Topic or Content
The thumbnail effectively summarizes the key points of the video, showing the player's rise to fame and subsequent decline into homelessness. It does not exaggerate or misrepresent any part of the story.

#### Step 5: Assess Whether the Thumbnail Uses Exaggeration, False Promises, or Clickbait Tactics
The thumbnail does not use any exaggerated claims or false promises. It simply presents the visual representation of the player's life stages, which aligns closely with the video content.

#### Step 6: Categorize the Thumbnail
Based on the analysis, the thumbnail is not misleading.

#### Step 7: Provide a Brief Explanation for the Decision
The thumbnail accurately reflects the video's content by showing the player's transition from a professional soccer career to homelessness. It does not use any misleading elements or clickbait tactics. Therefore, the thumbnail is categorized as ""Not Misleading."""
Xf_VLwwOKiQ,"### Analysis:

1. **Examine the thumbnail**: The thumbnail shows a goalkeeper sitting on a stool next to a soccer goalpost, appearing distressed or disappointed. There is a laughing emoji overlaid on the image, suggesting humor or amusement.

2. **Read the subtitles and video content**: The subtitles appear to be incomplete and do not provide clear context about the video's content. However, the video content itself is described as a compilation of various soccer moments interspersed with a humorous monkey image.

3. **Compare the thumbnail to the actual video content**: The thumbnail depicts a single, specific moment (a goalkeeper looking distressed) which is part of the video content but does not represent the overall theme or the frequent appearance of the monkey image.

4. **Determine if the thumbnail accurately represents the video's main topic or content**: The thumbnail does not accurately represent the overall content of the video. It focuses on a single dramatic moment rather than the recurring monkey images and the variety of soccer scenes.

5. **Assess whether the thumbnail uses exaggeration, false promises, or clickbait tactics**: The thumbnail does not use exaggerated claims or false promises. Instead, it sets up a humorous expectation based on the monkey image, which is not fully represented in the thumbnail.

6. **Categorize the thumbnail as either ""Misleading"" or ""Not Misleading""**: Given that the thumbnail does not accurately represent the overall content of the video, especially the frequent appearance of the monkey image, it can be considered misleading.

7. **Explanation**: The thumbnail suggests a focus on a single dramatic moment involving a goalkeeper, which is misleading because the video contains a variety of soccer scenes and the recurring monkey image. The thumbnail does not convey the full nature of the video's content, which includes both soccer action and humorous elements.

**Categorization**: Misleading

**Explanation**: The thumbnail fails to represent the full range of content in the video, particularly the frequent appearance of the monkey image, which is a significant part of the video's structure."
8wld_fYnqZc,"### Analysis of the Provided Information

#### Step 1: Examine the Thumbnail
The thumbnail shows two images side by side:
1. On the left, a person is clearing ice from a car.
2. On the right, a pair of shoes that resemble pancakes with syrup.

#### Step 2: Read Through the Video Subtitles and Content Description
The subtitles suggest a video compilation featuring various unrelated scenes, including:
- Traditional Middle Eastern attire
- Ski lift or conveyor belt in a snowy forest
- Creating a textured corner design
- Clearing snow to reveal a heart shape
- Logging or timber transport
- Epoxy floor pouring
- Golfing scene
- Spotted horse in a snowy setting
- Car repair
- Construction work
- Matcha noodle preparation
- Pool tile installation
- Car headlight repair
- Modified truck in a snowy setting
- Industrial apple processing
- Street cleaning vehicle
- Power drilling on a wooden board
- Concrete breaking near a pipe
- Painting or coating a green surface
- Car seat or upholstery work

#### Step 3: Compare the Thumbnail to the Actual Video Content
The thumbnail does not represent any of the scenes listed in the video description. Instead, it features a car being cleared of ice and a pair of pancake-shaped shoes, which are completely unrelated to the content of the video compilation.

#### Step 4: Determine if the Thumbnail Accurately Represents the Video's Main Topic or Content
The thumbnail does not accurately represent the video's content. It shows scenes that are entirely unrelated to the compilation of various unrelated activities and technologies described in the video.

#### Step 5: Assess Whether the Thumbnail Uses Exaggeration, False Promises, or Clickbait Tactics
The thumbnail uses exaggerated imagery (car being cleared of ice and pancake-shaped shoes) that has no relation to the actual content of the video compilation. This creates a misleading impression.

#### Step 6: Categorize the Thumbnail as Either ""Misleading"" or ""Not Misleading""
Categorization: Misleading

#### Step 7: Provide a Brief Explanation for Your Decision
The thumbnail uses unrelated and exaggerated imagery to attract viewers, which does not accurately represent the content of the video compilation. This creates a misleading impression and does not align with the actual scenes featured in the video."
TfEiBfYXV_U,"### Analysis of the Provided Information

#### Step 1: Examine the Thumbnail
The thumbnail shows a soccer player in two different stages of his life: one in 2007 and another in 2023. The player appears significantly fatter in the 2023 image compared to the 2007 image.

#### Step 2: Read Through the Video Subtitles and Content Description
The subtitles discuss the transformation of a soccer player named Ronaldo Nazario from being the best striker in the world to becoming overweight. It mentions his career progression, including his time with Real Madrid, his retirement, and his subsequent weight gain.

#### Step 3: Compare the Thumbnail to the Actual Video Content
The thumbnail accurately depicts the transformation of Ronaldo Nazario from a lean and athletic player in 2007 to a significantly overweight individual in 2023. The video content supports this by discussing his career and the reasons behind his weight gain.

#### Step 4: Determine if the Thumbnail Accurately Represents the Video's Main Topic or Content
The thumbnail effectively represents the main topic of the video, which is the transformation of Ronaldo Nazario's physical appearance and career trajectory.

#### Step 5: Assess Whether the Thumbnail Uses Exaggeration, False Promises, or Clickbait Tactics
There is no exaggeration or clickbait tactics used in the thumbnail. It simply shows a visual representation of the player's physical change over time.

#### Step 6: Categorize the Thumbnail
Based on the analysis, the thumbnail is **Not Misleading**.

#### Explanation:
The thumbnail accurately reflects the content of the video, which discusses Ronaldo Nazario's career and the reasons behind his weight gain. It does not use any exaggerated claims or clickbait tactics. Therefore, it is appropriate and truthful in representing the video's main topic."
YL4neojI7Ic,"### Analysis of the Provided Information

#### Step 1: Examine the Thumbnail
The thumbnail shows a man in a shower with flames in the background, accompanied by the text ""INCÊNDIO NA CASA: ENTRAR NO CHUVEIRO RESOLVE?"" which translates to ""House fire: Will entering the shower solve it?""

#### Step 2: Read Through the Video Subtitles and Content Description
The subtitles discuss a question about whether entering a shower during a house fire will help survive. The video content appears to be an educational segment addressing this question.

#### Step 3: Compare the Thumbnail to the Actual Video Content
The thumbnail depicts a scenario involving a house fire and a shower, which aligns closely with the question posed in the subtitles. However, the thumbnail does not explicitly mention the question itself or the educational nature of the content.

#### Step 4: Determine if the Thumbnail Accurately Represents the Video's Main Topic or Content
The thumbnail accurately represents the main topic of the video, which is discussing the effectiveness of entering a shower during a house fire. It does not mislead viewers into expecting a different type of content.

#### Step 5: Assess Whether the Thumbnail Uses Exaggeration, False Promises, or Clickbait Tactics
The thumbnail does not use exaggerated claims or false promises. It clearly states the question being addressed, which is appropriate for an educational video.

#### Step 6: Categorize the Thumbnail
Based on the analysis, the thumbnail is **Not Misleading**.

#### Explanation:
The thumbnail effectively communicates the main topic of the video without misleading viewers into expecting a different type of content. It accurately represents the educational nature of the video and the specific question being discussed. Therefore, it does not use any clickbait tactics or exaggeration."
JR5DpAsvsyI,"### Analysis:

1. **Examine the thumbnail**: The thumbnail features a man (likely a judge) and a tiger with a woman in the background. The text overlay reads ""Very dangerous.""

2. **Read the subtitles and content description**: The subtitles do not provide specific details about the content but seem to indicate excitement and applause, suggesting an engaging performance. The video description mentions a variety of fantastical and dramatic performances, including a dragon-like creature, a multi-headed cobra, and magic acts.

3. **Compare the thumbnail to the actual video content**: The thumbnail depicts a tiger and a woman, which aligns with the fantastical and dramatic theme suggested by the video description. However, the text ""Very dangerous"" does not directly relate to the content described in the video.

4. **Determine if the thumbnail accurately represents the video's main topic or content**: While the thumbnail captures the essence of the fantastical and dramatic performances, the text ""Very dangerous"" introduces a misleading element that is not supported by the video content.

5. **Assess whether the thumbnail uses exaggeration, false promises, or clickbait tactics**: The thumbnail uses the word ""Very dangerous,"" which could imply a level of risk or intensity that may not be present in the actual video content. This could be considered clickbait as it suggests a level of danger that is not necessarily reflected in the video.

6. **Categorize the thumbnail**: Based on the analysis, the thumbnail is misleading because it introduces a level of danger that is not supported by the video content.

7. **Explanation**: The thumbnail uses the word ""Very dangerous"" without providing context or supporting visuals that match this claim. While the video does feature fantastical and dramatic performances, the text ""Very dangerous"" is not accurate and could mislead viewers into expecting a different type of content than what is actually shown.

**Categorization**: Misleading

**Explanation**: The thumbnail introduces a level of danger that is not supported by the video content, using the word ""Very dangerous"" without appropriate context or visuals."
WEPK_mubM5w,"### Analysis:

**Step 1: Examine the thumbnail**
The thumbnail depicts two individuals lying on the ground surrounded by numerous small creatures, possibly insects. The individuals appear to be in a state of distress or discomfort due to the presence of these creatures.

**Step 2: Read through the video subtitles and content description**
The subtitles and video description suggest a compilation of various exciting and dangerous stunts, natural phenomena, and unusual events. The content includes motorcycle stunts, lightning strikes, drag racing, base jumping, construction site activities, and other high-energy scenarios.

**Step 3: Compare the thumbnail to the actual video content**
The thumbnail shows a scene involving small creatures and individuals in distress, which does not align with the high-energy and dangerous stunts described in the video content.

**Step 4: Determine if the thumbnail accurately represents the video's main topic or content**
The thumbnail does not accurately represent the high-energy and dangerous stunts mentioned in the video description. Instead, it suggests a scene involving small creatures and discomfort, which is not typical of the content described.

**Step 5: Assess whether the thumbnail uses exaggeration, false promises, or clickbait tactics**
The thumbnail uses exaggerated imagery (small creatures surrounding individuals) to attract viewers, which is misleading because it does not reflect the actual content of the video.

**Step 6: Categorize the thumbnail as either ""Misleading"" or ""Not Misleading""**
Based on the analysis, the thumbnail is **Misleading**.

**Explanation:**
The thumbnail creates a misleading impression by depicting a scene involving small creatures and discomfort, which is not representative of the high-energy and dangerous stunts described in the video content. This use of exaggerated imagery to attract viewers is clickbait and does not accurately reflect the actual content of the video."
LnVfvz_CJ1o,"### Analysis:

**Step 1: Examine the thumbnail**
The thumbnail shows a student being confronted by a teacher in a school hallway. The student appears distressed, and the teacher is holding the student's head, which suggests a serious or confrontational interaction.

**Step 2: Read through the video subtitles and content description**
The subtitles and video content describe a series of scenes from a quirky comedy or sitcom set in a school environment. The video includes confrontations, strict rules, and chaotic situations typical of a school setting. However, the thumbnails do not explicitly mention these elements.

**Step 3: Compare the thumbnail to the actual video content**
The thumbnail depicts a single, specific moment of confrontation, while the video content includes multiple scenes of chaos, strict rules, and comedic interactions among students and teachers.

**Step 4: Determine if the thumbnail accurately represents the video's main topic or content**
The thumbnail does not accurately represent the broader themes of the video, which include multiple scenes of chaos, strict rules, and comedic interactions. It focuses on a single, dramatic moment that may not reflect the overall tone or content of the video.

**Step 5: Assess whether the thumbnail uses exaggeration, false promises, or clickbait tactics**
The thumbnail uses a dramatic image to attract viewers, but it does not promise or exaggerate the content of the video. Instead, it sets a tone that aligns with the chaotic and humorous nature of the video.

**Step 6: Categorize the thumbnail as either ""Misleading"" or ""Not Misleading""**
Based on the analysis, the thumbnail is **not misleading** because it does not promise or exaggerate the content of the video. It sets a tone that aligns with the chaotic and humorous nature of the video, which is evident from the video content itself.

**Explanation:**
The thumbnail accurately reflects the chaotic and confrontational nature of the video, which is a significant part of the school setting depicted in the video. While it does not capture every aspect of the video, it effectively conveys the tone and mood of the scenes shown in the video. Therefore, it does not mislead viewers into expecting a different type of content than what is actually presented."
87acdtXVXv4,"### Analysis of the Provided Information

#### Step 1: Examine the Thumbnail
The thumbnail features a soccer player in a Paris Saint-Germain (PSG) jersey alongside an image of a bear. The text accompanying the image suggests a humorous or surprising element involving a bear on the soccer field.

#### Step 2: Read Through the Video Subtitles and Content Description
The video content includes various soccer-related scenes, including professional matches, practice sessions, and humorous moments. However, the thumbnail specifically highlights a scene where a bear is on the soccer field, which is not mentioned in the video description.

#### Step 3: Compare the Thumbnail to the Actual Video Content
The thumbnail prominently features a bear, which is not depicted in any of the scenes described in the video content. The video does include a scene with a bear, but it is not the central focus of the thumbnail.

#### Step 4: Determine if the Thumbnail Accurately Represents the Video's Main Topic or Content
The thumbnail misrepresents the video's main content by suggesting that the bear is a significant element of the video, which it is not. The bear appears as a minor detail in one of the scenes, but the thumbnail makes it appear as the primary focus.

#### Step 5: Assess Whether the Thumbnail Uses Exaggeration, False Promises, or Clickbait Tactics
The thumbnail uses clickbait tactics by promising a humorous or surprising element involving a bear on the soccer field, which is not the case in the actual video content.

#### Step 6: Categorize the Thumbnail
Based on the analysis, the thumbnail is misleading.

#### Step 7: Provide a Brief Explanation for the Decision
The thumbnail exaggerates the presence of a bear on the soccer field, which is not a significant or recurring element in the video content. It uses clickbait tactics to attract viewers by suggesting that the bear is a major highlight, which it is not. Therefore, the thumbnail is misleading.

### Final Categorization: Misleading"
Dpc4-UBCUP4,"### Analysis:

**Step 1: Examine the thumbnail**
The thumbnail depicts a scene with multiple individuals climbing trees, which appears to be a dramatic and unusual event. However, the context provided in the video description does not suggest any connection between the thumbnail and the actual content of the video clips shown.

**Step 2: Read through the video subtitles and content description**
The subtitles and video description do not mention anything related to people climbing trees. Instead, the video compilation showcases a variety of dramatic and unusual events, including natural phenomena, human activities, and unexpected scenarios.

**Step 3: Compare the thumbnail to the actual video content**
The thumbnail shows a scene that is completely unrelated to the content described in the video. The thumbnail suggests a specific event (people climbing trees) that is not depicted in the video clips.

**Step 4: Determine if the thumbnail accurately represents the video's main topic or content**
The thumbnail does not accurately represent the video's main topic or content. It misleads viewers by suggesting a specific event that is not present in the video.

**Step 5: Assess whether the thumbnail uses exaggeration, false promises, or clickbait tactics**
The thumbnail uses clickbait tactics by promising a specific event (people climbing trees) that is not depicted in the video. It exaggerates the content by suggesting a dramatic and unusual event that is not actually shown.

**Step 6: Categorize the thumbnail as either ""Misleading"" or ""Not Misleading""**
Based on the analysis, the thumbnail is **Misleading**.

**Explanation:**
The thumbnail misleads viewers by suggesting a specific event (people climbing trees) that is not depicted in the video. It uses clickbait tactics to attract viewers by promising a dramatic and unusual event that is not actually shown. Therefore, the thumbnail is misleading."
riJTgStqyw0,"Categorization: Not Misleading

Explanation: The thumbnail does not provide any specific details about the content of the video. Since the subtitles are not available, it is impossible to determine if the thumbnail accurately represents the video's main topic or content. Without additional information, the thumbnail cannot be assessed for misleading elements such as exaggeration, false promises, or clickbait tactics. Therefore, based on the available information, the thumbnail should be categorized as ""Not Misleading."""
8YEF4Q3GNMw,"### Analysis:

#### Step 1: Examine the thumbnail
The thumbnail shows a person carrying a large refrigerator. The image suggests a heavy lifting task, which aligns with the theme of physical feats and strength demonstrated in the video.

#### Step 2: Read through the video subtitles and content description
The subtitles and video description highlight a variety of impressive physical feats, stunts, and skills performed by individuals in different settings. The content includes demonstrations of strength, balance, and agility, but does not specifically focus on lifting heavy objects like refrigerators.

#### Step 3: Compare the thumbnail to the actual video content
The thumbnail depicts a person carrying a refrigerator, which is a specific and somewhat exaggerated feat. However, the video content covers a wide range of physical skills and stunts, including but not limited to lifting, balancing, and performing acrobatics.

#### Step 4: Determine if the thumbnail accurately represents the video's main topic or content
While the thumbnail does represent a physical feat (lifting a refrigerator), it does not accurately reflect the full scope of the video content. The video showcases a variety of skills beyond just lifting heavy objects.

#### Step 5: Assess whether the thumbnail uses exaggeration, false promises, or clickbait tactics
The thumbnail uses exaggeration by suggesting that the video focuses solely on lifting a refrigerator, which is not the case. It also creates a misleading expectation by implying that the video is primarily about lifting heavy objects when it covers a broader range of physical skills.

#### Step 6: Categorize the thumbnail as either ""Misleading"" or ""Not Misleading""
Based on the analysis, the thumbnail is misleading.

#### Step 7: Provide a brief explanation for the decision
The thumbnail exaggerates the content of the video by focusing on a single, specific feat (lifting a refrigerator) while the video actually showcases a variety of impressive physical skills and stunts. This creates a misleading expectation for the viewer, leading them to believe that the video is primarily about lifting heavy objects when it covers a much broader range of physical abilities."
EtLG1gH5P14,"### Analysis of the Provided Information

#### Step 1: Examine the Thumbnail
The thumbnail for the video is not explicitly described in the provided information. However, based on the video description, the thumbnail likely shows a compilation of various short TikTok clips, as the video itself is a collection of diverse scenes typical of TikTok content.

#### Step 2: Read Through the Video Subtitles and Content Description
The subtitles and content description indicate that the video is a compilation of short clips featuring various humorous and light-hearted scenarios. These include playful interactions, unexpected situations, and everyday mishaps. The tone is generally comedic and lighthearted, with no indication of any specific misleading elements.

#### Step 3: Compare the Thumbnail to the Actual Video Content
Since the thumbnail is not explicitly described, we cannot directly compare it to the video content. However, based on the video description, the thumbnail should ideally reflect the diverse and varied nature of the TikTok clips included in the video.

#### Step 4: Determine if the Thumbnail Accurately Represents the Video's Main Topic or Content
Given that the video is a compilation of short TikTok clips, the thumbnail should aim to represent the essence of the content, which includes humor, everyday situations, and light-hearted interactions. If the thumbnail accurately reflects these elements, it would be considered appropriate.

#### Step 5: Assess Whether the Thumbnail Uses Exaggeration, False Promises, or Clickbait Tactics
There is no indication in the provided information that the thumbnail uses any form of exaggeration, false promises, or clickbait tactics. The content is described as a compilation of short, humorous clips without any misleading elements.

#### Step 6: Categorize the Thumbnail as Either ""Misleading"" or ""Not Misleading""
Based on the analysis, the thumbnail should accurately represent the video content as a compilation of short TikTok clips featuring various humorous and light-hearted scenarios.

#### Step 7: Provide a Brief Explanation for Your Decision
The thumbnail should reflect the diverse and varied nature of the TikTok clips included in the video. Since the video is a compilation of short, humorous clips, the thumbnail should ideally capture the essence of the content without any misleading elements. Therefore, the thumbnail is **Not Misleading**.

### Final Answer
Categorization: **Not Misleading**

Explanation: The thumbnail should accurately represent the video content as a compilation of short TikTok clips featuring various humorous and light-hearted scenarios. There are no misleading elements present in the thumbnail."
g1Elknq92tc,"### Analysis of the Provided Information

#### Step 1: Examine the Thumbnail
The thumbnail features three individuals:
- Two individuals appear to be in a discussion or interview setting.
- A third individual is shown in a circular frame, seemingly reacting to the conversation.

#### Step 2: Read Through the Video Subtitles and Content Description
The subtitles and content description indicate that the video is a compilation of various scenes related to soccer, particularly focusing on Real Madrid and its players. The video includes interviews, training sessions, and behind-the-scenes moments, providing a multifaceted view of the soccer world.

#### Step 3: Compare the Thumbnail to the Actual Video Content
The thumbnail does not directly represent the content described in the video. It seems to focus on a discussion or interview scenario involving the two individuals, rather than the diverse range of soccer-related scenes mentioned in the video description.

#### Step 4: Determine if the Thumbnail Accurately Represents the Video's Main Topic or Content
The thumbnail does not accurately represent the video's main topic or content. It suggests a more focused discussion or interview, whereas the video contains a wide array of scenes including interviews, training sessions, and behind-the-scenes moments.

#### Step 5: Assess Whether the Thumbnail Uses Exaggeration, False Promises, or Clickbait Tactics
The thumbnail does not use exaggerated claims or false promises. However, it misleads viewers by suggesting a more focused discussion when the video actually contains a broader range of content.

#### Step 6: Categorize the Thumbnail as Either ""Misleading"" or ""Not Misleading""
Based on the analysis, the thumbnail is **misleading**.

#### Step 7: Provide a Brief Explanation for the Decision
The thumbnail inaccurately represents the video's content by suggesting a more focused discussion or interview when the video actually contains a wide array of scenes related to soccer, particularly focusing on Real Madrid and its players. This misleads viewers into expecting a different type of content than what is actually presented in the video."
jXI8hC134KA,"### Analysis of the Provided Information

#### Step 1: Examine the Thumbnail
The thumbnail shows a small kitten standing on its hind legs, appearing to ""dance"" or gesture with its front paws. There is a gun pointed at the kitten, and a laughing emoji is present in the image.

#### Step 2: Read Through the Video Subtitles and Content Description
The subtitles and video content description indicate that the video is a compilation of various scenes featuring pets, primarily cats and dogs, in different domestic settings. The scenes include playful interactions, humorous situations, and heartwarming moments involving cats and dogs.

#### Step 3: Compare the Thumbnail to the Actual Video Content
The thumbnail depicts a kitten in a humorous and exaggerated pose, which aligns with the playful and humorous nature of the video content. However, the presence of the gun and the laughing emoji introduces elements that are not typical of the video's content.

#### Step 4: Determine if the Thumbnail Accurately Represents the Video's Main Topic or Content
While the thumbnail captures the playful and humorous essence of the video, the addition of the gun and the laughing emoji introduces elements that are not representative of the actual content. The gun and laughing emoji suggest a potentially dangerous or comedic scenario that is not depicted in the video.

#### Step 5: Assess Whether the Thumbnail Uses Exaggeration, False Promises, or Clickbait Tactics
The thumbnail uses exaggerated imagery (a kitten in a dramatic pose) and introduces elements (gun, laughing emoji) that are not part of the actual video content. This suggests the use of clickbait tactics to attract viewers.

#### Step 6: Categorize the Thumbnail
Based on the analysis, the thumbnail is misleading.

#### Step 7: Provide a Brief Explanation for the Decision
The thumbnail introduces elements (gun, laughing emoji) that are not part of the actual video content, suggesting a potentially dangerous or comedic scenario that is not depicted in the video. While the thumbnail captures the playful and humorous essence of the video, the exaggerated and misleading elements make it misleading overall."
G6K1krqHoHk,"Categorization: Not Misleading

Explanation: The thumbnail depicts a close-up of a screw being glued, which aligns well with the video content described. The video appears to showcase various DIY and crafting scenes, including hands-on work with tools and materials. The thumbnail accurately represents the type of content the video contains, focusing on practical, hands-on activities rather than exaggerated or misleading claims. Therefore, the thumbnail does not use any clickbait tactics or exaggerate the content, making it ""Not Misleading."""
2ugEoSaSmYE,"### Analysis:

**Step 1: Examine the thumbnail**
The thumbnail shows a person partially submerged in water, with a microphone held towards them. There is no visible text or additional imagery that suggests the context or theme of the video.

**Step 2: Read through the video subtitles and content description**
The subtitles and video description do not mention anything related to a person being submerged in water or any interaction involving a microphone. Instead, the video appears to be a compilation of humorous and unexpected situations from everyday life and social media.

**Step 3: Compare the thumbnail to the actual video content**
The thumbnail does not match the content described in the video. The thumbnail suggests a scenario involving a person being interviewed while submerged in water, which is not depicted in the video content.

**Step 4: Determine if the thumbnail accurately represents the video's main topic or content**
The thumbnail does not accurately represent the video's content. It misleads viewers by suggesting a scenario that is entirely unrelated to the actual video.

**Step 5: Assess whether the thumbnail uses exaggeration, false promises, or clickbait tactics**
The thumbnail uses clickbait tactics by suggesting a dramatic and unusual scenario (a person being interviewed while submerged in water) that is not present in the actual video content.

**Step 6: Categorize the thumbnail**
The thumbnail is **Misleading**.

**Step 7: Provide a brief explanation for the decision**
The thumbnail inaccurately represents the video's content by suggesting a scenario involving a person being interviewed while submerged in water, which is not depicted in the actual video. This creates a misleading impression that attracts viewers without providing relevant information about the video's actual content."
bJDp_ZVQcRo,"### Analysis of the Provided Information

#### Step 1: Examine the Thumbnail
The thumbnail shows a soccer match with players in action, specifically highlighting a player in a red jersey being touched by a player in a blue jersey. The text overlay includes the scoreline ""AJX 4-3 BAY"" and the phrase ""Para de chorar!"" which translates to ""Stop crying!"" in English.

#### Step 2: Read Through the Video Subtitles and Content Description
The subtitles and content description focus on various soccer-related moments, including celebrations, training sessions, and interactions between players and officials. The video does not explicitly mention any player being ""cried upon"" or any scenario involving a player being consoled or scolded.

#### Step 3: Compare the Thumbnail to the Actual Video Content
The thumbnail depicts a moment where a player in a red jersey appears to be receiving some form of interaction from a player in a blue jersey, which could be interpreted as a gesture of comfort or encouragement. However, the video content does not provide context suggesting that this interaction is meant to console or comfort the player in the red jersey.

#### Step 4: Determine if the Thumbnail Accurately Represents the Video's Main Topic or Content
The thumbnail suggests a specific interaction that is not clearly depicted in the video content. The video focuses on various soccer-related scenes without any clear indication of a player being consoled or scolded.

#### Step 5: Assess Whether the Thumbnail Uses Exaggeration, False Promises, or Clickbait Tactics
The thumbnail uses a specific interaction that is not clearly represented in the video content. This could be considered misleading as it suggests a particular scenario that is not evident in the video.

#### Step 6: Categorize the Thumbnail
Based on the analysis, the thumbnail is misleading.

#### Step 7: Provide a Brief Explanation for the Decision
The thumbnail suggests a specific interaction (a player being consoled or scolded) that is not clearly depicted in the video content. While the video does show various soccer-related moments, it does not provide context for the interaction highlighted in the thumbnail. Therefore, the thumbnail uses exaggerated imagery to attract viewers, which makes it misleading."
bwTR0YuO1S8,"### Analysis of the Provided Information

#### Step 1: Examine the Thumbnail
The thumbnail shows a person in a large, exaggerated body, performing a dynamic pose against a backdrop of a building. The person is wearing a shirt with the text ""1130"" and ""Super Size"" printed on it, suggesting a humorous or exaggerated theme related to size or weight.

#### Step 2: Read Through the Video Subtitles and Content Description
The video subtitles indicate that the video is a compilation of short clips from various sources, likely TikTok, featuring a mix of unrelated and humorous content. The content description confirms that the video is a collection of random, short-form video clips without a specific theme or narrative.

#### Step 3: Compare the Thumbnail to the Actual Video Content
The thumbnail depicts a person in an exaggerated, humorous pose, which aligns with the comedic and lighthearted nature of the video content described in the subtitles and video description. However, the thumbnail does not provide any indication of the specific content or themes within the video clips themselves.

#### Step 4: Determine if the Thumbnail Accurately Represents the Video's Main Topic or Content
The thumbnail accurately represents the general theme of humor and exaggeration, which is consistent with the content described in the subtitles and video description. It suggests that the video will contain humorous and exaggerated content, which matches the overall tone of the video clips shown.

#### Step 5: Assess Whether the Thumbnail Uses Exaggeration, False Promises, or Clickbait Tactics
The thumbnail uses exaggeration by depicting a person in an extremely large and exaggerated body, which is a common trope in humorous content. However, the thumbnail does not promise or imply that the entire video will be filled with such exaggerated content; it merely sets the tone for the video.

#### Step 6: Categorize the Thumbnail as Either ""Misleading"" or ""Not Misleading""
Given that the thumbnail accurately represents the general theme of humor and exaggeration, and does not promise or imply that the entire video will be filled with such exaggerated content, the thumbnail is **Not Misleading**.

#### Step 7: Provide a Brief Explanation for the Decision
The thumbnail accurately reflects the humorous and exaggerated nature of the video content, which is consistent with the overall theme described in the subtitles and video description. While it uses exaggeration, it does not mislead viewers about the specific content or themes within the video clips. Therefore, it is categorized as **Not Misleading**."
dXmWjV1eAXQ,"### Analysis of the Provided Information

#### Step 1: Examine the Thumbnail
The thumbnail features a person with a bloody hand, a knife, and a doll labeled ""BANNED."" The image is highly graphic and suggestive of violence or horror.

#### Step 2: Read Through the Video Subtitles and Content Description
The subtitles describe a series of videos involving various toys and objects that were banned due to safety concerns or other reasons. The video content includes scenes with a doll that chews fingers and hair, a water rocket launcher, a slide that causes injuries, and other items that were banned for safety reasons.

#### Step 3: Compare the Thumbnail to the Actual Video Content
The thumbnail depicts a scene that is highly exaggerated and potentially misleading. It shows a person with a bloody hand and a knife, which is not directly related to the content described in the subtitles. The thumbnail suggests a violent or gory theme, which is not aligned with the actual video content that focuses on banned toys and their safety issues.

#### Step 4: Determine if the Thumbnail Accurately Represents the Video's Main Topic or Content
The thumbnail does not accurately represent the video's main topic or content. While the video does involve banned toys, the thumbnail's depiction of violence and gore is not representative of the actual content.

#### Step 5: Assess Whether the Thumbnail Uses Exaggeration, False Promises, or Clickbait Tactics
The thumbnail uses exaggerated imagery (bloody hand, knife) to attract viewers, which is a form of clickbait. It does not accurately reflect the content of the video, which is focused on the safety issues of banned toys rather than depicting violence.

#### Step 6: Categorize the Thumbnail
Based on the analysis, the thumbnail is misleading.

#### Step 7: Provide a Brief Explanation for the Decision
The thumbnail uses exaggerated imagery to attract viewers, which is not representative of the actual content of the video. The video is about banned toys and their safety issues, but the thumbnail suggests a violent or gory theme, which is misleading and does not align with the actual content. Therefore, the thumbnail is categorized as ""Misleading."""
7M3SgJhNlyo,"### Analysis of the Provided Information

#### Step 1: Examine the Thumbnail
The thumbnail features a glamorous image of a woman in a white dress, standing beside a luxurious mansion with a swimming pool and palm trees in the background. The image suggests a focus on luxury and celebrity lifestyle.

#### Step 2: Read Through the Video Subtitles and Content Description
The subtitles and video description provide a comprehensive overview of Angelina Jolie's life, career, and personal wealth. It highlights her success as a Hollywood actress, her luxurious lifestyle, and her ownership of various high-end properties and vehicles.

#### Step 3: Compare the Thumbnail to the Actual Video Content
The thumbnail effectively captures the essence of the video content, which revolves around showcasing Angelina Jolie's luxurious lifestyle, including her mansion, cars, and other possessions.

#### Step 4: Determine if the Thumbnail Accurately Represents the Video's Main Topic or Content
The thumbnail accurately represents the main topic of the video, which is to showcase Angelina Jolie's luxurious lifestyle and her wealth.

#### Step 5: Assess Whether the Thumbnail Uses Exaggeration, False Promises, or Clickbait Tactics
There is no indication of exaggeration, false promises, or clickbait tactics in the thumbnail. It simply presents a visually appealing image that aligns with the content described in the video.

#### Step 6: Categorize the Thumbnail
Based on the analysis, the thumbnail is **Not Misleading**.

#### Explanation:
The thumbnail accurately reflects the content of the video, which is focused on showcasing Angelina Jolie's luxurious lifestyle and wealth. There are no misleading elements or exaggerated claims in the thumbnail that do not match the actual video content. The image effectively sets the tone for the viewer, indicating that the video will delve into the opulent aspects of the actress's life."
8RmzZgU-cyw,"### Analysis of the Provided Information

#### Step 1: Examine the Thumbnail
The thumbnail shows a soccer player lying on the ground, seemingly injured, with a red arrow pointing to a pink heart symbol near the player's leg. The image suggests a dramatic and emotional moment, likely related to a soccer injury or celebration.

#### Step 2: Read Through the Video Subtitles and Content Description
The subtitles indicate that the video is a compilation of various soccer moments, including interviews, celebrations, and behind-the-scenes footage. The content description mentions a mix of on-field action, player interviews, and behind-the-scenes moments, capturing the emotional and physical aspects of soccer.

#### Step 3: Compare the Thumbnail to the Actual Video Content
The thumbnail depicts a dramatic moment involving a player on the ground, which aligns with the content described in the video description. However, the thumbnail does not explicitly mention the word ""injury"" or ""celebration,"" which are key elements discussed in the subtitles and content description.

#### Step 4: Determine if the Thumbnail Accurately Represents the Video's Main Topic or Content
While the thumbnail captures a significant moment (a player on the ground), it does not clearly convey the variety of content mentioned in the video description. The thumbnail focuses on a single dramatic moment, which might mislead viewers into expecting a video entirely centered around this specific event.

#### Step 5: Assess Whether the Thumbnail Uses Exaggeration, False Promises, or Clickbait Tactics
The thumbnail does not use exaggerated language or false promises. Instead, it presents a dramatic and emotionally charged image that could be misleading because it does not fully represent the diverse content of the video.

#### Step 6: Categorize the Thumbnail
Based on the analysis, the thumbnail is **misleading** because it focuses on a single dramatic moment without providing context about the variety of content in the video.

#### Step 7: Provide a Brief Explanation for the Decision
The thumbnail effectively captures a dramatic moment but fails to convey the full range of content in the video. It may lead viewers to expect a video primarily focused on this specific event, which is not the case. Therefore, the thumbnail is misleading."
BVOb8SDQhG8,"### Analysis:

1. **Examine the thumbnail**: The thumbnail features two images side by side. On the left, there is a highly exaggerated and distorted image of a person's head with an open mouth, appearing to scream or shout. On the right, there is a person performing a handstand with split legs indoors.

2. **Read through the video subtitles and content description**: The subtitles and video content seem to focus on showcasing various impressive feats and skills performed by individuals in different settings. The content includes a mix of athletic displays, strength demonstrations, and other entertaining activities.

3. **Compare the thumbnail to the actual video content**: The thumbnail does not accurately represent the video's main topics or content. It features a highly exaggerated image that does not match the diverse range of activities shown in the video.

4. **Determine if the thumbnail accurately represents the video's main topic or content**: The thumbnail does not reflect the actual content of the video, which is a compilation of various impressive feats and skills.

5. **Assess whether the thumbnail uses exaggeration, false promises, or clickbait tactics**: The thumbnail uses exaggeration by featuring a highly distorted and unrealistic image that does not align with the actual content of the video.

6. **Categorize the thumbnail as either ""Misleading"" or ""Not Misleading""**: Based on the analysis, the thumbnail is misleading.

7. **Provide a brief explanation for your decision**: The thumbnail uses an exaggerated and unrealistic image that does not accurately represent the diverse range of activities showcased in the video. This creates a misleading impression that may not align with the viewer's expectations, potentially leading to disappointment upon watching the video.

### Conclusion:
**Categorization: Misleading**

**Explanation:** The thumbnail uses exaggeration by featuring a highly distorted and unrealistic image that does not accurately represent the actual content of the video, which is a compilation of various impressive feats and skills."
2dnEJXQYYJw,"### Analysis of the YouTube Video Thumbnail

#### Step 1: Examine the Thumbnail
The thumbnail features two individuals, one appearing to be a sports commentator or journalist, and the other a soccer player. The text on the thumbnail includes phrases like ""MUNDO CHOCADO!!"" (World Shocked!!) and ""NINGUÉM ESPERAVA ISSO!"" (No One Expected This!). The soccer player is depicted with a surprised expression, and the commentator looks serious.

#### Step 2: Read Through the Video Subtitles and Content Description
The subtitles discuss various soccer transfers and news, including:
- Flamengo receiving an offer for Pedro from North Forest.
- Flamengo refusing the offer due to a price disagreement.
- Neymar staying with Palmeiras.
- Potential transfers involving players like Gabigol, João Cancelo, and Memphis Depay.
- Rumors about Cristiano Ronaldo retiring soon.

#### Step 3: Compare the Thumbnail to the Actual Video Content
The thumbnail suggests a significant shock or surprise related to a major soccer transfer or event. However, the video content primarily focuses on various soccer transfers and news updates, which are not necessarily shocking or surprising to those familiar with the sport.

#### Step 4: Determine if the Thumbnail Accurately Represents the Video's Main Topic or Content
The thumbnail implies a major revelation or shock, which is not explicitly mentioned in the video content. The video provides detailed information about various transfers and news items, but does not emphasize a single, major shock or surprise.

#### Step 5: Assess Whether the Thumbnail Uses Exaggeration, False Promises, or Clickbait Tactics
The thumbnail uses exaggerated language (""MUNDO CHOCADO!!"") and a surprised expression to create a sense of shock or surprise. While the video content does include various transfers and news items, it does not necessarily convey a single, major shock or surprise.

#### Step 6: Categorize the Thumbnail as Either ""Misleading"" or ""Not Misleading""
Based on the analysis, the thumbnail is misleading because it suggests a major shock or surprise that is not explicitly conveyed in the video content. The thumbnail uses exaggerated language and imagery to attract viewers, which is not accurate representation of the video's main topic or content.

#### Step 7: Provide a Brief Explanation for the Decision
The thumbnail uses exaggerated language and imagery to suggest a major shock or surprise, which is not accurately represented in the video content. The video primarily focuses on various soccer transfers and news items, but does not emphasize a single, major shock or surprise. Therefore, the thumbnail is misleading."
iGQjn_cDBdA,"### Analysis:

1. **Examine the thumbnail**: The thumbnail shows a large cylindrical object being painted by workers in protective gear. It suggests a focus on industrial or large-scale manufacturing work.

2. **Read the subtitles and video content**: The subtitles mention topics such as craftsmanship, DIY projects, restoration, and various techniques used in different fields like automotive, food preparation, artistic projects, and home improvement. The video content indeed showcases a wide variety of these activities.

3. **Compare the thumbnail to the actual video content**: The thumbnail depicts a single scene involving large-scale industrial work, while the video content covers multiple scenes demonstrating various crafts and techniques.

4. **Determine if the thumbnail accurately represents the video's main topic or content**: The thumbnail does not accurately represent the diverse range of activities shown in the video. It gives the impression of a single, large-scale industrial project, whereas the video actually features a multitude of smaller, varied projects.

5. **Assess whether the thumbnail uses exaggeration, false promises, or clickbait tactics**: The thumbnail does not use exaggerated claims or false promises. However, it does not accurately reflect the content of the video, which could mislead viewers into expecting a single type of activity rather than the diverse range of crafts and techniques demonstrated.

6. **Categorize the thumbnail**: Based on the analysis, the thumbnail is misleading because it does not accurately represent the diverse range of activities showcased in the video.

7. **Explanation**: The thumbnail suggests a focus on large-scale industrial work, which is not the primary theme of the video. The video content is a compilation of various DIY, crafting, and restoration projects, each demonstrating different skills and techniques. Therefore, the thumbnail is misleading as it fails to convey the true nature and breadth of the video's content.

**Categorization**: Misleading

**Explanation**: The thumbnail inaccurately represents the video's content by suggesting a single, large-scale industrial project when the video actually features a wide variety of crafts and techniques."
R-B7QleMbiY,"### Analysis of the YouTube Video Thumbnail

#### Step 1: Examine the Thumbnail
The thumbnail features a young man wearing an oxygen mask, which suggests a medical or health-related context. There is also an emoji of a brain with a light bulb, indicating a focus on health, learning, or cognitive function.

#### Step 2: Read Through the Video Subtitles and Content Description
The subtitles and video content appear to be about Cristiano Ronaldo Jr., discussing his fitness, training, and development as a young soccer player. The video seems to highlight his physical condition, training routines, and the influence of his father, Cristiano Ronaldo Sr.

#### Step 3: Compare the Thumbnail to the Actual Video Content
The thumbnail depicts a young man with an oxygen mask, which is not directly related to the content of the video. The video content focuses on Cristiano Ronaldo Jr.'s fitness, training, and development, which is unrelated to the image of a person with an oxygen mask.

#### Step 4: Determine if the Thumbnail Accurately Represents the Video's Main Topic or Content
The thumbnail does not accurately represent the video's main topic or content. It suggests a medical or health-related theme, which is not the primary focus of the video.

#### Step 5: Assess Whether the Thumbnail Uses Exaggeration, False Promises, or Clickbait Tactics
The thumbnail uses exaggerated imagery (oxygen mask) that does not align with the actual content of the video. This creates a misleading impression.

#### Step 6: Categorize the Thumbnail as Either ""Misleading"" or ""Not Misleading""
The thumbnail is **Misleading**.

#### Step 7: Provide a Brief Explanation for Your Decision
The thumbnail uses an oxygen mask, which is not relevant to the video's content about Cristiano Ronaldo Jr.'s fitness and training. This creates a misleading impression that the video is about a medical or health issue, when it is actually about the young player's physical condition and development."
TQHEJj68Jew,"### Analysis:

**Thumbnail:** The thumbnail depicts two individuals in a confrontational situation, with one person appearing to be restrained or subdued by the other. The background includes a car, suggesting a chase or escape scenario.

**Subtitles:** The subtitles indicate a bounty hunter scenario where the protagonist is being chased by bounty hunters offering $100,000 for his capture. The text suggests a high-stakes chase involving a car, a hidden location, and a race against time.

**Video Content:** The video appears to be a compilation of scenes from a challenge or adventure video, featuring various locations such as a dock, a building complex, a car dealership, a warehouse, and a football field. The narrative involves a chase, a race to a destination, and interactions with different characters, including bounty hunters and a mysterious figure named Jimmy.

### Comparison:

- **Thumbnail vs. Subtitles:** The thumbnail aligns closely with the subtitles, depicting a chase scenario involving bounty hunters and a high-stakes reward. The thumbnail effectively captures the essence of the chase depicted in the subtitles.
  
- **Thumbnail vs. Video Content:** While the thumbnail shows a chase scenario, the video content includes a variety of scenes that do not necessarily revolve around a single chase. The video features multiple locations and interactions, which are not explicitly highlighted in the thumbnail.

### Misleading Assessment:

The thumbnail accurately represents the chase scenario mentioned in the subtitles. However, the video content includes a broader range of scenes and activities beyond just the chase. The thumbnail does not fully capture the diversity of the video's content, which includes various locations and interactions that are not immediately apparent from the thumbnail alone.

### Conclusion:

**Categorization:** Not Misleading

**Explanation:** The thumbnail accurately represents the chase scenario mentioned in the subtitles. Although the video content includes additional scenes and activities, the thumbnail effectively conveys the core theme of the chase depicted in the subtitles. Therefore, the thumbnail does not mislead viewers about the main topic or content of the video."
6iKJZqDSPGc,"### Analysis of the Provided Information

#### Step 1: Examine the Thumbnail
The thumbnail shows a leaf labeled ""Devil's Toilet Paper"" with a person covered in red spots resembling blood. The text ""DEVIL'S TOILET PAPER"" is prominently displayed.

#### Step 2: Read Through the Video Subtitles and Content Description
The subtitles and video description indicate that the video involves purchasing and testing cursed and haunted Amazon products. The products mentioned include a real human face that doubles as toilet paper, a scoped crossbow, a mermaid tail, and a ""world's darkest paint.""

#### Step 3: Compare the Thumbnail to the Actual Video Content
The thumbnail depicts a leaf labeled ""Devil's Toilet Paper,"" which aligns with the product mentioned in the subtitles and video description. However, the image of a person covered in red spots resembles blood, which is not directly related to the product itself but rather seems to be part of a comedic or exaggerated reaction to the product.

#### Step 4: Determine if the Thumbnail Accurately Represents the Video's Main Topic or Content
The thumbnail accurately represents the main topic of the video, which is the purchase and testing of cursed Amazon products. The leaf is indeed a product featured in the video, albeit not the primary focus of the thumbnail.

#### Step 5: Assess Whether the Thumbnail Uses Exaggeration, False Promises, or Clickbait Tactics
The thumbnail does not use exaggerated language or false promises. It accurately represents the product being discussed without any misleading elements.

#### Step 6: Categorize the Thumbnail
Based on the analysis, the thumbnail is **Not Misleading**.

#### Step 7: Provide a Brief Explanation for the Decision
The thumbnail accurately depicts the product ""Devil's Toilet Paper,"" which is a real item purchased and tested in the video. While the image of a person covered in red spots may seem exaggerated, it does not misrepresent the product itself. Therefore, the thumbnail effectively communicates the main topic of the video without misleading viewers."
VTH0XgZ6pto,"### Analysis of the Provided Information

#### Step 1: Examine the Thumbnail
The thumbnail shows two construction workers in a setting that appears to be a construction site with a waterfall of concrete or a similar substance flowing down a ramp. One worker is using a tool, while the other is running away from the flow.

#### Step 2: Read Through the Video Subtitles and Content Description
The subtitles and the video content description suggest a compilation of various work and construction-related scenes. The scenes include different types of manual labor, such as construction, waste management, and home improvements. The video does not explicitly mention a waterfall or a construction site with a concrete flow.

#### Step 3: Compare the Thumbnail to the Actual Video Content
The thumbnail depicts a dramatic and exaggerated scene involving a waterfall of concrete, which is not present in the video content described. The video focuses on various work scenarios without any such dramatic elements.

#### Step 4: Determine if the Thumbnail Accurately Represents the Video's Main Topic or Content
The thumbnail does not accurately represent the video's main topic or content. It suggests a specific scenario (a construction site with a concrete waterfall) that is not depicted in the video.

#### Step 5: Assess Whether the Thumbnail Uses Exaggeration, False Promises, or Clickbait Tactics
The thumbnail uses exaggeration by depicting a dramatic and unrealistic scenario that is not part of the actual video content. This creates a misleading impression.

#### Step 6: Categorize the Thumbnail as Either ""Misleading"" or ""Not Misleading""
The thumbnail is categorized as ""Misleading.""

#### Step 7: Provide a Brief Explanation for Your Decision
The thumbnail exaggerates the content of the video by suggesting a dramatic and unrealistic scenario involving a construction site with a concrete waterfall. This misleads viewers into expecting a specific type of content that is not actually present in the video. Therefore, the thumbnail is misleading."
nzBcpzsxjQM,"### Analysis of the Provided Information

#### Step 1: Examine the Thumbnail
The thumbnail depicts a person performing a high-wire act, balancing on a tightrope between two buildings. The image suggests a focus on extreme physical feats and stunts.

#### Step 2: Read Through the Video Subtitles and Content Description
The subtitles and video description highlight a variety of physical feats, including strength, acrobatics, and unusual activities. The content seems to showcase individuals performing impressive feats of strength and skill in different settings, such as gyms, outdoor locations, and even unusual scenarios like climbing walls or handling objects with extraordinary precision.

#### Step 3: Compare the Thumbnail to the Actual Video Content
The thumbnail shows a person performing a high-wire act, which aligns with the theme of showcasing physical prowess and stunts. However, the video content includes a wide range of activities beyond just high-wire acts, including strength training, martial arts, and other physical challenges.

#### Step 4: Determine if the Thumbnail Accurately Represents the Video's Main Topic or Content
While the thumbnail does represent a physical feat (high-wire act), it does not fully capture the diverse range of activities shown in the video. The video includes many different types of physical activities, not just high-wire acts.

#### Step 5: Assess Whether the Thumbnail Uses Exaggeration, False Promises, or Clickbait Tactics
The thumbnail does not use exaggerated language or false promises. It accurately reflects the type of content shown in the video, which is focused on physical feats and stunts.

#### Step 6: Categorize the Thumbnail as Either ""Misleading"" or ""Not Misleading""
Based on the analysis, the thumbnail is **Not Misleading**.

#### Explanation:
The thumbnail accurately represents the type of content shown in the video, which involves physical feats and stunts. While it may not fully capture the diversity of activities shown in the video, it does not mislead viewers about the nature of the content. The video indeed showcases a variety of physical activities, but the thumbnail effectively conveys the theme of extreme physical performance."
39jpghte1rw,"### Analysis of the Provided Information

#### Step 1: Examine the Thumbnail
The thumbnail shows a basketball player sliding into a base while a referee is nearby. The player's shoe is highlighted with a red circle, suggesting a focus on a specific incident involving the shoe or foot.

#### Step 2: Read Through the Video Subtitles and Content Description
The subtitles and video content describe various controversial moments involving referees in NBA games. The video does not explicitly mention anything about a player sliding into a base or a specific incident involving a shoe.

#### Step 3: Compare the Thumbnail to the Actual Video Content
The thumbnail depicts a scene that is not directly related to the video content. The video focuses on controversial moments involving referees, which are not visually represented in the thumbnail.

#### Step 4: Determine if the Thumbnail Accurately Represents the Video's Main Topic or Content
The thumbnail does not accurately represent the video's main topic or content. It suggests a specific incident (a player sliding into a base) that is not mentioned in the subtitles or described in the video content.

#### Step 5: Assess Whether the Thumbnail Uses Exaggeration, False Promises, or Clickbait Tactics
The thumbnail uses clickbait tactics by suggesting a specific incident that is not present in the video content. It creates a misleading expectation by focusing on a non-existent event.

#### Step 6: Categorize the Thumbnail as Either ""Misleading"" or ""Not Misleading""
The thumbnail is categorized as ""Misleading.""

#### Step 7: Provide a Brief Explanation for Your Decision
The thumbnail misleads viewers by suggesting a specific incident involving a player sliding into a base, which is not depicted or discussed in the video content. Instead, the video focuses on controversial moments involving referees, which are not visually represented in the thumbnail. This creates a misleading expectation and uses clickbait tactics to attract viewers."
5-Gb15B9uEY,"### Analysis:

1. **Examine the thumbnail**: The thumbnail depicts a soccer field with players in riot gear and smoke billowing over the field. This image suggests a chaotic or violent event, likely involving fans or players reacting to some form of disturbance.

2. **Read the subtitles and video content**: The subtitles and video content do not provide any direct indication of a chaotic or violent event. Instead, they seem to be a compilation of various soccer moments, including matches, goals, and player actions. The subtitles appear to be part of a song or a narrative unrelated to the soccer content.

3. **Compare the thumbnail to the actual video content**: The thumbnail does not accurately represent the video content. It shows a dramatic and potentially misleading image that does not align with the actual soccer moments depicted in the video.

4. **Determine if the thumbnail accurately represents the video's main topic or content**: The thumbnail does not accurately represent the soccer content shown in the video. It suggests a more intense and possibly controversial event than what is actually presented.

5. **Assess whether the thumbnail uses exaggeration, false promises, or clickbait tactics**: The thumbnail uses exaggerated imagery to attract viewers, which is misleading. It creates a sense of drama and conflict that is not present in the actual video content.

6. **Categorize the thumbnail**: Based on the analysis, the thumbnail is misleading.

7. **Explanation**: The thumbnail uses a dramatic image of a soccer field with smoke and riot gear to attract viewers, which is not representative of the actual content. The video is a compilation of soccer moments without any chaotic or violent elements. Therefore, the thumbnail is misleading as it does not accurately reflect the video's content.

### Final Decision:
**Misleading**

**Explanation**: The thumbnail uses exaggerated imagery to attract viewers, suggesting a chaotic or violent event when the actual video content is a compilation of soccer moments without any such elements."
LPi1OxQUTHc,"### Analysis:

1. **Examine the thumbnail**: The thumbnail shows a player in a yellow uniform lying on the grass with a red card being held above them. The speech bubble says ""LOOK ME.""

2. **Read the subtitles and video content**:
   - The subtitles describe various football moments, including matches, training sessions, and goal celebrations.
   - The video content includes clips of different football matches and training sessions, showcasing various aspects of the game.

3. **Compare the thumbnail to the actual video content**:
   - The thumbnail depicts a specific moment involving a player receiving a red card, which is a serious disciplinary action in football.
   - The video content, however, does not focus on a single player receiving a red card; instead, it is a compilation of various football moments.

4. **Determine if the thumbnail accurately represents the video's main topic or content**:
   - The thumbnail suggests a specific incident involving a red card, which is not the primary focus of the video content.
   - The video is a compilation of various football moments, not a focused narrative around a single incident.

5. **Assess whether the thumbnail uses exaggeration, false promises, or clickbait tactics**:
   - The thumbnail uses a dramatic image and a provocative subtitle (""LOOK ME"") to draw attention, which might mislead viewers into expecting a specific incident that is not the main focus of the video.

6. **Categorize the thumbnail**:
   - **Misleading**

7. **Explanation**:
   - The thumbnail exaggerates the content by focusing on a specific incident (a red card) that is not the main theme of the video. It uses a dramatic image and a provocative subtitle to attract viewers, which can be misleading. The video content is a compilation of various football moments without a specific focus on a red card incident.

### Final Decision:
**Misleading**

**Explanation**: The thumbnail exaggerates the content by focusing on a specific incident (a red card) that is not the main theme of the video. It uses a dramatic image and a provocative subtitle to attract viewers, which can be misleading."
gvGRaE1YYvc,"### Analysis of the Provided Information

#### Step 1: Examine the Thumbnail
The thumbnail shows a claw machine game with a red arrow pointing towards a child inside the machine. The child appears to be reaching for a prize.

#### Step 2: Read Through the Video Subtitles and Content Description
The subtitles and video content appear to focus on various scenarios involving children, including playful and chaotic moments. However, the specific part highlighted in the thumbnail seems to be related to a claw machine game where a child is trying to win a prize.

#### Step 3: Compare the Thumbnail to the Actual Video Content
The thumbnail depicts a claw machine game with a child inside, which aligns with the content described in the video. The video content includes various scenes involving children, but the specific part highlighted in the thumbnail is a claw machine game.

#### Step 4: Determine if the Thumbnail Accurately Represents the Video's Main Topic or Content
The thumbnail accurately represents the video content, as it shows a claw machine game with a child inside, which is a part of the video's content.

#### Step 5: Assess Whether the Thumbnail Uses Exaggeration, False Promises, or Clickbait Tactics
The thumbnail does not use any exaggerated claims or false promises. It simply shows a claw machine game with a child inside, which is a realistic depiction of the video content.

#### Step 6: Categorize the Thumbnail
The thumbnail is **Not Misleading**.

#### Step 7: Provide a Brief Explanation for the Decision
The thumbnail accurately represents the video content by showing a claw machine game with a child inside, which is a part of the video's content. There are no exaggerated claims or false promises used in the thumbnail. Therefore, it is not misleading."
fleUyiUmedQ,"### Analysis of the Provided Information

#### Step 1: Examine the Thumbnail
The thumbnail depicts a person standing near a parked car, with a manhole cover visible on the ground. The individual appears to be in a casual setting, possibly a parking lot or a street.

#### Step 2: Read Through the Video Subtitles and Content Description
The video subtitles suggest that the content involves showcasing ""luckiest people"" on the internet, sharing their experiences, and highlighting various fortunate events. The video description outlines a series of short clips featuring different unexpected or surprising moments across various settings, including forests, streets, shopping malls, and more.

#### Step 3: Compare the Thumbnail to the Actual Video Content
The thumbnail shows a person near a parked car, which aligns with the video content as it features various clips involving people in different settings. However, the thumbnail does not specifically highlight the ""luckiest people"" theme mentioned in the subtitles.

#### Step 4: Determine if the Thumbnail Accurately Represents the Video's Main Topic or Content
The thumbnail does not explicitly convey the theme of ""luckiest people"" or the specific content described in the subtitles. It merely shows a person near a car, which is a common element in the video but does not capture the essence of the ""luckiest people"" theme.

#### Step 5: Assess Whether the Thumbnail Uses Exaggeration, False Promises, or Clickbait Tactics
The thumbnail does not use exaggerated claims or false promises. It simply shows a person near a car, which is a neutral depiction without any misleading elements.

#### Step 6: Categorize the Thumbnail as Either ""Misleading"" or ""Not Misleading""
Based on the analysis, the thumbnail is **Not Misleading**.

#### Step 7: Provide a Brief Explanation for Your Decision
The thumbnail accurately represents a scene from the video but does not explicitly convey the theme of ""luckiest people."" It shows a person near a car, which is a common element in the video but does not capture the specific content described in the subtitles. Therefore, it does not mislead viewers about the video's main topic."
2Cejd94HqPY,"### Analysis of the Provided Information

#### Step 1: Examine the Thumbnail
The thumbnail features two basketball players, one with a beard and the other with dreadlocks, with a speech bubble containing the text ""MANDA SUA MULHER ME LIGAR!"" which translates to ""Send your wife to call me!""

#### Step 2: Read Through the Video Subtitles and Content Description
The subtitles and video content describe a series of moments from NBA basketball games and related events, focusing on Stephen Curry's interactions and performances against various opponents. The content does not mention any references to sending wives to call someone.

#### Step 3: Compare the Thumbnail to the Actual Video Content
The thumbnail depicts a scenario involving a humorous or exaggerated interaction between two individuals, which is completely unrelated to the content described in the video. The video focuses on Stephen Curry's performances and interactions during NBA games.

#### Step 4: Determine if the Thumbnail Accurately Represents the Video's Main Topic or Content
The thumbnail does not represent the main topic or content of the video. It introduces a completely different scenario that has no relation to the video's actual content.

#### Step 5: Assess Whether the Thumbnail Uses Exaggeration, False Promises, or Clickbait Tactics
The thumbnail uses clickbait tactics by promising a humorous or exaggerated interaction between two individuals, which is not present in the video content.

#### Step 6: Categorize the Thumbnail as Either ""Misleading"" or ""Not Misleading""
The thumbnail is clearly misleading.

#### Step 7: Provide a Brief Explanation for Your Decision
The thumbnail introduces a scenario involving a humorous or exaggerated interaction between two individuals, which is completely unrelated to the content described in the video. It uses clickbait tactics by promising a humorous or exaggerated interaction that is not present in the video content. Therefore, the thumbnail is misleading.

### Final Categorization: Misleading"
9RhWXPcKBI8,"### Analysis of the Provided Information

#### Step 1: Examine the Thumbnail
The thumbnail depicts two individuals in orange prison uniforms, chained together, sitting against a wall with graffiti that reads ""DAY 70."" The image conveys a sense of confinement and hardship.

#### Step 2: Read Through the Video Subtitles and Content Description
The subtitles and video description indicate a long-term challenge involving two individuals (Billy and Suzy) who must survive in a confined space for 100 days. The video details their daily activities, interactions, and the conditions they endure. The thumbnail does not directly relate to the specific content described in the subtitles and video description.

#### Step 3: Compare the Thumbnail to the Actual Video Content
The thumbnail shows two individuals in prison uniforms, which is not mentioned in the video description. The video describes a challenge involving survival in a confined space, not a prison scenario.

#### Step 4: Determine if the Thumbnail Accurately Represents the Video's Main Topic or Content
The thumbnail does not accurately represent the video's main topic or content. It misleads viewers by suggesting a prison scenario when the video is about a survival challenge in a confined space.

#### Step 5: Assess Whether the Thumbnail Uses Exaggeration, False Promises, or Clickbait Tactics
The thumbnail uses exaggerated imagery (prison uniforms and chains) to attract viewers, which is misleading because the video is about a survival challenge, not a prison scenario.

#### Step 6: Categorize the Thumbnail
Categorization: Misleading

#### Step 7: Provide a Brief Explanation for the Decision
The thumbnail inaccurately represents the video's content by depicting a prison scenario when the video is about a survival challenge in a confined space. It uses exaggerated imagery to attract viewers, which is misleading and does not align with the actual content of the video."
zTXysobLtyc,"### Analysis of the Provided Information

#### Step 1: Examine the Thumbnail
The thumbnail depicts two individuals working with large saws on a large piece of wood. The image suggests a focus on woodworking or carpentry.

#### Step 2: Read Through the Video Subtitles and Content Description
The video content description mentions various craftspeople and workers engaged in different tasks, including woodworking. However, the video itself showcases a wide range of activities beyond woodworking, such as construction, textile work, and agricultural practices.

#### Step 3: Compare the Thumbnail to the Actual Video Content
The thumbnail prominently features woodworking, which is only one of the many activities shown in the video. The video includes scenes from various fields, including construction, agriculture, and manufacturing.

#### Step 4: Determine if the Thumbnail Accurately Represents the Video's Main Topic or Content
The thumbnail does not accurately represent the main topics or content of the video. It focuses on woodworking, while the video covers a broad range of activities.

#### Step 5: Assess Whether the Thumbnail Uses Exaggeration, False Promises, or Clickbait Tactics
The thumbnail does not use exaggeration, false promises, or clickbait tactics. It simply highlights a specific activity (woodworking) that is part of the broader content.

#### Step 6: Categorize the Thumbnail as Either ""Misleading"" or ""Not Misleading""
Based on the analysis, the thumbnail is **Misleading** because it does not accurately represent the diverse range of activities showcased in the video.

#### Step 7: Provide a Brief Explanation for Your Decision
The thumbnail focuses on woodworking, which is only one of the many activities depicted in the video. It does not reflect the overall content, which includes construction, agriculture, and manufacturing. Therefore, it misleads viewers about the main topics covered in the video."
aF3ufeW7zXM,"### Analysis:

**Step 1: Examine the thumbnail**
The thumbnail shows a soccer player receiving a red card from a referee. The image suggests a serious incident involving a player being sent off the field.

**Step 2: Read through the video subtitles and content description**
The subtitles and content description focus on controversial and banned soccer celebrations, specifically those that have led to fines, bans, or other consequences for players. The video highlights incidents where players' celebrations have been deemed disrespectful or inappropriate, leading to severe punishments.

**Step 3: Compare the thumbnail to the actual video content**
The thumbnail depicts a player receiving a red card, which aligns with the content of the video discussing controversial celebrations and their consequences. However, the thumbnail does not explicitly mention the nature of the celebrations or the resulting penalties.

**Step 4: Determine if the thumbnail accurately represents the video's main topic or content**
While the thumbnail shows a player receiving a red card, which is related to the video's content, it does not provide specific details about the controversial celebrations discussed in the subtitles and content description. The thumbnail does not clearly convey the main topic of the video, which is the discussion of banned celebrations and their repercussions.

**Step 5: Assess whether the thumbnail uses exaggeration, false promises, or clickbait tactics**
The thumbnail does not use exaggerated language or false promises. It simply shows a player receiving a red card, which is a common occurrence in soccer matches. However, it does not provide enough context to fully represent the video's content.

**Step 6: Categorize the thumbnail as either ""Misleading"" or ""Not Misleading""**
Given that the thumbnail does not clearly represent the main topic of the video (controversial soccer celebrations and their consequences), it can be considered misleading.

**Step 7: Provide a brief explanation for your decision**
The thumbnail shows a player receiving a red card, which is a common event in soccer matches. However, it does not provide enough context to indicate that the video will discuss controversial celebrations and their penalties. Therefore, the thumbnail is misleading as it does not accurately represent the main topic of the video."
W-7TaAGww5g,"### Analysis:

1. **Examine the thumbnail**: The thumbnail shows a person in waist-deep water with a large shark behind them, seemingly in a dangerous situation.
   
2. **Read the subtitles and video content**: The subtitles and video content describe a compilation of dangerous animal encounters, including close interactions with alligators, snakes, bears, and sharks. The video also includes scenes from movies depicting shark attacks.

3. **Compare the thumbnail to the actual video content**: The thumbnail depicts a person in a dangerous situation with a large shark, which aligns closely with the content described in the video.

4. **Determine if the thumbnail accurately represents the video's main topic or content**: The thumbnail accurately represents the dangerous animal encounters shown in the video.

5. **Assess whether the thumbnail uses exaggeration, false promises, or clickbait tactics**: There is no exaggeration or clickbait tactics used in the thumbnail. It accurately reflects the content of the video.

6. **Categorize the thumbnail**: Based on the analysis, the thumbnail is not misleading.

7. **Explanation**: The thumbnail accurately represents the dangerous animal encounters depicted in the video. It does not use any exaggerated claims or clickbait tactics. Therefore, it is categorized as ""Not Misleading.""

### Final Decision:
**Categorization:** Not Misleading  
**Explanation:** The thumbnail accurately represents the dangerous animal encounters shown in the video without using any exaggerated claims or clickbait tactics."
2nmcEH8UApk,"### Analysis:

1. **Examine the thumbnail**: The thumbnail shows a paint roller being cleaned with a tube of Aqualife paint cleaner. It suggests a DIY home improvement task related to painting or cleaning tools.

2. **Read the subtitles and video content**: The subtitles and video content do not provide any specific details about the thumbnail image. Instead, they seem to be repetitive and include phrases like ""thank you,"" ""foreign,"" and ""foreign"" which do not give any indication of the video's content.

3. **Compare the thumbnail to the actual video content**: The thumbnail depicts a scene where a paint roller is being cleaned with a paint cleaner, which aligns with the theme of home improvement and DIY tasks mentioned in the video description.

4. **Determine if the thumbnail accurately represents the video's main topic or content**: The thumbnail accurately represents the video's main topic, which involves DIY home improvement and repair techniques.

5. **Assess whether the thumbnail uses exaggeration, false promises, or clickbait tactics**: The thumbnail does not use any exaggerated claims or false promises. It simply shows a relevant scene from the video content.

6. **Categorize the thumbnail**: Based on the analysis, the thumbnail is not misleading.

7. **Explanation**: The thumbnail accurately reflects the content of the video, which focuses on various DIY home improvement and repair techniques. It does not use any clickbait elements or exaggerate the content.

**Categorization**: Not Misleading

**Explanation**: The thumbnail accurately represents the video's main topic and content, showing a relevant scene from the video without any misleading elements."
YOAChh0knsM,"Categorization: Not Misleading

Explanation: The thumbnail depicts a razor blade placed on top of a water bottle cap, which does not accurately represent the content of the video. The video appears to be a compilation of various DIY and home improvement tasks, as described in the video description. The thumbnail does not provide any indication of the type of content or tasks shown in the video. Therefore, the thumbnail is not misleading because it does not give any false impression about the video's content."
f-8UeADoYxY,"### Analysis of the Provided Information

#### Step 1: Examine the Thumbnail
The thumbnail shows a person sliding down a water slide, with a red arrow pointing towards the individual. There is no visible text or additional imagery that suggests any specific content or theme beyond the general depiction of a water slide activity.

#### Step 2: Read Through the Video Subtitles and Content Description
The video description mentions a compilation of various TikTok clips showcasing humorous, surprising, and sometimes questionable moments. The subtitles indicate that the video includes clips of people engaging in various activities, some of which might be considered risky or inappropriate.

#### Step 3: Compare the Thumbnail to the Actual Video Content
The thumbnail depicts a person sliding down a water slide, which is a common and relatively safe activity. However, the video content described includes a wide range of activities, many of which are not related to water slides or similar recreational activities.

#### Step 4: Determine if the Thumbnail Accurately Represents the Video's Main Topic or Content
The thumbnail does not accurately represent the diverse and varied content of the video. It suggests a single, specific activity (sliding down a water slide) that is not necessarily indicative of the entire compilation of TikTok clips.

#### Step 5: Assess Whether the Thumbnail Uses Exaggeration, False Promises, or Clickbait Tactics
The thumbnail does not use exaggeration, false promises, or clickbait tactics. It simply shows a person on a water slide, which is a common image associated with water parks and recreational activities.

#### Step 6: Categorize the Thumbnail as Either ""Misleading"" or ""Not Misleading""
Based on the analysis, the thumbnail is **misleading** because it does not accurately represent the diverse and varied content of the video compilation.

#### Step 7: Provide a Brief Explanation for Your Decision
The thumbnail shows a person on a water slide, which is a common and relatively safe activity. However, the video content described includes a wide range of activities, many of which are not related to water slides or similar recreational activities. Therefore, the thumbnail misleads viewers by suggesting a specific activity that is not necessarily representative of the entire compilation."
mvXiTieWQvI,"### Analysis:

1. **Examine the thumbnail**: The thumbnail shows a referee pointing at a player with the text ""NO MAKEUP"" and ""WHY?"".
2. **Read the subtitles and video content**:
   - The subtitles mention a discussion about makeup and why it matters.
   - The video content includes interviews and discussions about women's soccer, including player appearances and interactions.
3. **Compare the thumbnail to the actual video content**:
   - The thumbnail suggests a focus on a specific issue (makeup) within the context of women's soccer.
   - The video content primarily covers various aspects of women's soccer matches, sideline reactions, and off-field content, including interviews and discussions about the sport.
4. **Determine if the thumbnail accurately represents the video's main topic or content**:
   - The thumbnail does not accurately represent the main topics discussed in the video, which include gameplay, player interactions, and media coverage.
5. **Assess whether the thumbnail uses exaggeration, false promises, or clickbait tactics**:
   - The thumbnail uses a provocative statement (""NO MAKEUP"") that is not directly related to the main content of the video.
6. **Categorize the thumbnail**:
   - The thumbnail is misleading because it suggests a specific issue (makeup) that is not the primary focus of the video content.

### Conclusion:
The thumbnail is **misleading** because it uses a provocative statement that is not directly related to the main content of the video. The video primarily covers various aspects of women's soccer matches, sideline reactions, and off-field content, including interviews and discussions about the sport."
4Iui1yDgusI,"### Analysis of the Provided Information

#### Step 1: Examine the Thumbnail
The thumbnail shows two images side by side:
1. On the left, a child is standing in a living room, seemingly engaged in an activity.
2. On the right, a child is strapped into a chair covered in aluminum foil, appearing distressed.

#### Step 2: Read Through the Video Subtitles and Content Description
The subtitles suggest a video about revenge, specifically passive-aggressive revenge. The content description mentions various revenge scenarios, including one involving a water gun and another involving a stolen computer.

#### Step 3: Compare the Thumbnail to the Actual Video Content
The thumbnail depicts a child in distress, which aligns with the theme of revenge and retaliation. However, the content described in the subtitles and video description focuses on passive-aggressive revenge scenarios, such as a water gun prank and a stolen computer incident.

#### Step 4: Determine if the Thumbnail Accurately Represents the Video's Main Topic or Content
The thumbnail does not accurately represent the main topic or content of the video. It suggests a scenario involving a child in distress, which is not explicitly mentioned in the subtitles or the video description.

#### Step 5: Assess Whether the Thumbnail Uses Exaggeration, False Promises, or Clickbait Tactics
The thumbnail uses exaggerated imagery (a child strapped in aluminum foil) to evoke a strong emotional response, which could be misleading. However, the content described in the subtitles and video description does not match the visual cue provided by the thumbnail.

#### Step 6: Categorize the Thumbnail
Based on the analysis, the thumbnail is misleading because it does not accurately represent the content of the video.

#### Step 7: Provide a Brief Explanation for the Decision
The thumbnail uses a dramatic image of a child in distress to attract viewers, but the video content focuses on passive-aggressive revenge scenarios. This mismatch between the thumbnail and the video content makes the thumbnail misleading."
unQWa4i14rg,"Categorization: Not Misleading

Explanation: The thumbnail shows an image of an eye with two pupils and the TikTok logo, along with the text ""EXTRA PUPILS?!"" The video content, however, does not appear to focus on the anatomical feature of extra pupils but rather covers a wide range of health, anatomy, and social media-related topics. The thumbnail may be misleading because it suggests a specific focus on a single topic (extra pupils) when the video content is more diverse. However, since the thumbnail does not explicitly promise or suggest that the entire video will be about extra pupils, and the video content does not seem to be centered around this topic, the thumbnail can be considered not misleading."
pBnvzeFhfX8,"### Analysis of the YouTube Video Thumbnail

#### Step 1: Examine the Thumbnail
The thumbnail shows two individuals wearing yellow sports jerseys, with one labeled ""SEU MOLEQUE"" (which translates to ""YOUR SON"" in English). The image suggests a confrontation or a significant interaction between the two figures.

#### Step 2: Read Through the Video Subtitles and Content Description
The subtitles indicate that the video focuses on Cristiano Ronaldo getting angry with his son, Cristiano Júnior. The content description mentions various scenes related to the career and interactions of a famous soccer player with young players, including a touching moment where a player in a white shirt shakes hands with players in yellow uniforms, one of whom is using crutches.

#### Step 3: Compare the Thumbnail to the Actual Video Content
The thumbnail depicts a confrontational scenario involving a famous soccer player and his son, which aligns with the subtitle mentioning Cristiano Ronaldo getting angry with his son. However, the video content does not primarily focus on a confrontation but rather showcases various interactions and moments of mentorship and youth development in soccer.

#### Step 4: Determine if the Thumbnail Accurately Represents the Video's Main Topic or Content
The thumbnail accurately represents a significant interaction between a famous soccer player and his son, which is mentioned in the subtitles. However, the video content is more about mentorship and youth development rather than a confrontation.

#### Step 5: Assess Whether the Thumbnail Uses Exaggeration, False Promises, or Clickbait Tactics
The thumbnail does not use exaggerated language or false promises. It accurately reflects the content described in the subtitles, which mention a confrontation between Cristiano Ronaldo and his son.

#### Step 6: Categorize the Thumbnail
Based on the analysis, the thumbnail is not misleading because it accurately represents the content described in the subtitles. The thumbnail does not use clickbait tactics or exaggerate the content.

#### Step 7: Provide a Brief Explanation for the Decision
The thumbnail accurately depicts a significant interaction between a famous soccer player and his son, which is mentioned in the subtitles. While the video content is more about mentorship and youth development, the thumbnail correctly represents the main topic discussed in the subtitles.

**Categorization: Not Misleading**

**Explanation:** The thumbnail accurately represents the content described in the subtitles, depicting a significant interaction between a famous soccer player and his son, which is the main topic discussed in the video."
G3J23DOWS_I,"### Analysis:

1. **Examine the thumbnail**: The thumbnail features a person in a red outfit with exaggerated proportions, accompanied by the text ""BEAUTIFUL TALENT! BRITAIN'S GOT TALENT 2024"". There is also an arrow pointing towards another individual who appears to be a judge or performer reacting with surprise or excitement.

2. **Read through the video subtitles and content description**: The subtitles seem to be incomplete and fragmented, but they suggest a performance involving judges reacting to a talent show. The content description indicates a variety of performances including digital effects, magic acts, and audience reactions.

3. **Compare the thumbnail to the actual video content**: The thumbnail depicts a single performer in a red outfit, which aligns somewhat with the description of a ""talent show."" However, the exaggerated proportions and the focus on a single individual do not match the diverse range of performances described in the video content.

4. **Determine if the thumbnail accurately represents the video's main topic or content**: The thumbnail does not accurately represent the diverse range of performances mentioned in the video description. It focuses on a single performer, which is misleading because the video contains multiple performers and digital effects.

5. **Assess whether the thumbnail uses exaggeration, false promises, or clickbait tactics**: The thumbnail uses exaggeration by showing a person with exaggerated proportions, which is not typical of a talent show performance. Additionally, the text ""BEAUTIFUL TALENT!"" combined with the arrow pointing towards another individual creates a sense of excitement and anticipation, which might mislead viewers into expecting a specific type of performance.

6. **Categorize the thumbnail as either ""Misleading"" or ""Not Misleading""**: Based on the analysis, the thumbnail is misleading.

7. **Brief explanation for the decision**: The thumbnail exaggerates the appearance of the performer and focuses on a single individual, which does not reflect the diverse range of performances and digital effects described in the video content. The text ""BEAUTIFUL TALENT!"" and the arrow pointing towards another individual create a misleading expectation for the viewer."
yCnnssUXDTc,"### Analysis:

**Step 1: Examine the thumbnail**
- The thumbnail does not appear to be provided in the given information. Therefore, we cannot assess the thumbnail based on the provided details.

**Step 2: Read through the video subtitles and content description**
- The video description mentions a variety of humorous and unexpected situations, including interactions with animals, people in unusual settings, and everyday mishaps.
- The subtitles suggest that the video aims to provide a break from the stresses of daily life and offer entertainment.

**Step 3: Compare the thumbnail (if available) to the actual video content**
- Since the thumbnail is not provided, we cannot compare it directly to the video content.

**Step 4: Determine if the thumbnail accurately represents the video's main topic or content**
- Without the thumbnail, we cannot determine if it accurately represents the video content.

**Step 5: Assess whether the thumbnail uses exaggeration, false promises, or clickbait tactics**
- Since the thumbnail is not provided, we cannot assess its use of exaggeration, false promises, or clickbait tactics.

**Step 6: Categorize the thumbnail as either ""Misleading"" or ""Not Misleading""**
- Given the lack of a thumbnail, we cannot categorize it as either misleading or not misleading.

**Step 7: Provide a brief explanation for the decision**
- Since the thumbnail is not provided, we cannot provide an explanation for categorizing it as misleading or not misleading.

### Conclusion:
The thumbnail is not provided, so it cannot be analyzed for misleading or not misleading characteristics."
LwTZIJc0eb4,"### Analysis:

1. **Examine the thumbnail**: The thumbnail features a blue, gel-like substance flowing out of a bottle, resembling a liquid or a gel-like material. It does not visually represent any of the scenes described in the video content.

2. **Read the subtitles and video content**: The subtitles suggest that the video is about capturing ""amazing and beautiful world"" moments, featuring people doing spectacular things. However, the video content consists of a series of short clips depicting various mundane activities such as construction, cleaning, and everyday tasks.

3. **Compare the thumbnail to the actual video content**: The thumbnail does not match the content of the video. The thumbnail suggests a focus on a specific, visually striking element (a blue gel-like substance), while the video content is a collection of short clips showing various tasks and activities.

4. **Determine if the thumbnail accurately represents the video's main topic or content**: The thumbnail does not accurately represent the video's content. It misleads viewers by suggesting that the video will showcase visually striking moments, when in reality, it is a compilation of short clips of everyday activities.

5. **Assess whether the thumbnail uses exaggeration, false promises, or clickbait tactics**: The thumbnail uses clickbait tactics by promising viewers something visually captivating and exciting, which is not reflected in the actual video content.

6. **Categorize the thumbnail**: Based on the analysis, the thumbnail is misleading.

7. **Explanation**: The thumbnail exaggerates the content of the video by suggesting that it will showcase visually striking moments, when in fact, it is a collection of short clips of everyday activities. This creates a false expectation and misleads viewers into watching the video.

**Categorization**: Misleading

**Explanation**: The thumbnail uses clickbait tactics by promising viewers something visually captivating and exciting, which is not reflected in the actual video content."
zX7xh7AOCU0,"### Analysis:

1. **Examine the thumbnail**: The thumbnail shows a soccer player with blood on their face and head, accompanied by the text ""DEADLIEST INJURY.""

2. **Read the subtitles and video content**:
   - The subtitles mention a dramatic incident involving a player getting injured during a soccer match.
   - The video content describes a serious injury to a player, with medical staff attending to them and the player being escorted off the field.

3. **Compare the thumbnail to the actual video content**:
   - The thumbnail depicts a player with blood on their face and head, which aligns with the serious injury described in the video.
   - The text ""DEADLIEST INJURY"" suggests a severe and potentially life-threatening injury, which is consistent with the content of the video.

4. **Determine if the thumbnail accurately represents the video's main topic or content**:
   - The thumbnail accurately represents the main topic of the video, which is a serious injury during a soccer match.

5. **Assess whether the thumbnail uses exaggeration, false promises, or clickbait tactics**:
   - The thumbnail does not use exaggerated language or false promises. It accurately reflects the severity of the injury depicted in the video.

6. **Categorize the thumbnail**:
   - **Not Misleading**

7. **Explanation**:
   - The thumbnail accurately represents the content of the video, showing a player with a serious injury. The text ""DEADLIEST INJURY"" is appropriate given the context of a dramatic incident during a soccer match. There is no exaggeration or clickbait tactics used in the thumbnail.

### Final Decision:
**Not Misleading**

**Explanation**: The thumbnail accurately depicts the serious nature of the injury shown in the video without using exaggerated language or false promises."
MaDSU9tfMMQ,"### Analysis:

1. **Thumbnail Examination**: The thumbnail shows a person with a plastic bag covering their face and a large orange object (possibly a fruit or a toy) placed on top of their head. The image is humorous and playful, which aligns with the general theme of the video being a compilation of funny and quirky moments.

2. **Video Subtitles and Content Description**: The subtitles and video content appear to be a collection of humorous and unexpected moments, typical of TikTok-style videos. The content includes pranks, reactions, and funny situations, often involving unexpected twists or humorous outcomes.

3. **Comparison**: The thumbnail depicts a scene that is clearly part of the video content, as it shows a person in a humorous situation. However, the thumbnail does not provide any specific context or detail about the nature of the pranks or the types of content included in the video.

4. **Accuracy Representation**: The thumbnail accurately represents a scene from the video, showing a humorous setup that aligns with the overall theme of the video. It does not exaggerate or misrepresent the content.

5. **Exaggeration, False Promises, or Clickbait Tactics**: The thumbnail does not use exaggerated claims or false promises. It simply shows a humorous setup that is likely part of the video content.

### Conclusion:

**Categorization: Not Misleading**

**Explanation:** The thumbnail accurately represents a scene from the video, showing a humorous setup that aligns with the overall theme of the video. It does not use exaggerated claims or false promises, and it effectively captures the essence of the content without misleading viewers."
zySUlGXbXvA,"### Analysis of the Provided Information

#### Step 1: Examine the Thumbnail
The thumbnail shows a person standing on a narrow wooden plank high above a scenic landscape. The individual appears to be balancing precariously, with one leg extended outward. There is a red circle highlighting the feet, emphasizing the precarious position.

#### Step 2: Read Through the Video Subtitles and Content Description
The subtitles and video content description suggest that the video involves various clips of people performing dangerous or precarious activities, such as walking on narrow planks, being involved in accidents, or engaging in high-risk stunts. The creators react to these clips, providing commentary and expressing surprise or concern.

#### Step 3: Compare the Thumbnail to the Actual Video Content
The thumbnail depicts a person balancing on a narrow plank, which aligns with the content described in the video. However, the thumbnail does not explicitly convey the variety of dangerous activities shown in the video.

#### Step 4: Determine if the Thumbnail Accurately Represents the Video's Main Topic or Content
While the thumbnail shows a precarious activity, it does not represent the full range of content in the video. The video includes various clips of different dangerous scenarios, not just one specific activity.

#### Step 5: Assess Whether the Thumbnail Uses Exaggeration, False Promises, or Clickbait Tactics
The thumbnail does not use exaggerated language or false promises. It simply shows a person in a precarious position, which is part of the content but not the entirety of it.

#### Step 6: Categorize the Thumbnail as Either ""Misleading"" or ""Not Misleading""
Given that the thumbnail accurately represents one element of the video content (a person balancing on a narrow plank), but does not fully capture the diverse range of dangerous activities shown in the video, it could be considered misleading because it does not give a comprehensive representation of the video's content.

#### Step 7: Provide a Brief Explanation for the Decision
The thumbnail accurately depicts a precarious activity, which is part of the video content. However, it fails to convey the full spectrum of dangerous activities shown throughout the video. Therefore, the thumbnail is misleading as it does not provide a complete picture of the video's content.

### Final Categorization: Misleading"
mOK8otJIo9k,"### Analysis of the Provided Information

#### Step 1: Examine the Thumbnail
The thumbnail depicts a worker operating a machine that appears to be cutting or processing a large fish, specifically a salmon, in a factory setting. The image suggests a focus on industrial food processing, particularly related to seafood.

#### Step 2: Read Through the Video Subtitles and Content Description
The video content description mentions various scenes including cooking, baking, jewelry making, woodworking, meat preparation, and other diverse crafts and skills. The subtitles include references to cooking, cleaning, and other unrelated topics, such as the invention of the ring-shaped donut and the history of wagu beef.

#### Step 3: Compare the Thumbnail to the Actual Video Content
The thumbnail shows a worker in a factory setting, while the video content includes a wide range of activities such as cooking, baking, woodworking, and more. The thumbnail does not accurately represent the diverse array of skills and crafts showcased in the video.

#### Step 4: Determine if the Thumbnail Accurately Represents the Video's Main Topic or Content
The thumbnail does not accurately represent the video's main topic or content. It suggests a focus on industrial food processing, whereas the video covers a broad range of skills and crafts.

#### Step 5: Assess Whether the Thumbnail Uses Exaggeration, False Promises, or Clickbait Tactics
The thumbnail uses exaggerated imagery (a large fish being processed) to attract viewers, which is misleading since the video content is not primarily focused on industrial food processing.

#### Step 6: Categorize the Thumbnail as Either ""Misleading"" or ""Not Misleading""
Based on the analysis, the thumbnail is **Misleading**.

#### Step 7: Provide a Brief Explanation for Your Decision
The thumbnail misleads viewers by suggesting a focus on industrial food processing, which is not the primary theme of the video. Instead, the video showcases a variety of skills and crafts across different fields, making the thumbnail misleading and not representative of the actual content."
Q-uTVBm5MNc,"### Analysis of the Provided Information

#### Step 1: Examine the Thumbnail
The thumbnail features two images side by side:
1. On the left, there is a SpongeBob SquarePants character with water flowing from a showerhead.
2. On the right, there is a chef holding a large chocolate strawberry.

#### Step 2: Read Through the Video Subtitles and Content Description
The subtitles and video content appear to be a compilation of various interesting scenes and activities, including nature, underwater exploration, kitchen activities, road maintenance, extreme sports, optical illusions, woodworking, and food preparation (chocolate mixing and winemaking).

#### Step 3: Compare the Thumbnail to the Actual Video Content
- The thumbnail shows a SpongeBob character with water flowing from a showerhead and a chef holding a large chocolate strawberry.
- The video content includes a variety of scenes such as nature, underwater exploration, kitchen activities, road maintenance, extreme sports, optical illusions, woodworking, and food preparation.

#### Step 4: Determine if the Thumbnail Accurately Represents the Video's Main Topic or Content
The thumbnail does not accurately represent the main topics or content of the video. The video content is diverse and includes multiple unrelated scenes, while the thumbnail suggests a focus on a specific activity involving a chef and a chocolate strawberry.

#### Step 5: Assess Whether the Thumbnail Uses Exaggeration, False Promises, or Clickbait Tactics
The thumbnail uses exaggerated imagery and implies a specific activity (chocolate-making) that is not necessarily the main focus of the video. This could be considered clickbait as it may mislead viewers into expecting a video focused on chocolate-making when the video content is much broader.

#### Step 6: Categorize the Thumbnail
**Categorization:** Misleading

#### Step 7: Provide a Brief Explanation for the Decision
The thumbnail is misleading because it suggests a specific activity (chocolate-making) that is not the main focus of the video. The video content is a compilation of various unrelated scenes, and the thumbnail does not accurately represent the diverse range of activities shown in the video. This could lead viewers to expect a video focused on chocolate-making when the video content is much broader and includes multiple unrelated scenes."
RxhDx1gpoeo,"### Analysis:

1. **Thumbnail Examination**: The thumbnail shows a bird flying near a baseball game, specifically highlighting a batter at the plate. There is no indication of any specific event or highlight from the video content.

2. **Video Subtitles and Content Description**: The subtitles and video content describe a compilation of various sports highlights, including baseball, football, basketball, and hockey. The content includes dramatic moments such as a foul tip, a touchdown, and a walk-off touchdown. The video does not focus on a specific bird or any particular event involving a bird.

3. **Comparison**: The thumbnail depicts a bird flying near a baseball game, which is not mentioned in the video content. The video content is a compilation of various sports highlights without any specific reference to a bird.

4. **Accuracy Representation**: The thumbnail does not accurately represent the video content. It suggests a specific event (a bird near a baseball game) that is not present in the video.

5. **Exaggeration, False Promises, or Clickbait Tactics**: The thumbnail uses a misleading image to attract viewers, suggesting a specific event that is not part of the video content.

6. **Categorization**: Based on the analysis, the thumbnail is misleading because it does not accurately represent the video content.

### Conclusion:
**Categorization: Misleading**

**Explanation:** The thumbnail uses a misleading image of a bird flying near a baseball game to attract viewers, which is not part of the video content. The video is a compilation of various sports highlights without any specific reference to a bird."
ayKcck441n8,"Categorization: Not Misleading

Explanation: The thumbnail depicts a soccer player in a red jersey, which aligns with the content of the video, which showcases various soccer-related scenes including professional matches, training sessions, and dramatic moments. The image does not use exaggerated claims or misleading elements; instead, it accurately represents the sport of soccer and the types of content viewers can expect from the video. Since there are no subtitles or additional text that could mislead viewers, the thumbnail appropriately reflects the video's content."
cb0lFDYYd2U,"### Analysis of the YouTube Video Thumbnail

#### Step 1: Examine the Thumbnail
The thumbnail features a muscular man dressed in a suit, standing against a blue background. To the right of the man, there is an image of a golden mansion and a gold sports car. The overall theme of the thumbnail suggests a focus on luxury and wealth.

#### Step 2: Read Through the Video Subtitles and Content Description
The subtitles and video description highlight the following points:
- The video showcases the life and career of a famous muscular actor and wrestler.
- It covers various aspects of his life, including his professional wrestling and acting career, personal life, luxurious possessions, and interactions with fans.
- The video emphasizes the actor's success, wealth, and luxurious lifestyle.

#### Step 3: Compare the Thumbnail to the Actual Video Content
The thumbnail prominently features a gold mansion and a gold sports car, which aligns closely with the video content that discusses the actor's luxurious lifestyle and possessions.

#### Step 4: Determine if the Thumbnail Accurately Represents the Video's Main Topic or Content
The thumbnail accurately represents the video's main topic and content. It effectively conveys the idea of luxury and wealth, which are central themes in the video.

#### Step 5: Assess Whether the Thumbnail Uses Exaggeration, False Promises, or Clickbait Tactics
There is no indication of exaggeration, false promises, or clickbait tactics in the thumbnail. The imagery used (gold mansion and gold sports car) is consistent with the video's content and does not mislead viewers.

#### Step 6: Categorize the Thumbnail
Based on the analysis, the thumbnail is **Not Misleading**.

#### Step 7: Provide a Brief Explanation for the Decision
The thumbnail accurately reflects the video's content, which focuses on the actor's luxurious lifestyle and possessions. The imagery of a gold mansion and gold sports car effectively communicates the theme of wealth and luxury, which is a key aspect of the video's subject matter. There are no elements in the thumbnail that mislead viewers about the video's content."
KajQuUrDTj8,"### Analysis:

#### Step 1: Examine the thumbnail
The thumbnail shows a close-up of a cup filled with a creamy beverage topped with black spherical objects, resembling tapioca pearls. The background is blurred, focusing attention on the drink.

#### Step 2: Read through the video subtitles and content description
The subtitles suggest a video about a ""try not to say wow"" challenge featuring various mind-bending moments. The content description lists a series of diverse and visually engaging scenes, including a light show, a snowman, a snow-covered car, and a snowflake crystal.

#### Step 3: Compare the thumbnail to the actual video content
The thumbnail depicts a cup of a creamy beverage with tapioca pearls, which is completely unrelated to the diverse and visually engaging scenes described in the video content.

#### Step 4: Determine if the thumbnail accurately represents the video's main topic or content
The thumbnail does not represent the video's main topic or content at all. It shows a completely different subject (a drink) that has nothing to do with the ""try not to say wow"" challenge or the diverse scenes described in the video.

#### Step 5: Assess whether the thumbnail uses exaggeration, false promises, or clickbait tactics
The thumbnail uses clickbait tactics by promising a specific type of content (a drink with tapioca pearls) when the actual video content is entirely unrelated.

#### Step 6: Categorize the thumbnail as either ""Misleading"" or ""Not Misleading""
The thumbnail is clearly misleading.

#### Step 7: Provide a brief explanation for the decision
The thumbnail is misleading because it shows a cup of a creamy beverage with tapioca pearls, which is completely unrelated to the diverse and visually engaging scenes described in the video content. The thumbnail uses clickbait tactics by promising a specific type of content that is not present in the video."
UdSh3OhXetE,"### Analysis:

1. **Examine the thumbnail**: The thumbnail shows a person trimming a hedge shaped like a bull. The image suggests a gardening or landscaping activity, likely involving topiary art.

2. **Read the subtitles and video content**: The subtitles indicate that the video is about showcasing amazing and beautiful people performing spectacular feats that might not be seen in a lifetime. The content seems to be a montage of various clips, possibly highlighting different activities and professions.

3. **Compare the thumbnail to the actual video content**: The thumbnail depicts a specific activity (trimming a hedge shaped like a bull) while the video content appears to be a collection of unrelated clips from various activities and settings.

4. **Determine if the thumbnail accurately represents the video's main topic or content**: The thumbnail does not accurately represent the video content. It suggests a single, focused activity, whereas the video contains a diverse array of unrelated scenes.

5. **Assess whether the thumbnail uses exaggeration, false promises, or clickbait tactics**: The thumbnail does not use exaggerated claims or false promises. However, it misleads viewers by suggesting a single, specific activity when the video actually contains a variety of unrelated scenes.

6. **Categorize the thumbnail**: Based on the analysis, the thumbnail is misleading.

7. **Explanation**: The thumbnail implies that the video will focus on a single, specific activity (trimming a hedge shaped like a bull). However, the video content consists of a series of unrelated clips, making the thumbnail misleading as it does not accurately reflect the actual video content.

**Categorization**: Misleading

**Explanation**: The thumbnail misleads viewers by suggesting a single, specific activity when the video actually contains a diverse array of unrelated scenes."
iEy1L0d3F4c,"### Analysis:

**Step 1:** Examine the thumbnail.
- The thumbnail depicts a group of people standing in front of a large rock formation, seemingly engaged in some kind of outdoor activity or exploration.

**Step 2:** Read through the video subtitles and content description.
- The subtitles suggest a variety of exciting and unusual scenes, including motorsport events, underwater scenes, balance acts, gym exercises, explosions, avalanches, and more.
- The content description provides a detailed breakdown of the scenes, ranging from motorsport races to avalanches, and includes elements like a burning tree trunk, a snowy landscape, and a whale shark underwater.

**Step 3:** Compare the thumbnail to the actual video content.
- The thumbnail shows a group of people in an outdoor setting, which aligns somewhat with the content description mentioning various outdoor activities.
- However, the thumbnail does not capture any of the specific scenes described in the video, such as underwater shots, explosions, or avalanches.

**Step 4:** Determine if the thumbnail accurately represents the video's main topic or content.
- The thumbnail does not accurately represent the diverse and varied content described in the video. It fails to convey the wide range of activities and natural phenomena shown in the video.

**Step 5:** Assess whether the thumbnail uses exaggeration, false promises, or clickbait tactics.
- The thumbnail does not use exaggerated claims or false promises. Instead, it simply shows a group of people in an outdoor setting, which is somewhat relevant to the content but does not reflect the full scope of the video.

**Step 6:** Categorize the thumbnail as either ""Misleading"" or ""Not Misleading"".
- **Categorization:** Misleading

**Explanation:** The thumbnail is misleading because it does not accurately represent the diverse and varied content of the video. While it shows people in an outdoor setting, which is somewhat related to the video's theme, it fails to capture the essence of the wide range of activities and natural phenomena depicted in the video. This lack of accuracy misleads viewers about the actual content they can expect from the video."
q5r-PPu1GzU,"### Analysis of the Provided Information

#### Step 1: Examine the Thumbnail
The thumbnail shows a person jumping into a pool, which suggests an action-packed or adventurous theme, possibly involving water activities or stunts.

#### Step 2: Read Through the Video Subtitles and Content Description
The subtitles and video description indicate that the video is a compilation of various unexpected or dangerous situations, including scenes of adventure, danger, and luck. The content does not seem to be directly related to the person jumping into the pool depicted in the thumbnail.

#### Step 3: Compare the Thumbnail to the Actual Video Content
The thumbnail depicts a person jumping into a pool, which is a relatively safe and common activity. However, the video content is described as a compilation of various dangerous and unexpected situations, which contrasts sharply with the image of someone jumping into a pool.

#### Step 4: Determine if the Thumbnail Accurately Represents the Video's Main Topic or Content
The thumbnail does not accurately represent the main topic or content of the video. It suggests a light-hearted, recreational activity, whereas the video content is focused on dangerous and unexpected situations.

#### Step 5: Assess Whether the Thumbnail Uses Exaggeration, False Promises, or Clickbait Tactics
The thumbnail uses exaggerated imagery and a misleading context to attract viewers, which is not aligned with the actual content of the video.

#### Step 6: Categorize the Thumbnail as Either ""Misleading"" or ""Not Misleading""
Based on the analysis, the thumbnail is **Misleading**.

#### Step 7: Provide a Brief Explanation for the Decision
The thumbnail depicts a person jumping into a pool, which is a safe and common activity, while the video content is a compilation of various dangerous and unexpected situations. This creates a significant misalignment between the thumbnail and the actual video content, using misleading imagery to attract viewers. Therefore, the thumbnail is misleading."
ukSzjIbZDSo,"### Analysis of the Provided Information

#### Step 1: Examine the Thumbnail
The thumbnail shows a goalkeeper sitting on the ground near the goalpost, with a player in a blue jersey preparing to take a shot. There is a laughing emoji overlaid on the image, suggesting humor or a comedic moment.

#### Step 2: Read Through the Video Subtitles and Content Description
The subtitles include phrases like ""just do it,"" ""Ronaldo,"" ""Gotti Gotti,"" and ""here we go,"" which seem to be part of a motivational or encouraging message rather than a humorous or comedic context. The content description describes a compilation of various soccer/football-related scenes, including professional and amateur matches, practice sessions, and community events.

#### Step 3: Compare the Thumbnail to the Actual Video Content
The thumbnail depicts a humorous or comedic moment involving a goalkeeper and a player taking a shot. However, the video content described does not focus on a specific humorous or comedic moment but rather showcases various scenes related to soccer across different settings.

#### Step 4: Determine if the Thumbnail Accurately Represents the Video's Main Topic or Content
The thumbnail does not accurately represent the main topic or content of the video. It suggests a humorous or comedic element that is not present in the video description.

#### Step 5: Assess Whether the Thumbnail Uses Exaggeration, False Promises, or Clickbait Tactics
The thumbnail uses exaggerated imagery (a laughing emoji) and a potentially misleading scenario (a goalkeeper sitting near the goalpost with a player about to take a shot). These elements could mislead viewers into expecting a humorous or comedic video when the content is more serious and focused on showcasing various soccer scenes.

#### Step 6: Categorize the Thumbnail as Either ""Misleading"" or ""Not Misleading""
Based on the analysis, the thumbnail is misleading.

#### Step 7: Provide a Brief Explanation for Your Decision
The thumbnail uses exaggerated imagery and potentially misleading scenarios to attract viewers, which does not align with the actual content of the video. The video is a compilation of various soccer scenes, not a humorous or comedic piece centered around a specific moment involving a goalkeeper and a player taking a shot. Therefore, the thumbnail is misleading."
9AH-yS5En6U,"### Analysis of the Provided Information

#### Step 1: Examine the Thumbnail
The thumbnail shows a soccer player sitting on the ground, appearing distressed or upset, while another player in a white jersey extends a hand towards him. The text overlay reads ""PARA DE CHORAR,"" which translates to ""Stop crying.""

#### Step 2: Read Through the Video Subtitles and Content Description
The video content appears to be a compilation of various soccer-related scenes, including confrontations, intense moments, and interactions between players. The subtitles suggest that the video might involve dramatic or controversial incidents in professional matches, such as confrontations, disagreements, and emotional exchanges.

#### Step 3: Compare the Thumbnail to the Actual Video Content
The thumbnail depicts a scene where a player is being consoled or comforted by another player. However, the video content seems to focus on various dramatic and intense moments in soccer matches, rather than a specific instance of a player being consoled.

#### Step 4: Determine if the Thumbnail Accurately Represents the Video's Main Topic or Content
The thumbnail does not accurately represent the main topic or content of the video. It suggests a scene of emotional support, whereas the video content appears to cover a broader range of dramatic and intense moments in soccer matches.

#### Step 5: Assess Whether the Thumbnail Uses Exaggeration, False Promises, or Clickbait Tactics
The thumbnail uses a clickbait tactic by suggesting a scene of emotional support, which contrasts sharply with the actual content of the video focusing on dramatic and intense moments in soccer matches.

#### Step 6: Categorize the Thumbnail
**Categorization:** Misleading

#### Step 7: Provide a Brief Explanation for the Decision
The thumbnail misleads viewers by suggesting a scene of emotional support, which is not the main focus of the video. Instead, the video content covers a broader range of dramatic and intense moments in soccer matches. The thumbnail uses clickbait tactics by implying a specific scene that does not align with the actual content of the video."
BGKRDmmH1WM,"### Analysis:

**Step 1: Examine the thumbnail**
The thumbnail depicts a dramatic scene of a baseball stadium with dirt being thrown into the air, suggesting chaos or a significant event occurring on the field.

**Step 2: Read through the video subtitles and content description**
The subtitles and video content describe a variety of baseball-related scenes, including game moments, fan reactions, and behind-the-scenes glimpses. The content does not explicitly mention any dramatic event involving dirt being thrown into the air.

**Step 3: Compare the thumbnail to the actual video content**
The thumbnail shows a dramatic scene of dirt being thrown into the air, which is not depicted in the video content. The video primarily focuses on various baseball-related scenes and moments without any significant event involving dirt being thrown into the air.

**Step 4: Determine if the thumbnail accurately represents the video's main topic or content**
The thumbnail does not accurately represent the video's main content. It suggests a dramatic event that is not present in the video.

**Step 5: Assess whether the thumbnail uses exaggeration, false promises, or clickbait tactics**
The thumbnail uses exaggerated imagery to attract viewers, suggesting a dramatic event that is not actually depicted in the video.

**Step 6: Categorize the thumbnail as either ""Misleading"" or ""Not Misleading""**
The thumbnail is misleading.

**Step 7: Provide a brief explanation for your decision**
The thumbnail exaggerates the content by depicting a dramatic event (dirt being thrown into the air) that is not present in the video. It uses clickbait tactics to attract viewers by promising a significant event that is not actually shown. Therefore, the thumbnail is misleading."
CK78QUMcZL8,"### Analysis of the Provided Information

#### Step 1: Examine the Thumbnail
The thumbnail shows a person standing precariously on a narrow beam above a river, with a red circle highlighting the individual. The image suggests a dangerous or thrilling scenario.

#### Step 2: Read Through the Video Subtitles and Content Description
The subtitles indicate that the video is a reaction or commentary video featuring two young men reacting to various clips or scenarios. The content description mentions different scenes including a classroom, an ice hockey game, a beach with a helicopter, a car in a residential area, and various other clips involving unusual or funny scenarios.

#### Step 3: Compare the Thumbnail to the Actual Video Content
The thumbnail depicts a person standing on a narrow beam, which aligns with the content described in the video description. However, the video content does not feature any individuals standing on narrow beams or performing dangerous stunts. Instead, it focuses on reactions to various clips, including a car accident, a helicopter landing, and other humorous or unusual events.

#### Step 4: Determine if the Thumbnail Accurately Represents the Video's Main Topic or Content
The thumbnail accurately represents the main topic of the video, which involves reactions to various clips. However, the thumbnail may mislead viewers into expecting a more action-packed or dangerous content than what the video actually contains.

#### Step 5: Assess Whether the Thumbnail Uses Exaggeration, False Promises, or Clickbait Tactics
The thumbnail uses exaggerated imagery (a person standing on a narrow beam) to attract viewers, which could be considered clickbait. While the thumbnail does not explicitly promise dangerous content, it does suggest a thrilling or dangerous scenario, which is not the focus of the video.

#### Step 6: Categorize the Thumbnail as Either ""Misleading"" or ""Not Misleading""
Based on the analysis, the thumbnail is **misleading** because it suggests a dangerous or thrilling scenario when the video content primarily consists of reactions to various clips without any dangerous stunts.

#### Step 7: Provide a Brief Explanation for the Decision
The thumbnail uses exaggerated imagery to attract viewers, suggesting a dangerous or thrilling scenario when the video content primarily consists of reactions to various clips. While the thumbnail accurately represents the main topic of the video, it may mislead viewers into expecting a more action-packed or dangerous content than what the video actually contains. Therefore, the thumbnail is misleading."
02neZSqtBfU,"### Analysis of the Provided Information

#### Step 1: Examine the Thumbnail
The thumbnail shows a green bottle attached to a wall, with water flowing out of it. The image suggests a DIY or home improvement project involving water flow or a creative use of a bottle.

#### Step 2: Read Through the Video Subtitles and Content Description
The subtitles and video description indicate that the video is a compilation of various home improvement and construction techniques. It focuses on craftsmanship, attention to detail, and various specialized techniques in construction and home improvement. The content includes scenes of applying caulk, tracing stair outlines, applying wood stain, installing 3D wall panels, drilling into walls, and more.

#### Step 3: Compare the Thumbnail to the Actual Video Content
The thumbnail depicts a green bottle with water flowing out, which is unrelated to the content described in the video. The video content is focused on construction and home improvement techniques, not DIY projects involving water flow from bottles.

#### Step 4: Determine if the Thumbnail Accurately Represents the Video's Main Topic or Content
The thumbnail does not accurately represent the main topic or content of the video. It suggests a different theme (DIY water flow project) than the actual content (construction and home improvement techniques).

#### Step 5: Assess Whether the Thumbnail Uses Exaggeration, False Promises, or Clickbait Tactics
The thumbnail uses exaggerated imagery and a misleading representation of the video's content. It creates a false promise by suggesting a DIY project that is not present in the video.

#### Step 6: Categorize the Thumbnail
Categorization: **Misleading**

#### Step 7: Provide a Brief Explanation for the Decision
The thumbnail is misleading because it suggests a DIY project involving water flow from a bottle, which is completely unrelated to the actual content of the video. The video is a compilation of various home improvement and construction techniques, and the thumbnail does not accurately reflect this theme. Therefore, it uses clickbait tactics to attract viewers who might be interested in DIY water flow projects but are actually watching a video about construction techniques."
HQR_yHoAhEY,"### Analysis:

**Step 1: Examine the thumbnail**
The thumbnail shows a soccer player on the ground with a noticeable stain on their back, accompanied by a laughing emoji and a roll of toilet paper. The image suggests a humorous or embarrassing moment involving a player getting dirty.

**Step 2: Read through the video subtitles and content description**
The subtitles and video content description describe a compilation of various soccer moments, including gameplay, intense actions, and emotional moments. There is no mention of a player getting dirty or a humorous incident involving toilet paper.

**Step 3: Compare the thumbnail to the actual video content**
The thumbnail depicts a player getting dirty, which is not mentioned in the video description. The video content focuses on various soccer moments but does not include any scene involving a player getting dirty or a humorous incident related to toilet paper.

**Step 4: Determine if the thumbnail accurately represents the video's main topic or content**
The thumbnail does not accurately represent the video's main content. It suggests a specific humorous or embarrassing moment that is not present in the video.

**Step 5: Assess whether the thumbnail uses exaggeration, false promises, or clickbait tactics**
The thumbnail uses clickbait tactics by suggesting a humorous or embarrassing moment involving a player getting dirty, which is not depicted in the video.

**Step 6: Categorize the thumbnail as either ""Misleading"" or ""Not Misleading""**
The thumbnail is **Misleading**.

**Explanation:**
The thumbnail exaggerates the content of the video by suggesting a specific humorous or embarrassing moment involving a player getting dirty, which is not depicted in the video. This use of clickbait tactics misleads viewers into expecting a particular type of content that is not actually shown."
n5Op1CIdg4Y,"### Analysis of the Provided Information

#### Step 1: Examine the Thumbnail
The thumbnail depicts two individuals holding large pieces of raw meat, specifically liver. One individual is shirtless and appears to be in a rugged, outdoor setting, while the other is dressed casually. The image suggests a focus on raw meat consumption or a similar activity.

#### Step 2: Read Through the Video Subtitles and Content Description
The subtitles and video content describe a series of challenges and interactions among a group of young men, including a ""Would You Rather"" game involving raw meat. The video includes scenes of eating raw liver, a product advertisement for a sauce called ""Pizza Fi,"" and various other humorous and adventurous scenarios.

#### Step 3: Compare the Thumbnail to the Actual Video Content
The thumbnail shows two individuals holding raw liver, which aligns closely with the content described in the subtitles and video description. The video indeed features scenes of eating raw liver as part of a ""Would You Rather"" game.

#### Step 4: Determine if the Thumbnail Accurately Represents the Video's Main Topic or Content
The thumbnail accurately represents the main topic of the video, which involves raw meat consumption and a ""Would You Rather"" game. The image of raw liver is directly related to the content shown in the video.

#### Step 5: Assess Whether the Thumbnail Uses Exaggeration, False Promises, or Clickbait Tactics
There is no exaggeration or false promise in the thumbnail. It accurately reflects the content of the video, which includes scenes of eating raw liver.

#### Step 6: Categorize the Thumbnail
Based on the analysis, the thumbnail is not misleading.

#### Step 7: Provide a Brief Explanation for the Decision
The thumbnail accurately represents the main topic of the video, which involves raw meat consumption and a ""Would You Rather"" game. The image of raw liver is directly related to the content shown in the video, and there is no exaggeration or false promise in the thumbnail.

**Categorization: Not Misleading**

**Explanation:** The thumbnail accurately depicts the main content of the video, which includes scenes of eating raw liver as part of a ""Would You Rather"" game. There is no exaggeration or false promise in the thumbnail."
fPuNpS9fPDo,"### Analysis of the Provided Information

#### Step 1: Examine the Thumbnail
The thumbnail shows a football player lying in a hospital bed connected to medical equipment, specifically an oxygen mask and a monitor displaying vital signs. This image suggests a serious health issue involving the player.

#### Step 2: Read Through the Video Subtitles and Content Description
The subtitles and video content describe a series of dramatic events involving football players, including near-death experiences and dangerous situations. The content includes:
- Cristiano Ronaldo's near-fatal car accident.
- A serial killer targeting footballers.
- A car accident involving Neymar's family.
- Other incidents involving footballers and dangerous situations.

#### Step 3: Compare the Thumbnail to the Actual Video Content
The thumbnail depicts a football player in a hospital setting, which aligns with the content of the video discussing near-death experiences and dangerous situations involving footballers. However, the thumbnail does not explicitly mention any specific incidents or names of individuals involved in the video.

#### Step 4: Determine if the Thumbnail Accurately Represents the Video's Main Topic or Content
The thumbnail accurately represents the theme of the video, which revolves around the dangerous and sometimes perilous lives of footballers. It sets the tone for the content by highlighting the serious health risks faced by these athletes.

#### Step 5: Assess Whether the Thumbnail Uses Exaggeration, False Promises, or Clickbait Tactics
The thumbnail does not use exaggerated language or false promises. It simply presents a visual cue that aligns with the serious nature of the content discussed in the video.

#### Step 6: Categorize the Thumbnail
Based on the analysis, the thumbnail is **Not Misleading**.

#### Explanation:
The thumbnail effectively conveys the serious and potentially dangerous nature of the content discussed in the video. It does not mislead viewers into expecting a different type of content or exaggerate the severity of the incidents shown. Instead, it accurately reflects the theme of the video, which is centered around the high-stakes and often perilous lives of footballers."
eXRrwA-Szwg,"### Analysis of the Provided Information

#### Step 1: Examine the Thumbnail
The thumbnail shows two images:
1. A hand holding a piece of paper with a red dashed outline of a poop shape.
2. A hand holding a piece of paper with a red arrow pointing to the poop shape.

#### Step 2: Read Through the Video Subtitles and Content Description
The subtitles and video content appear to be about revenge and the act of placing dog poop in someone's mailbox as a form of retaliation. The video seems to be a collection of various revenge stories, including the placement of dog poop in a mailbox.

#### Step 3: Compare the Thumbnail to the Actual Video Content
The thumbnail depicts a piece of paper with a poop shape outlined on it, which aligns with the theme of the video content involving dog poop as a form of revenge.

#### Step 4: Determine if the Thumbnail Accurately Represents the Video's Main Topic or Content
The thumbnail accurately represents the main topic of the video, which involves revenge and the placement of dog poop as a form of retaliation.

#### Step 5: Assess Whether the Thumbnail Uses Exaggeration, False Promises, or Clickbait Tactics
The thumbnail does not use any exaggerated claims or false promises. It clearly depicts the main theme of the video, which is the placement of dog poop as a form of revenge.

#### Step 6: Categorize the Thumbnail as Either ""Misleading"" or ""Not Misleading""
The thumbnail is **Not Misleading**.

#### Step 7: Provide a Brief Explanation for the Decision
The thumbnail accurately represents the main topic of the video, which involves revenge and the placement of dog poop as a form of retaliation. There are no exaggerated claims or false promises used in the thumbnail. Therefore, it is not misleading."
Uh42Oj2VBdw,"### Analysis:

1. **Examine the thumbnail**: The thumbnail features a woman with a snake-like object emerging from her mouth, accompanied by the text ""Beautiful talent!!"" and ""TOP 1 MAGIC"". The image suggests a performance involving a snake and a woman, which is visually striking but does not directly relate to the video content described.

2. **Read the subtitles and content description**: The subtitles and video description do not mention anything about a snake or a woman performing a magic trick. Instead, they describe a magic performance involving a card trick and a cosmic backdrop.

3. **Compare the thumbnail to the actual video content**: The thumbnail shows a woman with a snake-like object, which is not mentioned in the video description. The video focuses on a card trick performed by a male performer against a cosmic backdrop.

4. **Determine if the thumbnail accurately represents the video's main topic or content**: The thumbnail does not accurately represent the video content. It misleads viewers into expecting a performance involving a snake and a woman, when the actual content is a card trick performed by a male performer.

5. **Assess whether the thumbnail uses exaggeration, false promises, or clickbait tactics**: The thumbnail uses clickbait tactics by promising a performance involving a snake and a woman, which is not depicted in the video content.

6. **Categorize the thumbnail**: The thumbnail is misleading.

7. **Explanation**: The thumbnail exaggerates the content by suggesting a performance involving a snake and a woman, which is not present in the video. It uses clickbait tactics to attract viewers who expect a different type of performance than what is actually shown.

### Final Categorization: Misleading"
FJqS33VKDvo,"### Analysis:

**Thumbnail:** The thumbnail depicts a person performing a dramatic pose with a fiery explosion in the background. It suggests a high-energy, action-packed scene.

**Video Subtitles:** The subtitles indicate that the video is a compilation of humorous and surprising moments, likely from TikTok. They mention various scenarios such as a monkey face logo, a construction worker, a dog watching TV, and a car with a tent-like structure on its roof.

**Video Description:** The video compilation features a series of unexpected and often funny situations, capturing moments of daily life that are relatable and entertaining. The scenes include a monkey face logo, a construction worker, a dog watching TV, and a car with a tent-like structure on its roof.

### Comparison:

- **Thumbnail:** Suggests a high-energy, action-packed scene with a dramatic pose and a fiery explosion.
- **Video Content:** Features a series of unexpected and often funny situations, capturing moments of daily life that are relatable and entertaining.

### Assessment:

The thumbnail does not accurately represent the video's main topic or content. While the video does contain humorous and surprising moments, the thumbnail suggests a more dramatic and action-oriented theme, which is not reflected in the actual video content.

### Conclusion:

**Categorization:** Misleading

**Explanation:** The thumbnail exaggerates the content of the video by suggesting a high-energy, action-packed scene with a dramatic pose and a fiery explosion, which is not representative of the actual video content that features a series of unexpected and often funny situations, capturing moments of daily life that are relatable and entertaining."
FC3vblfYJ2g,"Categorization: Not Misleading

Explanation: The thumbnail depicts a person performing a motocross jump, which aligns closely with the content described in the video description. The video showcases a variety of athletic and recreational activities, including motocross, ice skating, snowboarding, baseball, and other sports and activities. The thumbnail accurately represents the main topic of the video, which is a compilation of different sports and activities. There is no exaggeration, false promises, or clickbait tactics used in the thumbnail. Therefore, the thumbnail is not misleading."
cDMn8Liz7OM,"### Analysis:

1. **Examine the thumbnail**: The thumbnail shows a referee drawing a heart shape on the field with a chalk, and a player in a Brazil jersey standing nearby. There is also a laughing emoji overlayed on the image.

2. **Read the subtitles and video content**:
   - The subtitles seem to be random phrases and music lyrics, indicating that the video might have been edited or has a separate audio track unrelated to the visual content.
   - The video content includes various scenes of soccer matches, training sessions, and casual play, which are typical of a soccer compilation video.

3. **Compare the thumbnail to the actual video content**:
   - The thumbnail depicts a scene involving a referee drawing a heart shape, which is not directly related to the soccer content shown in the video descriptions.
   - The laughing emoji suggests humor, which could be related to the content but does not clearly indicate the main theme of the video.

4. **Determine if the thumbnail accurately represents the video's main topic or content**:
   - The thumbnail does not accurately represent the main topics or content of the video, which primarily focus on soccer matches and training sessions.

5. **Assess whether the thumbnail uses exaggeration, false promises, or clickbait tactics**:
   - The thumbnail does not use exaggerated claims or false promises. It simply shows a scene that is not directly related to the main content of the video.

6. **Categorize the thumbnail**:
   - **Misleading**

7. **Explanation**:
   - The thumbnail shows a scene that is not representative of the main content of the video. It features a referee drawing a heart shape, which is not a common or significant part of a soccer compilation video. The laughing emoji adds a humorous element but does not clarify the main theme of the video. Therefore, the thumbnail misleads viewers into expecting a different type of content than what is actually shown in the video."
_YPdLDYqQJ4,"### Analysis:

1. **Examine the thumbnail**: The thumbnail depicts a soccer player being kicked by a kangaroo on a soccer field.
2. **Read the subtitles and video content**: The subtitles and video content describe a compilation of unusual and humorous incidents involving animals interrupting soccer matches. The video does not mention any kangaroo or any specific incident involving a kangaroo.
3. **Compare the thumbnail to the actual video content**: The thumbnail shows a kangaroo kicking a soccer player, which is not depicted in the video content. The video focuses on various animals interrupting soccer matches, but does not include a kangaroo kicking a player.
4. **Determine if the thumbnail accurately represents the video's main topic or content**: The thumbnail does not accurately represent the video's content. It suggests a specific incident (a kangaroo kicking a player) that is not shown in the video.
5. **Assess whether the thumbnail uses exaggeration, false promises, or clickbait tactics**: The thumbnail uses exaggerated imagery and a misleading scenario to attract viewers, which is not aligned with the actual content of the video.
6. **Categorize the thumbnail**: Based on the analysis, the thumbnail is misleading.
7. **Explanation**: The thumbnail exaggerates the content by suggesting a specific and dramatic incident (a kangaroo kicking a player) that is not depicted in the video. It uses clickbait tactics to attract viewers by promising a particular event that does not occur in the video.

**Categorization**: Misleading

**Explanation**: The thumbnail inaccurately represents the video's content by suggesting a specific incident (a kangaroo kicking a player) that is not shown in the video. It uses exaggerated imagery and clickbait tactics to attract viewers."
pH-TgdOqB9E,"### Analysis of the Provided Information

#### Step 1: Examine the Thumbnail
The thumbnail features a soccer player in a blue jersey holding a soccer ball, alongside a person wearing a shirt that says ""PUT A BABY IN ME."" The image suggests a connection between the soccer player and the phrase on the shirt, implying a humorous or unexpected connection.

#### Step 2: Read Through the Video Subtitles and Content Description
The video content is described as a compilation of various sports and social media-related scenes, primarily focused on soccer/football. It includes unexpected moments and fan culture, but does not explicitly mention any connection to the phrase ""PUT A BABY IN ME.""

#### Step 3: Compare the Thumbnail to the Actual Video Content
The thumbnail shows a soccer player and a person with a shirt saying ""PUT A BABY IN ME,"" which is not directly related to the content described in the video description. The video content focuses on various sports-related scenes without any explicit reference to the phrase on the shirt.

#### Step 4: Determine if the Thumbnail Accurately Represents the Video's Main Topic or Content
The thumbnail does not accurately represent the main topics or content of the video. It introduces a humorous element (""PUT A BABY IN ME"") that is not present in the video content.

#### Step 5: Assess Whether the Thumbnail Uses Exaggeration, False Promises, or Clickbait Tactics
The thumbnail uses clickbait tactics by suggesting a humorous or unexpected connection between the soccer player and the phrase ""PUT A BABY IN ME,"" which is not present in the video content.

#### Step 6: Categorize the Thumbnail
Categorization: Misleading

#### Step 7: Provide a Brief Explanation for the Decision
The thumbnail introduces a humorous element (""PUT A BABY IN ME"") that is not present in the video content. It uses clickbait tactics to attract viewers by suggesting a connection that is not actually depicted in the video. Therefore, the thumbnail is misleading."
_Oc-eGRhcb4,"### Analysis:

1. **Examine the thumbnail**: The thumbnail depicts a large industrial structure with flames and firefighters using hoses to extinguish the fire. It conveys a sense of urgency and danger.

2. **Read the subtitles and video content**: The subtitles and video content do not explicitly mention any fire or emergency situation. Instead, they seem to be a compilation of various crafts, construction, and food preparation scenes.

3. **Compare the thumbnail to the actual video content**: The thumbnail shows a dramatic scene involving a fire, which is not present in the video content described. The video focuses on various crafts, construction, and food preparation scenes without any indication of a fire or emergency.

4. **Determine if the thumbnail accurately represents the video's main topic or content**: The thumbnail does not accurately represent the video's main topic or content. It suggests a dangerous situation that is not depicted in the video.

5. **Assess whether the thumbnail uses exaggeration, false promises, or clickbait tactics**: The thumbnail uses exaggerated imagery (a fire) to attract viewers, which is misleading because the video does not contain such content.

6. **Categorize the thumbnail as either ""Misleading"" or ""Not Misleading""**: Based on the analysis, the thumbnail is misleading.

7. **Explanation**: The thumbnail exaggerates the content of the video by suggesting a dangerous situation involving a fire, which is not present in the actual video. This creates a false expectation and misleads viewers into thinking the video contains content that it does not.

**Categorization**: Misleading

**Explanation**: The thumbnail uses exaggerated imagery (a fire) to attract viewers, which is misleading because the video does not contain such content."
bAEMKPNTnrc,"### Analysis:

1. **Examine the thumbnail**: The thumbnail features an image of a character named ""Rosy Rift Goddess Ariana"" from Fortnite, along with the text ""FORTNITE ITEM SHOP RESET 25th AUGUST 2024"". The image shows a character with pink hair and a pink outfit, which aligns with the theme of the video content.

2. **Read through the video subtitles and content description**: There are no subtitles provided in the video description, so we rely on the content description for context.

3. **Compare the thumbnail to the actual video content**: The video content primarily showcases various character skins and bundles available in the Fortnite item shop, including the ""Iron Spider"" bundle, different character skins, and emotes. The video does not specifically focus on a single character skin or bundle but rather provides a general overview of the available items.

4. **Determine if the thumbnail accurately represents the video's main topic or content**: The thumbnail accurately represents the main topic of the video, which is showcasing various items and skins available in the Fortnite item shop. It does not mislead viewers into expecting a specific character skin or bundle.

5. **Assess whether the thumbnail uses exaggeration, false promises, or clickbait tactics**: The thumbnail does not use any exaggerated claims or false promises. It simply informs viewers about the reset date of the Fortnite item shop and the character skin being featured.

6. **Categorize the thumbnail as either ""Misleading"" or ""Not Misleading""**: Given that the thumbnail accurately represents the main topic of the video and does not use any misleading elements, it can be categorized as ""Not Misleading"".

7. **Provide a brief explanation for your decision**: The thumbnail effectively communicates the main topic of the video (showcasing Fortnite item shop resets and character skins) without any misleading elements. It accurately reflects the content described in the video, ensuring that viewers understand what to expect from the video.

**Categorization**: Not Misleading

**Explanation**: The thumbnail accurately represents the main topic of the video, which is showcasing various items and skins available in the Fortnite item shop. It does not use any exaggerated claims or false promises, ensuring that viewers have a clear understanding of what to expect from the video."
bOMn4tNS60w,"### Analysis:

1. **Thumbnail Examination**: The thumbnail shows a soccer player (Neymar) talking to a woman on a football field. The image is clear and directly related to the sport of soccer.

2. **Video Subtitles**: The subtitles do not provide any specific details about the content of the video. They seem to be a mix of music lyrics and random phrases, which do not give any indication of the video's content.

3. **Video Content Description**: The video is described as a compilation of various emotional and exciting moments in soccer/football. It includes scenes of players interacting with fans, celebrating, comforting each other, and the emotional side of the sport.

4. **Comparison**: The thumbnail accurately represents the sport of soccer and a typical interaction between a player and a fan or staff member. However, the subtitles do not provide any context or hint about the content of the video.

5. **Assessment**:
   - The thumbnail does not use exaggeration or false promises.
   - The thumbnail accurately represents the sport and the type of content expected in the video.
   - The subtitles do not mislead viewers about the content; they are irrelevant to the video's actual content.

6. **Categorization**: The thumbnail is not misleading because it accurately represents the sport and the type of content expected in the video.

### Conclusion:
**Categorization: Not Misleading**

**Explanation**: The thumbnail accurately depicts a common scene in soccer, showing a player interacting with a fan. The subtitles do not provide any misleading information about the video's content. Therefore, the thumbnail is not misleading."
6JxkR5zYgSU,"### Analysis:

1. **Examine the thumbnail**: The thumbnail shows a tube of Colgate toothpaste being squeezed into a container of Vaseline. The image suggests a DIY or life hack involving these common household items.

2. **Read the subtitles and video content**:
   - The subtitles mention a tip involving mixing Vaseline with toothpaste to relieve itchiness.
   - The video content includes a scene where someone applies the mixture to an itchy area of the skin.

3. **Compare the thumbnail to the actual video content**:
   - The thumbnail accurately depicts the action shown in the video (applying the mixture to the skin).
   - The video content matches the description in the thumbnail.

4. **Determine if the thumbnail accurately represents the video's main topic or content**:
   - The thumbnail correctly represents the main topic of the video, which is a life hack involving Vaseline and toothpaste.

5. **Assess whether the thumbnail uses exaggeration, false promises, or clickbait tactics**:
   - There is no exaggeration or false promise in the thumbnail. It clearly shows the action described in the subtitles.

6. **Categorize the thumbnail**:
   - **Not Misleading**

7. **Explanation**:
   - The thumbnail accurately represents the video content, showing the application of the mixture to the skin. There are no misleading elements or exaggerated claims in the thumbnail that do not match the video content. The thumbnail is straightforward and informative, providing a clear preview of what viewers can expect from the video."
nLR3prTKSGE,"### Analysis of the Provided Information

#### Step 1: Examine the Thumbnail
The thumbnail depicts a person standing on a transparent glass bridge, holding a sledgehammer. The individual appears to be in a challenging or adventurous situation, which suggests a focus on extreme or thrilling activities.

#### Step 2: Read Through the Video Subtitles and Content Description
The subtitles and video description emphasize the theme of workers performing their jobs efficiently and satisfyingly. The content highlights various workers engaged in different tasks, such as construction, farming, and other industrial activities. The tone is motivational, encouraging viewers to find their own dream jobs and become the best at them.

#### Step 3: Compare the Thumbnail to the Actual Video Content
The thumbnail shows a person on a glass bridge with a sledgehammer, which does not align with the content described in the video subtitles and video description. The video content focuses on workers performing their jobs, not on individuals engaging in extreme or thrilling activities.

#### Step 4: Determine if the Thumbnail Accurately Represents the Video's Main Topic or Content
The thumbnail does not accurately represent the video's main topic or content. It suggests an adventurous or thrilling activity, whereas the video content is about workers performing their jobs efficiently and satisfyingly.

#### Step 5: Assess Whether the Thumbnail Uses Exaggeration, False Promises, or Clickbait Tactics
The thumbnail uses exaggerated imagery (a person on a glass bridge with a sledgehammer) to attract viewers, which is not aligned with the actual content of the video. This creates a misleading impression.

#### Step 6: Categorize the Thumbnail as Either ""Misleading"" or ""Not Misleading""
Based on the analysis, the thumbnail is misleading.

#### Step 7: Provide a Brief Explanation for Your Decision
The thumbnail depicts a person on a glass bridge with a sledgehammer, suggesting an adventurous or thrilling activity. However, the video content is about workers performing their jobs efficiently and satisfyingly. The thumbnail uses exaggerated imagery to attract viewers, which is not aligned with the actual content of the video. Therefore, the thumbnail is misleading."
WPQQ49r_pm4,"### Analysis:

**Step 1: Examine the thumbnail**
The thumbnail shows a man in a suit with a yellow circle highlighting a woman's face. The text overlaid on the thumbnail reads, ""Will you marry her?""

**Step 2: Read through the video subtitles and content description**
The subtitles indicate a discussion about marriage and relationships, specifically mentioning a girlfriend named Georgina. The athlete expresses uncertainty about marriage but also hints at the possibility of getting married someday. The interviewer brings up the idea of marriage and asks if the athlete would consider marrying his girlfriend, to which the athlete responds cautiously.

**Step 3: Compare the thumbnail to the actual video content**
The thumbnail suggests a direct question about marriage, implying a specific moment where the athlete is asked about his intentions regarding marriage. However, the video content shows a broader discussion about marriage and relationships, including the athlete's hesitation and eventual openness to the idea of marriage.

**Step 4: Determine if the thumbnail accurately represents the video's main topic or content**
The thumbnail does not accurately represent the main topic of the video. While the video does discuss marriage, the thumbnail focuses on a specific question about marriage that is not the central theme of the entire video.

**Step 5: Assess whether the thumbnail uses exaggeration, false promises, or clickbait tactics**
The thumbnail uses clickbait tactics by suggesting a direct question about marriage that is not the primary focus of the video. It creates a sense of urgency or importance that is not present in the actual content.

**Step 6: Categorize the thumbnail as either ""Misleading"" or ""Not Misleading""**
Based on the analysis, the thumbnail is misleading because it suggests a specific question about marriage that is not the central theme of the video.

**Step 7: Provide a brief explanation for your decision**
The thumbnail exaggerates the importance of the marriage question by suggesting it is the main focus of the video, which it is not. The video is a broader discussion about marriage and relationships, and the marriage question is just one part of the conversation. Therefore, the thumbnail is misleading."
KvIl8mjMTsE,"### Analysis:

**Step 1: Examine the thumbnail**
The thumbnail shows a faucet pouring water into a sink, with a card featuring a blue arrow and dollar signs visible. The image suggests an action involving water and money, which could imply a financial transaction or a demonstration related to water usage and cost.

**Step 2: Read through the video subtitles and content description**
The subtitles and video description suggest that the video is a compilation of reaction clips from a content creator, reacting to various short video clips they are watching. The content includes reactions to different scenes, characters, and events, such as costumed characters, animals, and animated sequences. The video does not appear to involve any financial transactions or water-related activities.

**Step 3: Compare the thumbnail to the actual video content**
The thumbnail depicts a faucet pouring water into a sink, which is unrelated to the content described in the video description. The video is a series of reaction clips, not a demonstration involving water or money.

**Step 4: Determine if the thumbnail accurately represents the video's main topic or content**
The thumbnail does not accurately represent the video's main topic or content. It suggests a financial transaction or water-related activity, which is completely unrelated to the actual content of the video.

**Step 5: Assess whether the thumbnail uses exaggeration, false promises, or clickbait tactics**
The thumbnail uses clickbait tactics by suggesting a financial transaction or water-related activity, which is not present in the actual video content.

**Step 6: Categorize the thumbnail as either ""Misleading"" or ""Not Misleading""**
Based on the analysis, the thumbnail is **Misleading**.

**Explanation:**
The thumbnail creates an expectation of a video involving financial transactions or water-related activities, which is not the case. The video is a compilation of reaction clips, and the thumbnail does not accurately reflect the content. Therefore, it uses clickbait tactics to attract viewers, making it misleading."
XQmcH1yTbrA,"### Analysis of the Provided Information

#### Step 1: Examine the Thumbnail
The thumbnail depicts a dramatic scene where a person is being attacked by a lion while standing next to a vehicle. The image conveys a sense of danger and urgency.

#### Step 2: Read Through the Video Subtitles and Content Description
The subtitles and video description indicate that the video is a compilation of various wildlife encounters, including dangerous interactions with animals like bears, elephants, and lions. However, the thumbnail does not explicitly mention any specific animal or the danger level associated with the encounters.

#### Step 3: Compare the Thumbnail to the Actual Video Content
The thumbnail shows a person being attacked by a lion, which aligns with the content described in the video description. However, the thumbnail does not provide context about the nature of the encounters or the level of danger involved.

#### Step 4: Determine if the Thumbnail Accurately Represents the Video's Main Topic or Content
The thumbnail accurately represents the main topic of the video, which involves dangerous wildlife encounters. However, it does not provide enough context to convey the full range of interactions depicted in the video.

#### Step 5: Assess Whether the Thumbnail Uses Exaggeration, False Promises, or Clickbait Tactics
The thumbnail uses exaggerated imagery to attract viewers, suggesting a high level of danger and drama. While the video content does involve dangerous interactions, the thumbnail may give viewers an incorrect expectation of the level of danger or the frequency of such encounters.

#### Step 6: Categorize the Thumbnail as Either ""Misleading"" or ""Not Misleading""
Based on the analysis, the thumbnail is misleading because it suggests a higher level of danger than what is actually depicted in the video. It uses exaggerated imagery to attract viewers without providing sufficient context about the nature of the encounters.

#### Step 7: Provide a Brief Explanation for Your Decision
The thumbnail uses dramatic imagery to attract viewers, suggesting a high level of danger and urgency. While the video does contain dangerous wildlife encounters, the thumbnail does not provide enough context to convey the full range of interactions depicted in the video. Therefore, the thumbnail is misleading.

**Categorization:** Misleading"
fiCxNpM6mRk,"### Analysis of the Provided Information

#### Step 1: Examine the Thumbnail
The thumbnail shows a dramatic image of a car accident where a vehicle has collided with a guardrail, causing significant damage to both the car and the guardrail. There are individuals in safety vests inspecting the scene.

#### Step 2: Read Through the Video Subtitles and Content Description
The subtitles and video description mention a variety of extreme and adventurous activities, including skydiving, scuba diving, and other high-risk activities. The content does not appear to be related to the thumbnail image of a car accident.

#### Step 3: Compare the Thumbnail to the Actual Video Content
The thumbnail depicts a car accident, while the video content describes a compilation of various extreme and adventurous activities. These two scenarios are completely unrelated.

#### Step 4: Determine if the Thumbnail Accurately Represents the Video's Main Topic or Content
The thumbnail does not accurately represent the video's main topic or content. It shows a car accident, which is not mentioned in the subtitles or the video description.

#### Step 5: Assess Whether the Thumbnail Uses Exaggeration, False Promises, or Clickbait Tactics
The thumbnail uses exaggerated imagery (a dramatic car accident) to attract viewers, which is not aligned with the actual content of the video.

#### Step 6: Categorize the Thumbnail as Either ""Misleading"" or ""Not Misleading""
The thumbnail is clearly misleading.

#### Step 7: Provide a Brief Explanation for Your Decision
The thumbnail shows a dramatic car accident, which is not the main topic of the video. Instead, the video is a compilation of various extreme and adventurous activities. The thumbnail uses exaggerated imagery to attract viewers, which is misleading since it does not reflect the actual content of the video.

### Final Categorization: Misleading"
oMO9uIr2jpE,"### Analysis of the Provided Information

#### Step 1: Examine the Thumbnail
The thumbnail depicts a large crocodile with its mouth open, seemingly interacting with a person standing on a dock. The image suggests a dramatic and potentially dangerous wildlife encounter.

#### Step 2: Read Through the Video Subtitles and Content Description
The video content is described as a compilation of various wildlife and animal encounters, showcasing both the beauty and unpredictability of nature. It includes scenes of different animals in their natural habitats, ranging from kangaroos on a golf course to a moose in a snowy landscape.

#### Step 3: Compare the Thumbnail to the Actual Video Content
The thumbnail shows a dramatic interaction between a crocodile and a person, which aligns closely with the content of the video. The video does include a scene involving a crocodile, but it is part of a broader compilation of wildlife encounters rather than the sole focus.

#### Step 4: Determine if the Thumbnail Accurately Represents the Video's Main Topic or Content
The thumbnail accurately represents the video's main topic, which is a compilation of wildlife encounters. While the crocodile scene is included, it is not the primary focus of the video.

#### Step 5: Assess Whether the Thumbnail Uses Exaggeration, False Promises, or Clickbait Tactics
The thumbnail does not use exaggerated language or false promises. It accurately reflects the content of the video, which is a compilation of various wildlife encounters.

#### Step 6: Categorize the Thumbnail as Either ""Misleading"" or ""Not Misleading""
Based on the analysis, the thumbnail is **Not Misleading**.

#### Step 7: Provide a Brief Explanation for the Decision
The thumbnail accurately represents the video's main topic, which is a compilation of wildlife encounters. Although it includes a dramatic scene with a crocodile, it is not the sole focus of the video. The thumbnail does not use exaggerated language or false promises, and it effectively captures the essence of the video content."
Gm5RSJ3WG7I,"### Analysis:

**Step 1: Examine the thumbnail**
The thumbnail depicts a large pile of tomatoes being unloaded from a truck, suggesting a focus on agricultural or food-related content.

**Step 2: Read through the video subtitles and content description**
The video content description mentions various skilled trades, crafts, and food preparation techniques from around the world. It includes scenes of strongman competitions, traditional tea ceremonies, fish filleting, flatbread making, and more. The video does not specifically focus on tomatoes or agriculture.

**Step 3: Compare the thumbnail to the actual video content**
The thumbnail shows a large pile of tomatoes, which is not the primary focus of the video content. The video covers a wide range of topics including strongman competitions, tea ceremonies, and various food preparation techniques.

**Step 4: Determine if the thumbnail accurately represents the video's main topic or content**
The thumbnail does not accurately represent the main topics covered in the video. While the video does include some agricultural elements (like harvesting bananas), the focus is much broader and encompasses a variety of skills and crafts.

**Step 5: Assess whether the thumbnail uses exaggeration, false promises, or clickbait tactics**
The thumbnail does not use exaggerated claims or false promises. However, it does not accurately reflect the content of the video, which is misleading.

**Step 6: Categorize the thumbnail as either ""Misleading"" or ""Not Misleading""**
Based on the analysis, the thumbnail is **Misleading**.

**Explanation:**
The thumbnail suggests that the video is primarily about tomatoes or agriculture, which is not the case. The video covers a wide range of topics, including strongman competitions, tea ceremonies, and various food preparation techniques. The thumbnail does not accurately represent the main topics covered in the video, leading viewers to expect a different content than what they receive."
