video_id,classification
7JRQ4l7eXVw,"### Analysis:

**Step 1: Examine the thumbnail**
- The thumbnail features a humanoid figure with exaggerated features, set against a backdrop of a mountain and a dark, surreal landscape. The image is visually striking and somewhat unsettling.

**Step 2: Read through the video subtitles and content description**
- The subtitles and video content describe a series of unsettling and eerie scenes, likely from a horror or psychological thriller video. The content includes dark, abstract imagery, shadowy figures, and disturbing themes related to online content and its effects on viewers.

**Step 3: Compare the thumbnail to the actual video content**
- The thumbnail depicts a figure that aligns with the theme of the video, which is described as unsettling and eerie. The visual elements in the thumbnail (dark, surreal landscapes, shadowy figures) are consistent with the content described in the video.

**Step 4: Determine if the thumbnail accurately represents the video's main topic or content**
- The thumbnail accurately represents the video's main topic, which is exploring unsettling and eerie themes, likely from a horror or psychological thriller perspective.

**Step 5: Assess whether the thumbnail uses exaggeration, false promises, or clickbait tactics**
- There is no indication of exaggeration or false promises in the thumbnail. It does not promise specific content or outcomes that are not aligned with the video's actual content.

**Step 6: Categorize the thumbnail**
- **Categorization:** Not Misleading

**Explanation:**
- The thumbnail accurately reflects the theme and tone of the video, which is described as unsettling and eerie. It does not use exaggerated visuals or false promises to attract viewers. Therefore, the thumbnail is not misleading."
ZmcaOfjLauI,"### Analysis:

1. **Examine the thumbnail**: The thumbnail shows a football player in a yellow jersey celebrating with a dog barking next to him. There is a laughing emoji overlaid on the image.

2. **Read the subtitles and video content**:
   - The subtitles seem to be incomplete and fragmented, but they do not provide any specific context related to the thumbnail.
   - The video content appears to be a compilation of various football match moments, including celebrations, confrontations, and unusual scenes like a football pitch with large cooling towers.

3. **Compare the thumbnail to the actual video content**:
   - The thumbnail depicts a celebratory moment involving a player and a dog, which does not align with the typical content of a football match compilation.
   - The video content includes various intense and dramatic moments from football matches, which are quite different from the playful and humorous scene suggested by the thumbnail.

4. **Determine if the thumbnail accurately represents the video's main topic or content**:
   - The thumbnail does not accurately represent the diverse and often dramatic moments that occur in football matches. It suggests a lighthearted or humorous moment that is not present in the video content.

5. **Assess whether the thumbnail uses exaggeration, false promises, or clickbait tactics**:
   - The thumbnail uses a laughing emoji and a playful scene with a dog, which might be intended to attract viewers by suggesting humor or a light-hearted moment. However, this does not align with the serious and intense nature of the football match content.

6. **Categorize the thumbnail**:
   - **Misleading**

7. **Explanation**:
   - The thumbnail exaggerates the content of the video by suggesting a humorous or playful moment when the video actually contains serious and intense football match moments. This misleads viewers into expecting a different type of content than what is actually shown in the video.

### Final Decision:
**Misleading**

**Explanation**: The thumbnail uses a laughing emoji and a playful scene with a dog to suggest humor or a light-hearted moment, which does not align with the serious and intense nature of the football match content shown in the video."
HQigNm2tPNU,"### Analysis:

1. **Examine the thumbnail**: The thumbnail shows a soccer player in a celebratory pose, holding a phone with a FaceTime call interface displayed. The image suggests a lighthearted or humorous context, possibly involving a social interaction or a playful moment related to soccer.

2. **Read the subtitles and video content**: The subtitles and video content describe a compilation of various soccer-related scenes, including dramatic, humorous, and intense situations in professional soccer matches and behind-the-scenes footage. The content includes on-field action, behind-the-scenes moments, and instances of high emotion or drama.

3. **Compare the thumbnail to the actual video content**: The thumbnail depicts a celebratory moment, which aligns somewhat with the theme of soccer-related content but does not specifically indicate the intensity or drama present in the video.

4. **Determine if the thumbnail accurately represents the video's main topic or content**: While the thumbnail captures a moment of celebration, it does not convey the full range of content described in the video, which includes intense and dramatic moments.

5. **Assess whether the thumbnail uses exaggeration, false promises, or clickbait tactics**: The thumbnail does not use exaggerated claims or false promises. It simply shows a celebratory moment, which is a common and relatable aspect of soccer videos.

6. **Categorize the thumbnail as either ""Misleading"" or ""Not Misleading""**: Given that the thumbnail does not fully represent the diverse content of the video (which includes intense and dramatic moments), it can be considered misleading.

7. **Explanation**: The thumbnail suggests a lighthearted or humorous context, which may not fully capture the intense and dramatic nature of the content described in the video. While the celebratory moment is part of the video, it does not encompass all the elements mentioned in the video description.

**Categorization**: Misleading

**Explanation**: The thumbnail does not accurately represent the full range of content described in the video, which includes intense and dramatic moments in addition to celebratory ones."
MyPeH4mo9mw,"### Analysis:

**Step 1:** Examine the thumbnail.
- The thumbnail features two individuals, one of whom appears to be Will Smith, with text overlaid saying ""APOLOGIZE!"" and ""NO F*CK OFF.""

**Step 2:** Read through the video subtitles and content description.
- The subtitles discuss a controversy involving Will Smith and James Corden during the 2022 Academy Awards ceremony. Will Smith apologized for the incident, while James Corden was criticized for mocking Jada Pinkett Smith.

**Step 3:** Compare the thumbnail to the actual video content.
- The thumbnail depicts a confrontation between two individuals, which aligns with the content described in the subtitles and video description. It suggests a heated exchange, which is consistent with the incident involving Will Smith and James Corden.

**Step 4:** Determine if the thumbnail accurately represents the video's main topic or content.
- The thumbnail accurately represents the main topic of the video, which is the controversy surrounding the 2022 Academy Awards ceremony and the incident involving Will Smith and James Corden.

**Step 5:** Assess whether the thumbnail uses exaggeration, false promises, or clickbait tactics.
- The thumbnail does not use any exaggerated claims or false promises. It simply depicts a scene from the incident, which is a fair representation of the content.

**Step 6:** Categorize the thumbnail as either ""Misleading"" or ""Not Misleading"".
- Based on the analysis, the thumbnail is not misleading.

**Step 7:** Provide a brief explanation for the decision.
- The thumbnail accurately reflects the content of the video, depicting a confrontation between two individuals related to the incident discussed in the subtitles and video description. There are no exaggerated claims or misleading elements in the thumbnail.

**Final Decision:** Not Misleading"
7tiWinlNTvU,"### Analysis:

**Step 1: Examine the thumbnail**
The thumbnail shows a soccer player in a blue and yellow jersey sliding on the ground, with a red arrow pointing to the player's knee area. The text accompanying the image suggests that the video might be about embarrassing moments in football.

**Step 2: Read through the video subtitles and content description**
The subtitles indicate that the video is a compilation of embarrassing moments in football history. The content description confirms this, mentioning various soccer moments and scenes, including players making mistakes, scoring opportunities, and interactions between players and officials.

**Step 3: Compare the thumbnail to the actual video content**
The thumbnail depicts a player sliding on the ground, which aligns with the theme of embarrassing moments in football. However, the specific focus on the knee area in the thumbnail does not necessarily reflect the broader content of the video, which covers a variety of embarrassing moments across different scenes.

**Step 4: Determine if the thumbnail accurately represents the video's main topic or content**
While the thumbnail captures a moment related to the theme of embarrassing moments in football, it does not provide a comprehensive representation of the entire video content. The video includes multiple scenes and moments, not just one specific incident.

**Step 5: Assess whether the thumbnail uses exaggeration, false promises, or clickbait tactics**
The thumbnail does not use exaggerated language or false promises. It accurately reflects the theme of the video but does not promise a specific incident or highlight a particular player's mistake.

**Step 6: Categorize the thumbnail**
Based on the analysis, the thumbnail is not misleading. It accurately represents the theme of the video without promising a specific incident or player.

**Step 7: Provide a brief explanation for the decision**
The thumbnail effectively conveys the theme of embarrassing moments in football but does not promise a specific incident or player. Therefore, it is not misleading.

**Final Categorization:** Not Misleading

**Explanation:** The thumbnail accurately represents the theme of the video without promising a specific incident or player, thus not using clickbait tactics."
7H86fq4ZEPw,"### Analysis of the Provided Information

#### Step 1: Examine the Thumbnail
The thumbnail shows a person performing a high-altitude stunt, specifically a paraglider soaring over a coastal area. There is a red arrow pointing towards the person, emphasizing the action.

#### Step 2: Read Through the Video Subtitles and Content Description
The subtitles and video content description indicate that the video features a reaction to a series of short clips showcasing impressive and unusual activities. These activities include paragliding, acrobatics, stunts, and other feats of skill and athleticism.

#### Step 3: Compare the Thumbnail to the Actual Video Content
The thumbnail depicts a paraglider, which is indeed one of the activities shown in the video. However, the thumbnail does not represent the full range of activities featured in the video. The video includes a variety of other stunts and activities that are not depicted in the thumbnail.

#### Step 4: Determine if the Thumbnail Accurately Represents the Video's Main Topic or Content
The thumbnail accurately represents one of the activities shown in the video (paragliding). However, it does not represent the diversity of activities showcased in the video.

#### Step 5: Assess Whether the Thumbnail Uses Exaggeration, False Promises, or Clickbait Tactics
The thumbnail does not use exaggerated claims or false promises. It accurately represents one of the activities shown in the video.

#### Step 6: Categorize the Thumbnail as Either ""Misleading"" or ""Not Misleading""
Given that the thumbnail accurately represents one of the activities shown in the video but does not represent the full range of activities, it can be considered misleading because it does not give a comprehensive overview of the content.

#### Step 7: Provide a Brief Explanation for Your Decision
The thumbnail is misleading because while it accurately represents one of the activities shown in the video (paragliding), it does not provide a comprehensive overview of the diverse range of activities featured in the video. The thumbnail focuses on a specific activity without indicating the variety of other impressive feats shown in the video.

**Categorization:** Misleading"
JMAnkCd3PAY,"### Analysis of the Provided Information

#### Step 1: Examine the Thumbnail
The thumbnail features a soccer player in a red uniform with the word ""BANNED"" prominently displayed in bold red letters against a green background. The image suggests a negative outcome related to a player being banned from a game or event.

#### Step 2: Read Through the Video Subtitles and Content Description
The subtitles mention several instances where soccer players have been banned due to their celebrations. The video content includes examples such as Rich Charlotte setting a stadium on fire, Robbie Fowler mocking fans, George Cotitis performing a Nazi salute, Nicolas Anelka's ""canal"" gesture, and Didier Drogba and Salomon Kalu's celebration that resembled a popular activist's release.

#### Step 3: Compare the Thumbnail to the Actual Video Content
The thumbnail depicts a player being banned, which aligns with the content of the video discussing various instances where soccer players have faced bans for their celebrations. However, the thumbnail does not specify which player or incident is being referenced.

#### Step 4: Determine if the Thumbnail Accurately Represents the Video's Main Topic or Content
The thumbnail accurately represents the main topic of the video, which is about soccer players being banned for their celebrations. It sets the expectation that the video will discuss specific incidents leading to bans.

#### Step 5: Assess Whether the Thumbnail Uses Exaggeration, False Promises, or Clickbait Tactics
The thumbnail does not use exaggerated language or false promises. It clearly indicates that the video will cover instances where soccer players have been banned for their celebrations, which is consistent with the content described in the subtitles and video description.

#### Step 6: Categorize the Thumbnail
Based on the analysis, the thumbnail is not misleading because it accurately represents the main topic of the video. It does not use clickbait tactics or exaggerate the content.

#### Step 7: Provide a Brief Explanation for the Decision
The thumbnail accurately reflects the content of the video, which discusses various instances where soccer players have been banned for their celebrations. There is no exaggeration or misleading information present in the thumbnail.

### Final Categorization
**Categorization:** Not Misleading

**Explanation:** The thumbnail accurately represents the main topic of the video, which is about soccer players being banned for their celebrations. It does not use exaggerated language or false promises."
TR85vVWguxs,"### Analysis:

1. **Examine the thumbnail**: The thumbnail shows a shirtless soccer player on a field, with a female figure in the background. The image suggests a focus on a specific player or event related to soccer.

2. **Read the subtitles and video content**: The subtitles and video content describe a compilation of various soccer moments, including professional matches, casual games, and fan reactions. The content does not specifically highlight a single player or a particular event involving a shirtless player.

3. **Compare the thumbnail to the actual video content**: The thumbnail depicts a shirtless player, which is not a consistent theme throughout the video. The video content includes a variety of soccer scenes but does not prominently feature a shirtless player.

4. **Determine if the thumbnail accurately represents the video's main topic or content**: The thumbnail does not accurately represent the diverse range of content in the video. It suggests a specific focus that is not present in the actual video.

5. **Assess whether the thumbnail uses exaggeration, false promises, or clickbait tactics**: The thumbnail uses clickbait tactics by suggesting a specific event (a shirtless player) that is not the main focus of the video.

6. **Categorize the thumbnail**: Based on the analysis, the thumbnail is misleading.

7. **Explanation**: The thumbnail exaggerates the content by focusing on a specific element (a shirtless player) that is not the primary theme of the video. It uses clickbait tactics to attract viewers who might be interested in a particular event or player, which is not the case in the actual video content.

### Final Decision:
**Misleading**

**Explanation:** The thumbnail uses clickbait tactics by suggesting a specific event (a shirtless player) that is not the main focus of the video. It does not accurately represent the diverse range of content in the video, which includes professional matches, casual games, and fan reactions."
xH00dGYaxZk,"### Analysis of the Thumbnail

**Thumbnail Description:** The thumbnail features a man covering his eyes with a large yellow arrow pointing towards a group of soccer players in action on the field. The image suggests a dramatic or intense moment involving the players.

**Video Content Description:** The video is a compilation of various soccer moments, including intense gameplay, celebrations, controversies, and unexpected events. It showcases the full spectrum of emotions and actions in soccer, from intense competition and skillful play to celebrations, controversies, and unexpected interruptions.

**Comparison:**
- **Thumbnail:** The thumbnail depicts a dramatic moment involving players, which could imply a high-stakes or intense situation.
- **Video Content:** While the video includes intense and dramatic moments, the thumbnail does not specifically highlight any particular intense or controversial moment. Instead, it seems to represent a general sense of action and excitement within the sport.

**Assessment:**
- The thumbnail does not accurately represent a specific intense or controversial moment from the video. It appears to be a generic representation of action and excitement rather than highlighting a particular dramatic event.
- There is no exaggeration or false promise in the thumbnail; it simply suggests a general sense of action and excitement, which aligns with the overall theme of the video.

**Categorization:** Not Misleading

**Explanation:** The thumbnail accurately represents the general theme of the video, which is a compilation of various soccer moments, including intense gameplay and dramatic events. It does not mislead viewers into expecting a specific intense or controversial moment that is not necessarily depicted in the thumbnail."
_n84OESThE4,"### Analysis:

1. **Examine the thumbnail**: The thumbnail shows a shirtless individual being restrained by security personnel on a soccer field. There are no clear indicators of the content or context related to the video's actual scenes.

2. **Read the subtitles and video content**: The subtitles and video content describe various soccer-related scenes, including matches, huddles, and interactions between players and fans. The content does not mention any shirtless individuals or security personnel restraining someone.

3. **Compare the thumbnail to the actual video content**: The thumbnail depicts a scenario that is not present in the video content described. It shows a chaotic scene involving a pitch invader, which is a specific incident mentioned in the video but is not the primary focus of the thumbnail.

4. **Determine if the thumbnail accurately represents the video's main topic or content**: The thumbnail does not accurately represent the main topics or content of the video. It introduces a completely unrelated event (a shirtless individual being restrained) that is not depicted in the video.

5. **Assess whether the thumbnail uses exaggeration, false promises, or clickbait tactics**: The thumbnail uses clickbait tactics by suggesting a dramatic and unusual event (a shirtless individual being restrained) that is not part of the video content.

6. **Categorize the thumbnail**: Based on the analysis, the thumbnail is misleading.

7. **Explanation**: The thumbnail exaggerates the content of the video by showing a chaotic scene involving a pitch invader, which is a specific incident mentioned in the video but is not the primary focus. It uses clickbait tactics to attract viewers by suggesting a dramatic and unusual event that is not depicted in the video.

### Final Decision:
**Misleading**

**Explanation**: The thumbnail introduces a completely unrelated event (a shirtless individual being restrained) that is not depicted in the video content, using clickbait tactics to attract viewers."
hIv5AC_8zak,"### Analysis of the Provided Information

#### Step 1: Examine the Thumbnail
The thumbnail shows a soccer ball being held by hands with spiky claws, accompanied by a tag indicating a price reduction of $100k. This image is highly unusual and does not resemble any typical soccer-related imagery.

#### Step 2: Read Through the Video Subtitles and Content Description
The subtitles and video content appear to be a compilation of various moments and controversies from professional soccer matches. The content includes discussions about star players, on-field incidents, and behind-the-scenes glimpses. There is no mention of a soccer ball being held by spiky-clawed hands or any reference to a price reduction.

#### Step 3: Compare the Thumbnail to the Actual Video Content
The thumbnail depicts a completely unrelated scene to the content described in the video. It features a soccer ball and spiky claws, which are not elements typically associated with soccer or the topics discussed in the video.

#### Step 4: Determine if the Thumbnail Accurately Represents the Video's Main Topic or Content
The thumbnail does not represent the video's main topic or content. It is entirely unrelated to the compilation of soccer moments and controversies described in the video.

#### Step 5: Assess Whether the Thumbnail Uses Exaggeration, False Promises, or Clickbait Tactics
The thumbnail uses exaggerated and misleading imagery to attract viewers. It suggests a dramatic and unusual scenario (a soccer ball held by spiky claws) that has nothing to do with the actual content of the video.

#### Step 6: Categorize the Thumbnail
Based on the analysis, the thumbnail is clearly misleading.

#### Step 7: Provide a Brief Explanation for the Decision
The thumbnail uses exaggerated and unrelated imagery to attract viewers, which is not representative of the actual content of the video. It does not accurately reflect the compilation of soccer moments and controversies discussed in the video. Therefore, the thumbnail is misleading.

### Final Categorization: Misleading"
j8kpcFHY_VU,"### Analysis of the Provided Information

#### Step 1: Examine the Thumbnail
The thumbnail features two individuals kissing, with a large red arrow pointing to the word ""GAY?"" in bold letters. The background is a green soccer field.

#### Step 2: Read Through the Video Subtitles and Content Description
The subtitles and video content appear to focus on Cristiano Ronaldo's career achievements, personal moments, and financial success. The video does not mention anything related to sexual orientation or romantic relationships between individuals.

#### Step 3: Compare the Thumbnail to the Actual Video Content
The thumbnail depicts a romantic kiss between two individuals, which is unrelated to the content described in the video. The video content is about Cristiano Ronaldo's career and achievements, not about his sexual orientation or romantic relationships.

#### Step 4: Determine if the Thumbnail Accurately Represents the Video's Main Topic or Content
The thumbnail does not accurately represent the video's main topic or content. It suggests a romantic theme that is not present in the video.

#### Step 5: Assess Whether the Thumbnail Uses Exaggeration, False Promises, or Clickbait Tactics
The thumbnail uses clickbait tactics by suggesting a romantic theme that is not present in the video content. It is designed to attract viewers by promising content that is not actually delivered.

#### Step 6: Categorize the Thumbnail as Either ""Misleading"" or ""Not Misleading""
The thumbnail is clearly misleading.

#### Step 7: Provide a Brief Explanation for Your Decision
The thumbnail uses clickbait tactics by suggesting a romantic theme that is not present in the video content. It misleads viewers by implying that the video will discuss Cristiano Ronaldo's romantic relationships or sexual orientation, which is not the case. The thumbnail does not accurately represent the video's main topic or content, which focuses on Ronaldo's career achievements and financial success."
I2A1tz9ftz4,"### Analysis of the Provided Information

#### Step 1: Examine the Thumbnail
The thumbnail features two individuals on a soccer field, one of whom is labeled as ""CLOWN."" The image suggests a confrontation or interaction between a YouTuber and a footballer.

#### Step 2: Read Through the Video Subtitles and Content Description
The subtitles describe a series of confrontations between YouTubers and footballers, highlighting moments where the YouTubers were embarrassed or defeated. The content includes specific examples such as a YouTuber challenging Cristiano Ronaldo, which resulted in Ronaldo humiliating the YouTuber.

#### Step 3: Compare the Thumbnail to the Actual Video Content
The thumbnail depicts a scene involving a YouTuber and a footballer, which aligns with the content described in the subtitles. However, the thumbnail does not provide any context about the nature of the confrontations or the outcomes.

#### Step 4: Determine if the Thumbnail Accurately Represents the Video's Main Topic or Content
The thumbnail accurately represents the main topic of the video, which involves YouTubers challenging footballers and being embarrassed or defeated. However, the thumbnail does not convey the specific details or the outcomes of the confrontations.

#### Step 5: Assess Whether the Thumbnail Uses Exaggeration, False Promises, or Clickbait Tactics
The thumbnail does not use exaggerated language or false promises. It simply shows a confrontation between a YouTuber and a footballer, which is consistent with the video content.

#### Step 6: Categorize the Thumbnail
Based on the analysis, the thumbnail is **Not Misleading**.

#### Explanation:
The thumbnail accurately represents the main topic of the video, which involves YouTubers challenging footballers and being embarrassed or defeated. While it does not provide specific details about the outcomes or the nature of the confrontations, it does not use exaggerated language or false promises. Therefore, it does not mislead viewers about the content of the video."
YaY5V9TCO0A,"### Analysis of the Provided Information

#### Step 1: Examine the Thumbnail
The thumbnail shows a child interacting with a large dolphin on a beach. There is a red arrow pointing towards the dolphin, suggesting that the dolphin is the focus of the video.

#### Step 2: Read Through the Video Subtitles and Content Description
The subtitles and video content description indicate that the video is a reaction or commentary video where the creator is reacting to various short clips, likely from TikTok or similar platforms. The clips feature children and young people demonstrating skills, participating in activities, or in humorous situations. The creator reacts with surprise, amusement, and disbelief to the content they are viewing.

#### Step 3: Compare the Thumbnail to the Actual Video Content
The thumbnail depicts a child interacting with a large dolphin, which is not mentioned in the video description. The video content consists of various clips of children and young people engaging in different activities, none of which involve a child interacting with a dolphin.

#### Step 4: Determine if the Thumbnail Accurately Represents the Video's Main Topic or Content
The thumbnail does not accurately represent the video's main topic or content. It suggests that the video is about a child interacting with a dolphin, which is not true based on the video description.

#### Step 5: Assess Whether the Thumbnail Uses Exaggeration, False Promises, or Clickbait Tactics
The thumbnail uses exaggerated imagery (a large dolphin) and a misleading context (a child interacting with a dolphin) to attract viewers, which aligns with clickbait tactics.

#### Step 6: Categorize the Thumbnail as Either ""Misleading"" or ""Not Misleading""
Based on the analysis, the thumbnail is misleading.

#### Step 7: Provide a Brief Explanation for Your Decision
The thumbnail uses exaggerated imagery and a misleading context to attract viewers, which is not aligned with the actual content of the video. The video is a reaction commentary on various clips of children and young people demonstrating skills and engaging in activities, none of which involve a child interacting with a dolphin. Therefore, the thumbnail is misleading."
pBd14qS4Ims,"### Analysis of the Provided Information

#### Step 1: Examine the Thumbnail
The thumbnail features a soccer player with a distressed expression, accompanied by a document marked with a large ""F-"" grade and the text ""YOU SUCK."" 

#### Step 2: Read Through the Video Subtitles and Content Description
The subtitles suggest that the video is about revealing ""10 things Kylian Mbappé wanted to keep secret,"" including a ""biggest secret"" related to his career. The content description mentions various career highlights, achievements, and personal moments of the player, but does not explicitly mention any secrets or controversial incidents.

#### Step 3: Compare the Thumbnail to the Actual Video Content
The thumbnail depicts a negative scenario involving a grade and a critical message, which contrasts sharply with the content described in the video description. The video seems to focus on positive aspects of the player's career and personal life, rather than revealing secrets or controversial incidents.

#### Step 4: Determine if the Thumbnail Accurately Represents the Video's Main Topic or Content
The thumbnail does not accurately represent the video's main topic or content. It suggests a negative narrative about the player, which is not supported by the video description.

#### Step 5: Assess Whether the Thumbnail Uses Exaggeration, False Promises, or Clickbait Tactics
The thumbnail uses exaggerated language (""YOU SUCK"") and a negative grade to create a sense of controversy or drama, which is not reflected in the actual video content.

#### Step 6: Categorize the Thumbnail as Either ""Misleading"" or ""Not Misleading""
Based on the analysis, the thumbnail is misleading.

#### Step 7: Provide a Brief Explanation for Your Decision
The thumbnail exaggerates a negative scenario involving a grade and a critical message, which is not aligned with the actual content of the video. The video focuses on positive aspects of the player's career and personal life, and does not contain any secrets or controversial incidents as suggested by the thumbnail. Therefore, the thumbnail uses clickbait tactics to attract viewers, making it misleading."
9uoGxne4W54,"### Analysis:

**Step 1:** Examine the thumbnail.
The thumbnail features a soccer player in a red jersey being interviewed on a football field with sponsor logos in the background. The text overlay reads ""ARE YOU STUPID?"" 

**Step 2:** Read through the video subtitles and content description.
The subtitles and video content appear to be a compilation of interviews and moments from professional soccer players and coaches. The video does not seem to contain any instances where a player is asked a question that could be interpreted as ""stupid."" Instead, the content seems to focus on serious discussions about team dynamics, strategies, and emotions related to matches and competitions.

**Step 3:** Compare the thumbnail to the actual video content.
The thumbnail suggests a scenario where a player is being asked a ""stupid"" question, which is not reflected in the video content. The video primarily shows interviews and discussions that are more serious and focused on professional topics rather than humorous or insulting exchanges.

**Step 4:** Determine if the thumbnail accurately represents the video's main topic or content.
The thumbnail does not accurately represent the video's content. It implies a situation that is not present in the video, which is a misleading representation.

**Step 5:** Assess whether the thumbnail uses exaggeration, false promises, or clickbait tactics.
The thumbnail uses clickbait tactics by suggesting that the video contains a humorous or insulting exchange between a player and an interviewer, which is not the case.

**Step 6:** Categorize the thumbnail as either ""Misleading"" or ""Not Misleading.""
Based on the analysis, the thumbnail is misleading.

**Step 7:** Provide a brief explanation for the decision.
The thumbnail exaggerates the content of the video by implying that a player is being asked a ""stupid"" question, which is not true based on the video content. This misleads viewers into expecting a humorous or insulting interaction that does not exist in the video."
0GTiwWHYMlQ,"### Analysis:

1. **Examine the thumbnail**: The thumbnail shows two babies playing with a hose, with one baby spraying water at the other. The image suggests a playful and lighthearted interaction between the babies.

2. **Read the subtitles and video content**: The subtitles do not provide any specific details about the content of the video. They seem to be part of a closing segment where the creator thanks the audience and encourages them to subscribe.

3. **Compare the thumbnail to the actual video content**: The video content described includes a variety of scenes involving animals and people in different settings, which does not align with the playful interaction depicted in the thumbnail.

4. **Determine if the thumbnail accurately represents the video's main topic or content**: The thumbnail does not accurately represent the video's main topic or content. It suggests a playful interaction between babies, but the video content is a compilation of various amusing and surprising animal and human interactions.

5. **Assess whether the thumbnail uses exaggeration, false promises, or clickbait tactics**: The thumbnail does not use exaggeration, false promises, or clickbait tactics. However, it misleads viewers by suggesting a specific type of content (playful interaction between babies) when the video actually contains a variety of different scenes.

6. **Categorize the thumbnail**: Based on the analysis, the thumbnail is misleading.

7. **Explanation**: The thumbnail suggests a playful interaction between babies, which is not the main focus of the video. The video content is a compilation of various amusing and surprising animal and human interactions, which is quite different from the playful interaction shown in the thumbnail. Therefore, the thumbnail is misleading.

**Categorization**: Misleading"
5teThcYJ7w4,"### Analysis:

1. **Examine the thumbnail**: The thumbnail shows a person in a bikini running alongside a soccer player in a match setting. The image suggests a mix of sports action and a casual, possibly humorous or unexpected scenario.

2. **Read the subtitles and video content**: The subtitles and video content describe a series of soccer-related scenes, including matches, celebrations, and behind-the-scenes moments. The content does not mention any bikini-clad individuals or humorous scenarios involving soccer players.

3. **Compare the thumbnail to the actual video content**: The thumbnail depicts a bikini-clad individual running next to a soccer player, which is not present in the video content. The video focuses on various soccer-related scenes without any such elements.

4. **Determine if the thumbnail accurately represents the video's main topic or content**: The thumbnail does not accurately represent the video's content. It introduces an element (a bikini-clad individual) that is not part of the actual video.

5. **Assess whether the thumbnail uses exaggeration, false promises, or clickbait tactics**: The thumbnail uses clickbait tactics by suggesting a humorous or unexpected scenario that is not present in the video content.

6. **Categorize the thumbnail**: Based on the analysis, the thumbnail is misleading.

7. **Explanation**: The thumbnail exaggerates the content by introducing an element (a bikini-clad individual) that is not part of the actual video. This creates a false promise to the viewer, leading them to expect something different from the actual content.

### Final Decision:
**Misleading**

**Explanation**: The thumbnail uses clickbait tactics by suggesting a humorous or unexpected scenario involving a bikini-clad individual, which is not present in the actual video content."
ut-1yFa6WYo,"### Analysis of the Provided Information

#### Step 1: Examine the Thumbnail
The thumbnail shows a child in a blue shirt standing next to a wall with a large hole in it, surrounded by colorful paint splatters. There is a red arrow pointing towards the hole, and a man in a red shirt and cap is pointing at the hole.

#### Step 2: Read Through the Video Subtitles and Content Description
The subtitles and video description indicate that the video is a compilation of amusing child-related clips, with a content creator reacting to them in real-time. The content creator comments on the children's antics, which include various mischievous and playful behaviors.

#### Step 3: Compare the Thumbnail to the Actual Video Content
The thumbnail depicts a child standing next to a wall with a large hole and paint splatters, which suggests a scene involving damage or destruction. However, the video content description does not mention any specific incident of damage or destruction. Instead, it focuses on the playful and mischievous behaviors of children.

#### Step 4: Determine if the Thumbnail Accurately Represents the Video's Main Topic or Content
The thumbnail does not accurately represent the main topic or content of the video. It implies a scene of damage or destruction, which is not the focus of the video.

#### Step 5: Assess Whether the Thumbnail Uses Exaggeration, False Promises, or Clickbait Tactics
The thumbnail uses exaggerated imagery (a large hole and paint splatters) to attract viewers, which is misleading. It does not reflect the actual content of the video, which is focused on children's playful and mischievous behaviors.

#### Step 6: Categorize the Thumbnail as Either ""Misleading"" or ""Not Misleading""
Based on the analysis, the thumbnail is misleading.

#### Step 7: Provide a Brief Explanation for Your Decision
The thumbnail uses exaggerated imagery (a large hole and paint splatters) to attract viewers, which is misleading. It does not reflect the actual content of the video, which is focused on children's playful and mischievous behaviors. Therefore, the thumbnail is misleading."
L_q-2Ov2Gnw,"Categorization: Misleading

Explanation: The thumbnail depicts a soccer player performing an impressive trick with stacked soccer balls, which is visually striking and likely intended to attract viewers. However, the video content described does not feature any such trick or similar visual elements. Instead, the video seems to be a compilation of various scenes from the player's career, including behind-the-scenes footage, celebrations, and news headlines about controversies. The thumbnail does not accurately represent the video's main topics or content, thus misleading viewers about what they can expect from the video."
yL7rpPPXTSI,"### Analysis:

1. **Examine the thumbnail**: The thumbnail shows a baby sitting inside a large watermelon, with a laughing emoji next to it. The image is humorous and playful, suggesting a lighthearted and amusing video.

2. **Read the subtitles and video content**: The subtitles and video content appear to be a compilation of various amusing or unexpected animal and human interactions. The video does not seem to focus on a specific theme related to the thumbnail.

3. **Compare the thumbnail to the actual video content**: The thumbnail depicts a baby in a watermelon, which is a humorous and unexpected scenario. However, the video content described involves a variety of different scenes, including animals and everyday situations, rather than focusing on a single, specific interaction.

4. **Determine if the thumbnail accurately represents the video's main topic or content**: The thumbnail does not accurately represent the main topic or content of the video. While the video might include some humorous elements, the thumbnail suggests a specific and exaggerated scenario (a baby in a watermelon) that is not necessarily reflected in the rest of the video.

5. **Assess whether the thumbnail uses exaggeration, false promises, or clickbait tactics**: The thumbnail uses exaggeration by suggesting a specific and unusual scenario that is not necessarily present in the rest of the video.

6. **Categorize the thumbnail as either ""Misleading"" or ""Not Misleading""**: Given the discrepancy between the thumbnail and the actual video content, the thumbnail is misleading.

7. **Explanation**: The thumbnail exaggerates the content of the video by suggesting a specific and unusual scenario (a baby in a watermelon) that is not necessarily reflected in the rest of the video. This creates a misleading expectation for the viewer.

**Categorization**: Misleading

**Explanation**: The thumbnail uses exaggeration by suggesting a specific and unusual scenario that is not necessarily present in the rest of the video, leading to a misleading expectation for the viewer."
ItoSYiCOzFg,"### Analysis of the Provided Information

#### Step 1: Examine the Thumbnail
The thumbnail shows a young child in an orange jumpsuit, seemingly restrained by chains, with a group of uniformed individuals in the background. The child has a painted face, which might suggest a theatrical or staged scenario rather than a real-life event.

#### Step 2: Read Through the Video Subtitles and Content Description
The subtitles and video content appear to be a compilation of various short clips reacting to different scenarios involving children. The clips seem to depict amusing, surprising, or chaotic moments involving children, with the creator reacting to each clip. The content includes scenes of children in various settings, some of which may involve mischief or playful behavior.

#### Step 3: Compare the Thumbnail to the Actual Video Content
The thumbnail depicts a child in a restraints setting, which is not directly related to the content described in the video description. The video content focuses on various clips of children in different situations, with the creator reacting humorously to each scene.

#### Step 4: Determine if the Thumbnail Accurately Represents the Video's Main Topic or Content
The thumbnail does not accurately represent the video's main topic or content. It suggests a serious or dramatic scenario involving a child in restraints, which is not depicted in the video clips shown in the description.

#### Step 5: Assess Whether the Thumbnail Uses Exaggeration, False Promises, or Clickbait Tactics
The thumbnail uses exaggerated imagery (a child in restraints) to attract viewers, which is misleading because the video content does not feature such a scenario.

#### Step 6: Categorize the Thumbnail as Either ""Misleading"" or ""Not Misleading""
Based on the analysis, the thumbnail is **Misleading**.

#### Step 7: Provide a Brief Explanation for the Decision
The thumbnail uses exaggerated imagery (a child in restraints) to attract viewers, which is misleading because the video content does not feature such a scenario. The thumbnail does not accurately represent the video's main topic or content, which involves various clips of children in different situations, with the creator reacting humorously to each scene."
o7qPt6O_CXM,"### Analysis:

1. **Examine the thumbnail**: The thumbnail features two football players, Cristiano Ronaldo and Lionel Messi, embracing each other with the text ""LOVE YOU BRO"" overlaid. The image suggests a friendly and positive interaction between the two players.

2. **Read the subtitles and video content**: The subtitles and video content do not explicitly mention ""LOVE YOU BRO"" or any similar phrase. Instead, they focus on various football-related moments, including matches, celebrations, and personal interactions among players and fans.

3. **Compare the thumbnail to the actual video content**: The thumbnail depicts a friendly interaction between Ronaldo and Messi, which aligns with the content of the video. However, the text ""LOVE YOU BRO"" is not part of the video content and seems to be added for dramatic effect or to create a specific mood.

4. **Determine if the thumbnail accurately represents the video's main topic or content**: While the thumbnail accurately represents a friendly interaction between the two players, the text ""LOVE YOU BRO"" is not part of the actual video content. It introduces a personal and emotional element that is not necessarily reflected in the rest of the video.

5. **Assess whether the thumbnail uses exaggeration, false promises, or clickbait tactics**: The thumbnail does not use exaggerated claims or false promises. It simply presents a scene that is likely to be emotionally resonant for fans of the sport.

6. **Categorize the thumbnail**: Given that the text ""LOVE YOU BRO"" is not part of the actual video content and is added for dramatic effect, the thumbnail could be considered misleading as it introduces a personal and emotional element that is not necessarily reflected in the rest of the video.

### Conclusion:

**Categorization: Misleading**

**Explanation:** The thumbnail introduces a personal and emotional element (""LOVE YOU BRO"") that is not part of the actual video content. While the scene depicted in the thumbnail accurately represents a friendly interaction between the two players, the addition of the text ""LOVE YOU BRO"" may mislead viewers into expecting a more personal or emotional narrative that is not present in the rest of the video."
sSuLkeK0Cv0,"### Analysis of the Provided Information

#### Step 1: Examine the Thumbnail
The thumbnail shows a baby lifting a heavy barbell in a gym setting. There is a red arrow pointing to the baby, emphasizing the action.

#### Step 2: Read Through the Video Subtitles and Content Description
The subtitles and video description indicate that the video is a compilation of reaction clips where the creator reacts to various short video clips. The content includes a mix of humorous and light-hearted moments, such as a dog licking someone's face, a person getting a piercing without their mother knowing, and a game show question about the Reina Sofia Art Center.

#### Step 3: Compare the Thumbnail to the Actual Video Content
The thumbnail depicts a baby lifting a heavy barbell, which is an unusual and potentially dangerous activity for a child. The video content, however, consists of a series of humorous and light-hearted reaction clips, none of which involve a baby lifting weights.

#### Step 4: Determine if the Thumbnail Accurately Represents the Video's Main Topic or Content
The thumbnail does not accurately represent the video's main topic or content. It suggests that the video involves a baby performing a dangerous activity, which is not the case.

#### Step 5: Assess Whether the Thumbnail Uses Exaggeration, False Promises, or Clickbait Tactics
The thumbnail uses exaggerated imagery (a baby lifting a heavy barbell) to attract viewers, which is misleading. It does not align with the actual content of the video.

#### Step 6: Categorize the Thumbnail
Categorization: Misleading

#### Step 7: Provide a Brief Explanation for the Decision
The thumbnail is misleading because it shows a baby lifting a heavy barbell, which is not depicted in the actual video content. The video is a compilation of reaction clips featuring humorous and light-hearted moments, not a scene involving a baby lifting weights. The thumbnail uses exaggerated imagery to attract viewers, which is not appropriate for the content of the video."
VtiviDjIOVM,"### Analysis:

1. **Examine the thumbnail**: The provided thumbnail does not match the content described in the video description. The thumbnail shows a close-up of what appears to be a human finger with a pattern resembling a honeycomb structure, which is not related to the animated sequence described in the video.

2. **Read through the subtitles and content description**: The subtitles are not visible in the provided information, so we cannot assess them directly. However, the video description focuses on an animated sequence involving peculiar cartoon characters in a whimsical setting, which contrasts sharply with the thumbnail image.

3. **Compare the thumbnail to the actual video content**: The thumbnail depicts a human finger with a honeycomb pattern, while the video content describes an animated sequence with cartoon characters in a surreal environment.

4. **Determine if the thumbnail accurately represents the video's main topic or content**: The thumbnail does not represent the animated sequence or the cartoon characters described in the video. It is completely unrelated to the content.

5. **Assess whether the thumbnail uses exaggeration, false promises, or clickbait tactics**: The thumbnail uses clickbait tactics by suggesting a video about a human finger with a honeycomb pattern, which is entirely unrelated to the animated content described.

6. **Categorize the thumbnail as either ""Misleading"" or ""Not Misleading""**: Based on the analysis, the thumbnail is clearly misleading.

7. **Provide a brief explanation for your decision**: The thumbnail is misleading because it shows a human finger with a honeycomb pattern, which has no relation to the animated sequence involving cartoon characters described in the video. This creates false expectations and misleads viewers into believing they will watch a video about a human finger when they are actually going to watch an animated cartoon sequence."
Jeb0d18y08M,"### Analysis:

1. **Examine the thumbnail**: The thumbnail features a soccer player in a celebratory pose alongside a dog, with a laughing emoji overlaid. The image suggests a humorous or lighthearted context, likely involving a comedic or unexpected event related to soccer.

2. **Read the subtitles and video content**: The subtitles contain phrases like ""Ronaldo,"" ""in the name of God,"" ""brutal barbecue on the ball,"" and ""4WD operation."" These phrases suggest a humorous or exaggerated scenario involving a famous soccer player, Ronaldo, and a dog.

3. **Compare the thumbnail to the actual video content**: The video content appears to be a compilation of various soccer scenes, including professional matches, amateur games, and training sessions. There is no indication in the video content that it involves a famous soccer player interacting humorously with a dog.

4. **Determine if the thumbnail accurately represents the video's main topic or content**: The thumbnail does not accurately represent the video's main topic or content. It suggests a humorous interaction involving a famous soccer player and a dog, which is not depicted in the video content.

5. **Assess whether the thumbnail uses exaggeration, false promises, or clickbait tactics**: The thumbnail uses exaggerated imagery and text to attract viewers, promising a humorous or unexpected event involving a famous soccer player and a dog. This is likely intended to generate interest and clicks.

6. **Categorize the thumbnail as either ""Misleading"" or ""Not Misleading""**: Based on the analysis, the thumbnail is misleading.

7. **Explanation**: The thumbnail exaggerates the content by suggesting a humorous interaction involving a famous soccer player and a dog, which is not depicted in the video content. It uses clickbait tactics to attract viewers, promising an unexpected and entertaining event that is not actually shown.

### Final Decision:
**Misleading**

**Explanation**: The thumbnail uses exaggerated imagery and text to promise a humorous interaction involving a famous soccer player and a dog, which is not depicted in the video content. This misleads viewers into expecting a specific type of content that is not delivered."
K-vFXJfCes8,"### Analysis of the Provided Information

#### Step 1: Examine the Thumbnail
The thumbnail features a person in an orange prison uniform holding a sign that reads ""ID: RONALDO 007007007."" The background appears to be a typical mugshot backdrop.

#### Step 2: Read Through the Video Subtitles and Content Description
The subtitles and video content describe a biographical montage of Cristiano Ronaldo's career and personal life. The video does not mention any criminal activity or imprisonment.

#### Step 3: Compare the Thumbnail to the Actual Video Content
The thumbnail depicts Cristiano Ronaldo in a prison uniform, which is completely unrelated to the content described in the video. The video is a biographical montage focusing on his career and personal life, not a depiction of him in prison.

#### Step 4: Determine if the Thumbnail Accurately Represents the Video's Main Topic or Content
The thumbnail does not accurately represent the video's main topic or content. It misleads viewers by suggesting that the video contains content about Cristiano Ronaldo being in prison, which is not true based on the video description.

#### Step 5: Assess Whether the Thumbnail Uses Exaggeration, False Promises, or Clickbait Tactics
The thumbnail uses clickbait tactics by suggesting that the video contains content about Cristiano Ronaldo being in prison, which is not true. It exaggerates the content by implying a dramatic or controversial scenario that is not present in the video.

#### Step 6: Categorize the Thumbnail as Either ""Misleading"" or ""Not Misleading""
The thumbnail is clearly misleading.

#### Step 7: Provide a Brief Explanation for Your Decision
The thumbnail misleads viewers by depicting Cristiano Ronaldo in a prison uniform, which is unrelated to the actual content of the video. It uses clickbait tactics to attract viewers by suggesting a dramatic or controversial scenario that is not present in the video. Therefore, the thumbnail is misleading."
iKz0atbJ86o,"### Analysis of the Provided Information

#### Step 1: Examine the Thumbnail
The thumbnail shows a soccer player juggling three soccer balls, which suggests a focus on soccer skills and tricks.

#### Step 2: Read Through the Video Subtitles and Content Description
The subtitles and video content description mention various soccer-related scenes, including interviews about pre-game rituals and personal anecdotes about players' habits. The content does not explicitly focus on soccer skills or tricks.

#### Step 3: Compare the Thumbnail to the Actual Video Content
The thumbnail depicts a soccer player juggling balls, which is a specific skill often associated with soccer tricks. However, the video content includes a mix of soccer-related scenes, interviews about pre-game rituals, and personal anecdotes about players' habits, which do not directly relate to soccer skills or tricks.

#### Step 4: Determine if the Thumbnail Accurately Represents the Video's Main Topic or Content
The thumbnail does not accurately represent the main topic or content of the video. While the video does include soccer-related scenes, the focus is more on interviews and personal anecdotes rather than showcasing soccer skills or tricks.

#### Step 5: Assess Whether the Thumbnail Uses Exaggeration, False Promises, or Clickbait Tactics
The thumbnail uses clickbait tactics by suggesting that the video will showcase soccer skills or tricks, which is not the primary focus of the video content.

#### Step 6: Categorize the Thumbnail as Either ""Misleading"" or ""Not Misleading""
Based on the analysis, the thumbnail is misleading because it suggests that the video will showcase soccer skills or tricks, which is not the primary focus of the video content.

#### Step 7: Provide a Brief Explanation for Your Decision
The thumbnail uses clickbait tactics by promising to showcase soccer skills or tricks, which is not the primary focus of the video content. The video includes interviews about pre-game rituals and personal anecdotes about players' habits, which do not directly relate to soccer skills or tricks. Therefore, the thumbnail is misleading."
BRu17osgEoo,"### Analysis of the Provided Information

#### Step 1: Examine the Thumbnail
The thumbnail depicts a military scene with a soldier holding a rifle, a helicopter in the background, and flames in the foreground. There is no direct reference to Lionel Messi or any soccer-related imagery in the thumbnail.

#### Step 2: Read Through the Video Subtitles and Content Description
The subtitles and video content focus on the life and achievements of Lionel Messi, highlighting his career milestones, family connections, and personal stories. The content does not mention any military themes or imagery.

#### Step 3: Compare the Thumbnail to the Actual Video Content
The thumbnail shows a completely unrelated scene (military operations) to the content of the video (Lionel Messi's life story).

#### Step 4: Determine if the Thumbnail Accurately Represents the Video's Main Topic or Content
The thumbnail does not represent the main topic or content of the video. It is entirely unrelated to the subject matter discussed in the video.

#### Step 5: Assess Whether the Thumbnail Uses Exaggeration, False Promises, or Clickbait Tactics
The thumbnail uses clickbait tactics by suggesting a military theme that is not present in the video content. It misleads viewers into expecting a video about military operations when the actual content is about Lionel Messi's life story.

#### Step 6: Categorize the Thumbnail
Categorization: **Misleading**

#### Step 7: Provide a Brief Explanation for the Decision
The thumbnail uses a military theme to attract viewers, which is completely unrelated to the actual content of the video. This creates a misleading impression that the video contains content about military operations when it is focused on the life and achievements of Lionel Messi. Therefore, the thumbnail is misleading."
YUfaIIh3pRM,"### Analysis of the Provided Information

#### Step 1: Examine the Thumbnail
The thumbnail depicts a person performing a high-flying stunt against a backdrop of a cityscape, with a large rock held in another person's hand. The image suggests a dramatic and potentially dangerous scenario involving physical stunts or extreme sports.

#### Step 2: Read Through the Video Subtitles and Content Description
The subtitles and video description indicate that the video is a reaction video where a streamer or content creator is reacting to a series of short clips or TikTok videos. The content includes various unexpected moments and reactions, such as a child breaking a window, a dog's instinct leading to a surprising outcome, and other miscellaneous events.

#### Step 3: Compare the Thumbnail to the Actual Video Content
The thumbnail shows a person performing a stunt, which is not directly related to the content described in the video subtitles and video description. The video does not feature any stunts or extreme sports; instead, it focuses on reactions to various short clips.

#### Step 4: Determine if the Thumbnail Accurately Represents the Video's Main Topic or Content
The thumbnail does not accurately represent the video's main topic or content. It suggests a high-energy, action-packed scenario that is not present in the actual video.

#### Step 5: Assess Whether the Thumbnail Uses Exaggeration, False Promises, or Clickbait Tactics
The thumbnail uses exaggerated imagery (a person performing a stunt) to attract viewers, which is misleading because the actual video content is entirely different.

#### Step 6: Categorize the Thumbnail as Either ""Misleading"" or ""Not Misleading""
Based on the analysis, the thumbnail is **Misleading**.

#### Step 7: Provide a Brief Explanation for Your Decision
The thumbnail uses exaggerated imagery to attract viewers, suggesting a high-energy, action-packed scenario that is not present in the actual video. The content of the video is a reaction to various short clips, which is completely different from the stunt depicted in the thumbnail. Therefore, the thumbnail is misleading."
7PCgHh4tCow,"### Analysis of the Provided Information

#### Step 1: Examine the Thumbnail
The thumbnail depicts a person in a casino-like environment, wearing pink pants and a top with watermelon slices superimposed over the chest area. The background includes slot machines and other casino elements.

#### Step 2: Read Through the Video Subtitles and Content Description
The subtitles and video content description indicate a series of contentious public encounters and incidents, including confrontations, arguments, and physical altercations. The video highlights various incidents of public disputes or confrontations, likely curated to showcase problematic behavior or challenging social situations.

#### Step 3: Compare the Thumbnail to the Actual Video Content
The thumbnail shows a person in a casino setting, which aligns with the video content mentioning a casino environment. However, the thumbnail does not visually represent the diverse range of confrontations and incidents described in the video content. It focuses on a single setting (casino) rather than the broader array of locations and types of incidents shown in the video.

#### Step 4: Determine if the Thumbnail Accurately Represents the Video's Main Topic or Content
The thumbnail does not accurately represent the main topics or content of the video. While the video includes scenes set in a casino, the thumbnail does not capture the full scope of the video's content, which includes various public disputes and confrontations across different settings.

#### Step 5: Assess Whether the Thumbnail Uses Exaggeration, False Promises, or Clickbait Tactics
The thumbnail does not use exaggerated claims or false promises. Instead, it provides a visual representation of the setting (casino) but fails to convey the diversity of content within the video.

#### Step 6: Categorize the Thumbnail as Either ""Misleading"" or ""Not Misleading""
Based on the analysis, the thumbnail is **misleading**.

#### Step 7: Provide a Brief Explanation for Your Decision
The thumbnail inaccurately represents the video's content by focusing solely on a casino setting while failing to convey the broader range of public disputes and confrontations depicted in the video. This misleads viewers into expecting a video primarily about casino-related incidents when the video actually covers a much wider variety of confrontational scenarios."
7EP6EpFyIJY,"### Analysis of the YouTube Video Thumbnail and Content

#### Step 1: Examine the Thumbnail
The thumbnail features a group of people celebrating, with a focus on a trophy and a birthday cake. The text reads: ""MESSI SO 'CRAZY' HE SUDDENLY DID THIS TO HIS FANS WHILE CELEBRATING HIS 37TH BIRTHDAY.""

#### Step 2: Read Through the Video Subtitles and Content Description
The subtitles mention that Lionel Messi celebrated his 37th birthday with fans, and the video includes scenes of Messi interacting with fans, including waving from a hotel window and being surrounded by a large crowd. The content also highlights the celebration of the Argentina national soccer team's victory and the joyous atmosphere surrounding Messi's birthday.

#### Step 3: Compare the Thumbnail to the Actual Video Content
The thumbnail depicts a celebratory scene involving a trophy and a birthday cake, which aligns closely with the video content. The video indeed shows Messi celebrating his birthday with fans, and the scene includes a large crowd and a trophy, which matches the elements shown in the thumbnail.

#### Step 4: Determine if the Thumbnail Accurately Represents the Video's Main Topic or Content
The thumbnail accurately represents the main topic of the video, which is Messi celebrating his 37th birthday with fans. It captures the essence of the celebration without exaggerating or misleading the viewer.

#### Step 5: Assess Whether the Thumbnail Uses Exaggeration, False Promises, or Clickbait Tactics
There is no exaggeration or clickbait tactics used in the thumbnail. It clearly communicates the main event (Messi's birthday celebration) and does not promise anything beyond what is shown.

#### Step 6: Categorize the Thumbnail
The thumbnail is **Not Misleading**.

#### Step 7: Provide a Brief Explanation for the Decision
The thumbnail accurately reflects the main topic of the video, which is Messi celebrating his birthday with fans. It does not use any exaggerated claims or clickbait tactics. Therefore, it is not misleading."
RkzFYjRZXms,"### Analysis:

1. **Examine the thumbnail**: The thumbnail shows a person in a soccer uniform, seemingly adjusting their shirt, with a playful element added (a pair of eyes drawn onto the shirt). The image suggests a lighthearted or humorous moment related to soccer.

2. **Read the subtitles and video content**: The subtitles and video content describe a compilation of exciting moments from soccer matches, including fast-paced attacks, goal celebrations, penalty kicks, and dramatic saves. The video does not contain any elements suggesting humor or a playful adjustment of shirts.

3. **Compare the thumbnail to the actual video content**: The thumbnail depicts a casual, humorous moment, while the video content is a serious compilation of soccer highlights. There is no direct correlation between the thumbnail and the actual video content.

4. **Determine if the thumbnail accurately represents the video's main topic or content**: The thumbnail does not accurately represent the main topic or content of the video. It suggests a humorous or light-hearted theme, which is not present in the actual video content.

5. **Assess whether the thumbnail uses exaggeration, false promises, or clickbait tactics**: The thumbnail uses clickbait tactics by suggesting a humorous or playful moment that is not reflected in the actual video content.

6. **Categorize the thumbnail**: Based on the analysis, the thumbnail is misleading.

7. **Explanation**: The thumbnail exaggerates the content of the video by suggesting a humorous or playful moment when the actual video is a serious compilation of soccer highlights. This creates a misleading expectation for the viewer.

**Categorization**: Misleading

**Explanation**: The thumbnail uses clickbait tactics by suggesting a humorous or playful moment that is not present in the actual video content, leading viewers to expect something different from what they see."
wE4mYdLCHw0,"Categorization: Not Misleading

Explanation: The thumbnail shows a player kissing a referee, which might suggest a controversial or humorous incident. However, the video content described focuses on a compilation of soccer highlights and incidents, featuring various players and teams without any specific mention of a player kissing a referee. The thumbnail does not accurately represent the main topic or content of the video, but it does not use exaggerated claims or clickbait tactics. Therefore, it can be considered not misleading."
PxY5bAB9-gk,"### Analysis:

**Step 1: Examine the thumbnail**
The thumbnail shows a person behind bars, wearing an orange prison uniform, with a distressed expression. The background suggests a jail cell environment.

**Step 2: Read through the video subtitles and content description**
The subtitles and video content describe a compilation of a young soccer player's career progression, highlighting his achievements and personal life. There is no mention of the player being in prison or facing any legal troubles.

**Step 3: Compare the thumbnail to the actual video content**
The thumbnail depicts a person in a prison setting, which is completely unrelated to the content described in the video. The video is a compilation of the player's career milestones and personal life, not a depiction of him in prison.

**Step 4: Determine if the thumbnail accurately represents the video's main topic or content**
The thumbnail does not accurately represent the video's main topic or content. It misleads viewers into expecting a video about a player in prison or facing legal troubles, when the actual content is a career progression and personal life of a soccer player.

**Step 5: Assess whether the thumbnail uses exaggeration, false promises, or clickbait tactics**
The thumbnail uses clickbait tactics by suggesting a dramatic scenario (a player in prison) that is not present in the actual video content. It exaggerates the situation to attract viewers.

**Step 6: Categorize the thumbnail as either ""Misleading"" or ""Not Misleading""**
The thumbnail is **Misleading**.

**Explanation:**
The thumbnail creates a false expectation by showing a person in a prison setting, which is not aligned with the actual content of the video. It uses clickbait tactics to attract viewers by suggesting a dramatic and unexpected scenario that is not present in the video. Therefore, the thumbnail is misleading."
SETOIlJhIWk,"### Analysis:

1. **Examine the thumbnail**: The thumbnail shows a butterfly with a glowing, ethereal background. It does not depict any SpongeBob SquarePants toy or a home setting.

2. **Read through the video subtitles and content description**: The subtitles appear to be foreign language and do not provide any context related to the video content. The video description describes a playful and surreal sequence featuring a SpongeBob SquarePants toy in a home setting.

3. **Compare the thumbnail to the actual video content**: The thumbnail has no relation to the SpongeBob SquarePants toy or the home setting described in the video.

4. **Determine if the thumbnail accurately represents the video's main topic or content**: The thumbnail does not represent the video's content at all; it is completely unrelated.

5. **Assess whether the thumbnail uses exaggeration, false promises, or clickbait tactics**: The thumbnail does not use any exaggerated claims or false promises. However, it is misleading because it does not reflect the actual content of the video.

6. **Categorize the thumbnail as either ""Misleading"" or ""Not Misleading""**: Misleading

7. **Provide a brief explanation for your decision**: The thumbnail is misleading because it shows a butterfly in a glowing background, which has no connection to the SpongeBob SquarePants toy or the home setting featured in the video. The thumbnail does not accurately represent the video's content and could mislead viewers into expecting a different type of video."
SYdXwo-Oq0E,"### Analysis of the Provided Information

#### Step 1: Examine the Thumbnail
The thumbnail depicts two individuals covered in blue paint, standing in what appears to be a retail environment, possibly a store. The individuals seem to be engaged in some form of activity involving a cash register or checkout area.

#### Step 2: Read Through the Video Subtitles and Content Description
The subtitles and video content description suggest that the video is a compilation of various surveillance and security camera footage, documenting questionable or criminal activities. The scenes include a mix of indoor and outdoor settings, featuring interactions between individuals and various environments such as stores, offices, and streets.

#### Step 3: Compare the Thumbnail to the Actual Video Content
The thumbnail shows two individuals covered in blue paint, which does not align with the content described in the video. The video content includes a variety of scenes from different locations, including stores, offices, and streets, with no indication of individuals being covered in blue paint.

#### Step 4: Determine if the Thumbnail Accurately Represents the Video's Main Topic or Content
The thumbnail does not accurately represent the video's main topic or content. It shows a scene that is completely unrelated to the compilation of surveillance footage described in the video.

#### Step 5: Assess Whether the Thumbnail Uses Exaggeration, False Promises, or Clickbait Tactics
The thumbnail uses exaggerated imagery (two individuals covered in blue paint) that is not present in the actual video content. This creates a misleading impression that the video contains scenes involving individuals covered in blue paint, which is not true.

#### Step 6: Categorize the Thumbnail as Either ""Misleading"" or ""Not Misleading""
Based on the analysis, the thumbnail is **Misleading**.

#### Step 7: Provide a Brief Explanation for Your Decision
The thumbnail uses exaggerated imagery that is not present in the actual video content. It misleads viewers by suggesting that the video contains scenes involving individuals covered in blue paint, which is not true. This creates a misleading impression that the video contains content that is not actually depicted in the video."
4988AkcIooE,"### Analysis:

1. **Examine the thumbnail**: The thumbnail depicts a soccer player and a woman interacting on a soccer field. The image suggests a focus on a specific soccer-related event or moment, likely involving a player and a fan or a celebratory scene.

2. **Read through the video subtitles and content description**: Since the subtitles are not available, we rely solely on the video description provided.

3. **Compare the thumbnail to the actual video content**:
   - The thumbnail shows a soccer player and a woman on a field, which aligns with the general theme of soccer.
   - However, the video description indicates that the content is a compilation of various football (soccer) scenes from different matches and moments, without focusing on a single specific event or interaction shown in the thumbnail.

4. **Determine if the thumbnail accurately represents the video's main topic or content**:
   - The thumbnail suggests a specific interaction or event, while the video content is a broader compilation of various soccer scenes.
   - There is no indication in the thumbnail that it represents a compilation of different matches and moments.

5. **Assess whether the thumbnail uses exaggeration, false promises, or clickbait tactics**:
   - The thumbnail does not promise a specific event or interaction but rather a general soccer theme.
   - There is no exaggeration or false promise in the thumbnail.

6. **Categorize the thumbnail as either ""Misleading"" or ""Not Misleading""**:
   - Given that the thumbnail does not accurately represent the broader nature of the video content, it can be considered misleading.

7. **Brief explanation for the decision**:
   - The thumbnail suggests a specific interaction or event, which is not reflected in the video content. The video is a compilation of various soccer scenes, and the thumbnail does not convey this broader context, leading to potential viewer confusion.

### Final Categorization: Misleading

Explanation: The thumbnail misleads viewers by suggesting a specific interaction or event when the video content is a compilation of various soccer scenes from different matches and moments."
OcJM2UmgF5o,"### Analysis of the Provided Information

#### Step 1: Examine the Thumbnail
The thumbnail features two soccer players, one with a highlighted circle around them, and the text ""YOU SUCK"". The UEFA Euro 2024 logo is also present in the background.

#### Step 2: Read Through the Video Subtitles and Content Description
The subtitles and video content appear to be a compilation of soccer match highlights and behind-the-scenes moments, focusing on various players' actions and reactions during games. The content does not explicitly mention any player being called ""YOU SUCK"".

#### Step 3: Compare the Thumbnail to the Actual Video Content
The thumbnail suggests a negative interaction or criticism directed at a specific player, which is not evident from the video content described. The video seems to be a general highlight reel of soccer matches rather than a specific incident involving a player being called ""YOU SUCK"".

#### Step 4: Determine if the Thumbnail Accurately Represents the Video's Main Topic or Content
The thumbnail does not accurately represent the video's main topic or content. It implies a specific incident that is not mentioned in the video description.

#### Step 5: Assess Whether the Thumbnail Uses Exaggeration, False Promises, or Clickbait Tactics
The thumbnail uses exaggerated language (""YOU SUCK"") that is not supported by the video content. This creates a misleading expectation for the viewer.

#### Step 6: Categorize the Thumbnail
**Categorization:** Misleading

#### Step 7: Provide a Brief Explanation for the Decision
The thumbnail uses the phrase ""YOU SUCK"" to imply a negative interaction or criticism towards a specific player, which is not supported by the video content. This creates a misleading expectation for the viewer, as the video does not contain any such incident. Therefore, the thumbnail is misleading."
TMB7TC4kyNk,"### Analysis:

1. **Examine the thumbnail**: The thumbnail depicts a man in a suit kicking a female assistant referee, who is holding a corner flag. The image suggests a humorous or exaggerated interaction, which could imply a comedic or controversial moment related to the video content.

2. **Read through the video subtitles and content description**: The video description focuses on a compilation of various soccer-related scenes, including managers, players, and moments from different matches and situations. It does not mention any specific incident involving a manager kicking an assistant referee.

3. **Compare the thumbnail to the actual video content**: The thumbnail shows a dramatic and potentially confrontational scene, while the video content is a compilation of various soccer-related scenes without any indication of such a specific incident.

4. **Determine if the thumbnail accurately represents the video's main topic or content**: The thumbnail does not accurately represent the video's main topic or content. It suggests a specific incident that is not mentioned in the video description.

5. **Assess whether the thumbnail uses exaggeration, false promises, or clickbait tactics**: The thumbnail uses exaggeration by depicting a dramatic and potentially confrontational scene that is not representative of the video's content.

6. **Categorize the thumbnail as either ""Misleading"" or ""Not Misleading""**: Based on the analysis, the thumbnail is misleading.

7. **Provide a brief explanation for your decision**: The thumbnail exaggerates a specific incident (a manager kicking an assistant referee) that is not mentioned in the video description. It uses clickbait tactics to attract viewers by suggesting a dramatic and controversial moment, which is not present in the actual video content.

**Categorization**: Misleading

**Explanation**: The thumbnail exaggerates a specific incident that is not mentioned in the video description, using clickbait tactics to attract viewers."
sT9n7awOQPw,"### Analysis of the Provided Information

#### Step 1: Examine the Thumbnail
The thumbnail shows a soccer ball with internal wiring and electronic components exposed, suggesting a technological or mechanical aspect of the ball. There is a red arrow pointing towards the inside of the ball, emphasizing the internal structure.

#### Step 2: Read Through the Video Subtitles and Content Description
The subtitles and video description indicate that the video is a compilation of various soccer-related scenes and events, covering different aspects of the sport such as matches, celebrations, sponsorships, player interviews, and behind-the-scenes events. The content does not mention anything related to the internal mechanics or technology of a soccer ball.

#### Step 3: Compare the Thumbnail to the Actual Video Content
The thumbnail depicts a soccer ball with internal wiring and electronic components, which is not present in the video content described. The video focuses on various soccer-related scenes and events without any indication of a technological or mechanical aspect of the ball.

#### Step 4: Determine if the Thumbnail Accurately Represents the Video's Main Topic or Content
The thumbnail does not accurately represent the video's main topic or content. It suggests a focus on the internal mechanics of a soccer ball, which is not mentioned or depicted in the video.

#### Step 5: Assess Whether the Thumbnail Uses Exaggeration, False Promises, or Clickbait Tactics
The thumbnail uses exaggerated imagery (exposing the internal wiring of a soccer ball) to attract viewers, which is misleading. It creates an expectation that is not fulfilled in the video content.

#### Step 6: Categorize the Thumbnail as Either ""Misleading"" or ""Not Misleading""
Categorization: Misleading

#### Step 7: Provide a Brief Explanation for Your Decision
The thumbnail is misleading because it suggests that the video will showcase the internal mechanics of a soccer ball, which is not true based on the video description. The thumbnail uses exaggerated imagery to attract viewers, promising something that is not delivered in the actual video content."
VAU3omfnemA,"### Analysis of the Provided Information

#### Step 1: Examine the Thumbnail
The thumbnail features a soccer player in a blue jersey with a tombstone marked ""10"" in the background. There is a red arrow pointing towards the tombstone.

#### Step 2: Read Through the Video Subtitles and Content Description
The subtitles discuss the significance of soccer players' jersey numbers, particularly focusing on Cristiano Ronaldo's number 7 and Lionel Messi's number 10. The content describes the history and meaning behind these numbers, as well as other players' unique jersey choices.

#### Step 3: Compare the Thumbnail to the Actual Video Content
The thumbnail depicts a soccer player with a tombstone labeled ""10,"" which is not directly related to the content of the video. The video primarily discusses the significance of jersey numbers and does not feature any imagery suggesting a player's demise or retirement.

#### Step 4: Determine if the Thumbnail Accurately Represents the Video's Main Topic or Content
The thumbnail does not accurately represent the video's main topic, which is the significance and history of soccer players' jersey numbers. Instead, it introduces a misleading element (a tombstone) that has no relation to the content.

#### Step 5: Assess Whether the Thumbnail Uses Exaggeration, False Promises, or Clickbait Tactics
The thumbnail uses clickbait tactics by suggesting a dramatic or shocking narrative (a player's death or retirement) that is not present in the video content. It misleads viewers by implying a serious or somber tone that is not reflected in the actual video.

#### Step 6: Categorize the Thumbnail
Based on the analysis, the thumbnail is misleading.

#### Step 7: Provide a Brief Explanation for the Decision
The thumbnail introduces a tombstone labeled ""10"" with a red arrow pointing towards it, which is unrelated to the video's content about the significance of soccer players' jersey numbers. This creates a misleading impression that the video will discuss a player's death or retirement, which is not the case. The thumbnail uses clickbait tactics to attract viewers with a dramatic narrative that is not present in the actual video content. Therefore, the thumbnail is misleading."
lrh_p4Xfbpk,"### Analysis:

1. **Examine the thumbnail**: The thumbnail shows a soccer player kneeling on the field, appearing distressed or injured. There is a red circle highlighting a small object on the ground, which seems to be a piece of dirt or debris.

2. **Read the subtitles and video content**:
   - The subtitles include phrases like ""falls down,"" ""penalty,"" ""tense moment,"" and ""distraught."" These suggest that the video involves dramatic or intense moments in a soccer match.
   - The video content includes scenes of players falling, receiving cards, and expressing distress, which aligns with the subtitles.

3. **Compare the thumbnail to the actual video content**:
   - The thumbnail depicts a player kneeling in distress, which is consistent with the subtitles mentioning a ""tense moment"" and a ""distraught"" player.
   - The red circle on the ground in the thumbnail corresponds to a similar object seen in the video content, which could be a piece of dirt or debris.

4. **Determine if the thumbnail accurately represents the video's main topic or content**:
   - The thumbnail accurately represents the main topic of the video, which revolves around intense and dramatic moments in a soccer match.

5. **Assess whether the thumbnail uses exaggeration, false promises, or clickbait tactics**:
   - The thumbnail does not use any exaggerated elements or false promises. It simply captures a realistic moment from the video content.

6. **Categorize the thumbnail**:
   - **Categorization**: Not Misleading

7. **Explanation**:
   - The thumbnail accurately reflects the content of the video, which includes intense and dramatic moments in a soccer match. It does not use any clickbait tactics or exaggerate the situation. Therefore, it is not misleading.

### Final Decision:
**Categorization**: Not Misleading  
**Explanation**: The thumbnail accurately represents the main topic of the video, which involves intense and dramatic moments in a soccer match. It does not use any exaggerated elements or false promises."
to2wIB4KJTs,"### Analysis of the Provided Information

#### Step 1: Examine the Thumbnail
The thumbnail features a baby with a large red arrow pointing towards the baby's mouth, which appears to be sticking out. The background includes a man reacting with a surprised expression.

#### Step 2: Read Through the Video Subtitles and Content Description
The subtitles suggest that the video is a compilation of viral or amusing internet videos featuring children, with the streamer reacting to them. The content description lists various clips involving children in different scenarios, such as crawling, playing with cocoa powder, being covered in mud, and interacting with various objects.

#### Step 3: Compare the Thumbnail to the Actual Video Content
The thumbnail shows a baby with a large red arrow pointing to the baby's mouth, which is sticking out. However, the video content includes a variety of clips involving children in different situations, including crawling, playing with cocoa powder, being covered in mud, and interacting with various objects. The thumbnail does not accurately represent the diverse content of the video.

#### Step 4: Determine if the Thumbnail Accurately Represents the Video's Main Topic or Content
The thumbnail does not accurately represent the video's main topic or content. It focuses on a single moment (a baby with a sticking-out tongue) rather than the broader range of clips involving children in various scenarios.

#### Step 5: Assess Whether the Thumbnail Uses Exaggeration, False Promises, or Clickbait Tactics
The thumbnail uses exaggerated imagery (a baby with a sticking-out tongue) to attract viewers, which could be considered clickbait. However, the thumbnail does not promise or guarantee that the entire video will feature such moments exclusively.

#### Step 6: Categorize the Thumbnail as Either ""Misleading"" or ""Not Misleading""
Based on the analysis, the thumbnail is misleading because it does not accurately represent the diverse content of the video.

#### Step 7: Provide a Brief Explanation for Your Decision
The thumbnail uses exaggerated imagery (a baby with a sticking-out tongue) to attract viewers, which could be considered clickbait. However, the thumbnail does not accurately represent the broader range of clips involving children in various scenarios. Therefore, the thumbnail is misleading.

### Final Categorization: Misleading"
tlPSKKFUHnM,"### Analysis:

1. **Examine the thumbnail**: The thumbnail shows a man and a woman seated in what appears to be a stadium or arena, likely watching a soccer match. The image includes a small inset of a soccer player in action, labeled ""RONALDO JR.""

2. **Read the subtitles and video content**:
   - The subtitles include phrases like ""RONALDO JR,"" which suggests the video might feature Cristiano Ronaldo Jr., a young soccer player.
   - The video content describes a compilation of soccer moments, including penalty kicks, celebrations, and intense gameplay.

3. **Compare the thumbnail to the actual video content**:
   - The thumbnail shows a couple watching a soccer match, which aligns with the content of the video as it features soccer moments.
   - However, the thumbnail does not explicitly mention ""RONALDO JR"" or any specific player names, which could lead viewers to expect a general soccer highlight reel rather than a focus on a particular player.

4. **Determine if the thumbnail accurately represents the video's main topic or content**:
   - While the thumbnail shows a soccer match, it does not clearly indicate that the video is specifically about Cristiano Ronaldo Jr. or any other specific player.

5. **Assess whether the thumbnail uses exaggeration, false promises, or clickbait tactics**:
   - The thumbnail does not use exaggerated claims or false promises but rather shows a general soccer match scene.
   - The inclusion of ""RONALDO JR"" in the thumbnail could be seen as misleading because it suggests a focus on a specific player when the video content may not be exclusively about him.

6. **Categorize the thumbnail**:
   - **Misleading**

7. **Explanation**:
   - The thumbnail suggests a focus on Cristiano Ronaldo Jr., which is not explicitly mentioned in the video content. While the video does feature soccer moments, it does not necessarily revolve around Ronaldo Jr. alone. The thumbnail may mislead viewers into expecting a more focused narrative on Ronaldo Jr. when the video content is broader and includes multiple players and moments.

### Conclusion:
The thumbnail is misleading because it implies a focus on Cristiano Ronaldo Jr. when the video content is a general compilation of soccer moments without a clear emphasis on a single player."
7imL79i3xGg,"### Analysis and Categorization

#### Step 1: Examine the thumbnail
The thumbnail features a close-up of a man (presumably Cristiano Ronaldo) with a serious expression, accompanied by the text ""I'm not YOUR DAD"". 

#### Step 2: Read through the video subtitles and content description
The subtitles suggest that the video will reveal a secret about Cristiano Ronaldo that will deeply affect his children. It mentions that Ronaldo's father was absent due to alcohol addiction and that Ronaldo himself has been trying to be a good father since his father's death.

#### Step 3: Compare the thumbnail to the actual video content
The thumbnail implies that the video will reveal a shocking revelation about Ronaldo's paternity, suggesting that he is not the father of his children. However, the video content describes a more nuanced situation where Ronaldo has taken custody of a child and promised to reveal the mother's identity when the child turns 18.

#### Step 4: Determine if the thumbnail accurately represents the video's main topic or content
The thumbnail does not accurately represent the video's main topic. While the video does discuss Ronaldo's relationship with his children and the circumstances surrounding the child's birth, it does not claim that Ronaldo is not the father of his children.

#### Step 5: Assess whether the thumbnail uses exaggeration, false promises, or clickbait tactics
The thumbnail uses clickbait tactics by suggesting a shocking revelation about Ronaldo's paternity, which is not supported by the video content.

#### Step 6: Categorize the thumbnail as either ""Misleading"" or ""Not Misleading""
The thumbnail is **Misleading**.

#### Explanation:
The thumbnail exaggerates the content of the video by implying a shocking revelation about Ronaldo's paternity, which is not the case. Instead, the video discusses Ronaldo's efforts to be a good father and the circumstances surrounding the child's birth. The thumbnail uses clickbait tactics to attract viewers, which is not appropriate for a factual video about a famous athlete's life."
T1hea-cf7B4,"### Analysis of the Provided Information

#### Step 1: Examine the Thumbnail
The thumbnail shows a person pouring water onto a smartphone, with a dramatic splash effect. There is no visible text or additional elements in the thumbnail itself.

#### Step 2: Read Through the Video Subtitles and Content Description
The subtitles and video content description do not mention any specific scenario involving a smartphone being damaged by water. Instead, the video appears to be a reaction video where the streamer reacts to various video clips, including scenes of magic tricks, car accidents, and other unexpected events.

#### Step 3: Compare the Thumbnail to the Actual Video Content
The thumbnail depicts a smartphone being submerged in water, which is a common trope in videos where phones are dropped into water to test their waterproof capabilities. However, the video content does not feature any such scene; instead, it consists of a series of reactions to various video clips.

#### Step 4: Determine if the Thumbnail Accurately Represents the Video's Main Topic or Content
The thumbnail does not accurately represent the video's main topic or content. It suggests a scenario involving a smartphone being damaged by water, which is not depicted in the actual video.

#### Step 5: Assess Whether the Thumbnail Uses Exaggeration, False Promises, or Clickbait Tactics
The thumbnail uses exaggerated imagery (a smartphone being submerged in water with a dramatic splash) to attract viewers, which is misleading because the actual video content does not involve any such scenario.

#### Step 6: Categorize the Thumbnail as Either ""Misleading"" or ""Not Misleading""
Based on the analysis, the thumbnail is misleading.

#### Step 7: Provide a Brief Explanation for Your Decision
The thumbnail uses exaggerated imagery to attract viewers, suggesting a scenario involving a smartphone being damaged by water, which is not depicted in the actual video content. This creates a misleading impression that the video will show a smartphone being tested for waterproof capabilities, when it fact, it is a reaction video featuring various video clips."
AHUA01NAlVQ,"### Analysis:

**Step 1:** Examine the thumbnail.
The thumbnail features two football players, one from AC Milan and the other from Juventus, shaking hands. The text on the thumbnail reads:
- ""LiONS don't play with humans.""
- ""We should play together next season!""

**Step 2:** Read through the video subtitles and content description.
The subtitles and content description do not mention any specific players from AC Milan or Juventus shaking hands. Instead, the video appears to be a compilation of various football moments and highlights, showcasing different players and situations throughout a match.

**Step 3:** Compare the thumbnail to the actual video content.
The thumbnail depicts a handshake between two players, which is not present in the video content described. The video content focuses on various football moments and highlights rather than a specific handshake between players.

**Step 4:** Determine if the thumbnail accurately represents the video's main topic or content.
The thumbnail does not accurately represent the video's main topic or content. It suggests a specific interaction between two players that is not depicted in the video.

**Step 5:** Assess whether the thumbnail uses exaggeration, false promises, or clickbait tactics.
The thumbnail uses clickbait tactics by suggesting a specific interaction between two players that is not shown in the video. It creates a misleading expectation by implying a significant moment between two specific players.

**Step 6:** Categorize the thumbnail as either ""Misleading"" or ""Not Misleading"".
The thumbnail is categorized as ""Misleading"".

**Step 7:** Provide a brief explanation for the decision.
The thumbnail misleads viewers by suggesting a specific interaction between two players (AC Milan and Juventus) that is not depicted in the video content. It uses clickbait tactics to attract viewers by implying a significant moment between these players, which is not present in the actual video."
pT30yCDx760,"### Analysis:

1. **Examine the thumbnail**: The thumbnail shows Cristiano Ronaldo shirtless on a soccer field, with a surprised emoji overlaid. The text reads ""Ronaldo Playing Match without shirt.""

2. **Read the subtitles and content description**: The subtitles do not mention anything about Ronaldo playing a match shirtless. Instead, they seem to be unrelated to the video content, which is described as a highlight reel or compilation of soccer moments featuring a prominent player.

3. **Compare the thumbnail to the actual video content**: The thumbnail depicts Ronaldo shirtless, which is not mentioned in the video description. The video content focuses on various soccer moments but does not feature Ronaldo shirtless.

4. **Determine if the thumbnail accurately represents the video's main topic or content**: The thumbnail misleads viewers by suggesting that Ronaldo is playing a match shirtless, which is not true based on the video content.

5. **Assess whether the thumbnail uses exaggeration, false promises, or clickbait tactics**: The thumbnail uses clickbait tactics by promising a specific scenario (Ronaldo playing shirtless) that is not present in the actual video content.

6. **Categorize the thumbnail**: Misleading

7. **Explanation**: The thumbnail exaggerates the content by implying that Ronaldo is playing a match shirtless, which is not the case. It uses clickbait tactics to attract viewers who might be interested in seeing such a scenario, which is not depicted in the video. Therefore, the thumbnail is misleading."
k9VKLB_if0Q,"### Analysis of the Provided Information

#### Step 1: Examine the Thumbnail
The thumbnail shows a young child with striking blue eyes, accompanied by a red arrow pointing towards the child. There is no visible text or additional imagery that provides context or specific details about the content of the video.

#### Step 2: Read Through the Video Subtitles and Content Description
The subtitles and video content describe a variety of unusual and surprising situations involving children, including:
- A child with gigantuan fingers due to gigantism.
- A baby with a shell on its back.
- A child with a lightning mark on its face.
- A child with saggy skin and joint issues.
- A child with an unusually large head.
- A child with extra fingers and a thumb.
- A child with extremely flexible limbs.
- A child with a very long tongue.
- A child with a condition that causes their head to swell.
- A child who is exceptionally strong.

#### Step 3: Compare the Thumbnail to the Actual Video Content
The thumbnail does not provide any specific details about the content of the video. It simply shows a child with striking blue eyes, which could be interpreted as a general image of a child reacting to something surprising or unusual.

#### Step 4: Determine if the Thumbnail Accurately Represents the Video's Main Topic or Content
The thumbnail does not accurately represent the specific content of the video. It does not indicate the nature of the reactions or the specific situations being shown.

#### Step 5: Assess Whether the Thumbnail Uses Exaggeration, False Promises, or Clickbait Tactics
The thumbnail does not use exaggeration, false promises, or clickbait tactics. It merely shows a child with striking blue eyes, which could be a generic image used to attract viewers.

#### Step 6: Categorize the Thumbnail as Either ""Misleading"" or ""Not Misleading""
Given that the thumbnail does not provide any specific details about the content of the video and does not accurately represent the specific situations being shown, it can be categorized as **Misleading**.

#### Step 7: Provide a Brief Explanation for Your Decision
The thumbnail fails to provide any specific details about the content of the video, which consists of a series of reactions to various unusual and surprising situations involving children. By not indicating the specific nature of the reactions or the situations being shown, the thumbnail misleads viewers into expecting a video that might be more focused on the reactions themselves rather than the specific content described in the subtitles and video description."
FECYK6wwN84,"### Analysis:

1. **Examine the thumbnail**: The thumbnail shows a referee holding up a red card, which is typically associated with a serious disciplinary action in soccer. However, the image includes a small figure of a person in a soccer uniform, suggesting a humorous or exaggerated context.

2. **Read the subtitles and video content**: The subtitles and video content appear to be a compilation of soccer highlights and moments, likely intended to showcase exciting plays and emotions during matches. There is no indication of a humorous or exaggerated scenario involving a red card being issued to a player.

3. **Compare the thumbnail to the actual video content**: The thumbnail depicts a referee issuing a red card, which is a serious event in soccer. The video content, however, does not feature any such incident but rather a series of highlights and moments from soccer matches.

4. **Determine if the thumbnail accurately represents the video's main topic or content**: The thumbnail does not accurately represent the video's content because it suggests a serious disciplinary action (red card) when the video is actually a compilation of soccer highlights without any such incident.

5. **Assess whether the thumbnail uses exaggeration, false promises, or clickbait tactics**: The thumbnail uses exaggeration by implying a serious disciplinary action when the video is simply a collection of soccer highlights.

6. **Categorize the thumbnail**: Based on the analysis, the thumbnail is misleading.

7. **Explanation**: The thumbnail exaggerates the content by suggesting a serious disciplinary action (red card) when the video is merely a compilation of soccer highlights. This creates a misleading expectation for the viewer.

### Final Decision:
**Misleading**

**Explanation**: The thumbnail uses exaggeration by implying a serious disciplinary action (red card) when the video is simply a collection of soccer highlights, creating a misleading expectation for the viewer."
OXPBDKCEflY,"### Analysis:

**Step 1: Examine the thumbnail**
The thumbnail depicts a dramatic scene involving lions in a circus setting, with one lion appearing to attack another. There is no clear indication of the video's content beyond this image.

**Step 2: Read through the video subtitles and content description**
The subtitles and the video description provide a detailed breakdown of various animal encounters and behaviors, including scenes with lions, pandas, leopards, and other animals in both natural and controlled environments. The content is described as a compilation of animal interactions, ranging from playful moments to more serious encounters.

**Step 3: Compare the thumbnail to the actual video content**
The thumbnail shows a dramatic and potentially dangerous interaction between lions in a circus environment, which is not representative of the diverse range of animal interactions depicted in the video. The thumbnail does not accurately reflect the variety of settings and types of animal behavior shown in the video.

**Step 4: Determine if the thumbnail accurately represents the video's main topic or content**
The thumbnail does not accurately represent the video's main topic or content. It suggests a specific and intense scenario that is not typical of the broader compilation of animal interactions shown in the video.

**Step 5: Assess whether the thumbnail uses exaggeration, false promises, or clickbait tactics**
The thumbnail uses exaggerated imagery to attract viewers, suggesting a more intense and dangerous scenario than what is actually depicted in the video. This could be considered clickbait as it promises a more thrilling experience than the actual content.

**Step 6: Categorize the thumbnail**
Categorization: **Misleading**

**Explanation:**
The thumbnail exaggerates the content by depicting a dramatic and potentially dangerous interaction between lions in a circus environment, which is not representative of the diverse range of animal interactions shown in the video. This use of exaggerated imagery to attract viewers is indicative of clickbait tactics. Therefore, the thumbnail is misleading."
J-x4ia69YEQ,"### Analysis:

**Step 1: Examine the thumbnail**
The thumbnail shows a dramatic image of two cars on fire, with one green and one purple. There is a person in the foreground with an exaggerated expression of shock or surprise.

**Step 2: Read through the video subtitles and content description**
The subtitles and video content describe a series of moments from professional soccer, including intense on-field action, behind-the-scenes preparations, and various emotions experienced by players. The content does not mention any dramatic car accidents or fires.

**Step 3: Compare the thumbnail to the actual video content**
The thumbnail depicts a fiery car accident, which is completely unrelated to the content described in the video. The video focuses on professional soccer moments and player emotions, not car accidents.

**Step 4: Determine if the thumbnail accurately represents the video's main topic or content**
The thumbnail does not accurately represent the video's main topic or content. It shows a car accident, which is not depicted in the video.

**Step 5: Assess whether the thumbnail uses exaggeration, false promises, or clickbait tactics**
The thumbnail uses exaggerated imagery (cars on fire) to attract viewers, which is misleading. It does not accurately reflect the content of the video.

**Step 6: Categorize the thumbnail as either ""Misleading"" or ""Not Misleading""**
The thumbnail is **Misleading**.

**Explanation:**
The thumbnail uses dramatic imagery (cars on fire) to attract viewers, which is misleading because the video content does not feature any car accidents. Instead, it showcases professional soccer moments and player emotions. The thumbnail exaggerates the content and uses clickbait tactics to attract viewers, which is why it is categorized as misleading."
3ujQVQxpYKA,"### Analysis of the Provided Information

#### Step 1: Examine the Thumbnail
The thumbnail does not appear to be provided in the given information. Therefore, we cannot assess the thumbnail based on the details provided.

#### Step 2: Read Through the Video Subtitles and Content Description
The video content description and subtitles provide a detailed list of various scenarios and events, ranging from everyday moments to more unusual or dramatic events. The video seems to be a compilation of short clips showcasing diverse situations.

#### Step 3: Compare the Thumbnail (Assumed Absence) to the Actual Video Content
Since the thumbnail is not provided, we cannot directly compare it to the video content.

#### Step 4: Determine if the Thumbnail Accurately Represents the Video's Main Topic or Content
Without the thumbnail, we cannot determine if it accurately represents the video's main topic or content.

#### Step 5: Assess Whether the Thumbnail Uses Exaggeration, False Promises, or Clickbait Tactics
Again, since the thumbnail is not provided, we cannot assess whether it uses any of these tactics.

#### Step 6: Categorize the Thumbnail as Either ""Misleading"" or ""Not Misleading""
Given the lack of a thumbnail to evaluate, we cannot categorize it as either ""Misleading"" or ""Not Misleading.""

#### Step 7: Provide a Brief Explanation for Your Decision
Since the thumbnail is not provided, we cannot make a determination based on the given information.

### Conclusion
The thumbnail cannot be assessed for misleading or not misleading purposes as it is not provided in the given information."
DEYS90OC1FA,"### Analysis of the Provided Information

#### Step 1: Examine the Thumbnail
The thumbnail depicts a person swimming in water with a shark fin in the background, accompanied by a red arrow pointing towards the shark fin. This image suggests a dangerous situation involving a shark.

#### Step 2: Read Through the Video Subtitles and Content Description
The subtitles and video content describe a series of aviation incidents, emergency responses, sports-related events, and criminal investigations. There is no mention of sharks or any aquatic dangers in the video content.

#### Step 3: Compare the Thumbnail to the Actual Video Content
The thumbnail shows a person in water with a shark fin, which is completely unrelated to the aviation incidents, emergency responses, sports events, and criminal investigations depicted in the video.

#### Step 4: Determine if the Thumbnail Accurately Represents the Video's Main Topic or Content
The thumbnail does not accurately represent the video's main topics or content. It misleads viewers by suggesting a dangerous situation involving a shark, which has nothing to do with the actual content of the video.

#### Step 5: Assess Whether the Thumbnail Uses Exaggeration, False Promises, or Clickbait Tactics
The thumbnail uses exaggerated imagery (a shark fin in the water) to attract viewers, which is misleading and does not reflect the actual content of the video.

#### Step 6: Categorize the Thumbnail as Either ""Misleading"" or ""Not Misleading""
The thumbnail is clearly misleading.

#### Step 7: Provide a Brief Explanation for Your Decision
The thumbnail uses a dramatic image of a shark fin in the water to attract viewers, which is entirely unrelated to the content of the video. This creates a misleading impression that the video is about a dangerous encounter with a shark, when it fact, the video is about aviation incidents, emergency responses, sports events, and criminal investigations. Therefore, the thumbnail is misleading."
pf9agV_I0m4,"Categorization: Not Misleading

Explanation: The thumbnail shows a close-up of a red apple with a simple black eye, which aligns closely with the video content. The video indeed features an animated red apple that undergoes various emotional transformations, including a wide-open mouth with visible teeth and lips. The thumbnail accurately represents the main subject of the video, which is the anthropomorphized apple. There is no exaggeration, false promises, or clickbait tactics used in the thumbnail. Therefore, the thumbnail is not misleading."
lpxBy-VFWgY,"### Analysis:

1. **Examine the thumbnail**: The thumbnail shows a soccer player with blood on their nose, suggesting a violent or intense moment in the game.
   
2. **Read the subtitles and video content**: The subtitles and video content describe various exciting soccer moments, including tackles, goals, and intense plays. However, there is no indication of violence or injury in the video content itself.

3. **Compare the thumbnail to the actual video content**: The thumbnail depicts a player with blood on their nose, which is not mentioned in the video content. The video focuses on exciting soccer moments without any reference to injuries or violence.

4. **Determine if the thumbnail accurately represents the video's main topic or content**: The thumbnail does not accurately represent the video's content. It suggests a violent or intense moment, which is not depicted in the video.

5. **Assess whether the thumbnail uses exaggeration, false promises, or clickbait tactics**: The thumbnail uses exaggerated imagery (blood on the player’s nose) to attract viewers, which is misleading.

6. **Categorize the thumbnail**: The thumbnail is misleading.

7. **Explanation**: The thumbnail exaggerates the intensity of the video content by showing a player with blood on their nose, which is not present in the actual video. This creates a false promise of violence or injury, leading viewers to expect something different from the actual content.

### Final Decision:
**Misleading**

**Explanation**: The thumbnail uses exaggerated imagery to attract viewers, suggesting a violent or intense moment that is not actually depicted in the video."
Bf6I34Mzpio,"### Analysis:

1. **Examine the thumbnail**: The thumbnail shows two individuals, one in a white jersey and the other in a yellow jersey, appearing to kiss on a soccer field. There are also two cartoon eyes drawn above them.

2. **Read the subtitles and video content**:
   - The subtitles seem to be part of a soccer match commentary, discussing a goal scored by a player named ""REI"" and subsequent reactions from the commentators.
   - The video content includes various soccer-related scenes, including celebrations, injuries, and match situations, but does not feature any romantic or intimate moments between players.

3. **Compare the thumbnail to the actual video content**:
   - The thumbnail depicts a romantic or intimate moment between two individuals on a soccer field.
   - The video content primarily consists of soccer-related scenes without any romantic elements.

4. **Determine if the thumbnail accurately represents the video's main topic or content**:
   - The thumbnail does not accurately represent the video content, which is focused on soccer matches and related events.

5. **Assess whether the thumbnail uses exaggeration, false promises, or clickbait tactics**:
   - The thumbnail uses clickbait tactics by suggesting a romantic or intimate moment that is not present in the video content.

6. **Categorize the thumbnail**:
   - **Misleading**

7. **Explanation**:
   - The thumbnail creates an expectation of a romantic or intimate moment between two individuals, which is not depicted in the video content. This misleads viewers into expecting something different from what they actually see in the video. The thumbnail uses clickbait tactics to attract viewers who might be interested in such content, which is not present in the video.

### Final Decision:
**Misleading**

**Explanation**: The thumbnail suggests a romantic or intimate moment between two individuals on a soccer field, which is not depicted in the video content. This misleads viewers into expecting something different from what they actually see in the video."
ctn_4QKc6g0,"### Analysis of the Provided Information

#### Step 1: Examine the Thumbnail
The thumbnail shows a soccer player lying on the ground, wearing bright blue and pink soccer cleats. The player appears to be in a dramatic pose, suggesting a significant moment in the game, possibly a fall or injury.

#### Step 2: Read Through the Video Subtitles and Content Description
The subtitles and video content description focus on various sports moments, including soccer, marathon running, cycling, and track and field events. The video seems to be a compilation of intense and noteworthy moments from different sports, with an emphasis on soccer.

#### Step 3: Compare the Thumbnail to the Actual Video Content
The thumbnail depicts a soccer player in a dramatic pose, which aligns with the content of the video, which includes soccer moments. However, the thumbnail does not explicitly mention ""sports moments"" or ""cheating,"" which are the main themes discussed in the subtitles.

#### Step 4: Determine if the Thumbnail Accurately Represents the Video's Main Topic or Content
While the thumbnail shows a soccer player, it does not provide context about the specific content of the video. The video content is described as a compilation of various sports moments, including soccer, marathon running, cycling, and track and field events. The thumbnail does not accurately represent the diverse range of sports featured in the video.

#### Step 5: Assess Whether the Thumbnail Uses Exaggeration, False Promises, or Clickbait Tactics
The thumbnail does not use exaggerated language or false promises. It simply shows a dramatic moment from a soccer game, which is part of the content but does not capture the full scope of the video.

#### Step 6: Categorize the Thumbnail as Either ""Misleading"" or ""Not Misleading""
Given that the thumbnail does not accurately represent the full range of sports featured in the video and does not clearly indicate the theme of ""sports moments"" or ""cheating,"" it can be considered misleading.

#### Step 7: Provide a Brief Explanation for Your Decision
The thumbnail shows a dramatic soccer moment but does not convey the diverse nature of the sports featured in the video. It fails to inform viewers about the specific content, which includes various sports moments and cheating incidents, making it misleading.

### Final Categorization: Misleading"
oVQ3YyvtNOA,"### Analysis:

**Step 1: Examine the thumbnail**
- The thumbnail shows a soccer player wearing a large, orange, cone-shaped mask covering most of their face, with a small inset image of an eye with a red iris.
- The overall impression is humorous and exaggerated, suggesting a comedic or unusual scenario involving the player.

**Step 2: Read through the video subtitles and content description**
- The subtitles and video content appear to be a compilation of memorable and sometimes humorous moments from soccer matches.
- The video includes various dramatic and funny moments, such as a player reacting dramatically, a chaotic scene near the goal, and a player appearing to smoke on the field.
- The content is described as a mix of serious play, dramatic moments, and humorous incidents, capturing the unpredictable and exciting nature of football matches.

**Step 3: Compare the thumbnail to the actual video content**
- The thumbnail depicts a player wearing a large, cone-shaped mask, which is not directly related to the content of the video.
- The video content focuses on various memorable and humorous moments from soccer matches, which do not involve a player wearing a mask.

**Step 4: Determine if the thumbnail accurately represents the video's main topic or content**
- The thumbnail does not accurately represent the main topic or content of the video. It introduces an element (the mask) that is not present in the actual video content.

**Step 5: Assess whether the thumbnail uses exaggeration, false promises, or clickbait tactics**
- The thumbnail uses exaggeration by depicting a player wearing a large, cone-shaped mask, which is not part of the actual video content.
- There is no false promise or clickbait tactic used; the thumbnail simply introduces an element that is not relevant to the video's content.

**Step 6: Categorize the thumbnail**
- **Categorization:** Misleading

**Step 7: Provide a brief explanation for the decision**
- The thumbnail introduces an element (a player wearing a large, cone-shaped mask) that is not present in the actual video content. While the video does contain humorous and dramatic moments, the thumbnail misleads viewers by suggesting a specific scenario that is not depicted in the video. Therefore, the thumbnail is considered misleading.

**Final Answer:**
- **Categorization:** Misleading
- **Explanation:** The thumbnail introduces an element (a player wearing a large, cone-shaped mask) that is not present in the actual video content, misleading viewers about the main topic or content of the video."
WLuRkeo_9vM,"### Analysis of the Provided Information

#### Step 1: Examine the Thumbnail
The thumbnail features a close-up of a tattoo on a person's skin, specifically a goat-like symbol. The image is framed with a red circle, suggesting that the tattoo is the focal point of the thumbnail.

#### Step 2: Read Through the Video Subtitles and Content Description
The subtitles and video content describe a compilation of scenes related to professional soccer, focusing on various players, moments, and aspects of the sport. The content includes scenes of players getting tattoos, which is highlighted as a personal side of athletes.

#### Step 3: Compare the Thumbnail to the Actual Video Content
The thumbnail shows a tattoo, while the video content includes scenes of players getting tattoos, but it does not focus solely on the tattoos themselves. The video provides context around the tattoos, such as the meaning behind them and the players associated with them.

#### Step 4: Determine if the Thumbnail Accurately Represents the Video's Main Topic or Content
The thumbnail accurately represents the video content by showing a tattoo, which is a significant part of the video's theme. However, the thumbnail does not provide any specific details about the tattoo meanings or the players associated with them, which are crucial elements of the video's content.

#### Step 5: Assess Whether the Thumbnail Uses Exaggeration, False Promises, or Clickbait Tactics
The thumbnail does not use exaggerated claims or false promises. It simply shows a tattoo, which is a relevant aspect of the video's content.

#### Step 6: Categorize the Thumbnail as Either ""Misleading"" or ""Not Misleading""
Based on the analysis, the thumbnail is **Not Misleading**.

#### Explanation:
The thumbnail accurately represents the video content by showing a tattoo, which is a significant part of the video's theme. While it does not provide specific details about the tattoo meanings or the players associated with them, it does not mislead viewers about the main topic of the video. The thumbnail effectively captures the viewer's attention by highlighting a tattoo, which is a central element of the video's content."
PbpXrA0sM-g,"### Analysis:

1. **Examine the thumbnail**: The thumbnail features a soccer player in a Manchester United jersey, looking determined, with the word ""PERFECT..."" overlaid on the image. This suggests a positive outcome or a successful moment in a soccer match.

2. **Read the subtitles and video content**: The subtitles and video content describe a compilation of soccer matches and related events, including intense moments, goal celebrations, and fan reactions. There is no mention of a specific ""perfect"" moment or a successful outcome being highlighted.

3. **Compare the thumbnail to the actual video content**: The thumbnail depicts a soccer player in a Manchester United jersey, which aligns with the soccer theme of the video. However, the word ""PERFECT..."" does not correspond to any specific content described in the video description. The video content focuses on various moments from soccer matches without highlighting a single ""perfect"" moment.

4. **Determine if the thumbnail accurately represents the video's main topic or content**: The thumbnail accurately represents the soccer theme but misleads viewers by suggesting a specific ""perfect"" moment that is not explicitly mentioned or depicted in the video content.

5. **Assess whether the thumbnail uses exaggeration, false promises, or clickbait tactics**: The thumbnail uses exaggerated language (""PERFECT..."") to suggest a specific highlight that is not present in the video content, which can be considered clickbait.

6. **Categorize the thumbnail**: Based on the analysis, the thumbnail is misleading because it suggests a specific ""perfect"" moment that is not actually depicted in the video content.

7. **Explanation**: The thumbnail uses the word ""PERFECT..."" to imply a specific successful moment, which is not supported by the video content. This creates an expectation that is not met, leading viewers to believe they will see something specific when they watch the video, which is not the case.

**Categorization**: Misleading

**Explanation**: The thumbnail exaggerates the content by suggesting a specific ""perfect"" moment that is not actually depicted in the video, using clickbait tactics to attract viewers."
qMpUX0q64J4,"### Analysis of the Provided Information

#### Step 1: Examine the Thumbnail
The thumbnail features a soccer player in a France national team jersey (number 10) holding a soccer ball, with a woman in the foreground posing provocatively. The image suggests a focus on soccer-related content, specifically involving a player from the French national team.

#### Step 2: Read Through the Video Subtitles and Content Description
The subtitles and video content describe a compilation of various soccer-related scenes, including dramatic moments, player interviews, and behind-the-scenes footage. The content highlights memorable and intense moments in soccer history, such as goals, celebrations, and controversial incidents.

#### Step 3: Compare the Thumbnail to the Actual Video Content
The thumbnail depicts a soccer player and a provocative pose, which aligns with the soccer theme suggested by the video content. However, the thumbnail does not explicitly indicate that the video is a compilation of dramatic or memorable moments in soccer history.

#### Step 4: Determine if the Thumbnail Accurately Represents the Video's Main Topic or Content
While the thumbnail is related to soccer, it does not clearly convey that the video is a compilation of dramatic or memorable moments in soccer history. It could be interpreted as a promotional image for a soccer-related video, but it does not provide specific context about the content of the video.

#### Step 5: Assess Whether the Thumbnail Uses Exaggeration, False Promises, or Clickbait Tactics
The thumbnail does not use exaggerated language or false promises. It simply presents a soccer player and a provocative pose, which is a common visual element in sports-related content.

#### Step 6: Categorize the Thumbnail as Either ""Misleading"" or ""Not Misleading""
Based on the analysis, the thumbnail is **Not Misleading** because it accurately represents the general theme of soccer-related content but does not specify the nature of the content within the video.

#### Step 7: Provide a Brief Explanation for the Decision
The thumbnail effectively captures the essence of soccer-related content but does not provide specific details about the dramatic or memorable moments featured in the video. It is a standard promotional image that aligns with the general theme of the video without misleading viewers about the specific content."
AqLMQY2nKpI,"### Analysis of the Provided Information

#### Step 1: Examine the Thumbnail
The thumbnail shows a woman in an orange soccer jersey celebrating enthusiastically, with her tongue sticking out and her hair tied up in a ponytail. The image suggests excitement and joy associated with soccer.

#### Step 2: Read Through the Video Subtitles and Content Description
The subtitles and the video content description indicate that the video is a compilation of various moments from women's soccer matches and training sessions. It showcases different aspects of the sport, including celebrations, dramatic plays, and intense moments. The video does not explicitly mention any exaggerated or misleading claims.

#### Step 3: Compare the Thumbnail to the Actual Video Content
The thumbnail depicts a celebratory moment, which aligns with the content of the video. The video indeed features scenes of women celebrating goals and dramatic plays, which are common in soccer matches.

#### Step 4: Determine if the Thumbnail Accurately Represents the Video's Main Topic or Content
The thumbnail accurately represents the celebratory nature of the video content. It captures a moment of joy and excitement, which is a significant part of women's soccer matches.

#### Step 5: Assess Whether the Thumbnail Uses Exaggeration, False Promises, or Clickbait Tactics
There is no indication of exaggeration or clickbait tactics in the thumbnail. It simply shows a celebratory moment, which is a realistic representation of the video content.

#### Step 6: Categorize the Thumbnail as Either ""Misleading"" or ""Not Misleading""
Based on the analysis, the thumbnail is not misleading. It accurately reflects the celebratory and exciting nature of the video content.

#### Step 7: Provide a Brief Explanation for Your Decision
The thumbnail accurately depicts a celebratory moment from women's soccer, which is a significant part of the video content. There are no exaggerated claims or misleading elements present in the thumbnail. Therefore, the thumbnail is categorized as ""Not Misleading.""

### Final Answer
**Categorization:** Not Misleading  
**Explanation:** The thumbnail accurately represents the celebratory and exciting nature of the video content, which is a significant part of women's soccer matches. There are no exaggerated claims or misleading elements present in the thumbnail."
X70IFsHWclU,"### Analysis:

1. **Examine the thumbnail**: The thumbnail shows a soccer player in red running alongside a dog, with a laughing emoji next to them. The image suggests a humorous or light-hearted moment involving a soccer player and a dog.

2. **Read the video subtitles and content description**: The subtitles and the video content description do not mention anything about a dog or a humorous interaction between a player and a dog. Instead, they describe a compilation of soccer moments and skills across different settings and levels of play.

3. **Compare the thumbnail to the actual video content**: The thumbnail does not accurately represent the video's main topic or content. It implies a specific scenario (a player interacting humorously with a dog) that is not present in the video.

4. **Determine if the thumbnail accurately represents the video's main topic or content**: The thumbnail does not accurately represent the video content, which focuses on various soccer moments and skills rather than a humorous interaction with a dog.

5. **Assess whether the thumbnail uses exaggeration, false promises, or clickbait tactics**: The thumbnail uses clickbait tactics by suggesting a humorous or unexpected moment that is not actually depicted in the video.

6. **Categorize the thumbnail as either ""Misleading"" or ""Not Misleading""**: Based on the analysis, the thumbnail is misleading.

7. **Provide a brief explanation for your decision**: The thumbnail exaggerates the content of the video by implying a humorous interaction with a dog, which is not present in the actual video. This use of clickbait tactics misleads viewers into expecting a specific type of content that is not delivered.

**Categorization**: Misleading

**Explanation**: The thumbnail uses clickbait tactics by suggesting a humorous interaction with a dog, which is not present in the actual video content."
io-lw-yDKzY,"### Analysis of the Provided Information

#### Step 1: Examine the Thumbnail
The thumbnail features a close-up of a tongue with a safety pin inserted into it, accompanied by a red arrow pointing towards the safety pin. There is also a TikTok logo present.

#### Step 2: Read Through the Video Subtitles and Content Description
The subtitles suggest that the video involves pranks and reactions to various pranks. The content description indicates that the video is a reaction video where the creator is responding to different short clips or ""life hacks.""

#### Step 3: Compare the Thumbnail to the Actual Video Content
The thumbnail depicts a safety pin inserted into a tongue, which is a highly unusual and potentially dangerous scenario. The video content, however, revolves around pranks and reactions to various pranks, which is quite different from the thumbnail's depiction.

#### Step 4: Determine if the Thumbnail Accurately Represents the Video's Main Topic or Content
The thumbnail does not accurately represent the video's main topic or content. It shows a highly exaggerated and potentially harmful situation (a safety pin in a tongue) that is not related to the pranks and reactions described in the subtitles and video description.

#### Step 5: Assess Whether the Thumbnail Uses Exaggeration, False Promises, or Clickbait Tactics
The thumbnail uses exaggeration and clickbait tactics by depicting a dangerous and unusual scenario that is not representative of the actual content of the video.

#### Step 6: Categorize the Thumbnail as Either ""Misleading"" or ""Not Misleading""
Based on the analysis, the thumbnail is clearly misleading.

#### Step 7: Provide a Brief Explanation for Your Decision
The thumbnail exaggerates a dangerous and unusual scenario (a safety pin in a tongue) that is not related to the pranks and reactions depicted in the video. This creates a misleading impression that attracts viewers with an exaggerated and potentially harmful situation, which is not accurate to the actual content of the video. Therefore, the thumbnail is misleading."
nhFkzrA05-w,"### Analysis:

1. **Examine the thumbnail**: The thumbnail features three players from a football team, with text overlaid suggesting they cannot win the Champions League without Zidane and implying a lack of confidence in their current coach.

2. **Read the subtitles and video content**:
   - The subtitles include phrases like ""WE CAN'T WIN THE CHAMPIONS LEAGUE"" and ""WE NEED ZIDANE,"" which seem to be part of a commentary or discussion about the team's performance and coaching situation.
   - The video content appears to be a compilation of football matches and related events, showcasing various moments from different games, including celebrations, penalties, and interactions between players.

3. **Compare the thumbnail to the actual video content**:
   - The thumbnail suggests a specific narrative about the team's inability to win the Champions League due to a lack of a certain coach.
   - The video content, however, does not focus on this particular narrative. Instead, it provides a general overview of football matches and events.

4. **Determine if the thumbnail accurately represents the video's main topic or content**:
   - The thumbnail misrepresents the video's content by suggesting a specific issue (lack of a coach) that is not the primary focus of the video.

5. **Assess whether the thumbnail uses exaggeration, false promises, or clickbait tactics**:
   - The thumbnail uses exaggerated language (""WE CAN'T WIN THE CHAMPIONS LEAGUE"") to attract viewers, which is misleading.

6. **Categorize the thumbnail**:
   - **Misleading**

7. **Explanation**:
   - The thumbnail exaggerates the issue of the team needing a specific coach to win the Champions League, which is not the main focus of the video. The video content is a general compilation of football matches and events, not a discussion about the team's coaching issues. The thumbnail uses clickbait tactics by promising a specific narrative that is not present in the video content."
mw_QXmsCN8I,"### Analysis of the Provided Information

#### Step 1: Examine the Thumbnail
The thumbnail features a soccer player wearing a red jersey with the text ""YOU MUST RETIRE!"" prominently displayed below the image.

#### Step 2: Read Through the Video Subtitles and Content Description
The subtitles and content description indicate that the video is a compilation of various soccer-related scenes and interviews, including moments of frustration, heated discussions, and intense emotions. The video does not explicitly mention the phrase ""YOU MUST RETIRE!"" in the content description provided.

#### Step 3: Compare the Thumbnail to the Actual Video Content
The thumbnail suggests a specific event or statement related to a player being told to retire, which is not mentioned in the video description. The content of the video focuses on various soccer-related scenes and interviews without any direct reference to a player being told to retire.

#### Step 4: Determine if the Thumbnail Accurately Represents the Video's Main Topic or Content
The thumbnail does not accurately represent the main topics or content of the video. It implies a specific event (a player being told to retire) that is not present in the video description.

#### Step 5: Assess Whether the Thumbnail Uses Exaggeration, False Promises, or Clickbait Tactics
The thumbnail uses exaggerated language (""YOU MUST RETIRE!"") to attract viewers, which is not supported by the actual content of the video.

#### Step 6: Categorize the Thumbnail as Either ""Misleading"" or ""Not Misleading""
Based on the analysis, the thumbnail is misleading.

#### Step 7: Provide a Brief Explanation for the Decision
The thumbnail exaggerates a specific event (a player being told to retire) that is not mentioned in the video description. It uses clickbait tactics to attract viewers by implying a significant event that is not actually depicted in the video. Therefore, the thumbnail is misleading."
uBg_ssHE05M,"### Analysis:

**Step 1: Examine the thumbnail**
- The thumbnail features a man (likely Cristiano Ronaldo) with a cigarette and the word ""DEPENDENT"" prominently displayed.

**Step 2: Read through the video subtitles and content description**
- The subtitles mention that the video will discuss ""bad habits"" of Cristiano Ronaldo, specifically focusing on smoking.
- The content description provides a general overview of the video, which includes various aspects of Ronaldo's life, but does not explicitly mention smoking as a significant topic.

**Step 3: Compare the thumbnail to the actual video content**
- The thumbnail suggests that the video will primarily focus on Ronaldo's smoking habit, implying that it is a significant issue.
- However, the video content description does not emphasize smoking as a major point; instead, it covers a range of topics related to Ronaldo's life, health, and career.

**Step 4: Determine if the thumbnail accurately represents the video's main topic or content**
- The thumbnail implies that smoking is a central theme of the video, which is not supported by the video content description.

**Step 5: Assess whether the thumbnail uses exaggeration, false promises, or clickbait tactics**
- The thumbnail uses the word ""DEPENDENT,"" which could be interpreted as suggesting that Ronaldo is dependent on smoking, which might be misleading if the video does not delve into this aspect deeply.

**Step 6: Categorize the thumbnail as either ""Misleading"" or ""Not Misleading""**
- **Categorization: Misleading**

**Explanation:**
The thumbnail suggests that the video will primarily focus on Ronaldo's smoking habit, which is not accurately represented in the video content description. While the video does touch on smoking as a topic, it is not the primary focus. The use of the word ""DEPENDENT"" in the thumbnail might give viewers the impression that smoking is a significant issue, which is not supported by the video content. Therefore, the thumbnail is misleading."
X3xwFsiAyM4,"Categorization: Not Misleading

Explanation: The thumbnail does not provide any visual or textual information that would mislead viewers about the content of the video. Since there are no subtitles or text accompanying the thumbnail, it cannot be assessed for misleading elements based on the given information. The video description itself provides a clear and detailed account of the horror-themed sequence without any misleading elements. Therefore, the thumbnail is not misleading."
gmlxelUTGfo,"### Analysis of the Provided Information

#### Step 1: Examine the Thumbnail
The thumbnail shows three soccer players on a field, with one player appearing to be in pain or reacting dramatically, while another player looks on. There is an emoji of a laughing face with tears, suggesting humor or a comedic situation.

#### Step 2: Read Through the Video Subtitles and Content Description
The video content description mentions various soccer-related scenes, including casual play, professional settings, and training exercises. The subtitles seem to be unrelated to the soccer content and contain random phrases that do not provide context or relate to the video's content.

#### Step 3: Compare the Thumbnail to the Actual Video Content
The thumbnail depicts a humorous or dramatic moment involving soccer players, which aligns with the general theme of soccer-related content. However, the subtitles and the video content itself do not match the thumbnail's depiction of a comedic or dramatic soccer moment.

#### Step 4: Determine if the Thumbnail Accurately Represents the Video's Main Topic or Content
The thumbnail does not accurately represent the video's main topic or content. It suggests a humorous or dramatic soccer moment, but the video content is a compilation of various soccer-related scenes without a specific focus on a particular moment.

#### Step 5: Assess Whether the Thumbnail Uses Exaggeration, False Promises, or Clickbait Tactics
The thumbnail uses exaggerated imagery (a laughing face with tears) to suggest humor, which could be misleading if the video content does not match the thumbnail's implication.

#### Step 6: Categorize the Thumbnail as Either ""Misleading"" or ""Not Misleading""
Based on the analysis, the thumbnail is misleading because it implies a specific humorous or dramatic moment that is not present in the video content.

#### Step 7: Provide a Brief Explanation for Your Decision
The thumbnail suggests a humorous or dramatic soccer moment, but the video content is a compilation of various soccer-related scenes without a specific focus on a particular moment. The random subtitles do not provide any context related to the thumbnail's implication, making the thumbnail misleading."
LvzOkehZaRQ,"### Analysis of the Provided Information

#### Step 1: Examine the Thumbnail
The thumbnail features a person in a prison setting, with the text ""LIFETIME"" and an arrow pointing to the individual. The person appears distressed, with blood on their face and hands reaching out through the bars.

#### Step 2: Read Through the Video Subtitles and Content Description
The subtitles indicate that the video is about a famous Brazilian soccer player named Ronaldinho and his brother, who are currently behind bars in a Paraguayan prison. The video describes their journey from humble beginnings to their current situation, highlighting their struggles and achievements in soccer.

#### Step 3: Compare the Thumbnail to the Actual Video Content
The thumbnail depicts a person in a prison setting, which aligns with the subtitles mentioning that Ronaldinho and his brother are behind bars. However, the thumbnail does not provide any visual cues about the content of the video beyond the prison setting itself.

#### Step 4: Determine if the Thumbnail Accurately Represents the Video's Main Topic or Content
The thumbnail accurately represents the main topic of the video, which is about Ronaldinho and his brother being behind bars. It sets the context for the viewer that the video will discuss their current situation.

#### Step 5: Assess Whether the Thumbnail Uses Exaggeration, False Promises, or Clickbait Tactics
The thumbnail does not use exaggerated language or false promises. It simply shows a person in a prison setting, which is consistent with the subtitles and the content description.

#### Step 6: Categorize the Thumbnail
Based on the analysis, the thumbnail is not misleading because it accurately represents the main topic of the video, which is about Ronaldinho and his brother being behind bars.

#### Step 7: Provide a Brief Explanation for the Decision
The thumbnail accurately depicts the main topic of the video, which is about Ronaldinho and his brother being behind bars. It does not use exaggerated language or false promises, and it sets the correct context for the viewer. Therefore, it is categorized as ""Not Misleading.""

### Final Answer
**Categorization:** Not Misleading  
**Explanation:** The thumbnail accurately represents the main topic of the video, which is about Ronaldinho and his brother being behind bars. It does not use exaggerated language or false promises, and it sets the correct context for the viewer."
rKNoyR36i34,"### Analysis of the Provided Information

#### Step 1: Examine the Thumbnail
The thumbnail features two young boys standing together against a backdrop that appears to be a rough, urban environment. There is a large red arrow pointing towards the boys, and the text ""250,000,000 VIEWS"" is prominently displayed below them.

#### Step 2: Read Through the Video Subtitles and Content Description
The subtitles indicate that the video is a compilation of various short clips or scenes, with a focus on reactions to popular content. The content includes scenes such as a trampoline jump, a person in a pool with a large inflatable object, a VR setup, and more. The reactions seem to be varied, ranging from surprise to amusement.

#### Step 3: Compare the Thumbnail to the Actual Video Content
The thumbnail shows two young boys, which suggests a theme related to poverty or hardship. However, the video content described does not appear to be directly related to these themes. Instead, it seems to be a collection of reaction videos to various popular content pieces.

#### Step 4: Determine if the Thumbnail Accurately Represents the Video's Main Topic or Content
The thumbnail does not accurately represent the video's main topic or content. It suggests a serious or dramatic theme (poverty or hardship) when the actual content is a collection of reaction videos to popular content.

#### Step 5: Assess Whether the Thumbnail Uses Exaggeration, False Promises, or Clickbait Tactics
The thumbnail uses exaggerated numbers (""250,000,000 VIEWS"") to attract viewers, which is a common tactic used in clickbait videos. However, the content itself does not match the suggested theme of the thumbnail.

#### Step 6: Categorize the Thumbnail as Either ""Misleading"" or ""Not Misleading""
Based on the analysis, the thumbnail is misleading because it suggests a serious or dramatic theme when the actual content is a collection of reaction videos to popular content.

#### Step 7: Provide a Brief Explanation for Your Decision
The thumbnail uses exaggerated numbers and a dramatic image to attract viewers, but the actual content is a collection of reaction videos to popular content. This mismatch between the thumbnail and the actual video content makes the thumbnail misleading.

### Final Categorization: Misleading"
O_DWucZwtfA,"### Analysis:

1. **Examine the thumbnail**: The thumbnail shows a dark, eerie setting with a figure wearing a mask and a doll, which suggests a horror or suspense theme.
   
2. **Read through the video subtitles and content description**: The subtitles do not provide any specific details about the content of the video. They only mention music playing throughout the video.

3. **Compare the thumbnail to the actual video content**: The thumbnail depicts a dark, mysterious scene that aligns with the horror theme suggested by the mask and doll. However, the video content consists of two distinct parts: an anime scene and a 3D animated game featuring a cat.

4. **Determine if the thumbnail accurately represents the video's main topic or content**: The thumbnail does not accurately represent the video's content because it does not reflect the playful and whimsical nature of the cat game that follows the anime scene.

5. **Assess whether the thumbnail uses exaggeration, false promises, or clickbait tactics**: The thumbnail uses a misleading image that does not match the actual content of the video. It creates expectations based on a horror theme that are not fulfilled.

6. **Categorize the thumbnail as either ""Misleading"" or ""Not Misleading""**: Based on the analysis, the thumbnail is misleading.

7. **Provide a brief explanation for your decision**: The thumbnail sets up a viewer expectation of a horror-themed video, but the actual content is a mix of an anime scene and a 3D animated cat game. This mismatch between the thumbnail and the video content misleads viewers into expecting a different type of content than what they receive.

**Categorization**: Misleading

**Explanation**: The thumbnail uses a dark, eerie image that suggests a horror theme, which does not match the playful and whimsical content of the cat game featured in the video. This creates a misleading expectation for the viewer."
ciVSCgt2QEg,"### Analysis of the Provided Information

#### Step 1: Examine the Thumbnail
The thumbnail shows a yellow metal gate with a red arrow pointing towards it. There is no text or additional imagery suggesting any specific content or theme related to the video.

#### Step 2: Read Through the Video Subtitles and Content Description
The subtitles and video content description indicate that the video is a reaction video where the creator is reacting to a series of short clips, many of which involve unusual or pointless inventions. The creator's reactions range from surprise and amusement to confusion and intrigue, reflecting the bizarre nature of the clips being watched.

#### Step 3: Compare the Thumbnail to the Actual Video Content
The thumbnail does not provide any indication of the content or theme of the video. It simply shows a yellow metal gate, which is unrelated to the series of short clips and inventions featured in the video.

#### Step 4: Determine if the Thumbnail Accurately Represents the Video's Main Topic or Content
The thumbnail fails to represent the video's main topic or content. It does not give any clue about the series of short clips or inventions being discussed.

#### Step 5: Assess Whether the Thumbnail Uses Exaggeration, False Promises, or Clickbait Tactics
The thumbnail does not use any exaggerated claims or false promises. It merely shows a yellow metal gate, which is completely unrelated to the content of the video.

#### Step 6: Categorize the Thumbnail as Either ""Misleading"" or ""Not Misleading""
Given that the thumbnail does not accurately represent the video's main topic or content, it is misleading.

#### Step 7: Provide a Brief Explanation for Your Decision
The thumbnail shows a yellow metal gate, which is entirely unrelated to the series of short clips and inventions featured in the video. It fails to provide any context or hint about the content, leading viewers to expect a different type of video than what they will actually watch. Therefore, the thumbnail is misleading."
yhEovTipDDI,"### Analysis of the Provided Information

#### Step 1: Examine the Thumbnail
The thumbnail shows Cristiano Ronaldo and a woman kissing on a soccer field during a match. The scoreboard indicates a match between Turkey (TUR) and Portugal (POR), with Portugal leading 3-0.

#### Step 2: Read Through the Video Subtitles and Content Description
The subtitles and video content appear to be a compilation of soccer highlights, featuring various moments from different matches. The content includes intense action scenes, emotional moments, humorous situations, and controversial decisions. The video does not seem to focus on a romantic or intimate moment involving Cristiano Ronaldo and a woman.

#### Step 3: Compare the Thumbnail to the Actual Video Content
The thumbnail depicts a romantic moment between Cristiano Ronaldo and a woman, which is not present in the video content described. The video is a compilation of soccer highlights, not a romantic scene.

#### Step 4: Determine if the Thumbnail Accurately Represents the Video's Main Topic or Content
The thumbnail does not accurately represent the video's main topic or content. It misleads viewers by suggesting a romantic or intimate moment that is not depicted in the video.

#### Step 5: Assess Whether the Thumbnail Uses Exaggeration, False Promises, or Clickbait Tactics
The thumbnail uses exaggerated imagery and a misleading scenario to attract viewers, promising a romantic moment that is not part of the video content.

#### Step 6: Categorize the Thumbnail
Categorization: Misleading

#### Step 7: Provide a Brief Explanation for the Decision
The thumbnail is misleading because it depicts a romantic moment between Cristiano Ronaldo and a woman, which is not present in the video content. The thumbnail uses exaggerated imagery and a misleading scenario to attract viewers, promising a romantic moment that is not part of the video. This type of imagery is often used to generate interest and clicks, which makes the thumbnail misleading."
bbla8uN33R0,"### Analysis of the Provided Information

#### Step 1: Examine the Thumbnail
The thumbnail shows a soccer player lying on the ground, appearing to be in distress or discomfort. There is a red arrow pointing to the player's abdomen, which suggests that the player may have experienced some form of injury or physical discomfort related to their abdomen.

#### Step 2: Read Through the Video Subtitles and Content Description
The subtitles and video content appear to focus on embarrassing moments in football history, such as players forgetting how to put on their jerseys, pooping themselves on live TV, and other humorous or awkward incidents. The content does not seem to directly relate to the image of the player lying on the ground with an arrow pointing to their abdomen.

#### Step 3: Compare the Thumbnail to the Actual Video Content
The thumbnail depicts a player lying on the ground with an arrow pointing to their abdomen, implying a physical issue. However, the video content focuses on embarrassing moments rather than physical injuries or discomfort.

#### Step 4: Determine if the Thumbnail Accurately Represents the Video's Main Topic or Content
The thumbnail does not accurately represent the video's main topic, which is a compilation of embarrassing moments in football history. The thumbnail suggests a focus on physical discomfort or injury, which is not the primary theme of the video.

#### Step 5: Assess Whether the Thumbnail Uses Exaggeration, False Promises, or Clickbait Tactics
The thumbnail uses exaggerated imagery (a player lying on the ground with an arrow pointing to their abdomen) to attract viewers, which is misleading. It creates a false promise that the video will contain content about physical injuries or discomfort, which is not the case.

#### Step 6: Categorize the Thumbnail as Either ""Misleading"" or ""Not Misleading""
Based on the analysis, the thumbnail is misleading.

#### Step 7: Provide a Brief Explanation for Your Decision
The thumbnail uses exaggerated imagery to attract viewers, suggesting that the video will contain content about physical injuries or discomfort, which is not the case. The video actually focuses on embarrassing moments in football history, not physical issues. Therefore, the thumbnail is misleading."
OTO52ioghfA,"### Analysis:

1. **Examine the thumbnail**: The thumbnail shows two players on the ground, one appearing to be in pain or discomfort, with a laughing emoji overlaid on the image. There is also a yellow arrow pointing towards one of the players.

2. **Read the subtitles and video content**: The subtitles do not provide any specific details about the content of the video. They seem to be random phrases and music cues rather than informative subtitles.

3. **Compare the thumbnail to the actual video content**: The thumbnail depicts a humorous or exaggerated moment involving players on the ground, which could be intended to be funny or surprising. However, the video content described does not necessarily include such a specific scene.

4. **Determine if the thumbnail accurately represents the video's main topic or content**: The thumbnail suggests a humorous or dramatic moment involving players, but the video content does not explicitly confirm this. It appears to be a general compilation of football scenes without a clear focus on a particular incident.

5. **Assess whether the thumbnail uses exaggeration, false promises, or clickbait tactics**: The thumbnail uses a laughing emoji and a yellow arrow, which might suggest humor or a surprising event. However, these elements are not clearly linked to the actual content of the video based on the provided description.

6. **Categorize the thumbnail**: Given that the thumbnail suggests a specific humorous or dramatic moment that may not be present in the actual video content, it can be considered misleading.

7. **Explanation**: The thumbnail uses visual elements (laughing emoji and arrow) to imply a specific humorous or dramatic moment, which is not confirmed by the video content. This creates a discrepancy between the expectation set by the thumbnail and the actual content, making it misleading.

### Final Decision:
**Misleading**

**Explanation**: The thumbnail suggests a specific humorous or dramatic moment involving players on the ground, which is not confirmed by the video content. The use of a laughing emoji and an arrow implies a particular incident that may not be present, leading viewers to expect something different from what they see in the video."
T0nydcH2B9Y,"### Analysis of the Provided Information

#### Step 1: Examine the Thumbnail
The thumbnail depicts a soccer player in a locker room, seemingly in a heated argument with another individual. The text overlay reads, ""I REGRET SIGNING YOU.""

#### Step 2: Read Through the Video Subtitles and Content Description
The video content includes various emotional and intense moments from professional soccer matches and locker room scenes. The subtitles and video content do not mention any regret regarding signing a player.

#### Step 3: Compare the Thumbnail to the Actual Video Content
The thumbnail suggests a scenario where a coach or manager is expressing regret over signing a player, which is not depicted in the video content. The video focuses on various emotional and intense moments from soccer matches and locker rooms, without any explicit reference to regretting a signing.

#### Step 4: Determine if the Thumbnail Accurately Represents the Video's Main Topic or Content
The thumbnail does not accurately represent the video's main topic or content. It misleads viewers into expecting a narrative centered around regret over a player signing, which is not present in the video.

#### Step 5: Assess Whether the Thumbnail Uses Exaggeration, False Promises, or Clickbait Tactics
The thumbnail uses exaggerated language (""I REGRET SIGNING YOU"") to attract viewers, which is misleading and does not reflect the actual content of the video.

#### Step 6: Categorize the Thumbnail as Either ""Misleading"" or ""Not Misleading""
Based on the analysis, the thumbnail is **Misleading**.

#### Step 7: Provide a Brief Explanation for the Decision
The thumbnail exaggerates the content of the video by suggesting a scenario of regret over a player signing, which is not depicted in the actual video. This misleading tactic aims to attract viewers by promising a specific narrative that is not present in the video content."
omVMxK9wN_I,"### Analysis:

1. **Examine the thumbnail**: The thumbnail depicts a person in a rural setting, possibly a field, with a chicken and eggs scattered around. It suggests a humorous or lighthearted rural activity involving chickens and eggs.

2. **Read the subtitles and video content**: The subtitles and video content do not explicitly mention anything related to chickens or eggs. Instead, they seem to focus on general rural life activities, interactions between people, and various scenes depicting daily life in a rural setting.

3. **Compare the thumbnail to the actual video content**: The thumbnail shows a scene with chickens and eggs, which is not directly represented in the video content. The video primarily focuses on different rural activities and interactions without any specific emphasis on chickens or eggs.

4. **Determine if the thumbnail accurately represents the video's main topic or content**: The thumbnail does not accurately represent the main topics discussed in the video. The video content is more about general rural life activities rather than a specific scene involving chickens and eggs.

5. **Assess whether the thumbnail uses exaggeration, false promises, or clickbait tactics**: The thumbnail uses clickbait tactics by suggesting a humorous or exaggerated rural activity involving chickens and eggs, which is not reflected in the actual video content.

6. **Categorize the thumbnail**: Based on the analysis, the thumbnail is misleading.

7. **Explanation**: The thumbnail exaggerates the content by suggesting a humorous or exaggerated rural activity involving chickens and eggs, which is not present in the actual video content. This use of clickbait tactics misleads viewers into expecting a specific scene that is not shown.

**Categorization**: Misleading

**Explanation**: The thumbnail uses clickbait tactics by suggesting a humorous or exaggerated rural activity involving chickens and eggs, which is not reflected in the actual video content."
ytgrHscS9xQ,"### Analysis:

1. **Examine the thumbnail**: The thumbnail shows a shirtless individual on the ground, seemingly distressed or injured, with a group of soccer players and a referee standing around them. There are also animated eyes drawn onto the image, which might suggest a humorous or exaggerated situation.

2. **Read the subtitles and video content**: The subtitles include phrases like ""comedy moment of the night,"" ""handball,"" ""foreign,"" ""they think it's all over,"" and ""plenty of questions to be asked."" These suggest that the video contains humorous or dramatic moments from a soccer match, but do not indicate any serious injury or distress.

3. **Compare the thumbnail to the actual video content**: The thumbnail depicts a dramatic and potentially serious situation involving a player and the referee, while the video content describes humorous and light-hearted moments typical of a soccer match.

4. **Determine if the thumbnail accurately represents the video's main topic or content**: The thumbnail does not accurately represent the video's main content, which focuses on humorous and light-hearted moments rather than a serious incident.

5. **Assess whether the thumbnail uses exaggeration, false promises, or clickbait tactics**: The thumbnail uses exaggerated imagery and animation to draw attention, which could mislead viewers into expecting a serious or dramatic scene when the video actually contains humorous content.

6. **Categorize the thumbnail**: Based on the analysis, the thumbnail is misleading.

7. **Explanation**: The thumbnail exaggerates the situation by showing a dramatic scene with animated eyes, which suggests a serious or humorous incident. However, the video content is primarily focused on humorous and light-hearted moments from a soccer match, which does not align with the thumbnail's depiction. This creates a misleading expectation for the viewer.

### Final Decision:
**Misleading**

**Explanation**: The thumbnail uses exaggerated imagery and animation to draw attention to a serious or dramatic scene, which is not reflected in the actual video content. This misleads viewers into expecting a serious or humorous incident when the video primarily contains light-hearted moments."
hivKxdUky0I,"### Analysis of the Provided Information

#### Step 1: Examine the Thumbnail
The thumbnail shows a humanoid figure of light standing amidst rubble or debris, which aligns with the video content described in the subtitles and video description. The figure is depicted as a bright, ethereal being, which fits the theme of UFO sightings and extraterrestrial phenomena.

#### Step 2: Read Through the Video Subtitles and Content Description
The subtitles and video description focus on various UFO sightings and extraterrestrial phenomena, including claims of alien abductions, mysterious lights in the sky, and unexplained aerial phenomena. The content is presented in a news or documentary style, exploring the mysteries surrounding these sightings.

#### Step 3: Compare the Thumbnail to the Actual Video Content
The thumbnail accurately represents the video content. It shows a humanoid figure of light, which is consistent with the depiction of an alien or extraterrestrial being in the video.

#### Step 4: Determine if the Thumbnail Accurately Represents the Video's Main Topic or Content
The thumbnail effectively captures the essence of the video's content, which revolves around UFO sightings and extraterrestrial phenomena. It does not mislead viewers into expecting a different type of content.

#### Step 5: Assess Whether the Thumbnail Uses Exaggeration, False Promises, or Clickbait Tactics
The thumbnail does not use exaggerated language or false promises. It simply presents a visual representation of the content discussed in the video.

#### Step 6: Categorize the Thumbnail
Based on the analysis, the thumbnail is **Not Misleading**.

#### Explanation:
The thumbnail accurately reflects the video's content, which focuses on UFO sightings and extraterrestrial phenomena. It does not use exaggerated language or false promises, and it effectively communicates the theme of the video without misleading viewers. Therefore, the thumbnail is categorized as **Not Misleading**."
bjLHKWdzbtI,"### Analysis of the Provided Information

#### Step 1: Examine the Thumbnail
The thumbnail shows a person in an orange striped shirt pointing a gun at another individual who appears to be restrained. The text overlaid on the image reads ""COP KILLER.""

#### Step 2: Read Through the Video Subtitles and Content Description
The subtitles and video content describe a police interrogation involving a suspect named Thomas Robinson, who brought a firearm into the interrogation room. The suspect was determined to make the officers' lives difficult, leading to a tense confrontation. The video highlights the suspect's actions and the subsequent events, including the suspect's collapse and the filing of a lawsuit against the police department.

#### Step 3: Compare the Thumbnail to the Actual Video Content
The thumbnail depicts a dramatic and confrontational scene with a gun, which aligns with the intense and dangerous nature described in the video content. However, the thumbnail does not provide specific details about the legal proceedings or the aftermath of the interrogation, which are significant elements of the video.

#### Step 4: Determine if the Thumbnail Accurately Represents the Video's Main Topic or Content
The thumbnail accurately represents the main topic of the video, which involves a police interrogation and a confrontation between officers and a suspect. However, it does not convey the full context or the broader implications of the events described in the video.

#### Step 5: Assess Whether the Thumbnail Uses Exaggeration, False Promises, or Clickbait Tactics
The thumbnail uses the term ""COP KILLER,"" which is a sensationalized and potentially misleading title. While the video content does involve a confrontation with a firearm, the title exaggerates the severity and outcome of the situation.

#### Step 6: Categorize the Thumbnail as Either ""Misleading"" or ""Not Misleading""
Based on the analysis, the thumbnail is **misleading** because it uses a sensationalized title (""COP KILLER"") that does not accurately reflect the full context and content of the video. The thumbnail suggests a more violent and dangerous scenario than what is actually depicted in the video.

#### Step 7: Provide a Brief Explanation for the Decision
The thumbnail uses the term ""COP KILLER"" to attract viewers, which is misleading because the video primarily focuses on a police interrogation and the suspect's actions within that context. The thumbnail does not adequately represent the broader narrative or the legal implications discussed in the video. Therefore, the thumbnail is misleading."
ppr6cZI64DY,"### Analysis of the Provided Information

#### Step 1: Examine the Thumbnail
The thumbnail features a young boy with a somber expression, waving goodbye, and the text ""Bye dad..."" alongside an image of a football club's logo and a group of people standing around it. 

#### Step 2: Read Through the Video Subtitles and Content Description
The subtitles and video content describe a series of emotional and dramatic moments related to football, news, and personal stories. The content includes:
- A Google search about sepsis.
- A football match with Phil Foden scoring a goal for Manchester City.
- A memorial for a young fan named Millie Rose who died from sepsis.
- A memorial for a helicopter crash involving the Manchester City owner.
- Emotional moments between players and fans, including a tribute to the deceased owner.

#### Step 3: Compare the Thumbnail to the Actual Video Content
The thumbnail depicts a young boy saying goodbye, which aligns with the emotional and personal nature of the video content. However, the thumbnail does not explicitly mention football or the specific events described in the video.

#### Step 4: Determine if the Thumbnail Accurately Represents the Video's Main Topic or Content
The thumbnail captures a moment of emotional farewell, which is present in the video content. However, it does not provide any context about the football-related elements or the specific tragedies mentioned.

#### Step 5: Assess Whether the Thumbnail Uses Exaggeration, False Promises, or Clickbait Tactics
The thumbnail does not use exaggerated claims or false promises. It simply shows a moment of emotional farewell, which is a part of the video content but not the main focus.

#### Step 6: Categorize the Thumbnail as Either ""Misleading"" or ""Not Misleading""
Based on the analysis, the thumbnail is **Not Misleading**.

#### Step 7: Provide a Brief Explanation for the Decision
The thumbnail accurately represents a moment of emotional farewell, which is indeed a part of the video content. While it does not explicitly highlight the football-related elements or the specific tragedies, it does capture a significant emotional moment that is present in the video. Therefore, it does not mislead viewers about the main topics covered in the video."
xlPQvVJf6tM,"### Analysis of the Provided Information

#### Step 1: Examine the Thumbnail
The thumbnail shows two individuals sitting together, with the word ""GIRLFRIEND"" prominently displayed above them, accompanied by a yellow arrow pointing towards the individual on the right.

#### Step 2: Read Through the Video Subtitles and Content Description
The subtitles and video content description focus on Cristiano Ronaldo and his career, personal life, and the story of his son, Cristiano Ronaldo Jr. The video does not mention anything related to a girlfriend or a romantic relationship.

#### Step 3: Compare the Thumbnail to the Actual Video Content
The thumbnail depicts a scene involving a ""girlfriend,"" which is completely unrelated to the content described in the video. The video is about Cristiano Ronaldo and his son, not about a romantic relationship.

#### Step 4: Determine if the Thumbnail Accurately Represents the Video's Main Topic or Content
The thumbnail does not represent the main topic or content of the video. It misleads viewers into expecting a romantic storyline or a discussion about Ronaldo's personal relationships, which is not the case.

#### Step 5: Assess Whether the Thumbnail Uses Exaggeration, False Promises, or Clickbait Tactics
The thumbnail uses clickbait tactics by suggesting a romantic relationship or a personal drama that is not present in the video content. It falsely promises viewers a story they are not getting.

#### Step 6: Categorize the Thumbnail
The thumbnail is **Misleading**.

#### Step 7: Provide a Brief Explanation for the Decision
The thumbnail inaccurately represents the video's content by suggesting a romantic relationship or personal drama involving Cristiano Ronaldo, which is not depicted in the video. It uses clickbait tactics to attract viewers, leading to a misleading expectation of the video's content."
M_3STI_4bKM,"### Analysis:

1. **Thumbnail Examination**:
   - The thumbnail shows two soccer players in a heated interaction, with one player appearing to confront or warn the other. The text overlay reads, ""YOUR DAD LEFT.""

2. **Video Subtitles**:
   - The subtitles provide commentary on various soccer moments, including interactions between players, penalties, and goal attempts. They do not mention any specific incident involving a confrontation or a parent leaving.

3. **Video Content Description**:
   - The video compilation includes various soccer moments, interactions between players, and goal scenarios. It does not depict a confrontation where one player is confronting another or a situation involving a parent leaving.

4. **Comparison**:
   - The thumbnail suggests a specific incident involving a confrontation and a parent leaving, which is not present in the video content described. The video focuses on general soccer moments and interactions without any such specific incident.

5. **Assessment**:
   - The thumbnail uses exaggerated and misleading content to attract viewers, as it implies a specific incident that is not depicted in the video.

### Conclusion:
The thumbnail is **Misleading** because it suggests a specific incident involving a confrontation and a parent leaving, which is not present in the video content. The thumbnail uses exaggerated content to attract viewers, which is not aligned with the actual video content."
i5QiQleD-jA,"Categorization: Not Misleading

Explanation: The thumbnail shows a close-up of a smiling face with glowing eyes, which could be interpreted as a character from a game or a stylized representation. However, the video content described does not involve any characters with glowing eyes or a smiling face. Instead, it is a walkthrough of a 3D platformer game with blocky aesthetics, featuring a character navigating through various environments and stages. The thumbnail does not accurately represent the video's main topic or content, but it does not use exaggerated claims, false promises, or clickbait tactics. Therefore, it can be categorized as ""Not Misleading."""
mUHVTdQctCc,"Categorization: Misleading

Explanation: The thumbnail does not provide any visual or textual indication that the video is related to health devices or sports injuries. Instead, the thumbnail shows a group of soccer players surrounding an ambulance, which could be interpreted as a scene from a sports event where an emergency situation has occurred. This imagery is unrelated to the content described in the video, which focuses on promoting a health device called iTeraCare. The thumbnail fails to accurately represent the video's main topic or content, thus misleading viewers about what they can expect from the video."
PYpkOI2W_kE,"### Analysis:

**Step 1: Examine the thumbnail**
The thumbnail features a person in a swimsuit running on a soccer field, alongside a soccer player in a yellow jersey. The image does not directly relate to the content described in the video description.

**Step 2: Read through the video subtitles and content description**
The subtitles and video description focus on various scenes from football matches and training sessions, depicting intense gameplay, dramatic saves, and tense moments typical of soccer matches. There is no mention of a person in a swimsuit or any activity unrelated to soccer.

**Step 3: Compare the thumbnail to the actual video content**
The thumbnail shows a person in a swimsuit running on a soccer field, which is completely unrelated to the content described in the video. The video content is entirely focused on soccer matches and training sessions.

**Step 4: Determine if the thumbnail accurately represents the video's main topic or content**
The thumbnail does not accurately represent the video's main topic or content. It depicts a person in a swimsuit, which is not mentioned or depicted in the video content.

**Step 5: Assess whether the thumbnail uses exaggeration, false promises, or clickbait tactics**
The thumbnail uses clickbait tactics by showing a person in a swimsuit on a soccer field, which is misleading and does not reflect the actual content of the video.

**Step 6: Categorize the thumbnail as either ""Misleading"" or ""Not Misleading""**
The thumbnail is clearly misleading.

**Step 7: Provide a brief explanation for your decision**
The thumbnail depicts a person in a swimsuit running on a soccer field, which is completely unrelated to the content of the video. The video is entirely focused on soccer matches and training sessions, and there is no indication of a person in a swimsuit in the video content. Therefore, the thumbnail is misleading and uses clickbait tactics to attract viewers."
RgOA37xgYcc,"### Analysis of the Provided Information

#### Step 1: Examine the Thumbnail
The thumbnail features a soccer player wearing a red headband with a Nike logo, accompanied by the text ""FINE == $50,000."" The image suggests a fine related to a soccer player wearing a headband.

#### Step 2: Read Through the Video Subtitles and Content Description
The subtitles mention a fine of $50,000 imposed on Neymar for wearing a headband during a game. The video content describes various soccer-related scenes, including a fine for wearing a headband, which is a significant detail.

#### Step 3: Compare the Thumbnail to the Actual Video Content
The thumbnail accurately represents the fine mentioned in the subtitles and the video content. It shows a soccer player wearing a headband, which aligns with the fine described in the video.

#### Step 4: Determine if the Thumbnail Accurately Represents the Video's Main Topic or Content
The thumbnail correctly depicts the fine for wearing a headband, which is a central point in the video content. It does not misrepresent the main topic or content of the video.

#### Step 5: Assess Whether the Thumbnail Uses Exaggeration, False Promises, or Clickbait Tactics
The thumbnail does not use exaggeration, false promises, or clickbait tactics. It clearly communicates the fine related to the headband, which is a factual detail from the video content.

#### Step 6: Categorize the Thumbnail
The thumbnail is categorized as ""Not Misleading.""

#### Step 7: Provide a Brief Explanation for the Decision
The thumbnail accurately represents the fine mentioned in the video content, specifically the fine of $50,000 imposed on Neymar for wearing a headband. There is no exaggeration or clickbait element present in the thumbnail. Therefore, it is not misleading.

### Final Answer
**Categorization:** Not Misleading  
**Explanation:** The thumbnail accurately represents the fine mentioned in the video content, depicting a soccer player wearing a headband, which is a factual detail from the video."
Lt_AZDkzbxc,"### Analysis:

**Thumbnail:** The thumbnail shows Cristiano Ronaldo kissing a female referee or official on the cheek while playing in a soccer match.

**Video Content:** The video compilation includes various scenes from soccer matches and behind-the-scenes moments, but does not feature any scene where Ronaldo kisses a female referee or official.

**Comparison:** The thumbnail depicts a specific and exaggerated interaction (Ronaldo kissing a female referee) that is not present in the actual video content. The video primarily focuses on various aspects of soccer matches and behind-the-scenes footage.

**Assessment:**
- **Exaggeration:** The thumbnail exaggerates the content by showing a kiss that is not depicted in the video.
- **Clickbait Tactics:** The thumbnail uses a provocative image to attract viewers, which is misleading because the actual content does not include such an interaction.
- **Accuracy:** The thumbnail does not accurately represent the video's main topics or content.

### Conclusion:
**Categorization:** Misleading

**Explanation:** The thumbnail uses a provocative image to attract viewers, which is misleading because the actual video content does not include Ronaldo kissing a female referee. The thumbnail exaggerates the content and uses clickbait tactics to attract viewers."
2rtHT0jlT2M,"### Analysis:

**Step 1: Examine the thumbnail**
The thumbnail shows a soccer match scene with a player in a yellow jersey taking a selfie while another player in a pink jersey looks on. The image suggests a casual, behind-the-scenes moment rather than a compilation of memorable moments or blunders from matches.

**Step 2: Read through the video subtitles and content description**
The subtitles and the video description indicate that the video is a compilation of memorable moments and blunders from football matches. It includes scenes of players falling, confrontations with referees, goal-scoring attempts, and other dramatic moments typical of soccer matches.

**Step 3: Compare the thumbnail to the actual video content**
The thumbnail does not accurately represent the content of the video. It shows a player taking a selfie, which is not a typical scene in a compilation of memorable moments or blunders from matches.

**Step 4: Determine if the thumbnail accurately represents the video's main topic or content**
The thumbnail fails to convey the main topic of the video, which is a compilation of memorable moments and blunders from soccer matches. Instead, it gives the impression of a casual, behind-the-scenes moment.

**Step 5: Assess whether the thumbnail uses exaggeration, false promises, or clickbait tactics**
The thumbnail uses clickbait tactics by suggesting a casual, behind-the-scenes moment that is not representative of the actual content of the video.

**Step 6: Categorize the thumbnail**
The thumbnail is **Misleading**.

**Explanation:**
The thumbnail misleads viewers by presenting a scene that is not reflective of the actual content of the video. It suggests a casual, behind-the-scenes moment, which is not what the video is about. The thumbnail uses clickbait tactics to attract viewers, promising a different type of content than what is actually shown in the video."
SMWvTzie_DA,"### Analysis of the Provided Information

#### Step 1: Examine the Thumbnail
The thumbnail features a lion running towards a soccer player on a football field. The image is highly stylized and surreal, as lions are not typically found in soccer matches.

#### Step 2: Read Through the Video Subtitles and Content Description
The subtitles and video description focus on a career retrospective of Cristiano Ronaldo, detailing various aspects of his life and achievements. The content includes facts about his early beginnings, his rise to fame, his achievements, and his impact both on and off the field.

#### Step 3: Compare the Thumbnail to the Actual Video Content
The thumbnail depicts a lion chasing a soccer player, which is completely unrelated to the content described in the video. The lion is not part of any soccer match or related to Cristiano Ronaldo’s career.

#### Step 4: Determine if the Thumbnail Accurately Represents the Video's Main Topic or Content
The thumbnail does not represent the video's main topic or content. It introduces a completely unrelated element (a lion) that has no bearing on the career retrospective of Cristiano Ronaldo.

#### Step 5: Assess Whether the Thumbnail Uses Exaggeration, False Promises, or Clickbait Tactics
The thumbnail uses exaggerated imagery (a lion chasing a soccer player) to attract viewers, which is misleading. It creates a false promise of an exciting or unusual event that is not present in the video content.

#### Step 6: Categorize the Thumbnail as Either ""Misleading"" or ""Not Misleading""
The thumbnail is clearly misleading.

#### Step 7: Provide a Brief Explanation for Your Decision
The thumbnail uses a highly unrealistic and unrelated image (a lion chasing a soccer player) to attract viewers, which is not representative of the actual content of the video. This creates a false expectation and misleads potential viewers about the nature of the video. Therefore, the thumbnail is misleading."
lYmxawhZcbc,"Categorization: Not Misleading

Explanation: The thumbnail does not provide any specific visual or textual information that would mislead viewers about the content of the video. Since there are no subtitles or text in the thumbnail, it cannot be accused of exaggeration, false promises, or clickbait tactics. The video description describes an abstract, somewhat unsettling animated sequence with minimalistic imagery and abrupt transitions, which aligns with the visual style suggested by the thumbnail. Therefore, the thumbnail accurately represents the video's content without misleading viewers."
PKtNvlRDq6U,"### Analysis of the Provided Information

#### Step 1: Examine the Thumbnail
The thumbnail shows a child with darkened skin and a laughing emoji. The text accompanying the thumbnail is not visible, but the visual suggests humor or a playful tone.

#### Step 2: Read Through the Video Subtitles and Content Description
The video content appears to be a compilation of various short clips, including animal moments, sports clips, and everyday occurrences. The subtitles seem to be part of a humorous dialogue or commentary, possibly involving a camel and a lion, which could be part of a comedic narrative.

#### Step 3: Compare the Thumbnail to the Actual Video Content
The thumbnail does not directly relate to any specific scene from the video content. It seems to be a generic image chosen to attract viewers, possibly due to the darkened skin and the laughing emoji, which might suggest humor or a playful theme.

#### Step 4: Determine if the Thumbnail Accurately Represents the Video's Main Topic or Content
The thumbnail does not accurately represent the video's main topic or content. It does not provide any clue about the nature of the clips (animal moments, sports clips, etc.) shown in the video.

#### Step 5: Assess Whether the Thumbnail Uses Exaggeration, False Promises, or Clickbait Tactics
The thumbnail uses exaggerated imagery (darkened skin and a laughing emoji) to attract viewers, which can be considered clickbait tactics. However, the thumbnail itself does not promise or guarantee any specific content related to the video.

#### Step 6: Categorize the Thumbnail as Either ""Misleading"" or ""Not Misleading""
Based on the analysis, the thumbnail is misleading.

#### Step 7: Provide a Brief Explanation for Your Decision
The thumbnail uses exaggerated imagery to attract viewers without providing any relevant context about the video's content. While the darkened skin and laughing emoji might suggest humor, they do not accurately represent the actual clips shown in the video, which include a mix of animal moments, sports clips, and everyday occurrences. Therefore, the thumbnail is misleading."
cEW9FN8ku3k,"### Analysis:

1. **Examine the thumbnail**: The thumbnail shows a soccer player taking a penalty kick, with the ball appearing to be deflected by a goalkeeper's glove, which is highlighted by a red circle. The image suggests a dramatic moment where the ball is saved by the goalkeeper.

2. **Read the subtitles and video content**:
   - The subtitles describe various penalty kick scenarios, including missed penalties, successful saves, and dramatic moments involving goalkeepers.
   - The video content includes scenes of penalty kicks, goal celebrations, and goalkeeping moments, but the thumbnail specifically highlights a dramatic save.

3. **Compare the thumbnail to the actual video content**:
   - The thumbnail depicts a dramatic moment where the ball is saved by the goalkeeper, which aligns with the content of the video.
   - However, the thumbnail does not represent all the content of the video; it focuses on a specific dramatic moment rather than showcasing the entire compilation of soccer moments.

4. **Determine if the thumbnail accurately represents the video's main topic or content**:
   - While the thumbnail captures a significant moment in the video, it does not represent the overall theme of the compilation, which includes various penalty kicks and goalkeeping moments.
   - The thumbnail could be misleading because it might give viewers the impression that the video is solely about dramatic saves, whereas the video contains a broader range of soccer moments.

5. **Assess whether the thumbnail uses exaggeration, false promises, or clickbait tactics**:
   - The thumbnail does not use exaggerated claims or false promises. It accurately depicts a dramatic moment that is part of the video content.
   - However, the thumbnail might be misleading because it does not provide a comprehensive overview of the video's content.

6. **Categorize the thumbnail**:
   - **Misleading**

7. **Explanation**:
   - The thumbnail accurately represents a dramatic moment in the video but does not reflect the overall content of the compilation. It might give viewers the impression that the video is solely about dramatic saves, which is not the case. Therefore, while the thumbnail is not misleading in terms of the content depicted, it is misleading in terms of the overall content of the video.

### Final Decision:
**Misleading**

**Explanation**: The thumbnail accurately depicts a dramatic moment in the video but does not represent the overall theme of the compilation, which includes various penalty kicks and goalkeeping moments."
FXp4hETJkvY,"### Analysis of the Provided Information

#### Step 1: Examine the Thumbnail
The thumbnail depicts a man interacting with a child in a hospital setting. The man is dressed in pink athletic wear, and the child is wearing a pink hat and pajamas. The overall tone suggests a positive and heartwarming interaction between the two individuals.

#### Step 2: Read Through the Video Subtitles and Content Description
The subtitles and video content describe a series of football-related moments involving players surprising fans and supporters. The content includes interactions between footballers and their fans, such as visiting schools, visiting fans in hospitals, and surprising fans unexpectedly. The video does not explicitly mention any hospital visit or interaction similar to the one depicted in the thumbnail.

#### Step 3: Compare the Thumbnail to the Actual Video Content
The thumbnail shows a man interacting with a child in a hospital setting, which aligns closely with the content described in the video subtitles and description. However, the video content focuses on football-related moments and interactions between players and fans, rather than a hospital visit.

#### Step 4: Determine if the Thumbnail Accurately Represents the Video's Main Topic or Content
The thumbnail accurately represents the main topic of the video, which involves football-related moments and interactions between players and fans. The hospital visit depicted in the thumbnail is not part of the video content.

#### Step 5: Assess Whether the Thumbnail Uses Exaggeration, False Promises, or Clickbait Tactics
The thumbnail does not use exaggeration, false promises, or clickbait tactics. It accurately reflects the content of the video, which is focused on football-related moments and interactions between players and fans.

#### Step 6: Categorize the Thumbnail as Either ""Misleading"" or ""Not Misleading""
Based on the analysis, the thumbnail is **Not Misleading**.

#### Step 7: Provide a Brief Explanation for Your Decision
The thumbnail accurately represents the main topic of the video, which involves football-related moments and interactions between players and fans. While the thumbnail depicts a hospital visit, which is not part of the video content, it does not mislead viewers about the actual content of the video. The video itself focuses on football-related moments and interactions between players and fans, and the hospital visit is not a significant part of the content. Therefore, the thumbnail is not misleading."
JCAzRtrM4dE,"### Analysis of the Provided Information

#### Step 1: Examine the Thumbnail
The thumbnail features two individuals on a soccer field, one appearing to be a player and the other a referee or another player. There is text overlaid on the image saying ""STOP CRYING!"" accompanied by an emoji of a crying face.

#### Step 2: Read Through the Video Subtitles and Content Description
The video content description mentions a compilation of various football moments, including tense moments, intense plays, celebrations, injuries, confrontations, and discussions between players and referees. The subtitles include repetitive phrases like ""[Music]"" and ""[Applause]"" which suggest a background of audio and visual effects rather than specific dialogue or narrative.

#### Step 3: Compare the Thumbnail to the Actual Video Content
The thumbnail depicts a scene involving a referee and a player, which aligns somewhat with the content described in the video description. However, the text ""STOP CRYING!"" and the crying face emoji are not present in the video content itself. These elements appear to be added post-production or as part of a meme or edited clip, which is not typical for a standard sports highlight video.

#### Step 4: Determine if the Thumbnail Accurately Represents the Video's Main Topic or Content
The thumbnail does not accurately represent the main topics or content of the video. It suggests a specific emotional moment (a player being told to stop crying) that is not explicitly mentioned in the video description. Instead, the video seems to be a collection of various football moments without a specific emotional focus.

#### Step 5: Assess Whether the Thumbnail Uses Exaggeration, False Promises, or Clickbait Tactics
The thumbnail uses exaggerated language (""STOP CRYING!"") and an emoji to evoke a strong emotional response, which is not reflective of the actual content of the video. This suggests the thumbnail is designed to attract viewers by promising a specific emotional experience that may not be present in the video.

#### Step 6: Categorize the Thumbnail as Either ""Misleading"" or ""Not Misleading""
Based on the analysis, the thumbnail is misleading because it suggests a specific emotional moment (a player being told to stop crying) that is not present in the actual video content. The thumbnail uses exaggerated language and an emoji to attract viewers, which is not typical for a standard sports highlight video.

#### Step 7: Provide a Brief Explanation for Your Decision
The thumbnail is misleading because it suggests a specific emotional moment (a player being told to stop crying) that is not present in the actual video content. The use of exaggerated language and an emoji to evoke a strong emotional response is not reflective of the actual content of the video. Therefore, the thumbnail is designed to attract viewers by promising a specific emotional experience that may not be present in the video."
ZNIECWN-_gE,"### Analysis:

**Step 1:** Examine the thumbnail.
- The thumbnail shows a soccer player with a distressed expression, covering his face with his hand. The image captures a moment of intense emotion, likely frustration or disappointment.

**Step 2:** Read through the video subtitles and content description.
- The subtitles and the video content describe various dramatic moments from professional football matches, including contentious plays, injuries, and referee decisions. The tone of the subtitles suggests a focus on intense and emotional moments in the game.

**Step 3:** Compare the thumbnail to the actual video content.
- The thumbnail depicts a single, intense moment involving a player reacting emotionally. The video content, however, includes multiple clips of different moments throughout a match, capturing a range of emotions and events.

**Step 4:** Determine if the thumbnail accurately represents the video's main topic or content.
- While the thumbnail does capture a moment of intense emotion, it does not represent the full scope of the video content. The video includes many other moments beyond just this one emotional reaction.

**Step 5:** Assess whether the thumbnail uses exaggeration, false promises, or clickbait tactics.
- The thumbnail does not use exaggerated claims or false promises. It simply shows a moment of intense emotion, which is a common and realistic part of soccer matches.

**Step 6:** Categorize the thumbnail as either ""Misleading"" or ""Not Misleading"".
- **Categorization:** Not Misleading

**Explanation:** The thumbnail accurately represents a moment of intense emotion, which is a valid part of the video content. However, it does not fully capture the range of moments shown in the video. The thumbnail is not misleading because it does not promise or exaggerate the content of the entire video. It merely highlights a specific, emotionally charged moment within the broader context of the video."
Fonk0QN6JSw,"### Analysis:

1. **Examine the thumbnail**: The thumbnail features a close-up of a creature that looks like an alien or a fantastical sea creature, with the text ""ACTUAL FOOTAGE.""

2. **Read through the video subtitles and content description**: The video description does not provide any subtitles, but it outlines a series of scenes depicting various marine encounters and diving experiences. It does not mention any specific ""actual footage"" of an alien or fantastical creature.

3. **Compare the thumbnail to the actual video content**: The thumbnail depicts a creature that resembles an alien or a fantastical sea creature, which is not mentioned in the video description. The video primarily showcases real marine life and diving experiences.

4. **Determine if the thumbnail accurately represents the video's main topic or content**: The thumbnail does not accurately represent the video's main topic or content. It suggests that the video contains ""actual footage"" of an alien or fantastical creature, which is not supported by the video description.

5. **Assess whether the thumbnail uses exaggeration, false promises, or clickbait tactics**: The thumbnail uses exaggerated imagery and false promises by suggesting that the video contains ""actual footage"" of an alien or fantastical creature, which is misleading.

6. **Categorize the thumbnail as either ""Misleading"" or ""Not Misleading""**: The thumbnail is misleading.

7. **Provide a brief explanation for your decision**: The thumbnail uses exaggerated imagery and false promises by suggesting that the video contains ""actual footage"" of an alien or fantastical creature, which is not supported by the video description. This creates a misleading expectation for the viewer.

**Categorization**: Misleading

**Explanation**: The thumbnail exaggerates the content of the video by suggesting that it contains ""actual footage"" of an alien or fantastical creature, which is not supported by the video description."
Evy4iMkIBek,"### Analysis of the Provided Information

#### Step 1: Examine the Thumbnail
The thumbnail shows a soccer player in a blue jersey being kicked by another player in a white jersey. The kick appears to be forceful, and the player in the blue jersey is visibly reacting to the impact. The image is framed with a red circle highlighting the kick.

#### Step 2: Read Through the Video Subtitles and Content Description
The subtitles and video content describe a series of controversial and memorable incidents in professional soccer, including physical altercations and aggressive behaviors among players. The video highlights incidents involving players like Sergio Ramos, Marco Materazzi, and Diego Costa, focusing on their controversial actions and the resulting consequences.

#### Step 3: Compare the Thumbnail to the Actual Video Content
The thumbnail depicts a physical altercation between two players, which aligns closely with the content described in the subtitles and video description. The video indeed showcases various incidents of physical conflict and aggressive behavior in soccer matches.

#### Step 4: Determine if the Thumbnail Accurately Represents the Video's Main Topic or Content
The thumbnail accurately represents the main topic of the video, which is the depiction of controversial and memorable incidents in professional soccer, often involving physical altercations and aggressive behaviors.

#### Step 5: Assess Whether the Thumbnail Uses Exaggeration, False Promises, or Clickbait Tactics
The thumbnail does not use any exaggerated elements or false promises. It clearly depicts a physical altercation, which is a significant part of the video content.

#### Step 6: Categorize the Thumbnail
Based on the analysis, the thumbnail is **Not Misleading**.

#### Explanation:
The thumbnail accurately reflects the content of the video, which focuses on controversial and memorable incidents in professional soccer, particularly those involving physical altercations and aggressive behaviors. The image of a player being kicked is representative of the type of content discussed in the video, and there are no misleading elements present. Therefore, the thumbnail appropriately sets the expectation for the viewer regarding the video's content."
By336LXE41g,"### Analysis of the Provided Information

#### Step 1: Examine the Thumbnail
The thumbnail depicts a person in the water with a large shark approaching them. The image conveys a sense of danger and imminent threat.

#### Step 2: Read Through the Video Subtitles and Content Description
The video description and subtitles indicate that the video is a compilation of unfortunate events and accidents, often with a humorous or shocking element. The scenes transition quickly, giving the impression of a fast-paced collection of viral video clips or funny home videos.

#### Step 3: Compare the Thumbnail to the Actual Video Content
The thumbnail shows a dramatic scene involving a shark, which is not depicted in the video content. The video focuses on various accidents and mishaps, many of which are not related to sharks or dangerous marine environments.

#### Step 4: Determine if the Thumbnail Accurately Represents the Video's Main Topic or Content
The thumbnail does not accurately represent the video's main topic or content. It suggests a scenario that is not present in the video.

#### Step 5: Assess Whether the Thumbnail Uses Exaggeration, False Promises, or Clickbait Tactics
The thumbnail uses exaggerated imagery (a shark attack) to attract viewers, which is misleading because the video content does not feature any shark-related incidents.

#### Step 6: Categorize the Thumbnail as Either ""Misleading"" or ""Not Misleading""
The thumbnail is **Misleading**.

#### Step 7: Provide a Brief Explanation for Your Decision
The thumbnail exaggerates the content of the video by suggesting a dangerous shark encounter, which is not depicted in the actual video. This creates a misleading expectation for the viewer, as the video focuses on various accidents and mishaps without any shark-related incidents."
lQ9PhJWeBGs,"### Analysis:

**Step 1: Examine the thumbnail**
The thumbnail features two soccer players in a confrontational stance, with bold text overlaid saying ""NEVER!!"" and ""I AM BETTER THAN YOU."" 

**Step 2: Read through the video subtitles and content description**
The subtitles and video content describe a compilation of football moments and reactions, including arguments, heated discussions, and various game situations. There is no indication of a confrontation or a direct comparison between two players.

**Step 3: Compare the thumbnail to the actual video content**
The thumbnail depicts a confrontation between two players, which is not reflected in the video content. The video is a compilation of various football moments and reactions, not a specific confrontation between two players.

**Step 4: Determine if the thumbnail accurately represents the video's main topic or content**
The thumbnail does not accurately represent the video's main topic or content. It suggests a specific confrontation between two players, which is not the focus of the video.

**Step 5: Assess whether the thumbnail uses exaggeration, false promises, or clickbait tactics**
The thumbnail uses exaggerated language (""NEVER!!"" and ""I AM BETTER THAN YOU"") to create a sense of conflict, which is not present in the actual video content.

**Step 6: Categorize the thumbnail as either ""Misleading"" or ""Not Misleading""**
The thumbnail is misleading because it suggests a specific confrontation between two players, which is not the focus of the video.

**Step 7: Provide a brief explanation for your decision**
The thumbnail exaggerates the content of the video by suggesting a confrontation between two players, which is not depicted in the actual video. The use of bold, confrontational language (""NEVER!!"" and ""I AM BETTER THAN YOU"") misleads viewers into expecting a specific interaction that is not present in the video. Therefore, the thumbnail is misleading."
I9FmEwJocRw,"### Analysis of the Provided Information

#### Step 1: Examine the Thumbnail
The thumbnail shows a young boy with a distressed expression, accompanied by the text ""Bye Mom..."". There is also an image of a woman lying down, seemingly unconscious or deceased.

#### Step 2: Read Through the Video Subtitles and Content Description
The subtitles indicate that the video focuses on the saddest moments of Cristiano Ronaldo Junior, including the loss of his brother and the disappointment of missing out on the 2022 World Cup with his father. The content description mentions various emotional moments involving the family, particularly the young boy's reactions to significant events.

#### Step 3: Compare the Thumbnail to the Actual Video Content
The thumbnail depicts a young boy with a somber expression, which aligns with the theme of sadness and emotional moments mentioned in the subtitles and video description. However, the image of the woman lying down introduces a new element that is not explicitly mentioned in the video content description.

#### Step 4: Determine if the Thumbnail Accurately Represents the Video's Main Topic or Content
The thumbnail accurately represents the main topic of the video, which revolves around the emotional and sad moments experienced by Cristiano Ronaldo Junior and his family. The image of the young boy with a distressed expression effectively conveys the theme of sadness and grief.

#### Step 5: Assess Whether the Thumbnail Uses Exaggeration, False Promises, or Clickbait Tactics
The thumbnail does not use exaggerated language or false promises. It accurately reflects the emotional content of the video without misleading viewers.

#### Step 6: Categorize the Thumbnail
Based on the analysis, the thumbnail is **Not Misleading**.

#### Explanation:
The thumbnail effectively communicates the emotional tone of the video without introducing any misleading elements. It accurately represents the main topic of the video, which is the saddest moments of Cristiano Ronaldo Junior and his family. The image of the young boy with a distressed expression aligns with the content described in the subtitles and video description, ensuring that viewers understand the nature of the video before clicking on it."
FmKpjhi6ZYQ,"### Analysis of the Provided Information

#### Step 1: Examine the Thumbnail
The thumbnail features a soccer player in a red jersey with a cheerleader holding a sign that says ""Marry Me Messi."" There is also an arrow pointing towards the sign.

#### Step 2: Read Through the Video Subtitles and Content Description
The subtitles and video content appear to be a compilation of various soccer-related scenes and moments, capturing the excitement and drama of the sport. The content includes interactions between players, fans, and moments of conflict and celebration within the context of soccer matches and events.

#### Step 3: Compare the Thumbnail to the Actual Video Content
The thumbnail depicts a scenario involving a marriage proposal to Lionel Messi, which is not mentioned in the video description. The video content focuses on various soccer-related scenes and moments, including interactions between players, fans, and moments of conflict and celebration.

#### Step 4: Determine if the Thumbnail Accurately Represents the Video's Main Topic or Content
The thumbnail does not accurately represent the main topic or content of the video. It suggests a specific narrative (a marriage proposal to Messi) that is not present in the video content.

#### Step 5: Assess Whether the Thumbnail Uses Exaggeration, False Promises, or Clickbait Tactics
The thumbnail uses exaggerated and misleading content by suggesting a marriage proposal to Messi, which is not part of the actual video content. This creates a false promise and uses clickbait tactics to attract viewers.

#### Step 6: Categorize the Thumbnail as Either ""Misleading"" or ""Not Misleading""
Based on the analysis, the thumbnail is **Misleading**.

#### Step 7: Provide a Brief Explanation for the Decision
The thumbnail misleads viewers by suggesting a marriage proposal to Lionel Messi, which is not depicted in the actual video content. This creates false expectations and uses clickbait tactics to attract viewers, making it misleading."
8WgmjTwqtKY,"### Analysis:

**Step 1: Examine the thumbnail**
The thumbnail shows a young girl running away from a large tire that appears to be flying towards her. The image suggests a dangerous and thrilling scenario, which aligns with the adventurous and risky themes mentioned in the video description.

**Step 2: Read through the video subtitles and content description**
The subtitles and video content describe a series of thrilling and adventurous scenes, including a safari encounter, a racetrack, a beach, a drainage system, a sailboat in stormy weather, and a helicopter taking off from a ship. These scenes are described as exciting and sometimes dangerous, which matches the adventurous tone set by the thumbnail.

**Step 3: Compare the thumbnail to the actual video content**
The thumbnail depicts a dramatic and dangerous situation involving a tire flying towards a person, which is consistent with the adventurous and risky themes presented in the video description. The video content includes various thrilling and dangerous scenarios, which align with the thumbnail's depiction of danger and excitement.

**Step 4: Determine if the thumbnail accurately represents the video's main topic or content**
The thumbnail accurately represents the video's main topic and content. It captures the adventurous and thrilling essence of the video, which is evident from the video description.

**Step 5: Assess whether the thumbnail uses exaggeration, false promises, or clickbait tactics**
The thumbnail does not use any exaggerated elements or false promises. It accurately reflects the adventurous and dangerous nature of the video content.

**Step 6: Categorize the thumbnail**
The thumbnail is **Not Misleading**.

**Explanation:**
The thumbnail effectively conveys the adventurous and thrilling nature of the video content without exaggerating or promising something that isn't true. It accurately represents the main topics discussed in the video description, which include various dangerous and exciting scenarios. Therefore, the thumbnail is not misleading."
Jm9PbZO8xXQ,"### Analysis of the Provided Information

#### Step 1: Examine the Thumbnail
The thumbnail shows a person sitting on a chair with a surprised expression, accompanied by a red arrow pointing towards the chair. The image suggests that the person might be reacting to something surprising or unexpected related to the chair.

#### Step 2: Read Through the Video Subtitles and Content Description
The subtitles and video content description indicate that the video is a reaction video where the creator is reacting to various short clips or TikTok videos. The clips appear to be diverse and entertaining, ranging from magic tricks, polar bears in urban settings, and various other scenarios. The creator's reactions include surprise, amusement, confusion, and shock.

#### Step 3: Compare the Thumbnail to the Actual Video Content
The thumbnail depicts a person reacting to something on a chair, which aligns with the general theme of reaction videos where creators react to various content. However, the specific context of the thumbnail does not clearly indicate the nature of the content being reacted to in the video clips.

#### Step 4: Determine if the Thumbnail Accurately Represents the Video's Main Topic or Content
The thumbnail does not provide enough specific information about the content being reacted to in the video clips. It suggests a reaction to something on a chair, but the actual video content includes a wide variety of scenarios and reactions.

#### Step 5: Assess Whether the Thumbnail Uses Exaggeration, False Promises, or Clickbait Tactics
The thumbnail does not use exaggerated claims or false promises. It simply shows a person reacting, which is consistent with the format of reaction videos.

#### Step 6: Categorize the Thumbnail as Either ""Misleading"" or ""Not Misleading""
Based on the analysis, the thumbnail is not misleading because it accurately represents the general format of reaction videos where creators react to various content. However, it does not provide enough specific information about the content being reacted to, which could lead to some confusion for viewers.

#### Step 7: Provide a Brief Explanation for Your Decision
The thumbnail accurately represents the format of reaction videos but does not provide enough specific information about the content being reacted to. While it does not use exaggerated claims or false promises, it lacks sufficient detail to fully convey the nature of the content being reacted to in the video clips.

### Final Categorization: **Not Misleading**

**Explanation:** The thumbnail accurately represents the format of reaction videos but does not provide enough specific information about the content being reacted to, which could lead to some confusion for viewers."
A2j1sLYCZQc,"Categorization: Not Misleading

Explanation: The thumbnail depicts a marmot in a mountainous landscape, which aligns perfectly with the video content described. The video shows a marmot in a natural setting, engaging in behaviors such as looking around, making vocalizations, and displaying defensive postures. The thumbnail accurately represents the main topic of the video, which is an encounter with a marmot in a mountainous environment. There are no exaggerated claims or misleading elements present in the thumbnail."
ZY6MjMNdCTw,"### Analysis of the Provided Information

#### Step 1: Examine the Thumbnail
The thumbnail shows a soccer match in progress, featuring a player in an Argentina jersey kicking the ball. There is a large emoji of a laughing pig superimposed on the image, which is not related to the content of the video.

#### Step 2: Read Through the Video Subtitles and Content Description
The subtitles and video description focus on exciting soccer moments and reactions, including unusual and surprising events in the sport. The content includes various clips of soccer matches, player reactions, and humorous incidents.

#### Step 3: Compare the Thumbnail to the Actual Video Content
The thumbnail depicts a standard soccer match scene, which aligns with the content described in the video description. However, the presence of the laughing pig emoji is completely unrelated to the video's content.

#### Step 4: Determine if the Thumbnail Accurately Represents the Video's Main Topic or Content
The thumbnail accurately represents the main topic of the video, which is a compilation of exciting soccer moments and reactions. The presence of the pig emoji does not mislead viewers about the content; it is simply an added visual element that does not relate to the video's theme.

#### Step 5: Assess Whether the Thumbnail Uses Exaggeration, False Promises, or Clickbait Tactics
The thumbnail does not use any exaggerated claims or false promises. It accurately reflects the content of the video, which is a collection of soccer moments and reactions.

#### Step 6: Categorize the Thumbnail
Based on the analysis, the thumbnail is **Not Misleading**.

#### Explanation:
The thumbnail accurately represents the main topic of the video, which is a compilation of exciting soccer moments and reactions. The presence of the pig emoji is irrelevant to the content and does not mislead viewers about the video's theme. Therefore, the thumbnail is not misleading."
VquZwveRmrY,"### Analysis of the Provided Information

#### Step 1: Examine the Thumbnail
The thumbnail shows a hand holding a tooth, with the text ""REAL TOOTH!"" prominently displayed. There is also a red arrow pointing towards the tooth.

#### Step 2: Read Through the Video Subtitles and Content Description
The video appears to be a reaction video where the creator is reacting to various short clips or images. The content includes a wide variety of scenes such as a thermostat, a gym, a bathroom, an amusement park, a humanoid robot, an elevator, a water park, a simple line drawing, a small aircraft, a manhole cover, a coffee shop, a car door handle, a warning about house fires, a group of fish, and snowy conditions near a parked car. The creator reacts with a range of emotions, including surprise, shock, amusement, and confusion.

#### Step 3: Compare the Thumbnail to the Actual Video Content
The thumbnail depicts a tooth, which is unrelated to the content described in the video. The video consists of various scenes that do not involve teeth or any similar objects.

#### Step 4: Determine if the Thumbnail Accurately Represents the Video's Main Topic or Content
The thumbnail does not accurately represent the video's main topic or content. It suggests that the video involves a reaction to a tooth, which is not true based on the video description.

#### Step 5: Assess Whether the Thumbnail Uses Exaggeration, False Promises, or Clickbait Tactics
The thumbnail uses clickbait tactics by suggesting that the video involves a reaction to a real tooth, which is not the case. The thumbnail is misleading because it does not reflect the actual content of the video.

#### Step 6: Categorize the Thumbnail as Either ""Misleading"" or ""Not Misleading""
The thumbnail is categorized as ""Misleading.""

#### Step 7: Provide a Brief Explanation for Your Decision
The thumbnail is misleading because it suggests that the video involves a reaction to a real tooth, which is not true based on the video description. The thumbnail uses clickbait tactics to attract viewers, promising a specific type of content (a reaction to a tooth) that is not present in the actual video."
JXV8EzW0pwU,"### Analysis of the Provided Information

#### Step 1: Examine the Thumbnail
The thumbnail features a person holding a red magnet with gold teeth attached to it. The Amazon logo is prominently displayed in the background.

#### Step 2: Read Through the Video Subtitles and Content Description
The subtitles indicate that the video involves testing ""cursed"" items that were discontinued due to causing pain, fear, and frustration. The video content includes various stunts and challenges involving these items, such as a launchpad, a bird whistle, a bow and arrow, Wolverine's claws, a toilet mini-golf game, steel gloves, and a spy panda.

#### Step 3: Compare the Thumbnail to the Actual Video Content
The thumbnail depicts a magnet with gold teeth, which is not directly related to the video content described in the subtitles. The video content involves testing various discontinued items, none of which are depicted in the thumbnail.

#### Step 4: Determine if the Thumbnail Accurately Represents the Video's Main Topic or Content
The thumbnail does not accurately represent the video's main topic or content. It does not depict any of the items being tested in the video.

#### Step 5: Assess Whether the Thumbnail Uses Exaggeration, False Promises, or Clickbait Tactics
The thumbnail uses clickbait tactics by suggesting that the video involves a magnet with gold teeth, which is not true. The thumbnail does not accurately represent the video content and may mislead viewers into expecting a different type of video.

#### Step 6: Categorize the Thumbnail as Either ""Misleading"" or ""Not Misleading""
Based on the analysis, the thumbnail is **Misleading**.

#### Step 7: Provide a Brief Explanation for the Decision
The thumbnail uses clickbait tactics by depicting a magnet with gold teeth, which is not related to the video content. The video involves testing various discontinued items, none of which are depicted in the thumbnail. Therefore, the thumbnail is misleading as it does not accurately represent the video's main topic or content."
zyTqElwSG5w,"### Analysis of the Provided Information

#### Step 1: Examine the Thumbnail
The thumbnail shows a person wearing a KFC shirt, holding a bucket of fried chicken. The image is bright and eye-catching, with the KFC branding prominently displayed.

#### Step 2: Read Through the Video Subtitles and Content Description
The subtitles and video content appear to focus on the dietary habits of soccer players, specifically highlighting the negative impact of poor eating habits on players' performance and health. The video discusses how certain players, like Lionel Messi and Max Kruse, struggled due to their unhealthy diets, which included excessive consumption of junk food and sugary drinks.

#### Step 3: Compare the Thumbnail to the Actual Video Content
The thumbnail depicts a person enjoying KFC fried chicken, which is not directly related to the video's content about soccer players' dietary habits. The content of the video does not feature KFC or fried chicken prominently; rather, it focuses on the health issues faced by soccer players due to their diets.

#### Step 4: Determine if the Thumbnail Accurately Represents the Video's Main Topic or Content
The thumbnail does not accurately represent the main topic of the video, which is about the dietary habits of soccer players and their impact on performance. Instead, it suggests a connection to KFC, which is not the primary subject of the video.

#### Step 5: Assess Whether the Thumbnail Uses Exaggeration, False Promises, or Clickbait Tactics
The thumbnail uses a misleading tactic by suggesting a connection between KFC and the video's content about soccer players' diets. It creates an expectation that the video will discuss KFC's products or promote them, which is not the case.

#### Step 6: Categorize the Thumbnail as Either ""Misleading"" or ""Not Misleading""
Based on the analysis, the thumbnail is **Misleading**.

#### Step 7: Provide a Brief Explanation for the Decision
The thumbnail misleads viewers by suggesting a connection between KFC and the video's content about soccer players' diets, which is not the case. It creates an expectation that the video will discuss KFC's products or promote them, which is not the primary focus of the video. Therefore, the thumbnail is misleading."
Wy2z77VxUY0,"### Analysis:

1. **Examine the thumbnail**: The thumbnail shows a man in a suit pointing a gun at another individual on a soccer field, which is highly unusual and dramatic.
   
2. **Read the subtitles and video content**: The subtitles appear to be random and do not provide any context related to the soccer content described in the video description. They seem to be part of a separate audio track that does not align with the soccer footage.

3. **Compare the thumbnail to the actual video content**: The thumbnail depicts a completely unrelated scenario involving a gun, while the video content is a compilation of soccer moments and highlights.

4. **Determine if the thumbnail accurately represents the video's main topic or content**: The thumbnail does not represent the soccer content at all; instead, it shows an entirely different and potentially dangerous situation.

5. **Assess whether the thumbnail uses exaggeration, false promises, or clickbait tactics**: The thumbnail uses exaggerated and potentially misleading imagery to attract viewers, as it suggests a violent or dangerous situation rather than a sports highlight.

6. **Categorize the thumbnail**: Based on the analysis, the thumbnail is misleading.

7. **Explanation**: The thumbnail uses clickbait tactics by depicting a dramatic and potentially dangerous situation (a man pointing a gun) to attract viewers, which has no relation to the soccer content shown in the video. The random audio subtitles further confuse the viewer, as they do not correspond to the soccer footage.

### Final Decision:
**Misleading**

**Explanation**: The thumbnail uses exaggerated imagery and clickbait tactics to attract viewers, which is completely unrelated to the soccer content shown in the video."
eYC1XahPR9Y,"### Analysis:

1. **Examine the thumbnail**: The thumbnail shows a soccer player in a dramatic pose with lightning effects surrounding him, which suggests an intense or supernatural element related to the game.

2. **Read through the video subtitles and content description**: The subtitles appear to be foreign language lyrics, which do not provide any relevant context to the video content. The video content description focuses on a compilation of soccer highlights featuring a prominent player, showcasing his skills and performances across different teams.

3. **Compare the thumbnail to the actual video content**: The thumbnail depicts a soccer player with dramatic lighting effects, which does not align with the actual content of the video, which is a compilation of soccer highlights without any supernatural elements.

4. **Determine if the thumbnail accurately represents the video's main topic or content**: The thumbnail does not accurately represent the video content because it introduces a supernatural element (lightning) that is not present in the actual video.

5. **Assess whether the thumbnail uses exaggeration, false promises, or clickbait tactics**: The thumbnail uses exaggerated imagery (lightning effects) to attract viewers, which is misleading as it does not reflect the actual content of the video.

6. **Categorize the thumbnail as either ""Misleading"" or ""Not Misleading""**: Based on the analysis, the thumbnail is misleading.

7. **Provide a brief explanation for your decision**: The thumbnail introduces a supernatural element (lightning) that is not present in the actual video content. It uses exaggerated imagery to attract viewers, which is misleading and does not accurately represent the video's main topic or content.

**Categorization**: Misleading

**Explanation**: The thumbnail uses exaggerated imagery (lightning effects) to attract viewers, which is misleading as it does not reflect the actual content of the video."
w6JNfm1ALw4,"### Analysis of the Provided Information

#### Step 1: Examine the Thumbnail
The thumbnail shows a person upside down in a bathroom stall, with a humorous and exaggerated expression. The image includes a red arrow pointing to the person's crotch area, which is highlighted with a blue highlighter.

#### Step 2: Read Through the Video Subtitles and Content Description
The subtitles and video description indicate that the video is a compilation of comedic scenes and reactions, likely involving social media content creators or influencers. The content includes various humorous scenarios, reactions, and challenges, such as a ""laugh challenge,"" a ""parking challenge,"" and other internet trends and memes.

#### Step 3: Compare the Thumbnail to the Actual Video Content
The thumbnail depicts a person in a bathroom stall, which aligns with the content described in the video description. However, the thumbnail focuses on a specific, exaggerated moment (the person being upside down and the highlighted crotch area) that might not be representative of the overall content of the video.

#### Step 4: Determine if the Thumbnail Accurately Represents the Video's Main Topic or Content
While the thumbnail does relate to the video's theme of humor and reactions, it may not fully represent the diverse range of content shown in the video. The thumbnail highlights a single, exaggerated moment that might not be typical of the entire video.

#### Step 5: Assess Whether the Thumbnail Uses Exaggeration, False Promises, or Clickbait Tactics
The thumbnail uses exaggeration by focusing on a specific, humorous moment rather than giving a general overview of the video's content. It also uses a clickbait tactic by highlighting a potentially shocking or amusing detail (the highlighted crotch area).

#### Step 6: Categorize the Thumbnail as Either ""Misleading"" or ""Not Misleading""
Based on the analysis, the thumbnail is misleading because it focuses on a specific, exaggerated moment that might not be representative of the overall content of the video.

#### Step 7: Provide a Brief Explanation for Your Decision
The thumbnail uses exaggeration and clickbait tactics by highlighting a specific, humorous moment that might not be typical of the entire video. While the thumbnail relates to the video's theme of humor and reactions, it does not accurately represent the diverse range of content shown in the video.

**Categorization:** Misleading"
0Kyym9Yu5w0,"### Analysis of the Provided Information

#### Step 1: Examine the Thumbnail
The thumbnail features a person standing with a determined expression, with the text ""READY FOR LOCKDOWN"" prominently displayed. There is also a logo for ""LMES"" at the bottom.

#### Step 2: Read Through the Video Subtitles and Content Description
The subtitles and content description focus on the spread and impact of the Monkeypox virus (MPOX) and its comparison to other viral outbreaks, such as Smallpox. The video does not mention anything related to lockdowns or preparing for a lockdown scenario.

#### Step 3: Compare the Thumbnail to the Actual Video Content
The thumbnail suggests a theme of readiness for a lockdown, which is not aligned with the content of the video. The video primarily discusses the spread and impact of the MPOX virus and its comparison to other viral outbreaks.

#### Step 4: Determine if the Thumbnail Accurately Represents the Video's Main Topic or Content
The thumbnail does not accurately represent the main topic of the video, which is the spread and impact of the MPOX virus. Instead, it implies a scenario that is unrelated to the video's content.

#### Step 5: Assess Whether the Thumbnail Uses Exaggeration, False Promises, or Clickbait Tactics
The thumbnail uses exaggerated language (""READY FOR LOCKDOWN"") that is not supported by the video content. It creates a misleading impression that the video is about preparing for a lockdown, which is not the case.

#### Step 6: Categorize the Thumbnail as Either ""Misleading"" or ""Not Misleading""
Based on the analysis, the thumbnail is misleading.

#### Step 7: Provide a Brief Explanation for Your Decision
The thumbnail uses exaggerated language (""READY FOR LOCKDOWN"") that is not supported by the video content. It creates a misleading impression that the video is about preparing for a lockdown, which is not the case. The thumbnail does not accurately represent the main topic of the video, which is the spread and impact of the MPOX virus.

**Categorization:** Misleading"
eipNTctRQfY,"Categorization: Not Misleading

Explanation: The thumbnail depicts a person in a bathroom setting, which aligns with the video description that mentions a scene set in a bathroom. However, the thumbnail does not provide any specific details about the nature of the content (comedy, drama, or other elements). Since there are no subtitles or additional text in the thumbnail, it does not exaggerate or misrepresent the video's content. The thumbnail simply shows a person in a bathroom, which is consistent with the video's setting but does not give away the specific comedic or dramatic elements described in the video description. Therefore, the thumbnail is not misleading."
dMjK6BbLmqE,"### Analysis of the Provided Information

#### Step 1: Examine the Thumbnail
The thumbnail features two soccer players, one with blood on his face, and the text ""YOU DESERVE IT."" The image suggests a confrontational or intense moment between the players.

#### Step 2: Read Through the Video Subtitles and Content Description
The subtitles and video content describe various soccer-related scenes, including interactions between players, celebrations, and behind-the-scenes moments. However, the specific mention of ""YOU DESERVE IT"" in the thumbnail does not directly relate to the content described in the video.

#### Step 3: Compare the Thumbnail to the Actual Video Content
The thumbnail depicts a confrontation or intense moment, which is not explicitly mentioned in the video description. The video content focuses more on general soccer scenes and moments rather than a specific confrontation.

#### Step 4: Determine if the Thumbnail Accurately Represents the Video's Main Topic or Content
The thumbnail does not accurately represent the main topics or content of the video. It suggests a specific interaction or confrontation that is not explicitly depicted in the video.

#### Step 5: Assess Whether the Thumbnail Uses Exaggeration, False Promises, or Clickbait Tactics
The thumbnail uses exaggerated imagery (a player with blood on his face) and a provocative statement (""YOU DESERVE IT"") that does not align with the actual content of the video.

#### Step 6: Categorize the Thumbnail as Either ""Misleading"" or ""Not Misleading""
Based on the analysis, the thumbnail is misleading.

#### Step 7: Provide a Brief Explanation for the Decision
The thumbnail exaggerates a specific interaction or confrontation that is not explicitly depicted in the video. It uses provocative language and imagery that do not accurately represent the main topics or content of the video. Therefore, the thumbnail is misleading."
-OHejAhnDwA,"### Analysis and Categorization

#### Step 1: Examine the Thumbnail
The thumbnail shows a courtroom scene with a man in a suit pointing a gun at another man in an orange jumpsuit. The text overlaid on the image reads ""COURTROOM KILLER.""

#### Step 2: Read Through the Video Subtitles and Content Description
The subtitles describe a courtroom scene involving a murder trial, specifically mentioning Jaleel Smith Riley, who was found guilty of murder and sentenced to life in prison. The video includes details about the crime, the victim's family's reactions, and the judge's decision.

#### Step 3: Compare the Thumbnail to the Actual Video Content
The thumbnail depicts a dramatic courtroom scene with a gun, which aligns closely with the content described in the subtitles. However, the text ""COURTROOM KILLER"" suggests a broader theme or title that may not fully capture the specific focus of the video.

#### Step 4: Determine if the Thumbnail Accurately Represents the Video's Main Topic or Content
The thumbnail accurately represents a courtroom setting, which is indeed a significant part of the video content. However, the term ""COURTROOM KILLER"" could be misleading as it implies a broader narrative or theme that might not be fully represented in the video itself.

#### Step 5: Assess Whether the Thumbnail Uses Exaggeration, False Promises, or Clickbait Tactics
The thumbnail does not use exaggerated language or false promises. It accurately reflects the content of the video, which focuses on a courtroom trial and the consequences of a murder conviction.

#### Step 6: Categorize the Thumbnail
Based on the analysis, the thumbnail is **Not Misleading**.

#### Explanation
The thumbnail accurately depicts a courtroom scene, which is a central element of the video content. While the term ""COURTROOM KILLER"" might suggest a broader theme, the video primarily focuses on a specific murder trial and its outcome. Therefore, the thumbnail effectively represents the main topic of the video without misleading viewers about its content."
5iGwuh0MoRc,"### Analysis of the YouTube Video Thumbnail

#### Step 1: Examine the Thumbnail
The thumbnail features two individuals, presumably a father and son, with a golden Lamborghini Urus prominently displayed in the background. The word ""GIFT"" is overlaid on the image, accompanied by a crown emoji.

#### Step 2: Read Through the Video Subtitles and Content Description
The subtitles and video content describe a celebration of Cristiano Ronaldo Jr.'s 14th birthday, focusing on the gifts he received. The video highlights the special moments shared between Ronaldo and his son, including a Lamborghini Urus gifted by Ronaldo himself.

#### Step 3: Compare the Thumbnail to the Actual Video Content
The thumbnail depicts a luxurious car (Lamborghini Urus) and the word ""GIFT,"" which aligns closely with the content described in the subtitles and video description. The image of the car and the word ""GIFT"" suggest that the video will showcase a significant gift, likely the Lamborghini Urus.

#### Step 4: Determine if the Thumbnail Accurately Represents the Video's Main Topic or Content
The thumbnail accurately represents the main topic of the video, which is the celebration of Ronaldo Jr.'s 14th birthday and the gifts he received, including the Lamborghini Urus.

#### Step 5: Assess Whether the Thumbnail Uses Exaggeration, False Promises, or Clickbait Tactics
There is no exaggeration or false promises in the thumbnail. The image clearly indicates a gift, which is consistent with the video content.

#### Step 6: Categorize the Thumbnail
The thumbnail is **Not Misleading**.

#### Step 7: Provide a Brief Explanation for the Decision
The thumbnail accurately reflects the content of the video, which centers around the celebration of Ronaldo Jr.'s birthday and the significant gift of the Lamborghini Urus. There are no misleading elements or exaggerated claims in the thumbnail that do not match the video content."
zTgyKfzXa8U,"### Analysis:

1. **Examine the thumbnail**: The thumbnail shows a soccer player kneeling on the ground, appearing to be injured or in distress, with a humorous emoji overlaid suggesting laughter or amusement. There is also a highlighted image of a ball with a small object inside it circled.

2. **Read the subtitles and video content**: The subtitles and video content do not explicitly mention any humorous or exaggerated elements. Instead, they seem to focus on typical soccer commentary and analysis, discussing moments like corners, headers, and defensive plays.

3. **Compare the thumbnail to the actual video content**: The thumbnail depicts a humorous or comedic moment involving a soccer ball, which does not align with the typical soccer commentary and analysis described in the subtitles and video content.

4. **Determine if the thumbnail accurately represents the video's main topic or content**: The thumbnail does not accurately represent the content of the video, which primarily focuses on soccer commentary and analysis rather than a humorous or comedic moment involving a soccer ball.

5. **Assess whether the thumbnail uses exaggeration, false promises, or clickbait tactics**: The thumbnail uses clickbait tactics by suggesting a humorous or comedic element that is not present in the actual video content.

6. **Categorize the thumbnail**: Based on the analysis, the thumbnail is misleading.

7. **Explanation**: The thumbnail exaggerates the content of the video by suggesting a humorous or comedic moment involving a soccer ball, which is not present in the actual video content. This use of clickbait tactics misleads viewers into expecting a different type of content than what is actually shown in the video.

**Categorization**: Misleading

**Explanation**: The thumbnail uses clickbait tactics by suggesting a humorous or comedic element that is not present in the actual video content, leading viewers to expect a different type of content than what is shown."
yZirLwxPK-I,"### Analysis of the Provided Information

#### Step 1: Examine the Thumbnail
The thumbnail shows a person with duct tape over their mouth, accompanied by the text ""24 HOURS OR ELSE."" This image suggests a scenario involving coercion or a deadline, which is quite serious and potentially threatening.

#### Step 2: Read Through the Video Subtitles and Content Description
The subtitles and video content appear to be a narrative about the life of Zlatan Ibrahimović, a famous Swedish footballer. The video describes his early struggles, including poverty, crime, and his eventual rise to fame. It does not mention any immediate threat or coercion involving duct tape or a deadline.

#### Step 3: Compare the Thumbnail to the Actual Video Content
The thumbnail depicts a situation that is completely unrelated to the content described in the video subtitles and video description. The thumbnail suggests a scenario involving coercion or a deadline, while the video content is a biographical account of Zlatan Ibrahimović's life.

#### Step 4: Determine if the Thumbnail Accurately Represents the Video's Main Topic or Content
The thumbnail does not accurately represent the video's main topic or content. It introduces a completely different theme (coercion and a deadline) that is not present in the video.

#### Step 5: Assess Whether the Thumbnail Uses Exaggeration, False Promises, or Clickbait Tactics
The thumbnail uses exaggerated and clickbait-like tactics by suggesting a scenario involving coercion and a deadline, which is not present in the actual video content.

#### Step 6: Categorize the Thumbnail as Either ""Misleading"" or ""Not Misleading""
Based on the analysis, the thumbnail is clearly misleading.

#### Step 7: Provide a Brief Explanation for Your Decision
The thumbnail introduces a scenario involving coercion and a deadline, which is completely unrelated to the actual content of the video. It uses exaggerated and clickbait-like tactics to attract viewers, which is misleading. Therefore, the thumbnail should be categorized as ""Misleading.""

### Final Categorization: Misleading"
dsx_-cG4QAo,"### Analysis of the Provided Information

#### Step 1: Examine the Thumbnail
The thumbnail shows a soccer player with a hand covering their face, appearing distressed or emotional. The background suggests a soccer stadium setting.

#### Step 2: Read Through the Video Subtitles and Content Description
The subtitles and video content describe dramatic moments from professional soccer matches, including injuries, confrontations, and intense emotions. The video highlights dangerous incidents and emotional reactions from players and officials.

#### Step 3: Compare the Thumbnail to the Actual Video Content
The thumbnail depicts a player in distress, which aligns with the content described in the video. The video indeed captures moments of intense emotions and injuries, which are consistent with the thumbnail's depiction of a player appearing emotional or injured.

#### Step 4: Determine if the Thumbnail Accurately Represents the Video's Main Topic or Content
The thumbnail accurately represents the video's main topic, which focuses on dramatic and intense moments in soccer matches. It captures the essence of the video content without exaggerating or misleading the viewer.

#### Step 5: Assess Whether the Thumbnail Uses Exaggeration, False Promises, or Clickbait Tactics
The thumbnail does not use any exaggerated elements or false promises. It simply shows a player in a state of distress, which is a realistic representation of the video's content.

#### Step 6: Categorize the Thumbnail
Based on the analysis, the thumbnail is **Not Misleading**.

#### Step 7: Provide a Brief Explanation for the Decision
The thumbnail accurately reflects the content of the video, which showcases dramatic and intense moments in soccer matches. It does not use any exaggerated elements or false promises, thus not misleading the viewer."
qQ6YsKRX6cE,"### Analysis of the Provided Information

#### Step 1: Examine the Thumbnail
The thumbnail features a person in an orange prison jumpsuit holding a sign that reads ""HAALAND 009009009."" The individual appears to be in a mugshot setting, which typically implies a serious or negative context.

#### Step 2: Read Through the Video Subtitles and Content Description
The subtitles and video content focus on Erling Haaland, a famous soccer player, highlighting his speed, diet, and role models. The content is informative and positive, detailing his achievements and characteristics.

#### Step 3: Compare the Thumbnail to the Actual Video Content
The thumbnail depicts a person in a prison uniform, which is starkly different from the positive and informative content about Erling Haaland in the video.

#### Step 4: Determine if the Thumbnail Accurately Represents the Video's Main Topic or Content
The thumbnail does not accurately represent the video's main topic or content. It suggests a negative or controversial theme (prison mugshot) that is unrelated to the positive portrayal of Erling Haaland in the video.

#### Step 5: Assess Whether the Thumbnail Uses Exaggeration, False Promises, or Clickbait Tactics
The thumbnail uses clickbait tactics by suggesting a negative or controversial scenario (a prison mugshot) to attract viewers, which is misleading.

#### Step 6: Categorize the Thumbnail as Either ""Misleading"" or ""Not Misleading""
The thumbnail is **Misleading**.

#### Step 7: Provide a Brief Explanation for Your Decision
The thumbnail uses a clickbait tactic by depicting a prison mugshot, which is unrelated to the positive and informative content about Erling Haaland in the video. This creates a misleading impression that attracts viewers with an exaggerated or negative theme, which is not representative of the actual video content."
tYeuSU2m4DQ,"### Analysis:

**Thumbnail:** The thumbnail features two soccer players, one pointing at the other with the text ""CRY BABY"" overlaid.

**Video Content:** The video is a compilation of soccer moments, featuring various scenes of players celebrating, reacting emotionally, and engaging in intense gameplay. It showcases the drama and excitement of professional soccer matches without any specific focus on a single player or a particular incident involving crying.

**Comparison:** The thumbnail depicts a scene where one player is pointing at another with the text ""CRY BABY,"" which suggests a negative or mocking tone towards the player being pointed at. However, the video content does not feature any instances of players crying or being mocked in a similar manner. Instead, it captures a range of emotions and moments typical of a soccer match.

**Assessment:**
- **Exaggeration:** The thumbnail exaggerates the situation by implying a negative interaction between the players that is not depicted in the video.
- **Clickbait Tactics:** The thumbnail uses the term ""CRY BABY"" to attract viewers, which is misleading as it does not reflect the actual content of the video.
- **Accuracy:** The thumbnail does not accurately represent the video content, as it misleads viewers about the nature of the interactions shown in the video.

**Categorization:** Misleading

**Explanation:** The thumbnail uses exaggerated language (""CRY BABY"") and implies a negative interaction between players that is not present in the video content. This creates a misleading impression that attracts viewers to a video that does not deliver the intended message or content."
ucYapk8sf-o,"### Analysis of the YouTube Video Thumbnail

#### Step 1: Examine the Thumbnail
The thumbnail features two individuals, one appearing to be a football manager or coach, and the other a football player. The text overlay reads, ""HE'S STUPID.""

#### Step 2: Read Through the Video Subtitles and Content Description
The subtitles and video content describe a controversy surrounding Tottenham Hotspur midfielder Yves Bissouma, including his suspension due to a video involving laughing gas, an attack with pepper spray, and the manager's statement that Bissouma's actions were ""stupid.""

#### Step 3: Compare the Thumbnail to the Actual Video Content
The thumbnail shows a manager expressing disapproval towards Bissouma, which aligns with the manager's statement in the subtitles that Bissouma's actions were ""stupid."" However, the thumbnail does not visually depict the specific incident involving laughing gas or the attack with pepper spray, which are central to the controversy described in the video.

#### Step 4: Determine if the Thumbnail Accurately Represents the Video's Main Topic or Content
While the thumbnail captures a moment of disapproval from the manager, it does not fully represent the entire controversy or the specific incidents that led to Bissouma's suspension. It focuses on the manager's reaction rather than the broader context of the incident.

#### Step 5: Assess Whether the Thumbnail Uses Exaggeration, False Promises, or Clickbait Tactics
The thumbnail does not use exaggerated language or false promises. Instead, it accurately reflects the manager's disapproval of Bissouma's actions, which are described in the subtitles and video content.

#### Step 6: Categorize the Thumbnail
Based on the analysis, the thumbnail is **Not Misleading**.

#### Explanation:
The thumbnail accurately depicts a moment of disapproval from the manager towards Bissouma, which is consistent with the manager's statement in the subtitles. While it does not visually depict the specific incidents leading to the controversy, it does not misrepresent the overall context or the manager's reaction. Therefore, it does not use clickbait tactics or exaggerate the content of the video."
L85TZYbbqJE,"### Analysis of the Provided Information

#### Step 1: Examine the Thumbnail
The thumbnail features a soccer player in a red jersey holding a soccer ball, with a referee standing nearby. The image is bright and vibrant, suggesting a positive and exciting tone related to soccer.

#### Step 2: Read Through the Video Subtitles and Content Description
The subtitles and video content describe a compilation of soccer moments, focusing on various aspects of the sport such as dramatic plays, tactical maneuvers, and the passion and intensity of soccer matches. The content does not mention any cheating or controversial incidents.

#### Step 3: Compare the Thumbnail to the Actual Video Content
The thumbnail depicts a soccer player holding a ball, which aligns with the content described in the video description. However, the thumbnail does not explicitly convey the specific focus on controversial incidents or cheating, which is the primary theme of the video subtitles.

#### Step 4: Determine if the Thumbnail Accurately Represents the Video's Main Topic or Content
While the thumbnail shows a soccer player, it does not clearly indicate that the video will feature controversial incidents or cheating. The thumbnail is more general and does not provide enough context to suggest that the video will primarily focus on cheating scandals.

#### Step 5: Assess Whether the Thumbnail Uses Exaggeration, False Promises, or Clickbait Tactics
The thumbnail does not use exaggerated language or false promises. It simply shows a soccer player, which is relevant to the sport but does not mislead viewers about the content being primarily about cheating scandals.

#### Step 6: Categorize the Thumbnail
Based on the analysis, the thumbnail is not misleading. It accurately represents the sport of soccer and does not promise or imply that the video will be about cheating scandals.

#### Step 7: Provide a Brief Explanation for the Decision
The thumbnail accurately depicts a soccer player holding a ball, which is relevant to the sport. While it does not explicitly convey the specific focus on controversial incidents or cheating, it does not mislead viewers about the content being primarily about cheating scandals. Therefore, the thumbnail is categorized as ""Not Misleading.""

### Final Answer
**Categorization:** Not Misleading  
**Explanation:** The thumbnail accurately depicts a soccer player holding a ball, which is relevant to the sport. While it does not explicitly convey the specific focus on controversial incidents or cheating, it does not mislead viewers about the content being primarily about cheating scandals."
F26ZYA4_CwU,"Categorization: Not Misleading

Explanation: The thumbnail accurately represents the video content. It shows a small kitten interacting with a smartphone, which aligns perfectly with the video description that describes a humorous scene involving a kitten and a mobile device. There are no exaggerated claims or misleading elements present in the thumbnail that do not match the actual video content. The thumbnail effectively communicates the theme of the video, which is a playful and amusing depiction of a kitten seemingly using a human's mobile device."
2l6wYBV94Gw,"### Analysis of the Provided Information

#### Step 1: Examine the Thumbnail
The thumbnail shows a person performing a sword swallowing act, with a red arrow pointing towards the right side of the image. The image on the left depicts a cartoon version of the act, while the right side shows a live-action performance.

#### Step 2: Read Through the Video Subtitles and Content Description
The subtitles suggest that the video is a reaction video where the streamer is reacting to various short clips or viral videos. The streamer's reactions range from surprise to amusement, indicating that the content involves various tricks and illusions.

#### Step 3: Compare the Thumbnail to the Actual Video Content
The thumbnail shows a person performing a sword swallowing act, which is a specific type of magic trick. However, the video content described in the subtitles does not mention any sword swallowing act. Instead, it focuses on various magic tricks and illusions performed by different individuals.

#### Step 4: Determine if the Thumbnail Accurately Represents the Video's Main Topic or Content
The thumbnail does not accurately represent the video's main topic or content. It suggests that the video will feature a specific magic trick (sword swallowing), whereas the video content described in the subtitles features a variety of magic tricks and illusions.

#### Step 5: Assess Whether the Thumbnail Uses Exaggeration, False Promises, or Clickbait Tactics
The thumbnail uses exaggerated imagery (a person performing a sword swallowing act) to attract viewers' attention. However, the video content does not match the suggested theme of the thumbnail.

#### Step 6: Categorize the Thumbnail as Either ""Misleading"" or ""Not Misleading""
Based on the analysis, the thumbnail is misleading.

#### Step 7: Provide a Brief Explanation for Your Decision
The thumbnail suggests that the video will feature a specific magic trick (sword swallowing), but the video content described in the subtitles does not mention any sword swallowing act. Instead, it focuses on various magic tricks and illusions. Therefore, the thumbnail uses exaggerated imagery to attract viewers, leading to a misleading impression of the video's content."
I_3dlerKYDE,"### Analysis of the Provided Information

#### Step 1: Examine the Thumbnail
The thumbnail shows a soccer player in a blue jersey lying on the ground, appearing to be in pain or injured. The text overlaid on the image reads ""GOLD DIGGER.""

#### Step 2: Read Through the Video Subtitles and Content Description
The video content description provides a detailed breakdown of various soccer-related moments, including player interactions, interviews, and game action. The subtitles mention trash-talking, penalties, and player celebrations, indicating a focus on the competitive and dramatic aspects of soccer.

#### Step 3: Compare the Thumbnail to the Actual Video Content
The thumbnail depicts a player lying on the ground, which could be interpreted as a moment of injury or frustration. However, the video content description does not explicitly mention any such incident. Instead, it focuses on various aspects of soccer, including trash-talking, penalties, and player interactions.

#### Step 4: Determine if the Thumbnail Accurately Represents the Video's Main Topic or Content
The thumbnail suggests a specific moment involving injury or frustration (""GOLD DIGGER""), which is not necessarily representative of the overall content of the video. The video content is more diverse and includes various aspects of soccer, not just a single incident.

#### Step 5: Assess Whether the Thumbnail Uses Exaggeration, False Promises, or Clickbait Tactics
The thumbnail uses the term ""GOLD DIGGER,"" which could be interpreted as a clickbait tactic to attract viewers interested in dramatic or controversial moments. However, the term itself does not directly relate to the content of the video.

#### Step 6: Categorize the Thumbnail as Either ""Misleading"" or ""Not Misleading""
Given that the thumbnail suggests a specific moment involving injury or frustration, while the video content is more diverse and does not necessarily focus on a single incident, the thumbnail is misleading.

#### Step 7: Provide a Brief Explanation for the Decision
The thumbnail uses the term ""GOLD DIGGER"" to suggest a specific dramatic moment involving injury or frustration, which is not necessarily representative of the overall content of the video. The video content includes various aspects of soccer, including trash-talking, penalties, and player interactions, but does not explicitly focus on a single incident depicted in the thumbnail.

**Categorization: Misleading**

**Explanation:** The thumbnail exaggerates the content of the video by suggesting a specific dramatic moment involving injury or frustration, which is not necessarily representative of the overall content."
olN3WXK9iaA,"### Analysis of the Provided Information

#### Step 1: Examine the Thumbnail
The thumbnail shows a soccer player lying on the ground, seemingly injured or emotionally distressed, with a red arrow pointing towards the player's head. The image is vibrant green, suggesting a soccer field.

#### Step 2: Read Through the Video Subtitles and Content Description
The subtitles and video content describe a compilation of various football moments, including triumphs, intense emotions, humor, and the physicality of soccer. The content includes scenes of players celebrating goals, a humorous compilation involving beauty pageant winners, and a focus on the celebrity status of football players.

#### Step 3: Compare the Thumbnail to the Actual Video Content
The thumbnail depicts a player lying on the ground, which aligns with the content of the video showing on-field action and moments of injury or emotional distress. However, the thumbnail does not explicitly convey the humorous or celebratory nature of the video content.

#### Step 4: Determine if the Thumbnail Accurately Represents the Video's Main Topic or Content
While the thumbnail captures a moment of physical exertion or distress, it does not provide a comprehensive representation of the variety of content within the video. The thumbnail focuses on a single, dramatic moment, which might mislead viewers into expecting a more serious or intense narrative.

#### Step 5: Assess Whether the Thumbnail Uses Exaggeration, False Promises, or Clickbait Tactics
The thumbnail does not use exaggerated language or false promises. It simply shows a player in a dramatic pose, which could be seen as a neutral representation of the video content.

#### Step 6: Categorize the Thumbnail as Either ""Misleading"" or ""Not Misleading""
Based on the analysis, the thumbnail is **not misleading**. While it captures a dramatic moment, it does not significantly misrepresent the overall content of the video, which includes a mix of triumphs, humor, and intense emotions.

#### Step 7: Provide a Brief Explanation for Your Decision
The thumbnail accurately reflects a dramatic moment from the video, which is a common occurrence in soccer matches. However, it does not fully represent the diverse range of content within the video, which includes humorous and celebratory elements. Despite this, the thumbnail does not use exaggerated language or false promises, thus it is not misleading.

### Final Categorization: Not Misleading"
UwQtaXpeqS8,"### Analysis of the Provided Information

#### Step 1: Examine the Thumbnail
The thumbnail features two individuals, Cristiano Ronaldo and LeBron James, with a speech bubble between them containing the text ""I'LL F*** YOUR WIFE."" The background is a vibrant green, which might suggest a sports-related theme.

#### Step 2: Read Through the Video Subtitles and Content Description
The subtitles and video content appear to be a compilation of soccer moments and interviews, discussing various incidents involving disrespect in football. The content includes stories about players like Cristiano Ronaldo, Casper Dolberg, Mario Balotelli, and Mauro Icardi, highlighting their actions and the consequences thereof.

#### Step 3: Compare the Thumbnail to the Actual Video Content
The thumbnail depicts a scenario involving Cristiano Ronaldo and LeBron James, which does not align with the content described in the video. The video focuses on soccer-related incidents and interviews, not on a personal interaction between the two athletes.

#### Step 4: Determine if the Thumbnail Accurately Represents the Video's Main Topic or Content
The thumbnail does not represent the main topic or content of the video. It introduces a scenario that is not present in the video, which is about soccer incidents and interviews rather than a personal interaction between the two athletes.

#### Step 5: Assess Whether the Thumbnail Uses Exaggeration, False Promises, or Clickbait Tactics
The thumbnail uses exaggerated and potentially misleading imagery to attract viewers. It suggests a personal conflict between two famous athletes, which is not the case in the video content.

#### Step 6: Categorize the Thumbnail as Either ""Misleading"" or ""Not Misleading""
Based on the analysis, the thumbnail is misleading.

#### Step 7: Provide a Brief Explanation for Your Decision
The thumbnail introduces a scenario involving Cristiano Ronaldo and LeBron James that is not present in the video content. Instead, the video focuses on soccer incidents and interviews, which do not involve a personal interaction between the two athletes. The thumbnail uses exaggerated imagery to attract viewers, which is misleading. Therefore, the thumbnail is categorized as ""Misleading."""
_ekg01ZNRIg,"### Analysis:

1. **Examine the thumbnail**: The thumbnail does not appear to be provided in the given information. Therefore, we cannot assess the thumbnail based on the provided details.

2. **Read through the video subtitles and content description**: The subtitles and the video description do not provide any specific details about the thumbnail. They describe a compilation of various celebrity appearances and moments across different television shows and events, including reactions, interviews, and performances.

3. **Compare the thumbnail to the actual video content**: Since no thumbnail is provided, there is nothing to compare with the video content.

4. **Determine if the thumbnail accurately represents the video's main topic or content**: Without a thumbnail to evaluate, we cannot make a determination regarding accuracy.

5. **Assess whether the thumbnail uses exaggeration, false promises, or clickbait tactics**: Similarly, without a thumbnail, we cannot assess for any potential misleading elements.

6. **Categorize the thumbnail as either ""Misleading"" or ""Not Misleading""**: Given the lack of a thumbnail to evaluate, we cannot categorize the thumbnail as either misleading or not misleading.

7. **Provide a brief explanation for your decision**: Since the thumbnail is not provided, we cannot make a decision based on the given information.

### Conclusion:
The thumbnail is not provided, so it cannot be analyzed for misleading or not misleading purposes."
zCHT-ag1bB0,"### Analysis:

1. **Examine the thumbnail**: The thumbnail depicts two individuals in a confrontational stance, with one person appearing to be pushing or shoving the other. The text overlay reads ""YOU ARE BLACK!"" which suggests a racial slur or an incident involving racism.

2. **Read the subtitles and video content**: The subtitles and video content do not explicitly mention any racial incidents or slurs. Instead, they describe various soccer-related scenes, including players interacting on the field, a goalkeeper making a save, and a confrontation between two players. The subtitles also include applause and music, indicating a celebratory or dramatic moment in a soccer match.

3. **Compare the thumbnail to the actual video content**: The thumbnail does not accurately represent the video content. It shows a scene that is not depicted in the video descriptions provided. The video content focuses on soccer matches and interactions among players, while the thumbnail seems to be unrelated to the soccer context.

4. **Determine if the thumbnail accurately represents the video's main topic or content**: The thumbnail does not accurately represent the video's main topic or content. It introduces a racial element that is not present in the video content.

5. **Assess whether the thumbnail uses exaggeration, false promises, or clickbait tactics**: The thumbnail uses clickbait tactics by suggesting a racial incident that is not present in the video content. It aims to attract viewers by implying a controversial or shocking event.

6. **Categorize the thumbnail**: Based on the analysis, the thumbnail is misleading.

7. **Explanation**: The thumbnail exaggerates the content by suggesting a racial incident when none is present in the video. It uses clickbait tactics to attract viewers by implying a controversial or shocking event, which is not aligned with the actual content of the video.

### Final Decision:
**Misleading**

**Explanation**: The thumbnail introduces a racial element that is not present in the video content, aiming to attract viewers by implying a controversial or shocking event, which is misleading."
uqMkYpzYdiI,"### Analysis of the Provided Information

#### Step 1: Examine the Thumbnail
The thumbnail features two images side by side:
- On the left, there is a soccer player wearing a red jersey, seemingly in a match.
- On the right, there is a young boy with a distressed expression, accompanied by a rainbow flag crossed out with a red ""X"".

Below the images, the text reads: ""DON'T BE GAY.""

#### Step 2: Read Through the Video Subtitles and Content Description
The subtitles and video content describe a video about Cristiano Ronaldo's strict parenting methods regarding his son, Ronaldo Jr. The video highlights several rules imposed on Ronaldo Jr, such as not allowing him to have a phone, social media accounts, or certain foods. The content does not mention anything related to LGBTQ+ issues or discrimination against gay individuals.

#### Step 3: Compare the Thumbnail to the Actual Video Content
The thumbnail depicts a soccer player and a young boy with a rainbow flag crossed out, which strongly suggests a message against LGBTQ+ rights or acceptance. However, the video content focuses on Cristiano Ronaldo's parenting rules for his son, specifically about technology, social media, and diet, without any reference to LGBTQ+ issues.

#### Step 4: Determine if the Thumbnail Accurately Represents the Video's Main Topic or Content
The thumbnail does not accurately represent the video's main topic or content. It introduces a completely unrelated theme (LGBTQ+ issues) that is not present in the video.

#### Step 5: Assess Whether the Thumbnail Uses Exaggeration, False Promises, or Clickbait Tactics
The thumbnail uses clickbait tactics by suggesting that the video contains content about LGBTQ+ issues, which is not true. It misleads viewers by implying that the video will discuss topics related to LGBTQ+ rights or discrimination, which it does not.

#### Step 6: Categorize the Thumbnail as Either ""Misleading"" or ""Not Misleading""
Based on the analysis, the thumbnail is clearly misleading.

#### Step 7: Provide a Brief Explanation for the Decision
The thumbnail introduces a theme (LGBTQ+ issues) that is entirely unrelated to the actual content of the video, which focuses on Cristiano Ronaldo's parenting rules for his son. By suggesting that the video will contain content about LGBTQ+ issues, the thumbnail uses clickbait tactics to attract viewers who are interested in such topics, leading to misleading expectations.

### Final Categorization: Misleading"
wvDgf34smJA,"### Analysis of the Provided Information

#### Step 1: Examine the Thumbnail
The thumbnail depicts a man carrying a large dolphin on a beach. The image suggests a playful or adventurous scenario, likely involving interaction between humans and dolphins.

#### Step 2: Read Through the Video Subtitles and Content Description
The video content description outlines a series of increasingly daring and challenging activities, ranging from everyday tasks to extreme stunts. The activities include sports, tricks, and physical feats, but none involve a man carrying a dolphin.

#### Step 3: Compare the Thumbnail to the Actual Video Content
The thumbnail shows a man carrying a dolphin, which is not depicted in any part of the video content description. The video focuses on various levels of physical challenges and stunts, none of which involve a dolphin.

#### Step 4: Determine if the Thumbnail Accurately Represents the Video's Main Topic or Content
The thumbnail does not accurately represent the video's main topic or content. It misleads viewers by suggesting a scenario that is entirely unrelated to the actual video content.

#### Step 5: Assess Whether the Thumbnail Uses Exaggeration, False Promises, or Clickbait Tactics
The thumbnail uses exaggerated imagery (a man carrying a dolphin) to attract viewers, which is misleading and does not reflect the actual content of the video.

#### Step 6: Categorize the Thumbnail as Either ""Misleading"" or ""Not Misleading""
Based on the analysis, the thumbnail is **Misleading**.

#### Step 7: Provide a Brief Explanation for Your Decision
The thumbnail depicts a man carrying a dolphin, which is completely unrelated to the video content. It uses exaggerated imagery to attract viewers, leading to a misleading impression that does not align with the actual video content. Therefore, the thumbnail is misleading."
EraHxd4612o,"Categorization: Not Misleading

Explanation: The thumbnail does not provide any misleading information about the video's content. The video description clearly states that it is an animated sequence with surreal and unsettling elements, which aligns with the visual content described in the video. The thumbnail shows a stylized character, which matches the animated nature of the video. There are no exaggerated claims or misleading promises in the thumbnail that do not match the actual video content. Therefore, the thumbnail accurately represents the video's main topic and content."
Tw8fBZt66P0,"### Analysis of the Provided Information

#### Step 1: Examine the Thumbnail
The thumbnail shows a child performing push-ups on a horizontal bar, with a red arrow pointing towards the child. The image suggests physical strength and athleticism.

#### Step 2: Read Through the Video Subtitles and Content Description
The subtitles and video content describe a variety of impressive feats performed by children, including gymnastics, skateboarding, and other athletic activities. The thumbnail, however, specifically highlights a child performing push-ups, which is just one part of the broader content.

#### Step 3: Compare the Thumbnail to the Actual Video Content
The thumbnail focuses on a single child performing push-ups, while the video content includes a wide range of activities performed by multiple children. The thumbnail does not represent the full scope of the video's content.

#### Step 4: Determine if the Thumbnail Accurately Represents the Video's Main Topic or Content
The thumbnail does not accurately represent the overall content of the video. It only showcases a specific activity (push-ups) rather than the diverse array of impressive feats performed by the children.

#### Step 5: Assess Whether the Thumbnail Uses Exaggeration, False Promises, or Clickbait Tactics
The thumbnail uses clickbait tactics by focusing on a single impressive feat (push-ups) to attract viewers, while the actual video content includes many different activities.

#### Step 6: Categorize the Thumbnail as Either ""Misleading"" or ""Not Misleading""
Based on the analysis, the thumbnail is misleading.

#### Step 7: Provide a Brief Explanation for Your Decision
The thumbnail exaggerates the content by focusing on a single impressive feat (push-ups) and does not accurately represent the diverse range of activities shown in the video. This creates a misleading impression that the viewer might expect to see only push-ups when the video contains much more varied content.

### Final Categorization: Misleading"
6lzd_lA5Pp8,"Categorization: Not Misleading

Explanation: The thumbnail shows a person holding a Twix chocolate bar with a red arrow pointing to the chocolate. The video content, however, appears to be a reaction video where the creator is reacting to various short clips, likely humorous or shocking in nature. There is no indication that the thumbnail is misleading because it does not represent the actual content of the video. The thumbnail is simply a visual representation of the product being discussed in the video, which is not the main focus of the reaction video itself. Therefore, the thumbnail accurately represents the product being discussed without misleading the viewer about the video's content."
a6cXhflwfW0,"### Analysis of the Provided Information

#### Step 1: Examine the Thumbnail
The thumbnail shows two soccer players on a field. One player is sitting on the ground, appearing frustrated or disappointed, while the other player is standing and smiling. The text overlay reads ""TOO EASY.""

#### Step 2: Read Through the Video Subtitles and Content Description
The video content appears to be a compilation of soccer-related scenes and moments, including practice sessions, celebrations, and interactions among players. The subtitles mention various challenges involving soccer players, such as freestyle demonstrations, crossbar challenges, and breaking barriers with kicks. The video also includes a segment about meeting soccer legends and discussing their skills.

#### Step 3: Compare the Thumbnail to the Actual Video Content
The thumbnail depicts a scene where one player is visibly upset, which contrasts sharply with the overall theme of the video. The video content focuses on positive and skillful moments rather than frustration or disappointment.

#### Step 4: Determine if the Thumbnail Accurately Represents the Video's Main Topic or Content
The thumbnail does not accurately represent the video's main topic or content. It suggests a negative or challenging scenario, which is not reflected in the actual video content.

#### Step 5: Assess Whether the Thumbnail Uses Exaggeration, False Promises, or Clickbait Tactics
The thumbnail uses exaggerated language (""TOO EASY"") to imply that the content involves frustration or disappointment, which is misleading. It does not align with the positive and skillful nature of the video content.

#### Step 6: Categorize the Thumbnail
Based on the analysis, the thumbnail is misleading.

#### Step 7: Provide a Brief Explanation for the Decision
The thumbnail suggests a negative or challenging scenario, which is not represented in the actual video content. It uses exaggerated language (""TOO EASY"") to imply frustration or disappointment, which is misleading. Therefore, the thumbnail is categorized as ""Misleading."""
Vvbh6vlkIa0,"### Analysis of the Provided Information

#### Step 1: Examine the Thumbnail
The thumbnail features Cristiano Ronaldo embracing another individual, with a large red arrow pointing to the word ""GAY?"" in bold letters. The image suggests a focus on Cristiano Ronaldo's sexuality.

#### Step 2: Read Through the Video Subtitles and Content Description
The subtitles and video content do not mention Cristiano Ronaldo's sexuality. Instead, the video appears to be a montage of various scenes, including sports-related content, travel, and personal moments. The content does not explicitly discuss Cristiano Ronaldo's sexuality or any related topics.

#### Step 3: Compare the Thumbnail to the Actual Video Content
The thumbnail prominently features the word ""GAY?"" which is not mentioned in the video content. The video itself does not contain any information about Cristiano Ronaldo's sexuality.

#### Step 4: Determine if the Thumbnail Accurately Represents the Video's Main Topic or Content
The thumbnail does not accurately represent the video's main topic or content. It introduces a topic (Cristiano Ronaldo's sexuality) that is not addressed in the video.

#### Step 5: Assess Whether the Thumbnail Uses Exaggeration, False Promises, or Clickbait Tactics
The thumbnail uses clickbait tactics by suggesting that the video will reveal Cristiano Ronaldo's sexuality, which is not true based on the video content.

#### Step 6: Categorize the Thumbnail as Either ""Misleading"" or ""Not Misleading""
The thumbnail is **Misleading**.

#### Step 7: Provide a Brief Explanation for Your Decision
The thumbnail introduces a topic (Cristiano Ronaldo's sexuality) that is not discussed in the video content. It uses clickbait tactics by suggesting that the video will reveal this information, which is misleading and not aligned with the actual content of the video."
i96Tc2HjSXU,"### Analysis of the Provided Information

#### Step 1: Examine the Thumbnail
The thumbnail features a soccer player with a soccer ball balanced on their head, accompanied by the word ""BANNED"" in bold red letters. The image suggests that the video is about soccer skills being banned.

#### Step 2: Read Through the Video Subtitles and Content Description
The subtitles indicate that the video is about soccer skills that have been banned by FIFA. The content description mentions various soccer moments and scenes, but the focus is on specific skills that have been banned, such as Ronaldinho's kneecatch, Sifo Moetti's wedding skill, and Kevin Nolan's donkey kick.

#### Step 3: Compare the Thumbnail to the Actual Video Content
The thumbnail depicts a general soccer theme with a ""BANNED"" label, which aligns with the content described in the subtitles. However, the thumbnail does not specify which skills are being banned or provide any context about the banning of these skills.

#### Step 4: Determine if the Thumbnail Accurately Represents the Video's Main Topic or Content
The thumbnail accurately represents the main topic of the video, which is about banned soccer skills. It sets the expectation that the viewer will learn about specific skills that have been banned by FIFA.

#### Step 5: Assess Whether the Thumbnail Uses Exaggeration, False Promises, or Clickbait Tactics
The thumbnail does not use exaggerated language or false promises. It clearly states the topic of the video, which is about banned soccer skills.

#### Step 6: Categorize the Thumbnail
Based on the analysis, the thumbnail is **Not Misleading**.

#### Explanation:
The thumbnail effectively communicates the main topic of the video without misleading the viewer. It accurately represents the content described in the subtitles and video description. There is no exaggeration or false promise; the thumbnail simply informs the viewer about the content of the video."
iHKLCzLYt-Q,"### Analysis of the Provided Information

#### Step 1: Examine the Thumbnail
The thumbnail shows a person in a pool with a red circle highlighting a ghostly figure in the water. The person appears to be reacting with surprise or fear.

#### Step 2: Read Through the Video Subtitles and Content Description
The subtitles suggest that the video involves watching and reacting to various unsettling or surprising video clips. The content description mentions scenes of disturbing images, eerie situations, and reactions to these clips, which align with the thumbnail's implication of a horror or scary theme.

#### Step 3: Compare the Thumbnail to the Actual Video Content
The thumbnail depicts a scene that is visually similar to the content described in the video description. The video involves watching and reacting to various unsettling clips, which could include scenes of ghosts, eerie figures, and other scary elements. The thumbnail effectively captures the essence of the video's theme.

#### Step 4: Determine if the Thumbnail Accurately Represents the Video's Main Topic or Content
The thumbnail accurately represents the video's main topic, which revolves around watching and reacting to disturbing and scary video clips. The image of a person in a pool with a ghostly figure matches the theme of the video.

#### Step 5: Assess Whether the Thumbnail Uses Exaggeration, False Promises, or Clickbait Tactics
The thumbnail does not use exaggerated claims or false promises. It simply shows a scene that aligns with the video's content, which is focused on horror and scary elements.

#### Step 6: Categorize the Thumbnail
Based on the analysis, the thumbnail is not misleading.

#### Step 7: Provide a Brief Explanation for the Decision
The thumbnail accurately represents the video's content, which involves watching and reacting to disturbing and scary video clips. It does not use exaggerated claims or false promises, and it effectively captures the theme of the video. Therefore, the thumbnail is categorized as ""Not Misleading."""
MY46FJ-6OIU,"### Analysis of the Provided Information

#### Step 1: Examine the Thumbnail
The thumbnail shows two soccer players on a field. One player is standing with arms raised in celebration, while the other is kneeling on the ground. There is a red arrow pointing towards the kneeling player, which suggests a focus on this particular moment.

#### Step 2: Read Through the Video Subtitles and Content Description
The subtitles discuss Lionel Messi's performances and achievements, particularly focusing on his interactions with other players and teams. The content description highlights dramatic moments and the emotional journey of soccer players, emphasizing the intensity and passion of the sport.

#### Step 3: Compare the Thumbnail to the Actual Video Content
The thumbnail depicts a celebratory moment and a kneeling player, which aligns with the content described in the video. However, the thumbnail does not explicitly mention Messi or any specific player interactions discussed in the subtitles.

#### Step 4: Determine if the Thumbnail Accurately Represents the Video's Main Topic or Content
The thumbnail captures a general moment of celebration and disappointment on the field, which is relevant to the overall theme of the video. However, it does not provide specific context about the interactions mentioned in the subtitles (e.g., Messi's interactions with James Rodriguez, Manuel Neuer, or Jerome Boateng).

#### Step 5: Assess Whether the Thumbnail Uses Exaggeration, False Promises, or Clickbait Tactics
The thumbnail does not use exaggerated claims or false promises. Instead, it provides a general visual representation of the emotional journey depicted in the video.

#### Step 6: Categorize the Thumbnail
Based on the analysis, the thumbnail is **Not Misleading**.

#### Explanation:
The thumbnail accurately represents a general moment from the video, capturing the emotional highs and lows experienced by soccer players. While it does not explicitly highlight the specific interactions mentioned in the subtitles, it sets the tone for the emotional journey depicted throughout the video. Therefore, it does not mislead viewers about the content of the video."
gS8vaaq99sU,"### Analysis:

1. **Examine the thumbnail**: The thumbnail shows Lionel Messi sitting on the ground next to a young player, both appearing to be engaged in a conversation. The image suggests a moment of interaction between a well-known soccer player and a young player, which could imply a mentorship or guidance scenario.

2. **Read the subtitles and video content**: The subtitles and video content do not explicitly mention any specific interaction between Messi and a young player. Instead, they seem to focus on various soccer-related scenes, including youth teams, professional matches, and individual player moments.

3. **Compare the thumbnail to the actual video content**: The thumbnail depicts a scene that aligns closely with the video content, as it shows a soccer player interacting with a young player. However, the thumbnail does not provide context about the specific interaction or the nature of the video (e.g., a mentorship story).

4. **Determine if the thumbnail accurately represents the video's main topic or content**: While the thumbnail accurately depicts a scene involving a soccer player and a young player, it does not convey the specific focus of the video, which appears to be a compilation of various soccer-related scenes rather than a single interaction.

5. **Assess whether the thumbnail uses exaggeration, false promises, or clickbait tactics**: The thumbnail does not use exaggerated claims or false promises. It simply shows a scene that could be part of the video but does not promise a specific narrative or interaction.

6. **Categorize the thumbnail**: Given that the thumbnail accurately depicts a scene that could be part of the video but does not provide enough context to suggest the specific focus of the video, it can be considered misleading.

7. **Explanation**: The thumbnail may lead viewers to expect a specific interaction or narrative between Messi and a young player, which is not clearly indicated in the video content. Therefore, the thumbnail is misleading because it does not fully represent the overall content of the video.

**Categorization**: Misleading

**Explanation**: The thumbnail accurately depicts a scene involving a soccer player and a young player, but it does not provide enough context to suggest the specific focus of the video, which appears to be a compilation of various soccer-related scenes rather than a single interaction."
qMmUfvFdFcI,"Categorization: Misleading

Explanation: The thumbnail depicts a close-up of a grotesque, monstrous creature with a menacing expression, which strongly suggests a horror or thriller genre. However, the video content described focuses on a series of scenes that build tension and unease through a combination of dark forest settings, sudden darkness, and unsettling imagery like eyes and a pixelated face. While the content does have a creepy and unsettling tone, the thumbnail's depiction of a monstrous creature is exaggerated and misleading. The thumbnail implies a more graphic or gory horror experience than what the video actually provides. Therefore, the thumbnail misleads viewers into expecting a more intense and violent horror sequence than what is actually shown."
8KzqSSwQ2cw,"### Analysis:

1. **Examine the thumbnail**: The thumbnail shows a person riding a small scooter on a soccer field, wearing a bright yellow shirt and white shorts. There is a small graphic of a speech bubble with a ""!"" indicating surprise or excitement.

2. **Read the subtitles and video content**:
   - The subtitles include phrases like ""What's up Lura,"" ""Far far,"" ""Oh no,"" ""Two thirds in a minute,"" ""It's a strange and incredible position,"" ""The players are also watching,"" etc.
   - The video content appears to be a compilation of soccer moments, featuring various scenes such as goalkeeping, free kicks, celebrations, and player interactions.

3. **Compare the thumbnail to the actual video content**:
   - The thumbnail depicts a person riding a scooter on a soccer field, which is not related to the soccer moments shown in the video content.
   - The video content is entirely focused on soccer scenes, including goalkeeping, free kicks, celebrations, and player interactions.

4. **Determine if the thumbnail accurately represents the video's main topic or content**:
   - The thumbnail does not accurately represent the soccer content shown in the video. It introduces a completely unrelated element (a person riding a scooter).

5. **Assess whether the thumbnail uses exaggeration, false promises, or clickbait tactics**:
   - The thumbnail uses clickbait tactics by suggesting that the video contains a person riding a scooter on a soccer field, which is not true.

6. **Categorize the thumbnail**:
   - **Misleading**

7. **Explanation**:
   - The thumbnail introduces a completely unrelated element (a person riding a scooter) that has nothing to do with the soccer content shown in the video. This creates a misleading expectation for the viewer, leading them to believe that the video contains scenes involving a scooter, which it does not. The thumbnail uses clickbait tactics to attract viewers by promising something that is not present in the actual video content.

### Final Decision:
**Misleading**

**Explanation**: The thumbnail introduces a completely unrelated element (a person riding a scooter) that has nothing to do with the soccer content shown in the video. This creates a misleading expectation for the viewer, leading them to believe that the video contains scenes involving a scooter, which it does not. The thumbnail uses clickbait tactics to attract viewers by promising something that is not present in the actual video content."
Ba6-6KmB3CQ,"### Analysis:

**Step 1: Examine the thumbnail**
The thumbnail shows a shirtless soccer player holding a red card, with a referee pointing at him. The image suggests a confrontational moment during a match.

**Step 2: Read through the video subtitles and content description**
The subtitles mention a red card being shown to Zlatan Ibrahimovic, with a light-hearted moment where players say ""You will miss!"" to each other. The content description highlights various moments from Zlatan Ibrahimovic's career, including matches, interviews, and celebrations.

**Step 3: Compare the thumbnail to the actual video content**
The thumbnail depicts a specific moment involving a red card, which is indeed mentioned in the subtitles. However, the thumbnail does not provide context about the overall content of the video, which includes multiple matches, interviews, and celebratory moments.

**Step 4: Determine if the thumbnail accurately represents the video's main topic or content**
While the thumbnail captures a significant moment (a red card being shown), it does not represent the entirety of the video content. The video contains a wide range of moments from Zlatan Ibrahimovic's career, not just a single incident.

**Step 5: Assess whether the thumbnail uses exaggeration, false promises, or clickbait tactics**
The thumbnail does not use exaggerated claims or false promises. It accurately reflects a moment from the video but fails to convey the broader context of the content.

**Step 6: Categorize the thumbnail**
Based on the analysis, the thumbnail is **misleading** because it focuses on a single, dramatic moment (a red card being shown) without providing context about the rest of the video content.

**Explanation:**
The thumbnail effectively captures a memorable moment but does not give viewers a comprehensive understanding of the video's content. It suggests that the entire video revolves around this single incident, which is not true. The video contains a variety of moments from Zlatan Ibrahimovic's career, and the thumbnail fails to reflect this diversity. Therefore, the thumbnail is misleading."
gGwd5mBTruU,"### Analysis of the Provided Information

#### Step 1: Examine the Thumbnail
The thumbnail shows a person lying in bed with a red arrow pointing to a small, distorted image of a dog. The overall tone of the thumbnail suggests a focus on a specific, possibly disturbing or unsettling element within the video.

#### Step 2: Read Through the Video Subtitles and Content Description
The subtitles indicate that the video is a reaction to ""scariest YouTube shorts and clips on the internet."" The content description mentions a variety of bizarre and often frightening scenes, including confrontations, horror movie clips, and other unusual scenarios.

#### Step 3: Compare the Thumbnail to the Actual Video Content
The thumbnail features a small, distorted image of a dog, which seems to be part of a larger, more disturbing scene. However, the video content itself includes a wide range of bizarre and frightening elements, not necessarily limited to just the dog.

#### Step 4: Determine if the Thumbnail Accurately Represents the Video's Main Topic or Content
While the thumbnail does depict a disturbing element (the dog), the video contains a much broader array of content, including confrontations, horror movie clips, and other bizarre scenarios. The thumbnail does not accurately represent the full scope of the video's content.

#### Step 5: Assess Whether the Thumbnail Uses Exaggeration, False Promises, or Clickbait Tactics
The thumbnail uses a small, exaggerated image to draw attention, which might be considered clickbait. However, the thumbnail does not promise or exaggerate the content beyond what is shown.

#### Step 6: Categorize the Thumbnail as Either ""Misleading"" or ""Not Misleading""
Given that the thumbnail focuses on a single, exaggerated element (the dog) while the video contains a much broader range of content, the thumbnail is misleading.

#### Step 7: Provide a Brief Explanation for the Decision
The thumbnail uses a small, exaggerated image to draw attention, but it does not accurately represent the full scope of the video's content. The video contains a wide range of bizarre and frightening elements, not just the dog depicted in the thumbnail. Therefore, the thumbnail is misleading.

### Final Categorization: Misleading"
8H-3f6_F5Bk,"### Analysis of the Provided Information

#### Step 1: Examine the Thumbnail
The thumbnail depicts a man interacting closely with a lion, which appears to be in a precarious situation near a cliff. The image suggests a dramatic or dangerous scenario involving wildlife.

#### Step 2: Read Through the Video Subtitles and Content Description
The video content description does not mention any interaction with a lion or a dangerous situation involving a lion. Instead, it describes a series of wildlife and nature scenes, including encounters with bears, eagles, and other animals in various settings.

#### Step 3: Compare the Thumbnail to the Actual Video Content
The thumbnail shows a man interacting with a lion in a potentially dangerous situation, which is not depicted in the video content. The video primarily showcases various wildlife scenes without any specific focus on a lion or a dangerous encounter.

#### Step 4: Determine if the Thumbnail Accurately Represents the Video's Main Topic or Content
The thumbnail does not accurately represent the video's main topic or content. It suggests a dangerous or dramatic interaction with a lion, which is not present in the video.

#### Step 5: Assess Whether the Thumbnail Uses Exaggeration, False Promises, or Clickbait Tactics
The thumbnail uses exaggerated imagery and a misleading scenario to attract viewers, which is not reflective of the actual content of the video.

#### Step 6: Categorize the Thumbnail as Either ""Misleading"" or ""Not Misleading""
Based on the analysis, the thumbnail is **Misleading**.

#### Step 7: Provide a Brief Explanation for Your Decision
The thumbnail depicts a dangerous and dramatic interaction with a lion, which is not shown in the actual video content. It uses exaggerated imagery to attract viewers, leading to a misleading representation of the video's content. Therefore, the thumbnail is considered misleading."
CLuxJFKTn28,"### Analysis:

1. **Examine the thumbnail**: The thumbnail shows two soccer players in mid-action, one appearing to push the other away. The text overlay reads ""GET OFF OF MY WAY.""

2. **Read the subtitles and video content**:
   - The subtitles describe various soccer moments, including penalties, goals, and intense plays.
   - The video content includes highlights from different matches, showcasing dramatic moments like penalties, goals, and defensive saves.

3. **Compare the thumbnail to the actual video content**:
   - The thumbnail depicts a physical confrontation between two players, which is a specific and intense moment.
   - The video content covers a wide range of soccer moments, including but not limited to physical confrontations, penalties, and goals.

4. **Determine if the thumbnail accurately represents the video's main topic or content**:
   - While the thumbnail captures a dramatic moment, it does not represent the overall content of the video, which includes a variety of soccer highlights rather than just a single intense physical confrontation.

5. **Assess whether the thumbnail uses exaggeration, false promises, or clickbait tactics**:
   - The thumbnail does not use exaggerated language or false promises. It simply shows a physical confrontation, which is a part of the video content but not the entirety of it.

6. **Categorize the thumbnail**:
   - **Misleading**

7. **Explanation**:
   - The thumbnail is misleading because it focuses on a specific intense moment (a physical confrontation) that is only one part of the video's content. The video contains a variety of soccer highlights, including penalties, goals, and defensive saves, which are not depicted in the thumbnail. This creates a false expectation for the viewer, leading them to believe the entire video is about this one intense moment, which is not the case."
AVgcrgEgG5U,"### Analysis:

**Step 1: Examine the thumbnail**
The thumbnail depicts a humorous scenario involving a worker spraying water on a person who is bent over, seemingly washing a car. The image suggests a light-hearted or comedic context rather than a serious compilation of workplace accidents.

**Step 2: Read through the video subtitles and content description**
The subtitles and the video description clearly indicate that the video is a compilation of workplace accidents and mishaps across various industries. The content includes serious incidents such as forklift collisions, building collapses, and dangerous equipment malfunctions.

**Step 3: Compare the thumbnail to the actual video content**
The thumbnail does not accurately represent the content of the video. It shows a playful scene that contrasts sharply with the serious nature of the workplace accidents depicted in the video.

**Step 4: Determine if the thumbnail accurately represents the video's main topic or content**
The thumbnail fails to convey the serious nature of the video's content. It misleads viewers by presenting a lighthearted scene instead of the actual workplace accidents shown in the video.

**Step 5: Assess whether the thumbnail uses exaggeration, false promises, or clickbait tactics**
The thumbnail uses clickbait tactics by presenting a humorous and unrelated scene to attract viewers' attention, which is misleading.

**Step 6: Categorize the thumbnail as either ""Misleading"" or ""Not Misleading""**
Categorization: **Misleading**

**Explanation:**
The thumbnail is misleading because it presents a humorous and unrelated scene that does not reflect the serious content of the video. It uses clickbait tactics to attract viewers, which is not appropriate for a video that deals with workplace accidents and mishaps. The thumbnail fails to accurately represent the video's main topic and content, leading viewers to expect something entirely different from what they will actually see."
_mvPu1URo0A,"### Analysis of the Provided Information

#### Step 1: Examine the Thumbnail
The thumbnail features two soccer players, one in a white jersey and the other in a blue jersey, with the text ""I AM COMING AT REAL TOO.""

#### Step 2: Read Through the Video Subtitles and Content Description
The subtitles and video content appear to be a compilation of various football moments, including on-field action, pre-game moments, celebrations, and behind-the-scenes glimpses. The content does not explicitly mention any player named ""Real"" or any reference to a player coming to a specific team.

#### Step 3: Compare the Thumbnail to the Actual Video Content
The thumbnail suggests a specific narrative involving a player named ""Real,"" which is not present in the video content. The video is a general compilation of football moments without any specific player or team focus.

#### Step 4: Determine if the Thumbnail Accurately Represents the Video's Main Topic or Content
The thumbnail does not accurately represent the video's main topic or content. It introduces a specific player (""Real"") that is not mentioned in the video.

#### Step 5: Assess Whether the Thumbnail Uses Exaggeration, False Promises, or Clickbait Tactics
The thumbnail uses exaggerated language (""I AM COMING AT REAL TOO"") which is not supported by the video content. This creates a misleading expectation for the viewer.

#### Step 6: Categorize the Thumbnail as Either ""Misleading"" or ""Not Misleading""
Based on the analysis, the thumbnail is misleading.

#### Step 7: Provide a Brief Explanation for the Decision
The thumbnail introduces a specific player (""Real"") that is not mentioned in the video content. It uses exaggerated language (""I AM COMING AT REAL TOO"") which is not supported by the video, creating a misleading expectation for the viewer. Therefore, the thumbnail is misleading.

### Conclusion
**Categorization:** Misleading  
**Explanation:** The thumbnail introduces a specific player (""Real"") that is not mentioned in the video content and uses exaggerated language (""I AM COMING AT REAL TOO""), creating a misleading expectation for the viewer."
aBg_TatKt5g,"### Analysis:

1. **Examine the thumbnail**: The thumbnail shows a soccer player in a green jersey being hit by another player with a shovel. This image is highly exaggerated and does not represent typical soccer gameplay.

2. **Read the subtitles and video content**: The subtitles contain lyrics and phrases that do not seem related to soccer or sports. Instead, they appear to be part of a song or a spoken narrative, which is not mentioned in the video description.

3. **Compare the thumbnail to the actual video content**: The thumbnail depicts a dramatic and violent scene involving a shovel, which is not shown in any of the video clips described. The video content focuses on various soccer moments, both professional and amateur, without any scenes involving a shovel or violent incidents.

4. **Determine if the thumbnail accurately represents the video's main topic or content**: The thumbnail does not accurately represent the content of the video. It suggests a violent incident that is not present in the video clips.

5. **Assess whether the thumbnail uses exaggeration, false promises, or clickbait tactics**: The thumbnail uses exaggeration by depicting a violent incident that is not part of the video content. It also uses clickbait by suggesting a dramatic event that is not present.

6. **Categorize the thumbnail**: Based on the analysis, the thumbnail is misleading.

7. **Explanation**: The thumbnail exaggerates a violent incident involving a shovel, which is not depicted in the video content. It uses clickbait tactics to attract viewers by suggesting a dramatic and unusual event that is not actually shown in the video. Therefore, the thumbnail is misleading.

### Final Categorization: Misleading"
2jb1CBqFE1A,"### Analysis of the Provided Information

#### Step 1: Examine the Thumbnail
The thumbnail shows two soccer players facing each other, with one player appearing to be telling the other to ""GO HOME."" The text ""GO HOME"" is prominently displayed in bold white letters on a red background.

#### Step 2: Read Through the Video Subtitles and Content Description
The subtitles describe a confrontation between Zlatan Ibrahimovic and Romelu Lukaku during a Milan Derby match. The confrontation escalates due to a reference to Lukaku's mother, leading to a physical altercation in the tunnel.

The content description provides a montage of soccer matches and moments, highlighting intense and dramatic moments, including confrontations and physical altercations between players.

#### Step 3: Compare the Thumbnail to the Actual Video Content
The thumbnail depicts a confrontation between two players, which aligns with the content described in the subtitles. However, the thumbnail does not explicitly mention the Milan Derby or the specific incident involving Lukaku's mother.

#### Step 4: Determine if the Thumbnail Accurately Represents the Video's Main Topic or Content
While the thumbnail accurately represents a confrontation between players, it does not provide context about the specific incident involving Lukaku's mother. The thumbnail suggests a general confrontation without specifying the cause or the context of the incident.

#### Step 5: Assess Whether the Thumbnail Uses Exaggeration, False Promises, or Clickbait Tactics
The thumbnail uses a provocative image and text (""GO HOME"") to attract attention, which might be considered clickbait. However, the thumbnail itself does not promise or exaggerate any specific content beyond depicting a confrontation.

#### Step 6: Categorize the Thumbnail as Either ""Misleading"" or ""Not Misleading""
Given that the thumbnail uses a provocative image and text to attract attention but does not provide enough context about the specific incident involving Lukaku's mother, it can be categorized as **Misleading**.

#### Step 7: Provide a Brief Explanation for the Decision
The thumbnail uses a provocative image and text to attract attention but does not provide enough context about the specific incident involving Lukaku's mother. While the thumbnail accurately represents a confrontation between players, it does not clearly communicate the specific incident depicted in the video, making it misleading."
1WbSBRSV7m0,"Categorization: Not Misleading

Explanation: The thumbnail does not provide any specific details about the content of the video clips shown in the reaction video. It simply features a man reacting to various short video clips, which is consistent with the video description provided. There is no indication of exaggeration, false promises, or clickbait tactics used in the thumbnail. Therefore, the thumbnail accurately represents the video's main topic or content, making it ""Not Misleading."""
JajSdaNFfic,"### Analysis of the Provided Information

#### Step 1: Examine the Thumbnail
The thumbnail shows a goalkeeper holding a soccer ball with a red circle highlighting the ball. There is no text or additional imagery present in the thumbnail.

#### Step 2: Read Through the Video Subtitles and Content Description
The subtitles and video content description do not mention anything related to a goalkeeper holding a soccer ball. Instead, the video appears to be a compilation of various soccer moments, including instances of cheating, controversial refereeing decisions, and behind-the-scenes moments.

#### Step 3: Compare the Thumbnail to the Actual Video Content
The thumbnail depicts a goalkeeper holding a soccer ball, which is not mentioned or shown in any part of the video content description. The video content focuses on soccer moments involving cheating, refereeing controversies, and behind-the-scenes interactions.

#### Step 4: Determine if the Thumbnail Accurately Represents the Video's Main Topic or Content
The thumbnail does not accurately represent the main topics or content of the video. It suggests a focus on a goalkeeper holding a ball, which is not relevant to the video's actual content.

#### Step 5: Assess Whether the Thumbnail Uses Exaggeration, False Promises, or Clickbait Tactics
The thumbnail uses clickbait tactics by suggesting a focus on a goalkeeper holding a ball, which is not the case in the video content. It misleads viewers into expecting a scene that is not present.

#### Step 6: Categorize the Thumbnail as Either ""Misleading"" or ""Not Misleading""
Based on the analysis, the thumbnail is **Misleading**.

#### Explanation:
The thumbnail uses clickbait tactics by suggesting a focus on a goalkeeper holding a ball, which is not the case in the video content. It misleads viewers into expecting a scene that is not present, thereby misleading them about the actual content of the video."
u5xPjRJJkwo,"### Analysis:

1. **Examine the thumbnail**: The thumbnail shows a close-up of a pair of large, dark eyes with a sketchy, eerie appearance. The eyes are surrounded by what looks like hair or strands, giving a somewhat unsettling vibe.

2. **Read through the video subtitles and content description**:
   - The subtitles include phrases like ""you did it,"" ""great job,"" ""where is it,"" ""I can't find it foreign,"" ""thank you,"" and ""please come back foreign foreign."" These phrases suggest a celebratory and positive tone.
   - The video content description describes a sequence of animated scenes starting with celebratory characters and transitioning to a darker, more introspective final scene.

3. **Compare the thumbnail to the actual video content**:
   - The thumbnail depicts a dark, sketchy figure with large eyes, which contrasts sharply with the bright, celebratory scenes described in the video content.

4. **Determine if the thumbnail accurately represents the video's main topic or content**:
   - The thumbnail does not accurately represent the celebratory nature of the first part of the video. Instead, it suggests a darker, more mysterious theme.

5. **Assess whether the thumbnail uses exaggeration, false promises, or clickbait tactics**:
   - The thumbnail uses a sketchy, eerie image that does not align with the bright, celebratory content of the video. This creates a misleading impression.

6. **Categorize the thumbnail as either ""Misleading"" or ""Not Misleading""**:
   - Misleading

7. **Explanation for the decision**:
   - The thumbnail features a dark, sketchy figure with large eyes, which is starkly different from the bright, celebratory scenes depicted in the video. This creates a misleading impression that the video content is darker and more mysterious than it actually is. The thumbnail does not accurately reflect the celebratory and positive tone of the first part of the video, leading viewers to expect a different type of content."
Juu9vc2oqHM,"### Analysis of the Provided Information

#### Step 1: Examine the Thumbnail
The thumbnail shows a person's arm with several yellow objects (possibly straws or similar items) inserted into it. There is a red arrow pointing towards the insertion point, and the person appears to be reacting with a surprised expression.

#### Step 2: Read Through the Video Subtitles and Content Description
The subtitles suggest that the video involves a reaction to a series of short, quirky TikTok-style clips. The content description lists various clips, including a Rubik's cube manipulation, fishing, turning a phone upside down, and interactions with cars and other objects. The overall tone seems to be light-hearted and entertaining, with the reactor expressing surprise, amusement, and intrigue.

#### Step 3: Compare the Thumbnail to the Actual Video Content
The thumbnail depicts a scene involving the insertion of objects into a person's arm, which does not align with the content described in the video description. The video content focuses on a reaction to various short clips, not on any specific physical action involving the arm.

#### Step 4: Determine if the Thumbnail Accurately Represents the Video's Main Topic or Content
The thumbnail does not accurately represent the video's main topic or content. It suggests a specific action (insertion of objects into the arm) that is not present in the actual video.

#### Step 5: Assess Whether the Thumbnail Uses Exaggeration, False Promises, or Clickbait Tactics
The thumbnail uses exaggerated imagery and a misleading action (insertion of objects into the arm) that is not depicted in the actual video content. This creates a false promise of a specific action that is not shown.

#### Step 6: Categorize the Thumbnail as Either ""Misleading"" or ""Not Misleading""
Based on the analysis, the thumbnail is misleading.

#### Step 7: Provide a Brief Explanation for Your Decision
The thumbnail depicts a scene involving the insertion of objects into a person's arm, which is not represented in the actual video content. This creates a false expectation and uses clickbait tactics to attract viewers, making it misleading."
Va82x6Rl0UE,"### Analysis:

**Step 1: Examine the thumbnail**
The thumbnail shows a young man and a young woman standing side by side against a green background. There is a large red arrow pointing towards the woman, and the text ""New GIRLFRIEND"" is prominently displayed below them.

**Step 2: Read through the video subtitles and content description**
The subtitles mention that Cristiano Ronaldo's son, Ronaldo Jr., has a new girlfriend. The content description does not explicitly state that the video is about Ronaldo Jr. having a new girlfriend, but rather focuses on the relationship between Ronaldo and his son, including various moments of their lives together.

**Step 3: Compare the thumbnail to the actual video content**
The thumbnail suggests that the video is about Ronaldo Jr. having a new girlfriend, which aligns with the subtitles mentioning a new girlfriend. However, the video content primarily revolves around the relationship between Ronaldo and his son, showcasing their bond through sports, everyday activities, and special occasions.

**Step 4: Determine if the thumbnail accurately represents the video's main topic or content**
The thumbnail does not accurately represent the main topic of the video. While the video does touch on the topic of Ronaldo Jr. having a new girlfriend, the primary focus is on the relationship between Ronaldo and his son, which is not depicted in the thumbnail.

**Step 5: Assess whether the thumbnail uses exaggeration, false promises, or clickbait tactics**
The thumbnail uses clickbait tactics by suggesting that the video is about Ronaldo Jr. having a new girlfriend, which is not the main focus of the video. It misleads viewers into expecting a story about Ronaldo Jr.'s romantic life when the video is actually about their relationship.

**Step 6: Categorize the thumbnail as either ""Misleading"" or ""Not Misleading""**
Based on the analysis, the thumbnail is **Misleading**.

**Explanation:**
The thumbnail exaggerates the main topic of the video by suggesting that the content is about Ronaldo Jr. having a new girlfriend, which is not the primary focus of the video. Instead, the video is about the relationship between Ronaldo and his son, showcasing their bond through various moments of their lives together. The thumbnail uses clickbait tactics to attract viewers, leading to a misleading expectation of the video's content."
0MsORGZfeK0,"### Analysis:

1. **Examine the thumbnail**: The thumbnail features a woman in a red and white checkered outfit, which resembles the Croatian national flag, alongside a man with a surprised expression. The text ""WOW!!!"" is prominently displayed.

2. **Read the subtitles and video content**: The subtitles and video content describe various exciting and dramatic moments from professional soccer matches, including saves, goals, and intense reactions from players and officials. The video does not mention any connection to the woman in the thumbnail.

3. **Compare the thumbnail to the actual video content**: The thumbnail depicts a woman in a flag-themed outfit, which is not related to the soccer content described in the video. The thumbnail suggests a connection to a specific individual or event that is not present in the video.

4. **Determine if the thumbnail accurately represents the video's main topic or content**: The thumbnail does not accurately represent the content of the video, which focuses on soccer matches and dramatic moments within them.

5. **Assess whether the thumbnail uses exaggeration, false promises, or clickbait tactics**: The thumbnail uses a provocative image and text (""WOW!!!"") to attract viewers, which could be considered clickbait. However, the thumbnail itself does not promise or suggest that the video contains content related to the woman depicted.

6. **Categorize the thumbnail**: Based on the analysis, the thumbnail is misleading because it suggests a connection to a specific individual (the woman in the flag-themed outfit) that is not present in the video content.

7. **Explanation**: The thumbnail uses a provocative image and text to attract viewers, but it does not accurately represent the content of the video. The video is a compilation of exciting moments from soccer matches, and the thumbnail does not provide any relevant context to the video's content.

### Final Decision:
**Misleading**

**Explanation:** The thumbnail uses a provocative image and text to attract viewers, but it does not accurately represent the content of the video. The video is a compilation of exciting moments from soccer matches, and the thumbnail does not provide any relevant context to the video's content."
xxM_fUcRp_g,"Categorization: Misleading

Explanation: The thumbnail does not provide any visual or textual indication of the content described in the video. The thumbnail shows a person lying in water, which is completely unrelated to the playful and energetic dance scenes depicted in the video. There are no subtitles or text in the thumbnail that could suggest the content involves a chicken or any other unusual elements. Therefore, the thumbnail fails to accurately represent the video's main topic or content, making it misleading."
PviCek989QE,"### Analysis of the Provided Information

#### Step 1: Examine the Thumbnail
The thumbnail features a woman pointing a gun at another person with the text ""LEAVE NOW!"" prominently displayed.

#### Step 2: Read Through the Video Subtitles and Content Description
The subtitles and video content appear to be a compilation of various short clips depicting confrontations involving ""Karen"" incidents. The content creator reacts to these incidents, often expressing surprise, amusement, or concern. The video does not seem to involve any physical confrontations or threats of violence.

#### Step 3: Compare the Thumbnail to the Actual Video Content
The thumbnail depicts a dramatic and intense scenario involving a woman pointing a gun, which is not reflected in the actual video content. The video primarily consists of humorous or exaggerated reactions to various confrontations, rather than any serious threats or violent incidents.

#### Step 4: Determine if the Thumbnail Accurately Represents the Video's Main Topic or Content
The thumbnail significantly misrepresents the video's content. It suggests a high-stakes, dangerous situation that is not present in the actual video.

#### Step 5: Assess Whether the Thumbnail Uses Exaggeration, False Promises, or Clickbait Tactics
The thumbnail uses exaggerated imagery (a woman pointing a gun) and text (""LEAVE NOW!"") to create a sense of urgency and danger, which is misleading.

#### Step 6: Categorize the Thumbnail
**Categorization:** Misleading

#### Step 7: Provide a Brief Explanation for the Decision
The thumbnail exaggerates the severity of the situations depicted in the video by showing a woman pointing a gun, which is not a part of the actual content. The thumbnail uses clickbait tactics to attract viewers by promising a dramatic and dangerous scenario, which is misleading and does not accurately represent the video's content."
GCdGj_YVUhY,"### Analysis of the Provided Information

#### Step 1: Examine the Thumbnail
The thumbnail shows a soccer match in progress with players in action. There is also a reaction image of a person with the text ""HOW?!!"" suggesting surprise or disbelief.

#### Step 2: Read Through the Video Subtitles and Content Description
The subtitles and video content focus on various soccer moments, including celebrations, player interactions, and match scenes. The video highlights the skills and impact of Lionel Messi, particularly in a La Liga match against Real Madrid.

#### Step 3: Compare the Thumbnail to the Actual Video Content
The thumbnail depicts a general soccer match scene, which aligns with the content described in the video. However, the reaction image of the person with ""HOW?!!"" suggests a specific moment or event that might be emphasized in the video.

#### Step 4: Determine if the Thumbnail Accurately Represents the Video's Main Topic or Content
The thumbnail accurately represents the general theme of the video, which is a compilation of soccer moments. However, the reaction image adds a layer of emphasis that might not be directly related to the main content of the video.

#### Step 5: Assess Whether the Thumbnail Uses Exaggeration, False Promises, or Clickbait Tactics
The reaction image of ""HOW?!!"" could be seen as a clickbait tactic, as it suggests a surprising or impressive moment that might not be explicitly mentioned in the video content. However, the thumbnail itself does not promise or exaggerate any specific content beyond what is shown in the video.

#### Step 6: Categorize the Thumbnail
Based on the analysis, the thumbnail is not misleading because it accurately represents the general theme of the video. The reaction image might be seen as a clickbait element, but it does not misrepresent the content of the video.

#### Step 7: Provide a Brief Explanation for the Decision
The thumbnail accurately depicts a soccer match scene, which is consistent with the video content. While the reaction image might be seen as a clickbait element, it does not misrepresent the content of the video. Therefore, the thumbnail is categorized as **Not Misleading**.

### Final Decision: Not Misleading"
o6DDXrPZqi8,"### Analysis:

1. **Examine the thumbnail**: The thumbnail features two women and a soccer player with the text ""GO COOK BRO"". The image suggests a mix of entertainment and sports content, but the text ""GO COOK BRO"" is unrelated to the soccer scenes depicted in the video.

2. **Read the subtitles and video content**: The subtitles and video content describe a series of dramatic moments from soccer matches, including celebrations, reactions, and intense gameplay. The text ""GO COOK BRO"" does not appear in the subtitles or the video content.

3. **Compare the thumbnail to the actual video content**: The thumbnail shows a scene that is completely unrelated to the soccer content described in the video. It features women and a soccer player in a context that does not match the soccer-themed scenes shown in the video.

4. **Determine if the thumbnail accurately represents the video's main topic or content**: The thumbnail does not accurately represent the soccer content shown in the video. It uses a completely different visual and textual element that is not present in the video.

5. **Assess whether the thumbnail uses exaggeration, false promises, or clickbait tactics**: The thumbnail uses clickbait tactics by suggesting a mix of entertainment and sports content, but the text ""GO COOK BRO"" is misleading and does not reflect the actual content of the video.

6. **Categorize the thumbnail**: Based on the analysis, the thumbnail is misleading.

7. **Explanation**: The thumbnail uses a mix of entertainment imagery (women) and sports imagery (soccer player) but includes the text ""GO COOK BRO,"" which is unrelated to the soccer content. This creates a misleading impression that the video contains content it does not actually have, using clickbait tactics to attract viewers.

### Final Decision:
**Misleading**

**Explanation**: The thumbnail uses clickbait tactics by suggesting a mix of entertainment and sports content but includes irrelevant text (""GO COOK BRO"") that does not reflect the actual content of the video."
d2vPntIrut8,"### Analysis:

**Step 1: Examine the thumbnail**
The thumbnail features two soccer players wearing PSG jerseys, with one player facing the other. The text overlaid on the image reads ""SORRY FOR THE OLD TIMES.""

**Step 2: Read through the video subtitles and content description**
The video content description mentions a variety of soccer-related scenes, including matches, interviews, celebrations, and disputes. The subtitles include references to specific players and events, such as goals, protests, and referee decisions.

**Step 3: Compare the thumbnail to the actual video content**
The thumbnail depicts two players from PSG, which aligns with the mention of PSG jerseys in the video description. However, the text ""SORRY FOR THE OLD TIMES"" suggests a nostalgic or reflective tone, which does not necessarily match the dynamic and varied content described in the video.

**Step 4: Determine if the thumbnail accurately represents the video's main topic or content**
The thumbnail does not accurately represent the diverse range of content in the video. It focuses on a specific moment involving PSG players, while the video includes many other elements such as matches, interviews, and disputes.

**Step 5: Assess whether the thumbnail uses exaggeration, false promises, or clickbait tactics**
The thumbnail does not use exaggerated claims or false promises. Instead, it sets a tone that might suggest a reflective or emotional piece, which is somewhat misleading but not necessarily misleading in the sense of misleading the viewer about the content.

**Step 6: Categorize the thumbnail**
Based on the analysis, the thumbnail is **misleading** because it does not accurately represent the diverse content of the video. While it correctly identifies PSG players, the text ""SORRY FOR THE OLD TIMES"" implies a more reflective or nostalgic theme than the actual content of the video, which includes a mix of on-field action, off-field moments, and emotional exchanges.

**Explanation:**
The thumbnail suggests a focus on a specific moment involving PSG players, which is true, but the text ""SORRY FOR THE OLD TIMES"" implies a more reflective or nostalgic tone that does not align with the dynamic and varied content of the video. Therefore, the thumbnail is misleading."
aJ7XoeB8TME,"### Analysis of the Provided Information

#### Step 1: Examine the Thumbnail
The thumbnail features a close-up of a partially eaten ice cream sandwich with the text ""LIES!"" prominently displayed above it. There is also a red arrow pointing towards the ice cream sandwich.

#### Step 2: Read Through the Video Subtitles and Content Description
The video appears to be a reaction video where the creator is reacting to various short clips or images. The content includes scenes such as weightlifting, tropical overwater bungalows, dissolvable swimming trunks, cleaning ads, and various other miscellaneous clips. The creator's reactions range from confusion to amusement to shock, providing commentary on the various clips and images he's viewing.

#### Step 3: Compare the Thumbnail to the Actual Video Content
The thumbnail shows a partially eaten ice cream sandwich with the text ""LIES!"" suggesting that the video may involve some form of deception or trickery related to the ice cream sandwich. However, the video content described does not include any clips involving ice cream sandwiches or any form of deception related to them.

#### Step 4: Determine if the Thumbnail Accurately Represents the Video's Main Topic or Content
The thumbnail does not accurately represent the video's main topic or content. It suggests that the video involves a trick or deception related to the ice cream sandwich, which is not evident from the video description.

#### Step 5: Assess Whether the Thumbnail Uses Exaggeration, False Promises, or Clickbait Tactics
The thumbnail uses exaggerated language (""LIES!"") and a misleading visual (a partially eaten ice cream sandwich) to attract viewers' attention. It creates a false promise that the video will reveal a deceptive trick or deception related to the ice cream sandwich.

#### Step 6: Categorize the Thumbnail as Either ""Misleading"" or ""Not Misleading""
Based on the analysis, the thumbnail is misleading.

#### Step 7: Provide a Brief Explanation for Your Decision
The thumbnail uses exaggerated language (""LIES!"") and a misleading visual (a partially eaten ice cream sandwich) to attract viewers' attention. However, the video content does not involve any clips related to the ice cream sandwich or any form of deception. Therefore, the thumbnail misleads viewers by suggesting that the video will reveal a deceptive trick or deception related to the ice cream sandwich, which is not evident from the video description."
4N_ZVPVLlc0,"### Analysis:

1. **Examine the thumbnail**: The thumbnail shows a shirtless man receiving a red card from a referee on a soccer field. The image is dynamic and captures a moment of tension and conflict typical of soccer matches.

2. **Read the subtitles and video content**:
   - The subtitles mention a referee showing a red card to a player named Coldwell Lee.
   - The video content includes various soccer match scenes, including moments where players are arguing with referees, receiving cards, and celebrating goals.

3. **Compare the thumbnail to the actual video content**:
   - The thumbnail depicts a specific moment involving a red card, which aligns closely with the content described in the subtitles and video descriptions.
   - The video content indeed includes scenes where players receive red cards, which is a significant part of the narrative.

4. **Determine if the thumbnail accurately represents the video's main topic or content**:
   - The thumbnail accurately represents a key element of the video content, specifically the issuance of a red card during a soccer match.

5. **Assess whether the thumbnail uses exaggeration, false promises, or clickbait tactics**:
   - The thumbnail does not use any exaggerated claims or false promises. It simply shows a realistic moment from the video content.

6. **Categorize the thumbnail**:
   - Given that the thumbnail accurately represents a significant part of the video content (the issuance of a red card), it is not misleading.

### Conclusion:
The thumbnail is **Not Misleading** because it accurately represents a key moment from the video content, which involves a red card being issued during a soccer match. There are no exaggerated claims or misleading elements present in the thumbnail."
g5sdPcModvQ,"### Analysis of the Provided Information

#### Step 1: Examine the Thumbnail
The thumbnail shows a group of people in a pool, with a red arrow pointing towards them. The image suggests that the video might involve people in a pool or some kind of aquatic activity.

#### Step 2: Read Through the Video Subtitles and Content Description
The subtitles and video content description do not mention anything related to people in a pool. Instead, the video appears to be a reaction video where the creator is reacting to various clips and images, ranging from natural phenomena to unusual objects and events.

#### Step 3: Compare the Thumbnail to the Actual Video Content
The thumbnail depicts people in a pool, while the video content consists of a series of diverse clips and images that do not include people in a pool.

#### Step 4: Determine if the Thumbnail Accurately Represents the Video's Main Topic or Content
The thumbnail does not accurately represent the video's main topic or content. It suggests a specific scenario (people in a pool) that is not present in the actual video.

#### Step 5: Assess Whether the Thumbnail Uses Exaggeration, False Promises, or Clickbait Tactics
The thumbnail uses clickbait tactics by suggesting a scenario that is not depicted in the actual video content. It creates an expectation that is not fulfilled.

#### Step 6: Categorize the Thumbnail as Either ""Misleading"" or ""Not Misleading""
The thumbnail is **Misleading**.

#### Step 7: Provide a Brief Explanation for Your Decision
The thumbnail misleads viewers by suggesting that the video involves people in a pool, which is not the case. It uses clickbait tactics to attract viewers by promising a specific scenario that is not actually shown in the video. Therefore, the thumbnail is misleading."
4w7oXPgsNEA,"Categorization: Not Misleading

Explanation: The thumbnail depicts a dramatic scene of a plane engulfed in smoke and flames, which aligns closely with the content described in the video. The video compilation indeed showcases various aviation-related incidents, including an emergency situation involving a plane on a runway. There is no exaggeration or false promise in the thumbnail; it accurately represents the content of the video, which includes scenes of aircraft experiencing emergencies and accidents. Therefore, the thumbnail does not use clickbait tactics or mislead viewers about the nature of the video's content."
DCDfvNPbAeg,"### Analysis of the Provided Information

#### Step 1: Examine the Thumbnail
The thumbnail depicts two soccer players in water, with one player seemingly trying to push away the other. One player is wearing a red jersey labeled ""Messi,"" and the other is wearing a white jersey labeled ""Messi."" There is also a soccer ball floating in the water.

#### Step 2: Read Through the Video Subtitles and Content Description
The subtitles and video content description do not mention any water or the players being in water. Instead, the video appears to be a compilation of various soccer moments, including celebrations, saves, and interactions between players.

#### Step 3: Compare the Thumbnail to the Actual Video Content
The thumbnail shows two players in water, which is not depicted in the video content. The video content focuses on various soccer moments without any water elements.

#### Step 4: Determine if the Thumbnail Accurately Represents the Video's Main Topic or Content
The thumbnail does not accurately represent the video's main topic or content. It introduces a scenario (players in water) that is not present in the actual video.

#### Step 5: Assess Whether the Thumbnail Uses Exaggeration, False Promises, or Clickbait Tactics
The thumbnail uses exaggerated imagery (players in water) that is not aligned with the actual content of the video. This could be considered clickbait as it misleads viewers about the content they are about to watch.

#### Step 6: Categorize the Thumbnail
Based on the analysis, the thumbnail is misleading.

#### Step 7: Provide a Brief Explanation for the Decision
The thumbnail introduces a scenario (players in water) that is not depicted in the actual video content. This creates a misleading impression that the video will feature water-related soccer moments, which it does not. Therefore, the thumbnail is misleading.

### Final Categorization: Misleading"
mExw6uk0EMo,"Categorization: Not Misleading

Explanation: The thumbnail depicts a soccer player kissing a referee, which is an unusual and humorous scenario often used for comedic effect in sports videos. However, the video content described does not feature any such scene. Instead, it is a compilation of soccer highlights and moments featuring a prominent player throughout various stages of their career. The thumbnail does not accurately represent the video's main topic or content, but it does not use exaggerated claims, false promises, or clickbait tactics. Therefore, it can be considered not misleading."
w3INvoFabXg,"Categorization: Not Misleading

Explanation: The thumbnail shows a player in a light purple uniform appearing to be involved in an argument or confrontation during a soccer match. The video content indeed focuses on the player's emotional reactions and interactions following a frustrating match, as described in the video description. The thumbnail accurately represents the main topic of the video, which is the player's post-match controversy and frustration. There is no exaggeration, false promises, or clickbait tactics used in the thumbnail. Therefore, the thumbnail is not misleading."
eYASKzbw-9A,"### Analysis:

1. **Examine the thumbnail**: The thumbnail features a man in a sports jersey alongside two individuals wearing grotesque masks. The masks appear to be part of a horror or Halloween theme, which contrasts sharply with the soccer content described in the video.

2. **Read the subtitles and video content**: The subtitles and video content do not mention anything related to masks or horror themes. Instead, they describe a series of soccer moments, including celebrations, goalmouth actions, and player interactions typical of a soccer highlight reel.

3. **Compare the thumbnail to the actual video content**: The thumbnail depicts a completely different scenario than the soccer content described in the video. It shows a horror-themed image that has nothing to do with the soccer highlights shown in the video.

4. **Determine if the thumbnail accurately represents the video's main topic or content**: The thumbnail does not accurately represent the soccer content. It uses imagery that is unrelated to the actual video content.

5. **Assess whether the thumbnail uses exaggeration, false promises, or clickbait tactics**: The thumbnail uses clickbait tactics by promising a horror-themed segment that is not present in the actual video content.

6. **Categorize the thumbnail**: The thumbnail is misleading.

7. **Explanation**: The thumbnail uses exaggerated imagery (horror masks) to attract viewers, which is misleading because the actual video content is a compilation of soccer highlights. This creates a false expectation that the viewer will see something entirely different from what is actually shown in the video.

### Final Decision:
**Misleading**

**Explanation**: The thumbnail uses clickbait tactics by promising a horror-themed segment that is not present in the actual video content, leading viewers to expect something entirely different from what they will see."
56T9dZt8mQM,"Categorization: Misleading

Explanation: The thumbnail depicts a close-up of a panda figurine with exaggerated features, which does not accurately represent the video content. The video description indicates that the frames are static images of small figurines on a white surface, with no movement or interaction between the figurines. The thumbnail suggests a dynamic and engaging video, which is misleading because the actual content is static and lacks any movement or interaction."
QPC2hMWY7BA,"### Analysis:

1. **Examine the thumbnail**: The provided thumbnail does not match the content described in the video description. The thumbnail typically shows a group of children playing around a water pump, which suggests a playful and light-hearted theme related to rural life and community interaction.

2. **Read through the video subtitles and content description**: The subtitles and the video description do not provide any specific details about the thumbnail image. However, the content description mentions various scenes including traditional celebrations, rituals, and humorous moments involving goats and people in different states of dress.

3. **Compare the thumbnail to the actual video content**: The thumbnail depicts a group of children playing around a water pump, which contrasts significantly with the traditional and ceremonial scenes described in the video.

4. **Determine if the thumbnail accurately represents the video's main topic or content**: The thumbnail does not accurately represent the video's content. It suggests a playful and community-oriented scene, while the video contains a mix of traditional elements and humorous moments.

5. **Assess whether the thumbnail uses exaggeration, false promises, or clickbait tactics**: The thumbnail does not use exaggeration or false promises but rather misleads by not reflecting the actual content of the video.

6. **Categorize the thumbnail as either ""Misleading"" or ""Not Misleading""**: Based on the analysis, the thumbnail is misleading.

7. **Provide a brief explanation for your decision**: The thumbnail shows a group of children playing around a water pump, which is unrelated to the traditional and ceremonial scenes depicted in the video. This mismatch leads viewers to expect a different type of content than what they actually receive, thus making the thumbnail misleading.

**Categorization**: Misleading

**Explanation**: The thumbnail inaccurately represents the video's content by depicting a playful scene with children, whereas the video features traditional elements and ceremonial activities."
ISbVh0KGVDE,"Categorization: Not Misleading

Explanation: The thumbnail does not provide any specific details about the content of the video. Since there are no subtitles or text accompanying the thumbnail, it cannot be determined if the thumbnail is misleading or not. However, based on the video description provided, the content appears to be a surreal and humorous animated sequence featuring a hippo character performing unexpected and whimsical actions. There is no indication of exaggerated claims or misleading information in the thumbnail. Therefore, without additional context or information about the thumbnail, it is reasonable to conclude that the thumbnail is not misleading."
pTKWuGTkISc,"### Analysis of the Provided Information

#### Step 1: Examine the thumbnail
The thumbnail shows a person performing a high kick in a confrontational manner, with another individual in the background appearing to be reacting to the action. The setting appears to be a public area near a Subway restaurant.

#### Step 2: Read through the video subtitles and content description
The subtitles and video content description indicate that the video is a compilation of confrontational and tense public interactions, often involving disputes and disagreements in various settings (e.g., restaurants, stores, airplanes). The tone suggests that the video highlights instances of conflict and public misbehavior.

#### Step 3: Compare the thumbnail to the actual video content
The thumbnail depicts a physical confrontation, which aligns with the theme of the video content described. However, the specific scenario shown in the thumbnail (a high kick) is not explicitly mentioned in the video description. The video content includes various types of confrontations but does not necessarily involve physical altercations.

#### Step 4: Determine if the thumbnail accurately represents the video's main topic or content
While the thumbnail captures a moment of physical confrontation, the video content is broader and includes multiple types of confrontations without necessarily focusing on physical altercations. Therefore, the thumbnail may not fully represent the variety of content in the video.

#### Step 5: Assess whether the thumbnail uses exaggeration, false promises, or clickbait tactics
The thumbnail does not appear to use exaggerated claims or false promises. It simply depicts a physical confrontation, which is a common theme in the video content.

#### Step 6: Categorize the thumbnail as either ""Misleading"" or ""Not Misleading""
Given that the thumbnail captures a moment of physical confrontation, which is a common theme in the video content, but does not necessarily represent the full range of confrontations depicted in the video, the thumbnail could be considered slightly misleading.

#### Step 7: Provide a brief explanation for the decision
The thumbnail accurately depicts a physical confrontation, which is a common theme in the video content. However, it does not fully represent the variety of confrontations depicted in the video, including verbal disputes and other forms of public misbehavior. Therefore, while not entirely misleading, the thumbnail may be slightly misleading due to its focus on a specific type of confrontation.

### Final Categorization: Slightly Misleading

**Explanation:** The thumbnail captures a moment of physical confrontation, which is a common theme in the video content. However, it does not fully represent the variety of confrontations depicted in the video, including verbal disputes and other forms of public misbehavior."
BVR97GfGVCc,"### Analysis of the Provided Information

#### Step 1: Examine the Thumbnail
The thumbnail depicts a dramatic scene of an airplane partially submerged in water, with a small boat nearby. The image suggests a serious incident involving an aircraft crash landing or ditching.

#### Step 2: Read Through the Video Subtitles and Content Description
The video subtitles and content description describe a variety of intense and unusual events, including:
- Low-flying aircraft releasing pink substances.
- Explosions and fireworks displays.
- Natural disasters like storms and hurricanes.
- Stunts and animal encounters.
- Unexpected events like a person jumping onto a vehicle at night.

#### Step 3: Compare the Thumbnail to the Actual Video Content
The thumbnail shows a dramatic and potentially dangerous situation involving an aircraft. However, the video content does not primarily focus on aircraft incidents but rather showcases a wide range of intense and unusual events.

#### Step 4: Determine if the Thumbnail Accurately Represents the Video's Main Topic or Content
The thumbnail does not accurately represent the main topic or content of the video. It suggests a specific type of incident (aircraft crash) that is not the primary focus of the video.

#### Step 5: Assess Whether the Thumbnail Uses Exaggeration, False Promises, or Clickbait Tactics
The thumbnail uses exaggerated imagery to attract viewers, which is misleading because the video content does not primarily feature aircraft incidents.

#### Step 6: Categorize the Thumbnail as Either ""Misleading"" or ""Not Misleading""
Categorization: **Misleading**

#### Step 7: Provide a Brief Explanation for Your Decision
The thumbnail depicts a dramatic and potentially dangerous situation involving an aircraft, which is misleading because the video content does not primarily feature aircraft incidents. Instead, it showcases a wide range of intense and unusual events. The thumbnail uses exaggerated imagery to attract viewers, which is misleading and does not accurately represent the video's main topic or content."
ErXhQGf4ijU,"### Analysis of the Provided Information

#### Step 1: Examine the Thumbnail
The thumbnail features a soccer player being arrested by police officers. The text reads ""NEW DEVELOPMENTS LIONEL MESSI ARRESTED IN PARIS.""

#### Step 2: Read Through the Video Subtitles and Content Description
The subtitles and the video content description indicate that the video is about Lionel Messi and his life, career, and personal challenges. It mentions his fear of driving (amaxophobia), his car collection, a robbery incident, and his interest in video games. However, there is no mention of Messi being arrested in Paris.

#### Step 3: Compare the Thumbnail to the Actual Video Content
The thumbnail suggests that the video is about a recent arrest of Lionel Messi in Paris. The video content, however, does not discuss any arrest; instead, it focuses on various aspects of Messi's life, including his fear of driving, his car collection, and his interest in video games.

#### Step 4: Determine if the Thumbnail Accurately Represents the Video's Main Topic or Content
The thumbnail inaccurately represents the video's main topic. It suggests a recent arrest, which is not mentioned in the video content.

#### Step 5: Assess Whether the Thumbnail Uses Exaggeration, False Promises, or Clickbait Tactics
The thumbnail uses clickbait tactics by suggesting a recent arrest of Lionel Messi, which is not true according to the video content.

#### Step 6: Categorize the Thumbnail
The thumbnail is **Misleading**.

#### Step 7: Provide a Brief Explanation for the Decision
The thumbnail exaggerates the content of the video by suggesting that Lionel Messi has been arrested, which is not true based on the video content. This use of clickbait tactics misleads viewers into watching a video that does not contain the promised content."
