video_id,classification
ZP8wqrJ0wKU,"### Analysis of the Provided Information

#### Step 1: Examine the Thumbnail
The thumbnail shows two individuals in a car, one appearing upset and the other looking surprised or concerned. The expressions suggest emotional distress or frustration.

#### Step 2: Read Through the Video Subtitles and Content Description
- **Subtitles**: The subtitles mention a person crying and a dog being protective of a watermelon.
- **Content Description**: The video compilation includes a variety of scenes, including a person in a car who seems upset, a dog protecting a watermelon, and other miscellaneous scenes like a pilot capturing rare lightning, a person finding a dead shark, and a guard marching outside a building.

#### Step 3: Compare the Thumbnail to the Actual Video Content
- The thumbnail depicts a person in a car looking upset, which aligns with the subtitle mentioning someone crying.
- However, the thumbnail does not provide any visual cues about the dog protecting a watermelon or the other miscellaneous scenes mentioned in the content description.

#### Step 4: Determine if the Thumbnail Accurately Represents the Video's Main Topic or Content
- The thumbnail accurately represents the emotional distress shown in the video but fails to convey the other scenes, such as the dog protecting a watermelon or the pilot capturing lightning.

#### Step 5: Assess Whether the Thumbnail Uses Exaggeration, False Promises, or Clickbait Tactics
- The thumbnail does not use exaggerated claims or false promises. It simply shows a person in a car looking upset, which is a part of the video content but not the entirety of it.

#### Step 6: Categorize the Thumbnail as Either ""Misleading"" or ""Not Misleading""
- **Categorization**: Not Misleading

#### Step 7: Provide a Brief Explanation for Your Decision
The thumbnail accurately represents a part of the video content (the person in the car looking upset), but it does not provide a comprehensive representation of the entire video. While it does not use exaggerated claims or false promises, it fails to convey the full range of scenes shown in the video, which makes it somewhat incomplete but not misleading overall."
YyoJ5yOszc4,"### Analysis of the Provided Information

#### Step 1: Examine the Thumbnail
The thumbnail features a character in a superhero costume with exaggerated red arrows pointing towards the character. The text ""114 MISTAKES"" is prominently displayed, suggesting that the video will highlight numerous errors or behind-the-scenes moments from a film or television production.

#### Step 2: Read Through the Video Subtitles and Content Description
The subtitles indicate that the video is a compilation of mistakes or behind-the-scenes moments from a film or television production, likely an action or superhero-themed project. The content description confirms this, detailing various scenes and moments from the production, including behind-the-scenes footage and actual scenes from the film.

#### Step 3: Compare the Thumbnail to the Actual Video Content
The thumbnail accurately represents the video's main topic, which is indeed a compilation of mistakes or behind-the-scenes moments from a film or television production. The presence of the superhero character and the mention of ""114 MISTAKES"" aligns with the content described in the video.

#### Step 4: Determine if the Thumbnail Accurately Represents the Video's Main Topic or Content
The thumbnail accurately represents the video's main topic, which is a compilation of mistakes or behind-the-scenes moments from a film or television production. It does not mislead viewers about the content.

#### Step 5: Assess Whether the Thumbnail Uses Exaggeration, False Promises, or Clickbait Tactics
The thumbnail does not use any exaggerated claims or false promises. It clearly states the number of mistakes (""114 MISTAKES"") and the nature of the content (""Krrish Mistakes""), which is accurate based on the video description.

#### Step 6: Categorize the Thumbnail
Based on the analysis, the thumbnail is not misleading.

#### Step 7: Provide a Brief Explanation for the Decision
The thumbnail accurately represents the video's main topic, which is a compilation of mistakes or behind-the-scenes moments from a film or television production. It does not use any exaggerated claims or false promises. Therefore, it is categorized as ""Not Misleading."""
jinu8bcXxEk,"### Analysis:

1. **Examine the thumbnail**: The thumbnail features a woman playing tennis, with the text in Urdu that translates to ""I am not a problem, I am a solution."" There is also a smaller inset image of a woman in a white shirt playing tennis.

2. **Read through the video subtitles and content description**: The subtitles are not available, so there is no textual information to compare directly with the thumbnail.

3. **Compare the thumbnail to the actual video content**: The video content describes an interview with a woman who appears to be discussing something of importance, likely related to her professional life or expertise. The setting is formal and professional, with no indication of tennis or sports activities.

4. **Determine if the thumbnail accurately represents the video's main topic or content**: The thumbnail shows a woman playing tennis, which has no direct relation to the content described in the video description. The video is about an interview, not a sports segment.

5. **Assess whether the thumbnail uses exaggeration, false promises, or clickbait tactics**: The thumbnail uses a sports-related image and text that does not align with the actual content of the video. This creates a misleading impression.

6. **Categorize the thumbnail as either ""Misleading"" or ""Not Misleading""**: Based on the analysis, the thumbnail is misleading because it does not accurately represent the content of the video.

7. **Provide a brief explanation for your decision**: The thumbnail features a sports-related image and text that do not match the actual content of the video, which is an interview. This creates a misleading impression that could mislead viewers into expecting a sports segment when they are actually watching an interview.

**Categorization**: Misleading

**Explanation**: The thumbnail uses a sports-related image and text that do not align with the actual content of the video, which is an interview. This creates a misleading impression that could mislead viewers into expecting a sports segment when they are actually watching an interview."
iSOdNTnkKu0,"### Analysis:

1. **Examine the thumbnail**: The thumbnail shows a serene beach scene with palm trees and traditional Thai-style buildings, suggesting a peaceful tropical setting.
   
2. **Read the video subtitles and content description**: There are no subtitles provided in the video description, but the content description clearly describes the footage as depicting the devastating 2004 Indian Ocean tsunami striking Thailand.

3. **Compare the thumbnail to the actual video content**: The thumbnail depicts a tranquil beach scene, which contrasts sharply with the actual content of the video, which shows the devastating effects of a tsunami.

4. **Determine if the thumbnail accurately represents the video's main topic or content**: The thumbnail does not accurately represent the content of the video. It shows a peaceful scene that is completely different from the chaotic and destructive tsunami footage.

5. **Assess whether the thumbnail uses exaggeration, false promises, or clickbait tactics**: The thumbnail uses clickbait tactics by presenting a peaceful scene that contrasts with the actual content of the video, which is about a devastating natural disaster.

6. **Categorize the thumbnail**: Based on the analysis, the thumbnail is misleading.

7. **Explanation**: The thumbnail presents a peaceful beach scene, which is misleading because the video content actually depicts the devastating effects of a tsunami. This creates false expectations and may mislead viewers who are expecting a serene tropical setting rather than a documentary about a natural disaster.

**Categorization**: Misleading

**Explanation**: The thumbnail uses a peaceful image to attract viewers, which is misleading since the actual content of the video is about a devastating tsunami."
tFCJLshbNdE,"### Analysis:

1. **Examine the thumbnail**: The thumbnail shows a man with curly hair speaking into a microphone, with the text ""Rapid Fire Jokes Bobby Tessel"". It suggests that the video features a comedian named Bobby Tessel performing rapid-fire jokes.

2. **Read the subtitles and content description**: The subtitles indicate that the video contains a stand-up comedy performance, specifically rapid-fire jokes. The content description confirms this, describing a stand-up comedy performance at a venue called Dry Bar Comedy.

3. **Compare the thumbnail to the actual video content**: The thumbnail accurately represents the video content. It shows a comedian performing rapid-fire jokes, which aligns with the subtitles and the video description.

4. **Determine if the thumbnail accurately represents the video's main topic or content**: The thumbnail correctly depicts the main topic of the video, which is a stand-up comedy performance featuring rapid-fire jokes.

5. **Assess for any exaggeration, false promises, or clickbait tactics**: There are no elements in the thumbnail that exaggerate or mislead viewers about the content. The thumbnail clearly communicates the type of performance expected.

6. **Categorize the thumbnail**: Based on the analysis, the thumbnail is not misleading.

7. **Explanation**: The thumbnail accurately represents the video content by showing a comedian performing rapid-fire jokes, which matches the subtitles and the video description. There are no misleading elements or clickbait tactics used.

**Categorization**: Not Misleading

**Explanation**: The thumbnail accurately reflects the content of the video, which is a stand-up comedy performance featuring rapid-fire jokes, as described in the subtitles and the video description."
PHpPtdk9rco,"### Analysis and Categorization:

**Step 1:** Examine the thumbnail.
- The thumbnail shows a woman speaking confidently on a TED stage with the title ""The most important parenting strategy.""

**Step 2:** Read through the video subtitles and content description.
- The subtitles indicate that the speaker is discussing the importance of a specific parenting strategy, emphasizing self-improvement and emotional repair within relationships.

**Step 3:** Compare the thumbnail to the actual video content.
- The thumbnail suggests a broad, overarching parenting strategy, which aligns closely with the content described in the subtitles and video description. The speaker indeed discusses the importance of self-improvement and emotional repair in parenting.

**Step 4:** Determine if the thumbnail accurately represents the video's main topic or content.
- The thumbnail accurately represents the main topic discussed in the video, which is about the importance of self-improvement and emotional repair in parenting.

**Step 5:** Assess whether the thumbnail uses exaggeration, false promises, or clickbait tactics.
- The thumbnail does not use any exaggerated claims or false promises. It clearly states the topic of discussion without any misleading elements.

**Step 6:** Categorize the thumbnail as either ""Misleading"" or ""Not Misleading.""
- Based on the analysis, the thumbnail is **Not Misleading**.

**Explanation:**
The thumbnail accurately reflects the main topic of the video, which is about the importance of self-improvement and emotional repair in parenting. It does not use any exaggerated claims or false promises. Therefore, it does not mislead viewers into expecting a different type of content."
RIUdYTEZNps,"Categorization: Not Misleading

Explanation: The thumbnail shows a young man in a navy blue Nike hoodie, which aligns with the video content where a young man in similar attire is featured speaking into a microphone in front of a colorful backdrop with musical notes. There are no exaggerated claims or misleading elements present in the thumbnail. The video content matches the visual representation in the thumbnail, indicating that the thumbnail accurately represents the video's main topic or content."
SE91pxhQiqI,"### Analysis:

**Step 1: Examine the thumbnail**
- The thumbnail features a woman standing in a doorway, with the text ""Inside Sania Mirza's Hyderabad Home.""

**Step 2: Read through the video subtitles and content description**
- The subtitles indicate that the video is an interview or behind-the-scenes look at Sania Mirza's home in Hyderabad.
- The content description confirms that the video features a behind-the-scenes look at Sania Mirza's home, discussing various aspects of the house, including its history, decor, and personal stories related to the family.

**Step 3: Compare the thumbnail to the actual video content**
- The thumbnail accurately depicts the setting of the video, which is indeed inside Sania Mirza's home in Hyderabad.
- The thumbnail does not exaggerate or misrepresent the content; it clearly indicates that the video will showcase the interior of Sania Mirza's home.

**Step 4: Determine if the thumbnail accurately represents the video's main topic or content**
- The thumbnail accurately represents the main topic of the video, which is exploring Sania Mirza's home.

**Step 5: Assess whether the thumbnail uses exaggeration, false promises, or clickbait tactics**
- The thumbnail does not use any exaggerated claims or false promises. It simply states the location and subject matter of the video.

**Step 6: Categorize the thumbnail**
- The thumbnail is **Not Misleading**.

**Explanation:**
- The thumbnail accurately reflects the content of the video, which is a behind-the-scenes look at Sania Mirza's home in Hyderabad. There are no misleading elements or exaggerated claims in the thumbnail. Therefore, it is categorized as **Not Misleading**."
kX3nB4PpJko,"### Analysis of the Provided Information

#### Step 1: Examine the Thumbnail
The thumbnail shows a man dressed as a pilot standing in front of a private jet with several young men in yellow shirts interacting with the aircraft. The image suggests a fun, adventurous, and possibly humorous scenario involving a private jet.

#### Step 2: Read Through the Video Subtitles and Content Description
The subtitles indicate that the video involves a challenge where participants must hold their hands out for an extended period on a private jet. The winner gets the private jet, while others are eliminated if they raise their hands. The video also mentions that the plane costs $2.5 million and that the challenge lasts over 17 hours.

#### Step 3: Compare the Thumbnail to the Actual Video Content
The thumbnail depicts a playful interaction with a private jet, which aligns with the video content described. However, the thumbnail does not explicitly mention the challenge aspect or the duration of the event.

#### Step 4: Determine if the Thumbnail Accurately Represents the Video's Main Topic or Content
The thumbnail accurately represents the main topic of the video, which is the interaction with a private jet. However, it does not clearly convey the challenge element or the duration of the event.

#### Step 5: Assess Whether the Thumbnail Uses Exaggeration, False Promises, or Clickbait Tactics
The thumbnail does not use exaggerated claims or false promises. It simply shows a fun interaction with a private jet, which is consistent with the video content.

#### Step 6: Categorize the Thumbnail
Based on the analysis, the thumbnail is **Not Misleading**.

#### Explanation:
The thumbnail effectively captures the essence of the video content, which involves playful interactions with a private jet. While it does not explicitly mention the challenge or the duration, these elements are not central to the visual representation of the video. The thumbnail accurately reflects the main theme of the video without misleading viewers about the content."
TN6MqsBombA,"Categorization: Not Misleading

Explanation: The thumbnail shows a typical city street view with parked cars, which accurately reflects the setting described in the video description. There are no exaggerated claims or misleading elements present in the thumbnail. The video content focuses on the challenge of parallel parking in a tight urban space, which is depicted in the thumbnail without any misleading information. Therefore, the thumbnail is appropriate and does not use clickbait or exaggerate the content."
M2idDi4ukA8,"### Analysis of the Provided Information

#### Step 1: Examine the Thumbnail
The thumbnail shows a chimpanzee in an enclosure, seemingly cleaning its own enclosure with a broom-like tool. The text accompanying the thumbnail suggests that the chimpanzee has developed a sophisticated method of cleaning using a sharpened rock.

#### Step 2: Read Through the Video Subtitles and Content Description
The subtitles mention a chimpanzee at a Chinese zoo that has learned to clean its enclosure using a broom-like tool. The video content includes scenes of a chimpanzee using a sharpened rock to interact with glass, which is described as a ""clever"" and ""frightening"" behavior.

#### Step 3: Compare the Thumbnail to the Actual Video Content
The thumbnail depicts a chimpanzee using a broom-like tool to clean its enclosure, which aligns closely with the video content where a chimpanzee is shown using a sharpened rock to interact with glass.

#### Step 4: Determine if the Thumbnail Accurately Represents the Video's Main Topic or Content
The thumbnail accurately represents the main topic of the video, which is the chimpanzee's use of a sharpened rock to interact with glass. There is no exaggeration or misleading information present in the thumbnail.

#### Step 5: Assess Whether the Thumbnail Uses Exaggeration, False Promises, or Clickbait Tactics
There are no exaggerated claims or false promises in the thumbnail. It accurately reflects the content of the video without any misleading elements.

#### Step 6: Categorize the Thumbnail
Based on the analysis, the thumbnail is **Not Misleading**.

#### Step 7: Provide a Brief Explanation for the Decision
The thumbnail accurately represents the main topic of the video, which is the chimpanzee's use of a sharpened rock to interact with glass. There are no exaggerated claims or misleading elements in the thumbnail, ensuring that it does not mislead viewers about the content of the video."
haRjwsUCHJA,"### Analysis:

1. **Examine the thumbnail**: The thumbnail shows a woman sitting in a well-decorated studio setting, which aligns with the description of a talk show or interview program. There are no misleading elements in the thumbnail itself.

2. **Read through the video subtitles and content description**: The subtitles contain a mix of praise and personal anecdotes related to a female athlete, Sania Mirza. The content description describes an interview format where the host and guest discuss personal stories and achievements.

3. **Compare the thumbnail to the actual video content**: The thumbnail depicts a formal interview setting, which matches the description of the video content. It does not misrepresent the setting or the nature of the discussion.

4. **Determine if the thumbnail accurately represents the video's main topic or content**: The thumbnail accurately represents the setting and the type of content expected in the video (an interview).

5. **Assess whether the thumbnail uses exaggeration, false promises, or clickbait tactics**: There are no exaggerated claims or misleading elements in the thumbnail.

6. **Categorize the thumbnail as either ""Misleading"" or ""Not Misleading""**: Based on the analysis, the thumbnail is not misleading.

7. **Provide a brief explanation for your decision**: The thumbnail accurately reflects the setting and the type of content expected in the video, which is an interview. There are no misleading elements or exaggerated claims present.

**Final Categorization**: Not Misleading

**Explanation**: The thumbnail accurately represents the setting and the type of content expected in the video, which is an interview. There are no misleading elements or exaggerated claims present."
vZgnGwyOO2s,"### Analysis:

1. **Examine the thumbnail**: The thumbnail shows a young girl jumping in the air, seemingly in a classroom or community center setting. The text reads ""Netflix Film Club: We Can Be Heroes Behind the Scenes.""

2. **Read the subtitles and video content**:
   - The subtitles include lines like ""And she can sing so low, that she moves objects,"" which suggests a performance or demonstration involving singing.
   - The assistant director gives instructions related to physical actions, such as lifting someone up or moving around, indicating stunts or special effects being filmed.
   - The video content includes behind-the-scenes footage of a film set, showing actors performing various actions, including lifting and moving around, which aligns with the idea of filming a superhero or action sequence.

3. **Compare the thumbnail to the actual video content**:
   - The thumbnail depicts a young girl jumping, which could be interpreted as part of a performance or stunt.
   - The video content confirms that the behind-the-scenes footage involves filming a superhero or action sequence, with actors performing stunts and special effects.

4. **Determine if the thumbnail accurately represents the video's main topic or content**:
   - The thumbnail accurately represents the main topic of the video, which is behind-the-scenes footage from a film or TV show called ""We Can Be Heroes.""

5. **Assess whether the thumbnail uses exaggeration, false promises, or clickbait tactics**:
   - The thumbnail does not use any exaggerated claims or false promises. It simply shows a scene that aligns with the content described in the video.

6. **Categorize the thumbnail**:
   - The thumbnail is not misleading.

7. **Explanation**:
   - The thumbnail accurately represents the video content, which is behind-the-scenes footage from a film or TV show. It shows a scene that aligns with the description of filming a superhero or action sequence, involving stunts and special effects. There are no exaggerated claims or false promises used in the thumbnail.

### Final Decision:
**Categorization: Not Misleading**

**Explanation:** The thumbnail accurately represents the video content, showing behind-the-scenes footage from a film or TV show, which aligns with the description of filming a superhero or action sequence. There are no exaggerated claims or false promises used in the thumbnail."
o268qbb_0BM,"### Analysis and Categorization

#### Step 1: Examine the Thumbnail
The provided thumbnail image shows a man with a beard and glasses, appearing to be deep in thought or concentrating. There are no visible texts or graphics that suggest any specific topic or content beyond the general appearance of the presenter.

#### Step 2: Read Through the Video Subtitles and Content Description
The subtitles and video content appear to discuss embarrassing situations and the concept of embarrassment in social contexts. The presenter seems to be explaining various scenarios where individuals might feel embarrassed and the psychological and social implications of these feelings.

#### Step 3: Compare the Thumbnail to the Actual Video Content
The thumbnail does not provide any indication of the specific content discussed in the video. It simply shows a person in a contemplative pose, which could be interpreted as a generic image for an educational or informative video.

#### Step 4: Determine if the Thumbnail Accurately Represents the Video's Main Topic or Content
The thumbnail does not accurately represent the video's main topic or content. It lacks any textual or visual cues that would suggest the video is about embarrassing situations or the concept of embarrassment.

#### Step 5: Assess Whether the Thumbnail Uses Exaggeration, False Promises, or Clickbait Tactics
The thumbnail does not use any exaggerated claims, false promises, or clickbait tactics. It is a neutral image that does not mislead viewers into expecting a specific type of content.

#### Step 6: Categorize the Thumbnail
Based on the analysis, the thumbnail is **Not Misleading**.

#### Explanation
The thumbnail is a generic image that does not provide any context or hint about the specific content of the video. It does not exaggerate or promise anything that would mislead viewers. Therefore, it accurately represents the video as an educational or informative piece without any misleading elements."
4QTTDmqc_3E,"### Analysis:

1. **Examine the thumbnail**: The thumbnail does not appear to be provided in the given information. Therefore, we cannot assess the thumbnail based on the provided details.

2. **Read through the video subtitles and content description**: The subtitles indicate that the video is about an interview with Jeffrey Dahmer, a serial killer and cannibal who was interviewed in 1993. The video discusses his crimes, motivations, and the circumstances surrounding his interview.

3. **Compare the thumbnail to the actual video content**: Since the thumbnail is not provided, we cannot compare it to the video content.

4. **Determine if the thumbnail accurately represents the video's main topic or content**: Without the thumbnail, we cannot determine if it accurately represents the video's content.

5. **Assess whether the thumbnail uses exaggeration, false promises, or clickbait tactics**: Similarly, without the thumbnail, we cannot assess if it uses any of these tactics.

6. **Categorize the thumbnail as either ""Misleading"" or ""Not Misleading""**: Given the lack of a thumbnail, we cannot categorize it as either misleading or not misleading.

7. **Provide a brief explanation for your decision**: Since the thumbnail is not provided, we cannot make a determination based on the available information.

### Conclusion:
The thumbnail is not provided, so it cannot be analyzed for misleading or not misleading purposes."
Gvj8VBq0I6Y,"### Analysis:

**Step 1: Examine the thumbnail**
- The thumbnail shows a bearded man sitting outdoors in a rural setting, wearing a cowboy hat, a vest, and jeans. He appears to be smoking a cigar or pipe.
- The background includes trees, fencing, and an overcast sky, suggesting a peaceful, rural environment.

**Step 2: Read through the video subtitles and content description**
- The subtitles indicate that the video is a monologue or conversation by a man named Dwayne, discussing topics related to expectations, disappointment, and personal growth.
- The content description mentions that Dwayne is sharing stories, opinions, or reflections about rural life and his experiences growing up.

**Step 3: Compare the thumbnail to the actual video content**
- The thumbnail depicts a man in a rural, outdoor setting, which aligns with the video description of a rural environment.
- However, the thumbnail does not visually represent the specific content of the video, which focuses on Dwayne's monologue about expectations and disappointment rather than a casual outdoor conversation.

**Step 4: Determine if the thumbnail accurately represents the video's main topic or content**
- The thumbnail does not accurately represent the main topic of the video, which is a monologue about personal reflections and experiences.
- Instead, it suggests a casual, outdoor setting, which could mislead viewers into expecting a different type of content.

**Step 5: Assess whether the thumbnail uses exaggeration, false promises, or clickbait tactics**
- The thumbnail does not use exaggerated claims or false promises. It simply shows a man in a rural setting, which is accurate but misleading in terms of the content.

**Step 6: Categorize the thumbnail**
- **Categorization:** Misleading

**Explanation:**
- The thumbnail inaccurately represents the video's main topic by suggesting a casual outdoor conversation when the actual content is a monologue about personal reflections and experiences. While the rural setting is correct, the focus on smoking and a casual demeanor may mislead viewers into expecting a different type of content."
i42ZinrWTmU,"### Analysis of the Provided Information

#### Step 1: Examine the Thumbnail
The thumbnail depicts a character labeled as ""Rich Princess"" surrounded by two individuals holding stacks of money. The title ""RICH PRINCESS"" is prominently displayed above the image.

#### Step 2: Read Through the Video Subtitles and Content Description
The subtitles and video content describe a scenario where a ""rich princess"" uses her wealth to help others and faces jealousy from other players. The princess attempts to distribute her money to players, but they resist, leading to a series of interactions involving trading resources and entering a lottery.

#### Step 3: Compare the Thumbnail to the Actual Video Content
- **Thumbnail:** Depicts a ""Rich Princess"" with stacks of money, suggesting a focus on wealth and distribution.
- **Video Content:** The video primarily revolves around the interactions between the ""rich princess"" and other players, focusing on resource trading and the lottery.

#### Step 4: Determine if the Thumbnail Accurately Represents the Video's Main Topic or Content
The thumbnail accurately represents the main topic of the video, which centers around the ""rich princess"" distributing her wealth and facing resistance from other players. However, the thumbnail does not explicitly convey the specific mechanics or the broader context of the interactions described in the subtitles and video content.

#### Step 5: Assess Whether the Thumbnail Uses Exaggeration, False Promises, or Clickbait Tactics
The thumbnail does not use exaggerated claims or false promises. It accurately reflects the theme of the video but lacks detail about the specific mechanics or the broader narrative.

#### Step 6: Categorize the Thumbnail
Based on the analysis, the thumbnail is not misleading because it accurately represents the main topic of the video. However, it does not provide enough detail about the specific mechanics or the broader narrative, which could be considered a minor oversight.

#### Step 7: Provide a Brief Explanation for the Decision
The thumbnail accurately represents the main topic of the video, which is the ""rich princess"" distributing her wealth and facing resistance from other players. While it does not provide enough detail about the specific mechanics or the broader narrative, it does not use exaggerated claims or false promises. Therefore, the thumbnail is categorized as ""Not Misleading.""

### Final Categorization: Not Misleading"
5mHjvFpsjLk,"### Analysis:

1. **Examine the thumbnail**: The provided thumbnail does not exist in the given information. Therefore, there is no visual representation to compare against the video content.

2. **Read through the video subtitles and content description**: Since subtitles are not available, we rely solely on the video description for analysis.

3. **Compare the thumbnail to the actual video content**: As there is no thumbnail to compare, this step is not applicable.

4. **Determine if the thumbnail accurately represents the video's main topic or content**: Since there is no thumbnail to assess, this step cannot be completed.

5. **Assess whether the thumbnail uses exaggeration, false promises, or clickbait tactics**: There is no thumbnail to evaluate for these characteristics.

6. **Categorize the thumbnail as either ""Misleading"" or ""Not Misleading""**: Given the lack of a thumbnail to analyze, this categorization cannot be determined.

7. **Provide a brief explanation for your decision**: Without a thumbnail to evaluate, it is impossible to make a determination regarding misleading or not misleading.

### Conclusion:
The thumbnail is not provided in the given information, so it cannot be analyzed for misleading or not misleading purposes."
Tcd7HkCGrbQ,"### Analysis:

1. **Examine the thumbnail**: The provided thumbnail does not exist in the given information. Therefore, we cannot visually assess the thumbnail for any potential misleading elements.

2. **Read through the video subtitles and content description**: Since subtitles are not available, we rely solely on the video description for understanding the content.

3. **Compare the thumbnail to the actual video content**: As the thumbnail is not provided, we cannot compare it directly to the video content.

4. **Determine if the thumbnail accurately represents the video's main topic or content**: Without a thumbnail to reference, we cannot make a determination based on visual representation.

5. **Assess whether the thumbnail uses exaggeration, false promises, or clickbait tactics**: Since no thumbnail exists, we cannot evaluate these aspects.

6. **Categorize the thumbnail as either ""Misleading"" or ""Not Misleading""**: Given the lack of a thumbnail to assess, we cannot categorize it.

7. **Provide a brief explanation for your decision**: Since there is no thumbnail to analyze, we cannot provide an explanation based on the provided information.

### Conclusion:
The thumbnail is not provided, so it cannot be analyzed for misleading elements. Therefore, the category remains undetermined."
W4tyI-VvTpA,"### Analysis of the YouTube Video Thumbnail

#### Step 1: Examine the Thumbnail
The thumbnail shows a close-up of a person's arm with visible blisters and rashes, which are characteristic symptoms of monkeypox (mpox). The text overlay reads, ""Deadlier mpox strain spreading in Central Africa.""

#### Step 2: Read Through the Video Subtitles and Content Description
The subtitles provide detailed information about the mpox outbreak in Africa, including the severity of the situation, the symptoms of mpox, and the efforts to distribute vaccines. The expert from the World Health Organization discusses the urgency of the situation, the spread of a new strain of mpox, and the importance of vaccination campaigns.

#### Step 3: Compare the Thumbnail to the Actual Video Content
The thumbnail accurately depicts the symptoms of mpox, which aligns with the content described in the subtitles and the video description. It effectively conveys the severity and impact of the mpox outbreak in Africa.

#### Step 4: Determine if the Thumbnail Accurately Represents the Video's Main Topic or Content
The thumbnail accurately represents the main topic of the video, which is the mpox outbreak in Africa, particularly focusing on the severity and spread of the disease.

#### Step 5: Assess Whether the Thumbnail Uses Exaggeration, False Promises, or Clickbait Tactics
There is no exaggeration or clickbait tactics used in the thumbnail. It clearly communicates the severity of the mpox outbreak without overstating the situation.

#### Step 6: Categorize the Thumbnail
The thumbnail is **Not Misleading**.

#### Step 7: Provide a Brief Explanation for the Decision
The thumbnail accurately reflects the content of the video, which discusses the severe mpox outbreak in Africa, including the symptoms and the urgency of the situation. There are no exaggerated claims or misleading elements in the thumbnail."
BB2BfvjLn2g,"Categorization: Not Misleading

Explanation: The thumbnail depicts a box filled with colorful surprise eggs and toy capsules, which aligns perfectly with the video content described. The video indeed shows an unboxing of a large collection of these items, with various packages and types of toys being added to a box. There are no exaggerated claims or misleading elements present in the thumbnail compared to the actual video content. The thumbnail accurately represents the main topic of the video, which is the unboxing and exploration of a collection of surprise eggs and toy capsules."
FtDv-L1stdo,"### Analysis of the Provided Information

#### Step 1: Examine the thumbnail
The thumbnail shows two individuals on stage, one holding a microphone, with the text ""KHEL KHEL MEIN STAND-UP COMEDY ft. Harsh Gujral."" The image suggests a stand-up comedy performance.

#### Step 2: Read through the video subtitles and content description
The subtitles and the video content describe a stand-up comedy performance featuring Harsh Gujral. The video includes scenes of two performers engaging in comedic banter, audience laughter, and animated gestures typical of a stand-up comedy show. The subtitles provide context to the dialogue, which is witty and colloquial, involving cultural references and humor.

#### Step 3: Compare the thumbnail to the actual video content
The thumbnail accurately depicts the setting and activity shown in the video. Both the thumbnail and the video content clearly indicate a stand-up comedy performance.

#### Step 4: Determine if the thumbnail accurately represents the video's main topic or content
The thumbnail effectively represents the main topic of the video, which is a stand-up comedy performance. It does not exaggerate or mislead viewers about the content.

#### Step 5: Assess whether the thumbnail uses exaggeration, false promises, or clickbait tactics
The thumbnail does not use any exaggerated claims or false promises. It simply indicates a stand-up comedy performance featuring Harsh Gujral, which aligns perfectly with the video content.

#### Step 6: Categorize the thumbnail as either ""Misleading"" or ""Not Misleading""
Based on the analysis, the thumbnail is **Not Misleading**.

#### Step 7: Provide a brief explanation for the decision
The thumbnail accurately represents the video content, showing a stand-up comedy performance with two performers on stage. It does not use any misleading elements or exaggerations. Therefore, it is appropriate and truthful, ensuring that viewers understand the nature of the content before deciding to watch the video."
FLp7zBsNtaY,"### Analysis of the Provided Information

#### Step 1: Examine the Thumbnail
The thumbnail shows a person standing on large red inflatable balls in a pool-like setting. The background includes colorful inflatable obstacles and beams, suggesting an obstacle course or game show environment.

#### Step 2: Read Through the Video Subtitles and Content Description
The subtitles and video description indicate that the video features a large outdoor obstacle course with various challenges, including balancing on beams, navigating inflatable structures, and competing for points. The video also mentions a competition format where the winner receives a prize.

#### Step 3: Compare the Thumbnail to the Actual Video Content
- **Thumbnail:** Shows a person on inflatable balls in a pool.
- **Video Content:** Features a large obstacle course with various challenges, including beams, inflatable structures, and a pool.

#### Step 4: Determine if the Thumbnail Accurately Represents the Video's Main Topic or Content
The thumbnail does not accurately represent the entire scope of the video content. While it captures a part of the obstacle course, it does not convey the full nature of the competition, which includes multiple stages, scoring systems, and a prize for the winner.

#### Step 5: Assess Whether the Thumbnail Uses Exaggeration, False Promises, or Clickbait Tactics
The thumbnail does not use exaggerated claims or false promises. It simply depicts a scene from the video, which is accurate but incomplete.

#### Step 6: Categorize the Thumbnail as Either ""Misleading"" or ""Not Misleading""
Based on the analysis, the thumbnail is **Not Misleading**.

#### Step 7: Provide a Brief Explanation for the Decision
The thumbnail accurately depicts a scene from the video, showing a part of the obstacle course. However, it fails to convey the full context of the competition, such as the multiple stages, scoring system, and prize for the winner. While the thumbnail is not misleading in terms of content depiction, it is incomplete and does not fully represent the overall theme of the video. Therefore, it should be categorized as **Not Misleading**."
HZiPyuIbV4s,"### Analysis:

1. **Examine the thumbnail**: The thumbnail shows two individuals, one holding a baby, and another posing confidently outdoors. The image suggests a comparison or competition between the two individuals, possibly related to parenting or personal achievements.

2. **Read through the video subtitles and content description**: The subtitles are not provided in the given information, so we rely on the video description for context. The video is about the growth and development of a young athlete, specifically a soccer player, from childhood to adolescence. It highlights personal and athletic moments, including participation in soccer, solving a Rubik's cube, and social interactions.

3. **Compare the thumbnail to the actual video content**: The thumbnail does not match the content described in the video. The thumbnail features a comparison between two individuals, while the video focuses on the development of a single individual, a young soccer player.

4. **Determine if the thumbnail accurately represents the video's main topic or content**: The thumbnail does not accurately represent the video's main topic or content. It suggests a comparison or competition that is not present in the video.

5. **Assess whether the thumbnail uses exaggeration, false promises, or clickbait tactics**: The thumbnail uses clickbait tactics by suggesting a comparison or competition that is not relevant to the video's content.

6. **Categorize the thumbnail as either ""Misleading"" or ""Not Misleading""**: Based on the analysis, the thumbnail is misleading.

7. **Provide a brief explanation for your decision**: The thumbnail misleads viewers by suggesting a comparison or competition between two individuals when the video is actually about the growth and development of a single young soccer player. This creates an expectation that is not met in the video, which can lead to viewer disappointment and frustration.

**Categorization**: Misleading"
NHDOk7lA53w,"Categorization: Not Misleading

Explanation: The provided thumbnail is a static image of the album cover for Radiohead's ""A Moon Shaped Pool."" Since there are no video frames or subtitles available, it is impossible to assess whether the thumbnail misleads viewers about the content of the video. The thumbnail accurately represents the album cover, which is the primary visual element associated with the album itself. There are no exaggerated claims or misleading elements present in the image. Therefore, based on the available information, the thumbnail is not misleading."
_6Ix1VF_yWM,"### Analysis:

1. **Examine the thumbnail**: The thumbnail features the title ""Krrish 3 Trailer"" along with a close-up of a character wearing a mask with glowing eyes. The background includes a cityscape, which suggests a futuristic or sci-fi theme.

2. **Read through the video content**: The video description outlines a high-octane sci-fi action film with themes of heroism, advanced technology, and city-wide battles. It mentions elements like a glowing blue symbol, a massive blue energy beam, futuristic suits, and a lab-coated character. The overall tone is intense and action-packed.

3. **Compare the thumbnail to the actual video content**: The thumbnail effectively captures the essence of a sci-fi action film, featuring a character in a mask and a cityscape, which aligns well with the futuristic and action-packed themes described in the video.

4. **Determine if the thumbnail accurately represents the video's main topic or content**: The thumbnail accurately represents the sci-fi and action elements present in the video. It does not mislead viewers into expecting a different genre or type of content.

5. **Assess whether the thumbnail uses exaggeration, false promises, or clickbait tactics**: The thumbnail does not use any exaggerated claims or false promises. It simply presents the genre and style of the film, which matches the content described.

6. **Categorize the thumbnail**: Based on the analysis, the thumbnail is not misleading.

7. **Explanation**: The thumbnail accurately reflects the sci-fi and action themes of the video, providing a clear preview of the content without misleading viewers into expecting something different. It sets the right expectations for the audience.

**Categorization**: Not Misleading

**Explanation**: The thumbnail effectively represents the sci-fi and action-packed nature of the film, aligning with the content described in the video. It does not use any exaggerated claims or false promises, ensuring that viewers have accurate expectations."
TFkUan5Uujs,"### Analysis:

1. **Examine the thumbnail**: The thumbnail shows a wooden clothespin with two red LED lights attached to it, resembling eyes, and several wires extending from it, suggesting legs. The image clearly depicts a small electronic device with a spider-like appearance.

2. **Read through the video subtitles and content description**: The subtitles do not provide any specific details about the content of the video. However, the video description outlines a step-by-step tutorial on creating an electronic device or toy using everyday materials, which results in a small, insect-like electronic toy with LED eyes and wire legs.

3. **Compare the thumbnail to the actual video content**: The thumbnail accurately represents the final product described in the video—a small electronic device with LED eyes and wire legs. It matches the visual elements shown in the video.

4. **Determine if the thumbnail accurately represents the video's main topic or content**: The thumbnail accurately depicts the final product created in the video, which is a small electronic device resembling an insect.

5. **Assess whether the thumbnail uses exaggeration, false promises, or clickbait tactics**: There is no exaggeration or false promise in the thumbnail. It simply shows the final product of the video, which is a realistic representation of the content.

6. **Categorize the thumbnail as either ""Misleading"" or ""Not Misleading""**: Based on the analysis, the thumbnail does not use any misleading tactics; it accurately represents the final product of the video.

7. **Provide a brief explanation for your decision**: The thumbnail accurately shows the final product of the video, which is a small electronic device resembling an insect with LED eyes and wire legs. There is no exaggeration or false promise, making the thumbnail not misleading.

**Categorization**: Not Misleading

**Explanation**: The thumbnail accurately represents the final product of the video, which is a small electronic device resembling an insect with LED eyes and wire legs. There is no exaggeration or false promise, ensuring the thumbnail does not mislead viewers."
RokZ-Tvy2cY,"### Analysis:

1. **Examine the thumbnail**: The thumbnail shows a woman speaking into a microphone against a red background with the ""Forbes"" logo visible. It does not provide any specific details about the content of the interview or the topics discussed.

2. **Read through the video subtitles and content description**: The subtitles indicate that the video is an interview with Alia Bhatt, discussing her multifaceted career as an actor, producer, entrepreneur, and environmentalist. The content description confirms that the video captures a professional interview setting, likely for Forbes, where Alia Bhatt shares her experiences and insights across various domains.

3. **Compare the thumbnail to the actual video content**: The thumbnail does not provide any visual cues about the specific topics discussed in the interview. It simply shows a woman speaking into a microphone, which could be indicative of any type of interview or talk show segment.

4. **Determine if the thumbnail accurately represents the video's main topic or content**: Since the thumbnail does not specify the content or topics discussed in the video, it fails to accurately represent the main topic or content of the interview.

5. **Assess whether the thumbnail uses exaggeration, false promises, or clickbait tactics**: The thumbnail does not use any exaggerated claims or false promises. It merely shows a woman speaking into a microphone, which is a common visual element for interviews or talks.

6. **Categorize the thumbnail as either ""Misleading"" or ""Not Misleading""**: Given that the thumbnail does not provide any specific information about the content of the interview or the topics discussed, it is misleading.

7. **Brief explanation for the decision**: The thumbnail is misleading because it does not provide any specific details about the content of the interview or the topics discussed. It simply shows a woman speaking into a microphone, which could be indicative of any type of interview or talk show segment, without giving any indication of the specific content or themes of the interview.

**Categorization**: Misleading

**Explanation**: The thumbnail fails to accurately represent the main topic or content of the interview, as it does not provide any specific information about the topics discussed or the nature of the conversation."
KYH7eKurMN8,"### Analysis:

1. **Examine the thumbnail**: The thumbnail features four individuals, each with exaggerated facial expressions, suggesting humor. The text reads ""Top 10 Comedy Scene,"" which implies that the video will showcase humorous moments from a Bollywood comedy film.

2. **Read through the video content description**: The video description mentions a variety of scenes, ranging from indoor office settings to outdoor locations, and includes both comedic and dramatic elements. However, there is no specific mention of ""comedy scenes.""

3. **Compare the thumbnail to the actual video content**:
   - The thumbnail suggests a focus on comedy, specifically ""Top 10 Comedy Scenes.""
   - The video content description does not explicitly state that these scenes are comedic, although some may be humorous.

4. **Determine if the thumbnail accurately represents the video's main topic or content**:
   - While the video likely contains comedic elements, the thumbnail's claim of ""Top 10 Comedy Scenes"" might mislead viewers into expecting a more focused collection of comedy scenes rather than a broader range of emotional and dramatic moments.

5. **Assess whether the thumbnail uses exaggeration, false promises, or clickbait tactics**:
   - The thumbnail uses the term ""Top 10 Comedy Scenes,"" which could be seen as a clickbait tactic to attract viewers interested in comedy specifically.

6. **Categorize the thumbnail**:
   - **Misleading**

7. **Explanation**:
   - The thumbnail suggests a highly specific focus on comedy (""Top 10 Comedy Scenes""), which may not align with the actual content of the video. While the video likely contains comedic elements, the thumbnail's promise of ""Top 10 Comedy Scenes"" might mislead viewers into expecting a more concentrated collection of humorous moments. This could result in viewer disappointment if they are not primarily interested in comedy but find other elements of the video more engaging.

### Final Decision:
**Misleading**
**Explanation:** The thumbnail exaggerates the focus on comedy by promising ""Top 10 Comedy Scenes,"" which may not fully represent the diverse range of emotions and scenarios depicted in the video."
cSjagpvEHYc,"### Analysis:

1. **Examine the thumbnail**: The thumbnail features a cartoon character with the text ""Period Full Stop"". It visually represents the concept of a period/full stop in a simple and direct way.

2. **Read the subtitles and video content**:
   - The subtitles explain the difference between ""full stop"" and ""period"" and their usage in sentences.
   - The video content covers the basics of declarative sentences, commands, and the use of periods/full stops in different contexts.

3. **Compare the thumbnail to the actual video content**:
   - The thumbnail accurately represents the main topic of the video, which is about periods/full stops and their usage in sentences.
   - The video content aligns with the thumbnail, providing educational information about periods/full stops.

4. **Determine if the thumbnail accurately represents the video's main topic or content**:
   - The thumbnail effectively communicates the educational purpose of the video without any misleading elements.

5. **Assess whether the thumbnail uses exaggeration, false promises, or clickbait tactics**:
   - There are no exaggerated claims or false promises in the thumbnail.

6. **Categorize the thumbnail**:
   - The thumbnail is not misleading.

7. **Explanation**:
   - The thumbnail accurately represents the educational content of the video, which is about periods/full stops and their usage in sentences. It does not use any clickbait tactics or exaggerate the content. Therefore, it is categorized as ""Not Misleading"".

### Final Decision:
**Categorization: Not Misleading**

**Explanation:** The thumbnail accurately represents the educational content of the video, which is about periods/full stops and their usage in sentences. It does not use any clickbait tactics or exaggerate the content."
llLIXT_vXl8,"### Analysis:

1. **Examine the thumbnail**: The thumbnail features two individuals, one of whom appears to be Ali Zafar, a well-known Pakistani singer and actor, and the other being Amitabh Bachchan, a renowned Indian actor and host. The text on the thumbnail reads ""Ali Zafar's Fan Moment with Amitabh Bachchan.""

2. **Read the subtitles and content description**: The subtitles mention a conversation between Ali Zafar and Amitabh Bachchan where Ali Zafar shares his journey from childhood interests to becoming an actor, singer, and dancer. The content description describes a performance by Ali Zafar, including singing and playing the guitar, which seems to be part of a talent show or similar event.

3. **Compare the thumbnail to the actual video content**:
   - The thumbnail suggests a casual interaction or interview between Ali Zafar and Amitabh Bachchan.
   - The video content shows Ali Zafar performing a song and playing the guitar, which is a significant departure from the casual interaction implied by the thumbnail.

4. **Determine if the thumbnail accurately represents the video's main topic or content**:
   - The thumbnail does not accurately represent the main topic or content of the video. It suggests a casual conversation, whereas the video primarily focuses on Ali Zafar's performance.

5. **Assess whether the thumbnail uses exaggeration, false promises, or clickbait tactics**:
   - The thumbnail does not use exaggerated claims or false promises. However, it does not accurately reflect the content of the video, which could mislead viewers.

6. **Categorize the thumbnail**:
   - **Misleading**

7. **Explanation**:
   - The thumbnail implies a casual interaction between Ali Zafar and Amitabh Bachchan, which is not the primary focus of the video. The video content is centered around Ali Zafar's performance, which is not depicted in the thumbnail. This discrepancy between the thumbnail and the actual video content may mislead viewers into expecting a different type of interaction or performance than what is actually shown."
mLPriQ_i_Eg,"### Analysis of the Provided Information

#### Step 1: Examine the Thumbnail
The thumbnail features a group of actors with the text ""Bad Newz Full Movie"" prominently displayed. The image includes a pink background with sparkles, suggesting a lively and entertaining theme.

#### Step 2: Read Through the Video Subtitles and Content Description
The subtitles and the video description suggest that the content is a drama series or film titled ""Bad Newz."" The scenes depicted in the video include various characters in different settings, indicating a mix of emotional and narrative moments. The video seems to explore themes related to personal relationships, cultural expectations, and professional aspirations.

#### Step 3: Compare the Thumbnail to the Actual Video Content
The thumbnail shows a group of actors, which aligns with the idea of a film or series. However, the pink background and sparkles suggest a light-hearted or comedic tone, which may not necessarily match the serious and dramatic nature of the scenes described in the video description.

#### Step 4: Determine if the Thumbnail Accurately Represents the Video's Main Topic or Content
The thumbnail does not clearly convey the serious and dramatic nature of the scenes described in the video. While it suggests a film or series, the visual elements do not accurately represent the emotional depth and complexity of the narrative.

#### Step 5: Assess Whether the Thumbnail Uses Exaggeration, False Promises, or Clickbait Tactics
The thumbnail uses a visually appealing design with sparkles and a pink background, which might be intended to attract viewers. However, these elements do not accurately reflect the serious and dramatic content of the video.

#### Step 6: Categorize the Thumbnail as Either ""Misleading"" or ""Not Misleading""
Based on the analysis, the thumbnail is misleading because it does not accurately represent the serious and dramatic nature of the video content.

#### Step 7: Provide a Brief Explanation for Your Decision
The thumbnail uses a visually appealing design with sparkles and a pink background, which might be intended to attract viewers. However, these elements do not accurately reflect the serious and dramatic content of the video. The thumbnail suggests a light-hearted or comedic tone, which may mislead viewers into expecting a different kind of content than what is actually presented in the video.

**Categorization:** Misleading"
5mnQTzhVgl8,"### Analysis:

1. **Examine the thumbnail**: The thumbnail features a young boy standing on stage with a microphone, with the text ""COULD YOU DEFINE 'WOMAN'?"". 

2. **Read the subtitles and video content**:
   - The subtitles indicate a segment where a young boy is asked to define the word ""woman"".
   - The boy responds with ""woman"", but the hosts challenge him to provide a definition.
   - The conversation continues with the hosts discussing the definition of ""woman"" and the boy's inability to provide one.
   - The video ends with the hosts expressing frustration and the boy being asked to leave the stage.

3. **Compare the thumbnail to the actual video content**:
   - The thumbnail suggests a scenario where the boy is asked to define ""woman"", which aligns with the subtitles and the video content.
   - However, the thumbnail does not convey the frustration and tension between the hosts and the boy, nor does it show the boy's inability to provide a definition.

4. **Determine if the thumbnail accurately represents the video's main topic or content**:
   - The thumbnail accurately represents the main topic of the video, which is the boy being asked to define ""woman"".
   - However, it does not capture the emotional and conversational dynamics between the hosts and the boy, which are significant elements of the video.

5. **Assess whether the thumbnail uses exaggeration, false promises, or clickbait tactics**:
   - The thumbnail does not use exaggeration or false promises.
   - It does not employ clickbait tactics; instead, it accurately reflects the content of the video.

6. **Categorize the thumbnail**:
   - **Misleading**

7. **Explanation**:
   - While the thumbnail accurately represents the main topic of the video (the boy being asked to define ""woman""), it fails to convey the emotional and conversational dynamics between the hosts and the boy. The thumbnail does not capture the frustration and tension that arise during the interaction, which are crucial elements of the video's content. Therefore, the thumbnail is misleading because it does not fully represent the full scope of the video's content."
GSCyy4z3Hfg,"### Analysis:

1. **Examine the thumbnail**: The thumbnail shows four individuals sitting together, dressed formally, with a backdrop of white flowers and greenery. The text overlay reads ""Babar Dabang Entry Imam ul haq Walima.""

2. **Read through the video content**:
   - The video appears to document a high-profile social event, likely a wedding or reception, involving sports personalities.
   - The setting is described as elegant and luxurious, with floral arrangements and chandeliers.
   - The video includes scenes of a couple in traditional wedding attire, suggesting a wedding celebration.
   - The presence of ""BBN SPORTS"" branding indicates the event involves sports personalities.

3. **Compare the thumbnail to the actual video content**:
   - The thumbnail depicts a formal gathering with individuals in suits, which aligns with the description of a high-profile event.
   - However, the text ""Babar Dabang Entry Imam ul haq Walima"" does not directly relate to the content of the video. It seems to be a reference to a specific individual or event within the context of the video, but it is not immediately clear from the thumbnail alone.

4. **Determine if the thumbnail accurately represents the video's main topic or content**:
   - While the thumbnail accurately portrays the formal nature of the event, the text ""Babar Dabang Entry Imam ul haq Walima"" introduces an element of confusion or misdirection.

5. **Assess whether the thumbnail uses exaggeration, false promises, or clickbait tactics**:
   - The thumbnail does not use exaggerated claims or false promises. It simply describes a formal gathering, which is accurate based on the video content.
   - However, the text ""Babar Dabang Entry Imam ul haq Walima"" could be seen as misleading because it suggests a specific entry or event within the video that is not immediately apparent from the thumbnail itself.

6. **Categorize the thumbnail**:
   - **Misleading**

7. **Explanation**:
   - The thumbnail accurately represents the formal nature of the event but introduces a specific reference (""Babar Dabang Entry Imam ul haq Walima"") that is not immediately clear or relevant to the overall content of the video. This could mislead viewers into expecting a particular segment or entry within the video that is not explicitly depicted in the thumbnail.

### Final Decision:
**Misleading**

**Explanation**: The thumbnail introduces a specific reference (""Babar Dabang Entry Imam ul haq Walima"") that is not immediately clear or relevant to the overall content of the video, potentially misleading viewers into expecting a particular segment or entry within the video that is not depicted in the thumbnail."
DrHkLv2414o,"### Analysis:

1. **Examine the thumbnail**: The provided thumbnail image shows a man with a mustache, wearing a maroon jacket, laughing heartily. The image captures a moment of intense laughter, which aligns with the video's content described in the video description.

2. **Read through the subtitles and content description**: The subtitles mention ""Funniest Laugh in the World,"" which is directly related to the content of the video. The video description confirms that the main focus is on a man's laughter, which is described as ""infectious, hearty,"" and ""so intense that it causes his whole body to shake."" The video also shows another individual laughing, but the primary focus remains on the first man's laughter.

3. **Compare the thumbnail to the actual video content**: The thumbnail accurately depicts the main subject (a man laughing intensely) and the overall theme of the video (laughter). The thumbnail effectively represents the content without any exaggeration or misleading elements.

4. **Determine if the thumbnail accurately represents the video's main topic or content**: The thumbnail accurately represents the main topic of the video, which is the ""Funniest Laugh in the World.""

5. **Assess whether the thumbnail uses exaggeration, false promises, or clickbait tactics**: There is no exaggeration or clickbait tactics used in the thumbnail. It simply shows a moment of laughter, which is consistent with the video's content.

6. **Categorize the thumbnail**: Based on the analysis, the thumbnail is not misleading.

7. **Explanation**: The thumbnail accurately represents the video's content by showing a moment of intense laughter, which is the central theme of the video. There are no exaggerated claims or misleading elements present in the thumbnail.

**Categorization**: Not Misleading

**Explanation**: The thumbnail accurately depicts the main subject and theme of the video, showing a moment of intense laughter, which is consistent with the video's content. There are no misleading elements or clickbait tactics used in the thumbnail."
8qGvkq0mkFY,"### Analysis of the Provided Information

#### Step 1: Examine the Thumbnail
The thumbnail features four individuals in a jungle setting, with the title ""Jumanji: The Next Level."" The image includes lush greenery, a large structure in the background, and a flying vehicle, which suggests an adventurous and fantastical theme.

#### Step 2: Read Through the Video Subtitles and Content Description
The subtitles and video content description do not provide any specific details about the video's content. However, the description mentions a series of scenes that include a gym, a dimly lit outdoor setting, domestic scenes, a hospital, a jungle, a stormy ocean, and a desert. These scenes suggest a mix of action, adventure, and mystery, but the content is not explicitly described in the provided subtitles.

#### Step 3: Compare the Thumbnail to the Actual Video Content
The thumbnail depicts a group of people in a jungle setting, which aligns with the jungle scenes mentioned in the video description. However, the thumbnail does not provide any indication of the other diverse settings (gym, dimly lit outdoor setting, domestic scenes, hospital, etc.) that are mentioned in the video description.

#### Step 4: Determine if the Thumbnail Accurately Represents the Video's Main Topic or Content
The thumbnail accurately represents the jungle setting, which is one of the locations mentioned in the video description. However, it does not convey the full range of settings and themes present in the video.

#### Step 5: Assess Whether the Thumbnail Uses Exaggeration, False Promises, or Clickbait Tactics
The thumbnail does not use exaggeration, false promises, or clickbait tactics. It simply shows a group of people in a jungle setting, which is a part of the video's content.

#### Step 6: Categorize the Thumbnail
Based on the analysis, the thumbnail is **Not Misleading** because it accurately represents one of the settings in the video. However, it does not provide a comprehensive representation of the entire video content.

#### Step 7: Provide a Brief Explanation for the Decision
The thumbnail accurately depicts a jungle setting, which is one of the locations in the video. While it does not represent all the diverse settings mentioned in the video description, it does not use exaggeration, false promises, or clickbait tactics. Therefore, it is categorized as **Not Misleading**."
NkyEOrQiGMQ,"### Analysis:

**Thumbnail:** The thumbnail shows a hand arranging coins on a table, suggesting a demonstration involving coins.

**Subtitles:** The subtitles describe a series of science experiments and stunts, including coin arrangements, liquid experiments, and balloon tricks.

**Video Description:** The video features a series of science demonstrations and stunts, primarily aimed at entertaining audiences with simple scientific principles.

### Comparison:

- **Thumbnail:** The thumbnail depicts a hand arranging coins, which aligns closely with the subtitle mentioning a coin arrangement trick.
- **Subtitles:** The subtitles describe a variety of science experiments and stunts, including coin arrangements, liquid experiments, and balloon tricks.
- **Content:** The video indeed includes a coin arrangement trick among its demonstrations.

### Assessment:

The thumbnail accurately represents the video content. It shows a hand arranging coins, which is part of the science stunts described in the subtitles. There is no exaggeration, false promises, or clickbait tactics used in the thumbnail.

### Categorization:

**Categorization:** Not Misleading

**Explanation:** The thumbnail accurately reflects the content of the video, specifically highlighting the coin arrangement trick mentioned in the subtitles. The thumbnail does not misrepresent the nature of the video or the specific content being demonstrated."
QW7GvgWsQHo,"### Analysis of the Provided Information

#### Step 1: Examine the Thumbnail
The thumbnail shows a rider on a motorcycle in a parking lot, with the rider wearing protective gear and the motorcycle appearing to be a sportbike. The image suggests a typical motorcycle ride scenario.

#### Step 2: Read Through the Video Subtitles and Content Description
The subtitles and video content description indicate that the video is a vlog-style motorcycle ride, featuring various scenes from the rider's perspective. It includes stops at a gas station, interactions with other riders, and a brief visit to a restaurant. The video captures the essence of a motorcycle journey, showcasing different environments and experiences.

#### Step 3: Compare the Thumbnail to the Actual Video Content
The thumbnail accurately represents the video content. It shows a rider on a motorcycle, which aligns with the scenes described in the video description. The rider is shown in a parking lot, which could be part of the journey, and the overall theme of the thumbnail matches the content of the video.

#### Step 4: Determine if the Thumbnail Accurately Represents the Video's Main Topic or Content
The thumbnail effectively represents the main topic of the video, which is a motorcycle ride vlog. It does not mislead viewers into expecting something different from the content.

#### Step 5: Assess Whether the Thumbnail Uses Exaggeration, False Promises, or Clickbait Tactics
There are no elements in the thumbnail that use exaggeration, false promises, or clickbait tactics. The image is straightforward and accurately reflects the content of the video.

#### Step 6: Categorize the Thumbnail
Based on the analysis, the thumbnail is not misleading.

#### Step 7: Provide a Brief Explanation for the Decision
The thumbnail accurately depicts the main topic of the video, which is a motorcycle ride vlog. It does not use any exaggerated elements or clickbait tactics. Therefore, it is categorized as ""Not Misleading.""

### Final Answer
**Categorization:** Not Misleading  
**Explanation:** The thumbnail accurately represents the video content, showing a rider on a motorcycle in a parking lot, which aligns with the vlog-style motorcycle ride depicted in the video."
b8VNtEzgAmM,"### Analysis:

1. **Examine the thumbnail**: The thumbnail features a young boy dressed formally, holding a microphone, with bold yellow text reading ""FUNNIEST KID COMEDIANS.""

2. **Read through the video content**:
   - The video showcases a variety of performances, including singing and dancing, but does not specifically highlight comedy.
   - The video captures the essence of a talent show competition featuring younger performers.
   - The atmosphere includes both tense and joyful moments, which are typical of such competitions.

3. **Compare the thumbnail to the actual video content**:
   - The thumbnail suggests that the video focuses on comedic performances by children.
   - However, the video content primarily features a mix of singing and dancing performances without a clear emphasis on comedy.

4. **Determine if the thumbnail accurately represents the video's main topic or content**:
   - The thumbnail implies that the video is about the funniest kid comedians, which is not supported by the video content.

5. **Assess whether the thumbnail uses exaggeration, false promises, or clickbait tactics**:
   - The thumbnail uses exaggerated language (""FUNNIEST KID COMEDIANS"") that does not align with the actual content of the video.

6. **Categorize the thumbnail**:
   - **Misleading**

7. **Explanation**:
   - The thumbnail suggests that the video is about comedic performances by children, which is not the case. The video primarily features singing and dancing performances without a clear focus on comedy. The use of the word ""FUNNIEST"" in the thumbnail creates an expectation that is not met in the video content, leading to viewer disappointment and potentially lower engagement rates.

### Final Decision:
**Misleading**

**Explanation**: The thumbnail exaggerates the content of the video by suggesting that it features the funniest kid comedians when the video actually showcases a variety of performances including singing and dancing without a clear emphasis on comedy."
YpjwHazhknA,"### Analysis:

1. **Examine the thumbnail**: The thumbnail features a smiling individual with the text ""CR7 LIE DETECTOR"". The image includes a heartbeat line graphic, which is commonly associated with lie detector tests.

2. **Read the subtitles and video content**: The subtitles indicate a lie detector test involving Cristiano Ronaldo, a famous soccer player. The video content shows a series of questions asked to Ronaldo during the test, with responses ranging from ""yes"" to ""no"".

3. **Compare the thumbnail to the actual video content**:
   - The thumbnail suggests a lie detector test involving Cristiano Ronaldo.
   - The subtitles confirm that the video indeed involves a lie detector test with Ronaldo as the subject.

4. **Determine if the thumbnail accurately represents the video's main topic or content**:
   - The thumbnail accurately represents the main topic of the video, which is a lie detector test involving Cristiano Ronaldo.

5. **Assess whether the thumbnail uses exaggeration, false promises, or clickbait tactics**:
   - The thumbnail does not use exaggerated claims or false promises. It clearly indicates a lie detector test with Ronaldo, which aligns with the video content.

6. **Categorize the thumbnail**:
   - **Categorization**: Not Misleading

7. **Explanation**:
   - The thumbnail accurately reflects the content of the video, which is a lie detector test involving Cristiano Ronaldo. There are no misleading elements or clickbait tactics used in the thumbnail. The thumbnail effectively communicates the main theme of the video without exaggerating or promising something that is not true.

### Final Decision:
**Categorization**: Not Misleading  
**Explanation**: The thumbnail accurately represents the main topic of the video, which is a lie detector test involving Cristiano Ronaldo. There are no misleading elements or clickbait tactics used in the thumbnail."
4qTmPWJbvfA,"### Analysis of the Provided Information

#### Step 1: Examine the Thumbnail
The thumbnail does not appear to be provided in the text. However, based on the video description, the thumbnail likely shows a busy street scene with people, vehicles, and possibly some form of disruption or emergency situation, as suggested by the video content.

#### Step 2: Read Through the Video Subtitles and Content Description
The subtitles and content description indicate that the video is a compilation of various earthquake events captured on CCTV cameras across different locations. The video includes scenes from Japan, the Philippines, China, Turkey, and Indonesia, among others. The content describes earthquakes and their immediate impacts on people and structures.

#### Step 3: Compare the Thumbnail to the Actual Video Content
Since the thumbnail is not explicitly described, we must infer that it likely depicts a busy street scene with people and vehicles, which aligns with the content of the video as described. The video does not seem to focus on a single event but rather showcases multiple earthquake scenarios.

#### Step 4: Determine if the Thumbnail Accurately Represents the Video's Main Topic or Content
The thumbnail, if depicting a busy street scene, would accurately represent the general theme of the video, which involves various earthquake events and their impacts. It does not mislead viewers into expecting a single event or a specific type of content.

#### Step 5: Assess Whether the Thumbnail Uses Exaggeration, False Promises, or Clickbait Tactics
There is no indication that the thumbnail uses any form of exaggeration, false promises, or clickbait tactics. It simply shows a typical scene that could be part of the video content.

#### Step 6: Categorize the Thumbnail as Either ""Misleading"" or ""Not Misleading""
Based on the analysis above, the thumbnail does not appear to be misleading. It accurately represents the general theme of the video without promising or exaggerating specific content.

#### Step 7: Provide a Brief Explanation for the Decision
The thumbnail likely depicts a busy street scene, which aligns with the video content showcasing various earthquake events. It does not use any misleading elements and accurately represents the general theme of the video. Therefore, the thumbnail is categorized as **Not Misleading**.

### Final Answer
**Categorization:** Not Misleading  
**Explanation:** The thumbnail accurately represents the general theme of the video, which involves various earthquake events and their impacts, without using any misleading elements."
uzXpkreSc74,"### Analysis:

1. **Examine the thumbnail**: The thumbnail shows a hand reaching into a bowl filled with Kinder Joy eggs. The image is bright and colorful, with the Kinder Joy branding prominently displayed.

2. **Read through the video subtitles and content description**: The subtitles do not provide any specific details about the content of the video. However, the video description clearly outlines the scenes and themes of the video, which include a young boy interacting with a grandmother, opening Kinder Joy eggs, and enjoying the treats in a park setting.

3. **Compare the thumbnail to the actual video content**: The thumbnail accurately depicts the main subject matter of the video, which is Kinder Joy eggs. It shows the product being interacted with, which aligns with the scenes described in the video description.

4. **Determine if the thumbnail accurately represents the video's main topic or content**: The thumbnail effectively represents the main topic of the video, which is the Kinder Joy eggs and the interactions surrounding them.

5. **Assess whether the thumbnail uses exaggeration, false promises, or clickbait tactics**: The thumbnail does not use any exaggerated claims or false promises. It simply shows the product and the interaction with it, which is consistent with the video content.

6. **Categorize the thumbnail as either ""Misleading"" or ""Not Misleading""**: Based on the analysis, the thumbnail is not misleading.

7. **Provide a brief explanation for your decision**: The thumbnail accurately represents the video content by showing the Kinder Joy eggs and the interaction with them. It does not use any exaggerated claims or false promises, and it effectively communicates the main topic of the video.

**Categorization**: Not Misleading

**Explanation**: The thumbnail accurately represents the video content by showing the Kinder Joy eggs and the interaction with them, without using any exaggerated claims or false promises."
1d2VH1jCDWM,"### Analysis:

**Step 1: Examine the thumbnail**
The thumbnail features a cricket player wearing a green cap with a star emblem, surrounded by two other players in black gear. The text overlaid on the image reads ""THE END?"".

**Step 2: Read through the video subtitles and content description**
The subtitles and content description discuss Pakistan's cricket team, particularly focusing on Babar Azam's performance and the challenges faced by the team during their matches against Australia in 2022. The video highlights both high points (such as Babar Azam scoring centuries) and low points (like Babar Azam's poor performance).

**Step 3: Compare the thumbnail to the actual video content**
The thumbnail shows a player in a green uniform, which aligns with the Pakistani team's colors. However, the text ""THE END?"" suggests a conclusion or summary of the video's content rather than a specific moment within the video itself.

**Step 4: Determine if the thumbnail accurately represents the video's main topic or content**
The thumbnail does not accurately represent the specific content of the video. While it shows a player from the Pakistani team, the text ""THE END?"" implies that the video is concluding with a summary or conclusion rather than a specific highlight or moment.

**Step 5: Assess whether the thumbnail uses exaggeration, false promises, or clickbait tactics**
The thumbnail does not use exaggerated claims or false promises. Instead, it sets up a sense of anticipation or conclusion, which could be misleading if viewers expect a specific highlight or moment that is not shown.

**Step 6: Categorize the thumbnail as either ""Misleading"" or ""Not Misleading""**
Based on the analysis, the thumbnail is **misleading** because it suggests a conclusion or summary when the video content focuses on specific moments and performances of the Pakistani team, particularly Babar Azam.

**Explanation:**
The thumbnail creates a sense of anticipation or conclusion without clearly indicating the specific content of the video. While it shows a player from the Pakistani team, the text ""THE END?"" implies a summary or conclusion rather than a specific highlight or moment. This misleads viewers into expecting a different type of content than what the video actually provides."
j6FpcvSor8g,"### Analysis:

1. **Examine the thumbnail**: The thumbnail features Cristiano Ronaldo wearing a Real Madrid jersey with the text ""UNSTOPPABLE 2009-18"". It includes the Real Madrid logo and a FIFA World Cup emblem, suggesting a focus on his achievements during his time with the club.

2. **Read through the video subtitles and content description**: Since there are no subtitles provided, we rely on the video description for context.

3. **Compare the thumbnail to the actual video content**:
   - The thumbnail suggests a comprehensive look at Ronaldo's career from 2009 to 2018, highlighting his achievements and skills.
   - The video content indeed showcases Ronaldo's skills, goal-scoring ability, and iconic moments from his career, including matches, celebrations, and interactions with fans.

4. **Determine if the thumbnail accurately represents the video's main topic or content**:
   - The thumbnail accurately represents the video content by emphasizing Ronaldo's career highlights and achievements during his time with Real Madrid.

5. **Assess whether the thumbnail uses exaggeration, false promises, or clickbait tactics**:
   - The thumbnail does not use any exaggerated claims or false promises. It simply highlights the period of Ronaldo's career with Real Madrid and his accomplishments.

6. **Categorize the thumbnail**:
   - **Not Misleading**

7. **Explanation**:
   - The thumbnail accurately reflects the content of the video, which is a comprehensive look at Ronaldo's career from 2009 to 2018, focusing on his skills, achievements, and impact on the sport. There are no misleading elements or exaggerated claims present in the thumbnail."
OpTEr_EIW9g,"### Analysis:

1. **Examine the thumbnail**: The thumbnail shows two images side by side labeled ""BEFORE"" and ""AFTER."" The ""BEFORE"" image depicts a young woman with a more casual appearance, while the ""AFTER"" image shows a more polished and glamorous look, suggesting a transformation.

2. **Read through the video subtitles and content description**: The subtitles do not provide any specific details about the transformation or the nature of the video content. The video description focuses on the progression of a young woman over time, highlighting her physical maturation and increasing sophistication in terms of style and presentation.

3. **Compare the thumbnail to the actual video content**: The thumbnail accurately represents the transformation theme suggested in the video title ""NYSA DEVGAN TRANSFORMATION."" However, the thumbnail does not specify the context or the nature of the transformation (e.g., from a teenager to a young adult, or from casual to glamorous).

4. **Determine if the thumbnail accurately represents the video's main topic or content**: While the thumbnail captures the essence of a transformation, it does not provide enough detail about the specific content or the context of the transformation. It could lead viewers to expect a more dramatic or specific transformation than what the video actually shows.

5. **Assess whether the thumbnail uses exaggeration, false promises, or clickbait tactics**: The thumbnail does not use exaggerated claims or false promises. It simply presents a visual representation of a transformation, which aligns with the general theme described in the video title.

6. **Categorize the thumbnail as either ""Misleading"" or ""Not Misleading""**: Given that the thumbnail accurately represents the transformation theme but lacks specific details about the content, it could be considered misleading because it may not fully convey the specific nature of the transformation shown in the video.

7. **Provide a brief explanation for your decision**: The thumbnail effectively captures the transformation theme but fails to specify the context or the nature of the transformation. This lack of detail might mislead viewers into expecting a more specific or dramatic transformation than what the video actually showcases.

**Categorization**: Misleading

**Explanation**: The thumbnail accurately represents the transformation theme but lacks specific details about the content, potentially misleading viewers into expecting a more specific or dramatic transformation than what the video actually shows."
dw8Xl8hoJWQ,"### Analysis:

1. **Examine the thumbnail**: The provided thumbnail image shows a man wearing a black suit and bow tie, smiling and appearing to be part of a formal event. The background includes other individuals dressed in elegant attire, suggesting a glamorous and celebratory setting.

2. **Read the subtitles and video content**: The subtitles and video content describe a segment where the host interacts with the audience, discussing topics related to Bollywood stars and their personal habits. The conversation revolves around the idea that even famous actors might have mundane routines like taking baths and dealing with daily life challenges.

3. **Compare the thumbnail to the actual video content**:
   - The thumbnail depicts a formal event with a host engaging with the audience.
   - The video content involves a humorous discussion about the daily lives of Bollywood stars, specifically addressing the topic of soap usage during baths.

4. **Determine if the thumbnail accurately represents the video's main topic or content**:
   - The thumbnail does not visually represent the specific content discussed in the video, which is a humorous interaction about the daily habits of Bollywood stars.
   - The thumbnail suggests a more formal and celebratory event rather than a casual discussion about personal habits.

5. **Assess whether the thumbnail uses exaggeration, false promises, or clickbait tactics**:
   - The thumbnail does not use exaggerated claims or false promises but instead sets up a formal event context.
   - However, the thumbnail does not accurately reflect the casual and humorous nature of the video content.

6. **Categorize the thumbnail**:
   - **Misleading**: The thumbnail does not accurately represent the content of the video, which is a casual and humorous discussion about Bollywood stars' daily habits, rather than a formal event.

7. **Explanation**:
   - The thumbnail suggests a formal event with a host engaging with the audience, which is misleading because the actual video content is a humorous discussion about the daily lives of Bollywood stars, specifically addressing the topic of soap usage during baths. The thumbnail does not visually represent the casual and humorous nature of the video content.

### Final Decision:
**Misleading**

**Explanation**: The thumbnail inaccurately represents the content of the video, which is a casual and humorous discussion about Bollywood stars' daily habits, rather than a formal event."
Xi_zEi_0hNY,"### Analysis and Categorization

#### Step 1: Examine the Thumbnail
The thumbnail shows two individuals seated next to each other in what appears to be a casual indoor setting. One individual is wearing a black t-shirt, and the other is dressed in traditional South Asian attire with a floral print outfit and a green scarf. The background includes decorative elements such as leaf prints and heart shapes on the wall, along with a green neon light.

#### Step 2: Read Through the Video Subtitles and Content Description
The subtitles suggest a conversation between two individuals discussing their mutual admiration and past experiences. The conversation revolves around being fans of each other’s work, meeting in Dubai, and discussing the dynamics of their interactions. The tone of the subtitles indicates a casual and friendly interaction rather than a humorous or exaggerated scenario.

#### Step 3: Compare the Thumbnail to the Actual Video Content
The thumbnail depicts a relatively calm and composed interaction between the two individuals, which aligns closely with the content described in the subtitles. The individuals appear to be engaged in a conversation without any exaggerated or humorous elements suggested by the thumbnail.

#### Step 4: Determine if the Thumbnail Accurately Represents the Video's Main Topic or Content
The thumbnail accurately represents the video content. It shows a casual and friendly interaction between the two individuals, which matches the described conversation in the subtitles.

#### Step 5: Assess Whether the Thumbnail Uses Exaggeration, False Promises, or Clickbait Tactics
The thumbnail does not use any exaggerated or clickbait tactics. It simply shows a casual interaction between the two individuals, which is consistent with the content described in the subtitles.

#### Step 6: Categorize the Thumbnail
Based on the analysis, the thumbnail is **Not Misleading**.

#### Explanation:
The thumbnail accurately reflects the content of the video, which is a casual conversation between two individuals discussing their mutual admiration and past experiences. There are no exaggerated or clickbait elements present in the thumbnail, and it effectively represents the main topic of the video."
UPrkC1LdlLY,"### Analysis:

**Step 1: Examine the thumbnail**
The thumbnail features a person in a yellow protective suit sitting in front of a large radiation warning sign. The image conveys a sense of danger and isolation, which aligns with the theme of a bunker-like environment and radiation exposure mentioned in the video description.

**Step 2: Read through the video subtitles and content description**
The subtitles and video content describe a long-term experiment involving two individuals living in a bunker for 100 days. The radiation warning sign in the thumbnail is relevant to the setting described in the video, as the bunker is associated with radiation themes.

**Step 3: Compare the thumbnail to the actual video content**
The thumbnail accurately represents the radiation theme present in the video. It shows a person in a protective suit, which is consistent with the bunker environment described in the video. The radiation warning sign further emphasizes the hazardous conditions depicted in the video.

**Step 4: Determine if the thumbnail accurately represents the video's main topic or content**
The thumbnail effectively communicates the radiation theme and the bunker-like environment, which are central elements of the video content. It does not mislead viewers about the nature of the experiment or the environment.

**Step 5: Assess whether the thumbnail uses exaggeration, false promises, or clickbait tactics**
The thumbnail does not use any exaggerated claims or false promises. It accurately reflects the radiation theme and the bunker environment, which are integral parts of the video's content.

**Step 6: Categorize the thumbnail**
Based on the analysis, the thumbnail is **Not Misleading**.

**Explanation:**
The thumbnail accurately represents the radiation theme and the bunker-like environment depicted in the video. It does not use any exaggerated claims or false promises. Therefore, it does not mislead viewers about the nature of the experiment or the environment."
ASYV7uX1nV8,"### Analysis:

1. **Examine the thumbnail**: The thumbnail features a couple in a romantic embrace, with the text ""Kabhi Main Kabhi Tum"" (Sometimes I, Sometimes You). It also mentions ""Episode 17"" and ""14 Million+ Views."" The image suggests a romantic drama theme.

2. **Read the subtitles and video content**: The subtitles and video content appear to be from a Pakistani drama series, focusing on various characters' interactions and emotional states within a domestic setting. The dialogue includes references to family dynamics, relationships, and personal conflicts, which are common themes in Pakistani dramas.

3. **Compare the thumbnail to the actual video content**: The thumbnail depicts a romantic scene, while the video content seems to revolve around family dynamics and personal relationships, with a focus on emotional confrontations and interactions among characters.

4. **Determine if the thumbnail accurately represents the video's main topic or content**: The thumbnail does not accurately represent the main topic or content of the video. While the video does involve romantic elements, the primary focus is on family dynamics and personal relationships rather than a romantic narrative.

5. **Assess whether the thumbnail uses exaggeration, false promises, or clickbait tactics**: The thumbnail uses a romantic image to attract viewers, which may mislead those expecting a romantic drama when the video content is more focused on family dynamics and personal relationships.

6. **Categorize the thumbnail**: Based on the analysis, the thumbnail is misleading.

7. **Explanation**: The thumbnail suggests a romantic drama, but the video content focuses on family dynamics and personal relationships. The romantic imagery in the thumbnail may mislead viewers who are expecting a romantic narrative when the video content is more centered around family interactions and emotional confrontations.

### Final Decision:
**Misleading**

**Explanation:** The thumbnail uses romantic imagery to attract viewers, which does not accurately represent the main topic or content of the video, which revolves around family dynamics and personal relationships."
OF6Iwma4Pbo,"### Analysis of the Provided Information

#### Step 1: Examine the Thumbnail
The thumbnail shows a hand writing the word ""class"" on a chalkboard with yellow chalk. It gives the impression of a classroom setting, which aligns with the video content described in the subtitles and video description.

#### Step 2: Read Through the Video Subtitles and Content Description
The subtitles and video description indicate that the video consists of a series of short, comedic scenes, likely for social media content. The scenes include interactions between characters in various settings, such as a bedroom, a chalkboard, and a bathroom. The content seems to revolve around everyday scenarios and humorous situations.

#### Step 3: Compare the Thumbnail to the Actual Video Content
The thumbnail depicts a classroom environment, specifically the act of writing on a chalkboard. However, the video content does not appear to be focused on a traditional classroom setting. Instead, it features a variety of humorous and absurdist scenarios involving different characters and settings.

#### Step 4: Determine if the Thumbnail Accurately Represents the Video's Main Topic or Content
The thumbnail does not accurately represent the main topic or content of the video. While the video does involve a chalkboard, the overall theme and content of the video are vastly different from what the thumbnail suggests.

#### Step 5: Assess Whether the Thumbnail Uses Exaggeration, False Promises, or Clickbait Tactics
The thumbnail uses a misleading tactic by suggesting a traditional classroom setting when the video content is actually a collection of short, humorous scenes with no clear educational purpose.

#### Step 6: Categorize the Thumbnail as Either ""Misleading"" or ""Not Misleading""
Based on the analysis, the thumbnail is **Misleading**.

#### Step 7: Provide a Brief Explanation for Your Decision
The thumbnail inaccurately represents the video's content by suggesting a traditional classroom setting when the video is a series of short, comedic scenes with no educational purpose. This misleads viewers into expecting a different type of content than what is actually presented."
n6B5gQXlB-0,"### Analysis:

1. **Examine the thumbnail**: The thumbnail shows a group of people in white robes, some in colorful outfits, bending forward in a line. The background includes a blue tiled wall resembling a bathroom or spa setting.

2. **Read the subtitles and video content**:
   - The subtitles mention themes like ""acting like an angel,"" ""dressing like crazy,"" and references to being ""crazy"" and ""galactic."" These suggest a playful, energetic, and possibly surreal theme.
   - The video content includes various dance sequences, futuristic elements, and a mix of bright and dark settings, which aligns with the described themes.

3. **Compare the thumbnail to the actual video content**:
   - The thumbnail depicts a group of people in a specific setting (bathroom/spa) and a specific pose (bending forward).
   - The video content includes a variety of settings, including a spa-like setting, an aquarium, and other futuristic elements, but does not prominently feature a group of people bending forward in white robes.

4. **Determine if the thumbnail accurately represents the video's main topic or content**:
   - The thumbnail does not accurately represent the diverse and dynamic settings shown in the video. It suggests a more uniform and less varied visual experience than what is actually depicted.

5. **Assess whether the thumbnail uses exaggeration, false promises, or clickbait tactics**:
   - The thumbnail does not use exaggerated claims or false promises. However, it fails to convey the full range of the video's content, which could mislead viewers into expecting a more static or less varied performance.

6. **Categorize the thumbnail**:
   - **Misleading**

7. **Explanation**:
   - The thumbnail inaccurately represents the video's content by focusing on a single, static image that does not capture the dynamic and varied nature of the video. While the video does include a spa-like setting, it also features multiple other settings and themes that are not highlighted in the thumbnail. This can lead viewers to expect a less engaging or less varied performance than what they ultimately see."
dZyUWLW7kEI,"### Analysis:

1. **Thumbnail**: The thumbnail features a cartoon character falling through the sky with the text ""THE LUCKIEST UNLUCKY MAN TO EVER LIVE.""

2. **Video Subtitles**: The subtitles describe the story of Frane Selak, an elderly music teacher from Croatia who has had a series of unfortunate events throughout his life, including train accidents, plane crashes, car fires, and near-death experiences.

3. **Video Content**: The video depicts a series of misadventures and scenarios involving travel, risk-taking, and ultimately ending with a potential lottery win. It shows the character experiencing various dangerous situations, which aligns with the subtitle's description of Frane Selak's life filled with misadventures.

### Comparison:

- **Thumbnail vs. Subtitles**: The thumbnail suggests a humorous or exaggerated scenario where the character falls through the sky, which aligns with the subtitle mentioning Frane Selak's numerous misadventures.
  
- **Thumbnail vs. Video Content**: The video content indeed shows the character experiencing various dangerous situations, which supports the subtitle's description of Frane Selak's life filled with misadventures.

### Assessment:

The thumbnail accurately represents the video's main topic and content. It does not use exaggeration, false promises, or clickbait tactics. Instead, it sets the tone for the humorous and adventurous nature of the video.

### Categorization:

**Not Misleading**

**Explanation**: The thumbnail accurately reflects the humorous and adventurous nature of the video content, which is consistent with the subtitle's description of Frane Selak's life filled with misadventures. There is no misleading information or exaggerated claims in the thumbnail."
8SuskKYqWIc,"### Analysis of the Provided Information

#### Step 1: Examine the Thumbnail
The thumbnail features two individuals, one of whom is identified as Babar Azam, a famous Pakistani cricketer. The text on the thumbnail reads ""First ever interview"" and ""بابر عظم کے ساتھ"" (Babar Azam Ki Saath), which translates to ""With Babar Azam."" The background suggests a promotional context, likely related to a show or event.

#### Step 2: Read Through the Video Subtitles and Content Description
The subtitles indicate that the video is an interview with Babar Azam, discussing topics related to cricket, marriage, and personal experiences. The content includes discussions about Babar Azam's career, his relationship with his wife, and his thoughts on cricket.

#### Step 3: Compare the Thumbnail to the Actual Video Content
The thumbnail accurately represents the main topic of the video, which is an interview with Babar Azam. It does not exaggerate or mislead viewers about the content.

#### Step 4: Determine if the Thumbnail Accurately Represents the Video's Main Topic or Content
The thumbnail clearly indicates that the video is an interview with Babar Azam, which aligns perfectly with the content described in the subtitles and video description.

#### Step 5: Assess Whether the Thumbnail Uses Exaggeration, False Promises, or Clickbait Tactics
The thumbnail does not use any exaggerated claims or false promises. It simply states that it is the ""First ever interview"" with Babar Azam, which is accurate based on the content provided.

#### Step 6: Categorize the Thumbnail as Either ""Misleading"" or ""Not Misleading""
Based on the analysis, the thumbnail is not misleading.

#### Step 7: Provide a Brief Explanation for the Decision
The thumbnail accurately represents the content of the video, which is an interview with Babar Azam. It does not use any exaggerated claims or false promises, and it clearly indicates the subject matter of the video. Therefore, it is categorized as ""Not Misleading.""

### Final Answer
**Categorization:** Not Misleading  
**Explanation:** The thumbnail accurately represents the main topic of the video, which is an interview with Babar Azam, and does not use any exaggerated claims or false promises."
LgncSiSnIyI,"### Analysis:

1. **Examine the thumbnail**: The provided image does not appear to have a thumbnail attached to the video description. Therefore, there is no visual representation to compare against the video content.

2. **Read through the video subtitles and content description**: The subtitles indicate that the video involves a series of emotional interactions between two men in a living room or office setting. The content description describes a dramatic scene where one man appears distressed and the other becomes agitated, culminating in a confrontation.

3. **Compare the thumbnail to the actual video content**: Since there is no thumbnail available, this step cannot be performed.

4. **Determine if the thumbnail accurately represents the video's main topic or content**: As there is no thumbnail to assess, this step is also not applicable.

5. **Assess whether the thumbnail uses exaggeration, false promises, or clickbait tactics**: Since there is no thumbnail to evaluate, this step is irrelevant.

6. **Categorize the thumbnail as either ""Misleading"" or ""Not Misleading""**: Given the lack of a thumbnail, this categorization cannot be determined.

7. **Provide a brief explanation for your decision**: Without a thumbnail to analyze, it is impossible to make a determination regarding the thumbnail's accuracy or misleading nature.

### Conclusion:
Since there is no thumbnail provided, the analysis cannot be completed according to the given steps."
uVUon6lfNDw,"### Analysis:

1. **Examine the thumbnail**: The thumbnail shows the word ""Punctuation"" with a subtitle ""Full stop"" and a black dot next to it. It clearly indicates that the video will discuss punctuation, specifically full stops.

2. **Read through the video subtitles and content description**: The subtitles confirm that the video explains the usage of full stops in English grammar. The content description outlines the structure of the video, which includes basic explanations, examples, and a conclusion.

3. **Compare the thumbnail to the actual video content**: The thumbnail accurately represents the main topic of the video, which is the usage of full stops in English grammar. The video content matches the information provided in the thumbnail.

4. **Determine if the thumbnail accurately represents the video's main topic or content**: The thumbnail accurately reflects the educational nature of the video and the specific focus on full stops.

5. **Assess whether the thumbnail uses exaggeration, false promises, or clickbait tactics**: There are no exaggerated claims or false promises in the thumbnail. It simply states the topic of the video without any misleading elements.

6. **Categorize the thumbnail**: Based on the analysis, the thumbnail is not misleading.

7. **Provide a brief explanation for your decision**: The thumbnail accurately represents the video's main topic and content, providing a clear indication of what the viewer can expect from the video. There are no exaggerated claims or misleading elements present.

### Conclusion:
**Categorization: Not Misleading**

**Explanation:** The thumbnail accurately represents the educational content of the video, focusing on the usage of full stops in English grammar. There are no misleading elements or exaggerated claims in the thumbnail."
oRDRfikj2z8,"### Analysis:

1. **Examine the thumbnail**: The thumbnail features a baby lion cub leaning on a branch, with the text ""Baby Animals"" prominently displayed.
   
2. **Read the video content**: The video description mentions a variety of animals including bears, cheetahs, elephants, puppies, whales, deer, wolves, rabbits, foals, monkeys, capybaras, kittens, ducks, and a lioness. It does not specifically focus on baby animals.

3. **Compare the thumbnail to the actual video content**: The thumbnail shows a baby lion cub, which aligns with the theme of ""baby animals."" However, the video content includes a wide range of animals, both babies and adults, from various species.

4. **Determine if the thumbnail accurately represents the video's main topic or content**: While the thumbnail accurately represents the theme of ""baby animals,"" the video content is broader than just baby animals. It includes scenes of adult animals as well.

5. **Assess whether the thumbnail uses exaggeration, false promises, or clickbait tactics**: The thumbnail does not use exaggerated claims or false promises. It accurately reflects the content of the video.

6. **Categorize the thumbnail**: Given that the thumbnail accurately represents the theme of the video (baby animals) even though the video content is more diverse, it can be considered misleading because it may give viewers the impression that the entire video focuses solely on baby animals when it actually includes scenes of adult animals as well.

7. **Explanation**: The thumbnail uses the term ""Baby Animals"" which might lead viewers to expect a video entirely focused on baby animals. Since the video includes scenes of adult animals alongside baby animals, the thumbnail could be misleading as it does not fully convey the breadth of the video content.

**Categorization**: Misleading

**Explanation**: The thumbnail accurately represents the theme of ""baby animals,"" but the video content includes scenes of adult animals as well, which may mislead viewers into expecting a video entirely focused on baby animals."
Gq9zJPRAYC4,"### Analysis:

1. **Examine the thumbnail**: The thumbnail features two individuals, one in a red outfit and the other in a green outfit, both smiling. There is a large image of a man in a movie scene, and the text reads ""DREAM CAST FOR HER BIOPIG."" The Netflix logo is also present.

2. **Read through the video subtitles and content description**: The video content describes a talk show format with celebrity guests discussing their careers and potential future projects. It does not mention anything related to a ""dream cast"" for a biopic or any specific actor like Shah Rukh Khan.

3. **Compare the thumbnail to the actual video content**: The thumbnail suggests a discussion about a biopic with a ""dream cast,"" which is not mentioned in the video description. The video focuses on a talk show format with celebrity guests discussing their careers.

4. **Determine if the thumbnail accurately represents the video's main topic or content**: The thumbnail misleads viewers by implying that the video contains content about a biopic with a ""dream cast,"" which is not the case. The video is a talk show with celebrity guests discussing their careers.

5. **Assess whether the thumbnail uses exaggeration, false promises, or clickbait tactics**: The thumbnail uses clickbait tactics by promising a ""dream cast"" for a biopic when the video content is a talk show with celebrity guests discussing their careers.

6. **Categorize the thumbnail as either ""Misleading"" or ""Not Misleading""**: Based on the analysis, the thumbnail is misleading.

7. **Brief explanation for the decision**: The thumbnail exaggerates the content by suggesting a discussion about a biopic with a ""dream cast,"" which is not what the video actually contains. It uses clickbait tactics to attract viewers, leading to a misleading impression.

**Categorization**: Misleading

**Explanation**: The thumbnail inaccurately represents the video content by promising a discussion about a biopic with a ""dream cast,"" which is not the case."
RgxBs4Kn1Q8,"### Analysis:

1. **Examine the thumbnail**: The thumbnail shows two individuals standing on a beach, smiling and appearing to enjoy each other's company. The background includes palm trees and a clear sky, suggesting a summery, relaxed environment.

2. **Read the subtitles and video content**:
   - The subtitles appear to be lyrics from a song, possibly related to a romantic theme.
   - The video content describes a youthful, summery montage set in a beachside town, featuring two young people enjoying time together, engaging in activities like cycling and walking along the beach.

3. **Compare the thumbnail to the actual video content**:
   - The thumbnail depicts a beach setting with two individuals enjoying themselves, which aligns well with the video content that shows them on a beach.
   - However, the subtitles suggest a romantic narrative involving a song about a crush and a girl who is described as ""cool,"" ""pretty,"" and someone the speaker wants to spend time with. This romantic theme is not explicitly mentioned in the video content description.

4. **Determine if the thumbnail accurately represents the video's main topic or content**:
   - While the beach setting in the thumbnail matches the video content, the romantic theme suggested by the subtitles does not match the overall content described in the video description.

5. **Assess whether the thumbnail uses exaggeration, false promises, or clickbait tactics**:
   - The thumbnail does not use exaggerated claims or false promises. It accurately represents the beach setting shown in the video content.

6. **Categorize the thumbnail**:
   - **Misleading**

7. **Explanation**:
   - The thumbnail accurately depicts the beach setting, which is part of the video content. However, the romantic theme suggested by the subtitles does not align with the overall content described in the video description. The video primarily focuses on the two individuals enjoying their time together in a summery, beachside setting, rather than a romantic narrative. Therefore, the thumbnail may mislead viewers into expecting a more romantic storyline than what the video actually contains.

### Final Decision:
**Misleading**

**Explanation**: The thumbnail accurately represents the beach setting shown in the video content but does not reflect the romantic theme suggested by the subtitles. This mismatch may lead viewers to expect a different type of content than what is actually presented in the video."
7xVZ00bkMug,"### Analysis:

1. **Examine the thumbnail**: The thumbnail shows a collage of images featuring young couples in various romantic and playful poses. The images depict affectionate gestures, such as kissing, hugging, and playful interactions, which align with the theme of romantic and playful moments between couples.

2. **Read the subtitles and video content**: The subtitles include lyrics from a song titled ""The Problem with This Lover"" by Gustav Jung Soo. These lyrics do not directly relate to the visual content of the thumbnail but seem to be part of the background music playing during the video.

3. **Compare the thumbnail to the actual video content**: The video content indeed features young couples engaging in romantic and playful interactions, which matches the theme suggested by the thumbnail.

4. **Determine if the thumbnail accurately represents the video's main topic or content**: The thumbnail accurately represents the romantic and playful theme depicted in the video content.

5. **Assess whether the thumbnail uses exaggeration, false promises, or clickbait tactics**: There is no indication of exaggeration, false promises, or clickbait tactics in the thumbnail. It simply shows the type of content expected from the video.

6. **Categorize the thumbnail**: Based on the analysis, the thumbnail is not misleading.

7. **Explanation**: The thumbnail accurately reflects the content of the video, which is a montage of romantic and playful moments between young couples. There is no misleading information or exaggerated claims present in the thumbnail.

**Categorization**: Not Misleading

**Explanation**: The thumbnail accurately represents the romantic and playful theme of the video content, without any misleading elements."
zCUi8b3Mr70,"### Analysis:

1. **Examine the thumbnail**: The thumbnail does not appear to be provided in the given information. Therefore, we cannot assess the thumbnail based on the provided details.

2. **Read through the video subtitles and content description**: The subtitles and the video description do not contain any misleading elements. The video is described as footage from a court trial, specifically the ""Treadmill Abuse Murder Trial"" of New Jersey v. Christopher Gregor. It alternates between courtroom footage and surveillance video from a gym where a child is put on a treadmill by an adult.

3. **Compare the thumbnail to the actual video content**: Since the thumbnail is not provided, we cannot compare it directly to the video content.

4. **Determine if the thumbnail accurately represents the video's main topic or content**: Without the thumbnail, we cannot determine if it accurately represents the video's content.

5. **Assess whether the thumbnail uses exaggeration, false promises, or clickbait tactics**: Since the thumbnail is not provided, we cannot assess these aspects.

6. **Categorize the thumbnail as either ""Misleading"" or ""Not Misleading""**: Given the lack of a thumbnail, we cannot categorize it as either misleading or not misleading.

7. **Provide a brief explanation for your decision**: Since the thumbnail is not provided, we cannot make a determination based on the given information.

### Conclusion:
**Categorization:** Not enough information provided to determine.

**Explanation:** The analysis is incomplete due to the absence of the thumbnail image."
KVnheXywIbY,"### Analysis:

1. **Examine the thumbnail**: The thumbnail features a group of characters in a dramatic pose, with a red and blue color scheme, and the text ""OFFICIAL TRAILER."" The image suggests a suspenseful or thrilling theme, which aligns with the overall tone described in the video description.

2. **Read through the subtitles and content description**: The subtitles and the video description indicate a mix of tension, mystery, and supernatural elements. The plot revolves around a headless monster, a ghost girlfriend, and a rescue mission. The content includes scenes of danger, romance, and supernatural occurrences, which are depicted in the thumbnail.

3. **Compare the thumbnail to the actual video content**: The thumbnail effectively captures the essence of the video content, which includes elements of suspense, supernatural themes, and action sequences. It does not misrepresent the nature of the film or the scenes shown in the video.

4. **Determine if the thumbnail accurately represents the video's main topic or content**: The thumbnail accurately represents the video's main topics and content, as it conveys a sense of mystery and action, which are central themes in the video.

5. **Assess whether the thumbnail uses exaggeration, false promises, or clickbait tactics**: The thumbnail does not use exaggerated claims or false promises. Instead, it accurately reflects the genre and themes of the video.

6. **Categorize the thumbnail**: Based on the analysis, the thumbnail is not misleading.

7. **Explanation**: The thumbnail accurately represents the video's content, which includes suspense, supernatural elements, and action sequences. It does not use clickbait or exaggerate the content, thus it is not misleading.

**Categorization**: Not Misleading

**Explanation**: The thumbnail accurately reflects the suspenseful and supernatural themes present in the video, without using exaggerated claims or misleading information."
JQ9OubhCg2Q,"### Analysis and Categorization:

**Step 1:** Examine the thumbnail.
- The thumbnail shows a group of three individuals sitting on a red couch against a colorful, abstract backdrop. The logo in the background reads ""Basics of Sikhi.""

**Step 2:** Read through the video subtitles and content description.
- The subtitles contain a mix of unrelated and nonsensical phrases, including references to ""online games,"" ""Adama,"" ""Omar Barragan,"" ""guru datta,"" etc., which do not relate to Sikhism or the content described in the video description.
- The video description mentions a serious discussion about Sikhism, transitioning through an emotional journey, and ending on a positive note. It also indicates that the video is part of a live broadcast about Sikhism.

**Step 3:** Compare the thumbnail to the actual video content.
- The thumbnail depicts a calm and composed setting, which aligns with the initial part of the discussion about Sikhism.
- However, the thumbnail does not reflect the emotional journey described in the video, nor does it capture the lighthearted conclusion.

**Step 4:** Determine if the thumbnail accurately represents the video's main topic or content.
- The thumbnail fails to represent the emotional and varied content of the video, which includes serious discussions, moments of emotional intensity, and a positive conclusion.

**Step 5:** Assess whether the thumbnail uses exaggeration, false promises, or clickbait tactics.
- The thumbnail does not use exaggerated claims or false promises. Instead, it misrepresents the content by failing to convey the emotional depth and variety present in the video.

**Step 6:** Categorize the thumbnail as either ""Misleading"" or ""Not Misleading.""
- **Categorization:** Misleading

**Explanation:** The thumbnail inaccurately represents the video content by failing to depict the emotional journey and positive conclusion of the discussion. It suggests a more static and composed environment than what is actually shown in the video. Therefore, it misleads viewers about the nature and content of the video."
spV1PDKf9Rk,"### Analysis:

1. **Examine the thumbnail**: The thumbnail features two men in a studio setting, with bold text reading ""SHOCKING!!! ARJUN KAPOOR SLAPS RJ ARPIT"". The text suggests a dramatic or shocking event involving Arjun Kapoor slapping RJ Arpit.

2. **Read through the video subtitles and content description**: The subtitles mention a radio station environment but do not explicitly state any slap or conflict between the two individuals. The content description describes a professional interaction between two men in a studio, possibly an interview or promotional event, without mentioning any physical altercation.

3. **Compare the thumbnail to the actual video content**: The thumbnail depicts a physical interaction (a slap) that is not mentioned in the video description. The video content focuses on a professional interaction in a studio setting.

4. **Determine if the thumbnail accurately represents the video's main topic or content**: The thumbnail significantly misrepresents the actual content of the video by suggesting a physical altercation when there is no such event described in the video.

5. **Assess whether the thumbnail uses exaggeration, false promises, or clickbait tactics**: The thumbnail uses clickbait tactics by promising a shocking event that does not occur in the video.

6. **Categorize the thumbnail as either ""Misleading"" or ""Not Misleading""**: Based on the analysis, the thumbnail is misleading.

7. **Provide a brief explanation for your decision**: The thumbnail exaggerates the content by suggesting a physical altercation between Arjun Kapoor and RJ Arpit, which is not depicted in the video. It uses clickbait tactics to attract viewers by promising a shocking event that does not actually happen.

**Categorization**: Misleading

**Explanation**: The thumbnail inaccurately represents the video content by suggesting a physical altercation that is not present in the actual video."
epWTkSmY3Nw,"### Analysis:

1. **Examine the thumbnail**: The thumbnail features a man in a suit with the text ""How To Get Fired"" and the name ""Tom Briscoe."" The background includes draped fabrics in shades of pink, red, and gray, which create a dramatic setting.

2. **Read the subtitles and content description**: The subtitles indicate that the video is a stand-up comedy performance titled ""So... I Got Fired From That Job"" by Tom Briscoe. The content describes a humorous take on the comedian's experiences, including his career transitions and family life.

3. **Compare the thumbnail to the actual video content**:
   - The thumbnail suggests a direct instructional approach (""How To Get Fired""), which implies a guide or method for getting fired.
   - The actual video content is a comedic performance about the comedian's experiences, including his career and family life, rather than providing a method for getting fired.

4. **Determine if the thumbnail accurately represents the video's main topic or content**:
   - The thumbnail does not accurately represent the video's content. It misleads viewers by suggesting an instructional guide when the video is actually a comedic performance.

5. **Assess whether the thumbnail uses exaggeration, false promises, or clickbait tactics**:
   - The thumbnail uses clickbait tactics by promising a method (""How To Get Fired"") that is not present in the actual video content.

6. **Categorize the thumbnail**:
   - **Misleading**

7. **Explanation**:
   - The thumbnail exaggerates the content of the video by suggesting that it provides a method for getting fired, which is not the case. Instead, it is a comedic performance about the comedian's experiences. This misleads viewers who might expect an instructional video but find a comedic performance instead.

### Final Decision:
**Misleading**

**Explanation**: The thumbnail uses clickbait tactics by promising a method (""How To Get Fired"") that is not present in the actual video content, which is a comedic performance about the comedian's experiences."
_UyjJehQrLc,"### Analysis:

1. **Examine the thumbnail**: The thumbnail shows a man and a woman sitting together, smiling, with the text ""How Shoaib & Sania Love Story Start"". The image suggests an intimate and possibly romantic setting, which aligns with the theme of a love story.

2. **Read the subtitles and content description**: The subtitles indicate that the video is part of a talk show or interview program on the Express network. It features two guests, a man and a woman, discussing someone's achievements and personality traits. The content does not explicitly mention a love story or a specific couple named Shoaib and Sania.

3. **Compare the thumbnail to the actual video content**: The thumbnail depicts a romantic setting, which is not reflected in the video content. The video focuses on a discussion about a guest's achievements and personality rather than a love story.

4. **Determine if the thumbnail accurately represents the video's main topic or content**: The thumbnail misleads viewers by suggesting that the video is about a love story between Shoaib and Sania, when the actual content is a talk show interview about another individual's life and accomplishments.

5. **Assess whether the thumbnail uses exaggeration, false promises, or clickbait tactics**: The thumbnail uses clickbait tactics by promising a love story, which is not what the video actually contains.

6. **Categorize the thumbnail as either ""Misleading"" or ""Not Misleading""**: Based on the analysis, the thumbnail is misleading.

7. **Brief explanation for the decision**: The thumbnail inaccurately represents the video's content by suggesting a romantic narrative involving Shoaib and Sania, whereas the video is an interview about another individual's life and achievements. This creates a false expectation and misleads viewers into watching a video they might not find relevant or interesting.

**Categorization**: Misleading"
xjuwkGXXy4Q,"### Analysis:

1. **Examine the thumbnail**: The provided thumbnail does not accompany the video content described. Therefore, there is no thumbnail to assess against the video content.

2. **Read through the video subtitles and content description**: The subtitles and the video content describe a couple engaging in an audio or gaming experience, leading to a celebratory conclusion involving friends or family. The content revolves around shared excitement and joy, culminating in a grandparent announcement.

3. **Compare the thumbnail to the actual video content**: Since there is no thumbnail available, this step cannot be performed.

4. **Determine if the thumbnail accurately represents the video's main topic or content**: As there is no thumbnail to compare, this step cannot be assessed.

5. **Assess whether the thumbnail uses exaggeration, false promises, or clickbait tactics**: Since there is no thumbnail to evaluate, this step cannot be performed.

6. **Categorize the thumbnail as either ""Misleading"" or ""Not Misleading""**: Given the absence of a thumbnail, this categorization cannot be determined.

7. **Provide a brief explanation for your decision**: Without a thumbnail to analyze, it is impossible to make a determination regarding the thumbnail's accuracy or misleading nature.

### Conclusion:
Since there is no thumbnail provided, the analysis cannot be completed according to the given steps."
tHYz6zYN8nY,"### Analysis of the Provided Information

#### Step 1: Examine the Thumbnail
The thumbnail shows two individuals sitting separately, which creates a sense of distance and introspection. The image is framed to suggest a dramatic or emotional context, aligning with the mood described in the video description.

#### Step 2: Read Through the Video Subtitles and Content Description
The subtitles and video content describe a drama series titled ""Kabhi Main Kabhi Tum,"" featuring various emotional and dramatic scenes. The scenes include intimate conversations, tense moments, and emotional distress, all of which are consistent with the mood set by the thumbnail.

#### Step 3: Compare the Thumbnail to the Actual Video Content
The thumbnail effectively captures the essence of the video content, which revolves around emotional and dramatic elements. The image of two individuals sitting apart in a moody setting aligns well with the scenes described in the video, which include emotional and tense moments.

#### Step 4: Determine if the Thumbnail Accurately Represents the Video's Main Topic or Content
The thumbnail accurately represents the emotional and dramatic nature of the video content. It sets the right tone and context for the viewer, indicating that the video will feature intense and emotional scenes typical of a drama series.

#### Step 5: Assess Whether the Thumbnail Uses Exaggeration, False Promises, or Clickbait Tactics
There is no indication of exaggeration, false promises, or clickbait tactics in the thumbnail. The image is straightforward and accurately reflects the content of the video.

#### Step 6: Categorize the Thumbnail
Based on the analysis, the thumbnail does not use any misleading tactics and accurately represents the video's content.

#### Step 7: Provide a Brief Explanation for the Decision
The thumbnail effectively captures the emotional and dramatic tone of the video content without any exaggeration or misleading elements. It accurately sets the expectation for viewers, ensuring they understand the type of content they can expect from the series.

### Final Categorization
**Categorization:** Not Misleading  
**Explanation:** The thumbnail accurately represents the emotional and dramatic content of the video, setting the right expectations for viewers without using any misleading tactics."
20-TlWWDQCs,"### Analysis:

1. **Examine the thumbnail**: The thumbnail shows a cricket player in a red jersey, standing in front of a backdrop with various sponsor logos (True Value Solar, Cellarbrations, Big Bash). The player appears to be in an interview setting, which aligns with the video content described.

2. **Read through the subtitles and video content**: The subtitles indicate that the video is an interview with a cricket player named Shakib Al Hasan, discussing his feelings after arriving in Melbourne, his expectations for the upcoming game, and his contributions to the team. The player also speaks about the importance of momentum in T20 cricket and expresses gratitude to his fans.

3. **Compare the thumbnail to the actual video content**: The thumbnail accurately depicts the setting of the interview, showing the player in a red jersey, which matches the player's attire in the video. The backdrop with sponsor logos is also consistent with the setting described in the video.

4. **Determine if the thumbnail accurately represents the video's main topic or content**: The thumbnail effectively represents the main topic of the video, which is an interview with a cricket player discussing his experiences and expectations related to playing for the Melbourne Renegades.

5. **Assess whether the thumbnail uses exaggeration, false promises, or clickbait tactics**: There are no elements in the thumbnail that suggest exaggeration, false promises, or clickbait tactics. It simply shows the player in a typical interview setting.

6. **Categorize the thumbnail**: Based on the analysis, the thumbnail is not misleading.

7. **Explanation**: The thumbnail accurately represents the setting and context of the video, showing a cricket player in an interview setting with a backdrop of sponsor logos. It does not use any exaggerated claims or clickbait tactics. Therefore, the thumbnail is categorized as ""Not Misleading.""

### Final Decision:
**Categorization:** Not Misleading  
**Explanation:** The thumbnail accurately represents the setting and context of the video, showing a cricket player in an interview setting with a backdrop of sponsor logos. It does not use any exaggerated claims or clickbait tactics."
NsaSG-0U4mU,"### Analysis:

1. **Examine the thumbnail**: The provided image does not appear to be a thumbnail but rather a screenshot from the video itself. It shows a young boy in the stands during a baseball game, looking serious and slightly concerned.

2. **Read the subtitles and video content**:
   - The subtitles mention the boy looking into the camera, reacting to the game, and interacting with someone (presumably his mother).
   - The video content describes the boy's changing expressions throughout the game, starting from serious and concerned to joyful at the end.

3. **Compare the thumbnail to the actual video content**:
   - The thumbnail shows a young boy in the stands, which aligns with the video content where the boy is indeed shown in the stands.
   - However, the thumbnail does not capture the boy's changing expressions or the positive turn of events towards the end of the game.

4. **Determine if the thumbnail accurately represents the video's main topic or content**:
   - While the thumbnail accurately depicts the setting (a young boy in the stands), it fails to convey the emotional journey and the positive conclusion of the game that the video content highlights.

5. **Assess whether the thumbnail uses exaggeration, false promises, or clickbait tactics**:
   - There is no exaggeration or clickbait in the thumbnail; it simply shows a boy in the stands, which is part of the video content.

6. **Categorize the thumbnail**:
   - **Misleading**

7. **Explanation**:
   - The thumbnail does not fully represent the video's content. It captures the boy in the stands but misses the key elements of his changing expressions and the positive conclusion of the game. This omission could lead viewers to expect a different type of content, making the thumbnail misleading."
nqzIQh2D_Es,"Categorization: Not Misleading

Explanation: The thumbnail shows a man and a woman dressed formally, which aligns with the video content described as a wedding or formal event. The text ""340M+ TRENDING NAKHRA AMRIT MAAN FT. GINNI KAPOOR"" suggests that the video features a song titled ""Nakhra"" by Amrit Maan featuring Ginni Kapoor. The thumbnail accurately represents the formal attire and the context of a wedding or engagement, which matches the video's content. There is no exaggeration or clickbait tactic used in the thumbnail, so it is not misleading."
99voxHFauCg,"### Analysis:

1. **Examine the thumbnail**: The thumbnail shows a man (Seth Meyers) with a smaller inset image of Donald Trump. The text ""LATE NIGHT WITH SETH MEYERS"" is visible, indicating the show's title.

2. **Read the subtitles and content description**: The subtitles indicate that the video is a segment from ""Late Night with Seth Meyers,"" featuring commentary on political figures, specifically Donald Trump. The content includes jokes and satirical remarks about Trump's behavior and statements.

3. **Compare the thumbnail to the actual video content**: The thumbnail accurately depicts the host (Seth Meyers) and includes a relevant image of Donald Trump, which aligns with the content described in the subtitles and video description.

4. **Determine if the thumbnail accurately represents the video's main topic or content**: The thumbnail effectively represents the main topic of the video, which is a satirical commentary on Donald Trump and related political events.

5. **Assess whether the thumbnail uses exaggeration, false promises, or clickbait tactics**: The thumbnail does not use any exaggerated claims or false promises. It simply shows the host and a relevant image of Donald Trump, which is appropriate for the content.

6. **Categorize the thumbnail**: Based on the analysis, the thumbnail is not misleading.

7. **Explanation**: The thumbnail accurately represents the video content by showing the host and a relevant image of Donald Trump, which is consistent with the satirical commentary on political figures featured in the video.

### Conclusion:
**Categorization:** Not Misleading

**Explanation:** The thumbnail accurately represents the video content by showing the host and a relevant image of Donald Trump, which is consistent with the satirical commentary on political figures featured in the video."
JAQb12ljVs0,"### Analysis:

1. **Examine the thumbnail**: The thumbnail shows two women standing in a well-decorated indoor setting. The text on the thumbnail reads ""Jeep BFFs with Vogue Season 3 Episode #09.""

2. **Read through the video subtitles and content description**: Since there are no subtitles provided, we rely solely on the video description for context.

3. **Compare the thumbnail to the actual video content**:
   - The thumbnail suggests a talk show or lifestyle program involving Jeep BFFs (likely a group of friends or a themed segment).
   - The video description indicates a talk show or lifestyle program featuring three women in a cozy, stylishly decorated studio setting, discussing various topics in a friendly and casual manner.

4. **Determine if the thumbnail accurately represents the video's main topic or content**:
   - The thumbnail accurately depicts the setting and theme suggested by the video description. It aligns with the idea of a talk show or lifestyle program involving Jeep BFFs.

5. **Assess whether the thumbnail uses exaggeration, false promises, or clickbait tactics**:
   - There is no indication of exaggeration, false promises, or clickbait tactics in the thumbnail. It simply presents the show's branding and episode number.

6. **Categorize the thumbnail**:
   - Based on the analysis, the thumbnail accurately represents the video's main topic and content.

7. **Explanation**:
   - The thumbnail effectively communicates the essence of the show, which is a talk show or lifestyle program involving Jeep BFFs. It does not use any misleading elements or clickbait tactics.

### Final Categorization:
**Not Misleading**

**Explanation**: The thumbnail accurately represents the show's branding and theme, aligning with the content described in the video. There are no exaggerated claims or misleading elements present."
mTEros927Ow,"### Analysis:

1. **Examine the thumbnail**: The provided thumbnail image shows a man against a green screen background, which aligns with the content described in the video description. However, the thumbnail does not provide any specific details about the types of green screen effects demonstrated in the video.

2. **Read through the video subtitles and content description**: Since subtitles are not available, we rely solely on the video description for understanding the content.

3. **Compare the thumbnail to the actual video content**: The thumbnail shows a man against a green screen, which matches the opening scene of the video. However, the thumbnail does not convey the variety of green screen effects shown throughout the video, such as gridded backgrounds, pixelated effects, and abstract patterns.

4. **Determine if the thumbnail accurately represents the video's main topic or content**: The thumbnail accurately depicts the presence of a green screen but fails to communicate the diverse range of effects demonstrated in the video.

5. **Assess whether the thumbnail uses exaggeration, false promises, or clickbait tactics**: The thumbnail does not use exaggerated claims or false promises. It simply shows a green screen, which is part of the content but does not capture the full scope of the video's demonstration.

6. **Categorize the thumbnail as either ""Misleading"" or ""Not Misleading""**: Given that the thumbnail accurately represents the presence of a green screen but fails to convey the full range of effects shown in the video, it could be considered misleading because it does not fully represent the content.

7. **Provide a brief explanation for your decision**: The thumbnail accurately shows a green screen, which is part of the content, but it fails to communicate the diverse range of green screen effects demonstrated in the video. This omission makes the thumbnail misleading as it does not fully represent the content.

**Categorization**: Misleading

**Explanation**: The thumbnail accurately shows a green screen but fails to convey the full range of green screen effects demonstrated in the video, making it misleading."
WB3zolACjuI,"### Analysis:

**Step 1:** Examine the thumbnail.
The thumbnail features a cartoon boy with the text ""What happens if... There are NO RULES.""

**Step 2:** Read through the video subtitles and content description.
The subtitles and video content describe an animated story about a boy named Ryan learning about the importance of rules and structure in society. The video highlights the chaos and negative consequences that arise when there are no rules, such as disorder in the home, lack of discipline in school, and unsafe conditions in public spaces.

**Step 3:** Compare the thumbnail to the actual video content.
The thumbnail accurately represents the main theme of the video, which is exploring the consequences of having no rules. It sets the expectation that the video will discuss the importance of rules through a narrative involving Ryan's experiences.

**Step 4:** Determine if the thumbnail accurately represents the video's main topic or content.
The thumbnail effectively captures the essence of the video's message about the importance of rules. It does not mislead viewers about the content being discussed.

**Step 5:** Assess whether the thumbnail uses exaggeration, false promises, or clickbait tactics.
The thumbnail does not use any exaggerated claims or false promises. It simply presents the topic clearly and directly.

**Step 6:** Categorize the thumbnail as either ""Misleading"" or ""Not Misleading"".
Based on the analysis, the thumbnail is **Not Misleading**.

**Explanation:**
The thumbnail accurately reflects the main topic of the video, which is the exploration of the consequences of having no rules. It does not promise or suggest anything different from what the video actually delivers. Therefore, it does not use any clickbait tactics or exaggerations that would mislead viewers."
UwCZeywOIok,"### Analysis:

1. **Examine the thumbnail**: The thumbnail shows a group of five people sitting on red chairs, with a backdrop featuring artistic posters of a shadowy figure. The text overlay reads ""EXCLUSIVE INTERVIEW WITH THE TEAM OF KRRISH 3.""

2. **Read through the video subtitles and content description**: There are no subtitles provided in the video description. However, the content description indicates that the video is a behind-the-scenes interview or panel discussion about a Bollywood production, specifically related to the film ""Krrish 3.""

3. **Compare the thumbnail to the actual video content**:
   - The thumbnail depicts a group of people, which aligns with the description of a panel discussion.
   - The backdrop featuring a shadowy figure matches the artistic renderings described in the video description.
   - The text ""EXCLUSIVE INTERVIEW WITH THE TEAM OF KRRISH 3"" directly corresponds to the content described in the video description.

4. **Determine if the thumbnail accurately represents the video's main topic or content**:
   - The thumbnail accurately represents the group of people involved in the discussion and the context of the film ""Krrish 3.""

5. **Assess whether the thumbnail uses exaggeration, false promises, or clickbait tactics**:
   - There is no indication of exaggeration, false promises, or clickbait tactics in the thumbnail. It clearly states the purpose of the video and the subject matter.

6. **Categorize the thumbnail**:
   - **Categorization**: Not Misleading

7. **Explanation**:
   - The thumbnail accurately represents the video content by showing a group of people discussing a Bollywood production related to ""Krrish 3."" It does not use any exaggerated claims or misleading elements. The thumbnail effectively communicates the purpose of the video without misleading viewers."
VkGQGzSNa_c,"### Analysis:

#### Step 1: Examine the Thumbnail
The provided thumbnail does not appear in the given information. Therefore, we cannot evaluate the thumbnail based on the details provided.

#### Step 2: Read Through the Video Subtitles and Content Description
The subtitles and video description describe a tense and escalating incident involving law enforcement and a distressed individual. The video depicts a series of confrontations and interactions between the individual and law enforcement officers, culminating in what appears to be an interrogation or holding area. The individual's emotional state escalates throughout the video, and the situation involves multiple locations and hours of interaction.

#### Step 3: Compare the Thumbnail to the Actual Video Content
Since the thumbnail is not provided, we cannot compare it directly to the video content.

#### Step 4: Determine if the Thumbnail Accurately Represents the Video's Main Topic or Content
Without the thumbnail, we cannot assess whether it accurately represents the video's main topic or content.

#### Step 5: Assess Whether the Thumbnail Uses Exaggeration, False Promises, or Clickbait Tactics
Again, since the thumbnail is not provided, we cannot assess these elements.

#### Step 6: Categorize the Thumbnail
Given the lack of a thumbnail to evaluate, we cannot categorize the thumbnail as either ""Misleading"" or ""Not Misleading.""

#### Explanation:
The analysis is incomplete due to the absence of the thumbnail. Without the thumbnail, we cannot perform the necessary steps to determine if it is misleading or not. Therefore, the thumbnail cannot be categorized as either ""Misleading"" or ""Not Misleading."""
mmpOIt6lADw,"### Analysis of the Provided Information

#### Step 1: Examine the Thumbnail
The thumbnail shows a player from Brighton & Hove Albion wearing a yellow jersey, with the Arsenal and Brighton & Hove Albion logos visible. The text on the thumbnail reads ""EXTENDED HIGHLIGHTS.""

#### Step 2: Read Through the Video Subtitles and Content Description
The subtitles and video content describe a Premier League match between Arsenal and Brighton & Hove Albion. The video highlights key moments such as a goal scored by Arsenal, a missed opportunity by Brighton, and the overall excitement of the match. The content does not mention any extended highlights or specific player performances beyond the general match summary.

#### Step 3: Compare the Thumbnail to the Actual Video Content
The thumbnail suggests that the video contains extended highlights, which implies a deeper analysis or a more detailed breakdown of the match. However, the video content provided focuses on the general match summary without delving into extended highlights.

#### Step 4: Determine if the Thumbnail Accurately Represents the Video's Main Topic or Content
The thumbnail does not accurately represent the video's main topic or content because it suggests that the video includes extended highlights, which are not mentioned in the video description.

#### Step 5: Assess Whether the Thumbnail Uses Exaggeration, False Promises, or Clickbait Tactics
The thumbnail uses exaggerated expectations by promising extended highlights, which are not present in the video content.

#### Step 6: Categorize the Thumbnail as Either ""Misleading"" or ""Not Misleading""
The thumbnail is misleading.

#### Step 7: Provide a Brief Explanation for Your Decision
The thumbnail suggests that the video includes extended highlights, which are not mentioned in the video content. This creates an expectation that is not fulfilled, leading to viewer disappointment and potentially reducing engagement. Therefore, the thumbnail is misleading."
0irkH7mOCAI,"### Analysis:

1. **Examine the thumbnail**: The thumbnail features a man standing on stage with the text ""TOP 5 MOST OFFENSIVE BRUTAL STAND UP JOKES"". The image suggests a serious tone, implying that the video contains controversial or offensive material.

2. **Read the subtitles and content description**: The subtitles reveal that the video contains stand-up comedy routines, some of which are described as ""offensive"" and ""brutal"". The content includes jokes about homosexuality, gender roles, and controversial topics related to religion and violence against children.

3. **Compare the thumbnail to the actual video content**: The thumbnail accurately represents the video content, as it clearly indicates that the video contains ""offensive"" and ""brutal"" stand-up jokes.

4. **Determine if the thumbnail accurately represents the video's main topic or content**: The thumbnail accurately reflects the content of the video, which is a compilation of stand-up comedy routines that include offensive and controversial material.

5. **Assess whether the thumbnail uses exaggeration, false promises, or clickbait tactics**: The thumbnail does not use any exaggerated claims or false promises. It simply states the nature of the content, which is offensive and brutal stand-up comedy.

6. **Categorize the thumbnail**: Based on the analysis, the thumbnail is not misleading.

7. **Explanation**: The thumbnail accurately represents the content of the video, which is a compilation of stand-up comedy routines that include offensive and controversial material. There is no exaggeration or false promise in the thumbnail, and it clearly communicates the nature of the content.

### Final Decision:
**Categorization: Not Misleading**

**Explanation:** The thumbnail accurately represents the content of the video, which is a compilation of stand-up comedy routines that include offensive and controversial material. There is no exaggeration or false promise in the thumbnail."
100DJXA5Fng,"### Analysis:

1. **Examine the thumbnail**: The thumbnail shows a group of people in a domestic setting, likely a living room, with one person gesturing towards another. The individuals appear to be engaged in a serious conversation or confrontation.

2. **Read the subtitles and content description**: The subtitles include emotional dialogue suggesting themes of love, separation, and conflict. The content description mentions domestic settings, emotional exchanges, and family conflicts, which align with the theme suggested by the subtitles.

3. **Compare the thumbnail to the actual video content**: The thumbnail depicts a group of people in a domestic setting, which matches the scenes described in the video description. The serious tone and body language suggest a dramatic or emotional moment, consistent with the content described.

4. **Determine if the thumbnail accurately represents the video's main topic or content**: The thumbnail accurately represents the video content, showing a domestic setting with characters in an emotional exchange, which is consistent with the themes mentioned in the subtitles and video description.

5. **Assess whether the thumbnail uses exaggeration, false promises, or clickbait tactics**: The thumbnail does not use exaggerated visuals or false promises. It accurately reflects the content of the video, which is a promotional piece for a drama series.

6. **Categorize the thumbnail**: Based on the analysis, the thumbnail is not misleading.

7. **Explanation**: The thumbnail accurately represents the video content, showing a domestic setting with characters in an emotional exchange. It does not use exaggerated visuals or false promises, and it aligns with the themes and content described in the subtitles and video description.

**Categorization**: Not Misleading

**Explanation**: The thumbnail accurately represents the video content, showing a domestic setting with characters in an emotional exchange, which is consistent with the themes mentioned in the subtitles and video description."
oqpoIJNF7qs,"### Analysis of the Provided Information

#### Step 1: Examine the Thumbnail
The thumbnail features two individuals, one with a serious expression and the other smiling. The text above the image reads ""بمايون سعيد کواداکاری نهین آتی، فردوس جمال"" which translates to ""With Saeed Quadri, Firdous Jamal, neither here nor there.""

#### Step 2: Read Through the Video Subtitles and Content Description
The subtitles mention a discussion involving Chittor Jamal, a reference to Mercury, and a question about safety related to activating something. The content description indicates a talk show format with various segments, including serious discussions and lighter entertainment.

#### Step 3: Compare the Thumbnail to the Actual Video Content
The thumbnail shows two individuals, but the subtitles and content description suggest a talk show format with multiple segments, including serious discussions and lighter entertainment. The thumbnail does not clearly indicate the specific nature of the content discussed in the subtitles.

#### Step 4: Determine if the Thumbnail Accurately Represents the Video's Main Topic or Content
The thumbnail does not provide enough context to accurately represent the specific content discussed in the subtitles. It does not clearly indicate the serious discussions or the lighter entertainment segments mentioned in the video description.

#### Step 5: Assess Whether the Thumbnail Uses Exaggeration, False Promises, or Clickbait Tactics
The thumbnail does not use exaggerated claims or false promises. However, it does not accurately represent the specific content discussed in the subtitles.

#### Step 6: Categorize the Thumbnail as Either ""Misleading"" or ""Not Misleading""
Based on the analysis, the thumbnail is misleading because it does not accurately represent the specific content discussed in the subtitles.

#### Step 7: Provide a Brief Explanation for Your Decision
The thumbnail features two individuals, but the subtitles and content description suggest a talk show format with multiple segments, including serious discussions and lighter entertainment. The thumbnail does not clearly indicate the specific nature of the content discussed in the subtitles, making it misleading."
-xA2LwHvxWY,"Categorization: Not Misleading

Explanation: The thumbnail depicts a figure moving up a staircase, which aligns closely with the video content described. The image captures the essence of the eerie and unsettling scene unfolding in the stairwell, featuring a mysterious and imposing figure. There are no exaggerated claims or misleading elements present in the thumbnail. The thumbnail accurately represents the main topic and content of the video, which is designed to evoke fear and unease. Therefore, it does not use any clickbait tactics or exaggerate the content, making it ""Not Misleading."""
c5vvTiZtP7s,"### Analysis:

1. **Examine the thumbnail**: The thumbnail features a man and a young boy in a home setting, with the text ""WATCH CRISTIANO RONALDO"". The image shows a man covering his face with his hand, and the boy looking at him.

2. **Read the subtitles and content description**: The subtitles contain a mix of religious references (""Allah,"" ""Christian,"" ""Santa's sleigh"") and casual phrases (""Oh my God!""), which seem unrelated to the content described in the video description. The video description focuses on a father-son interaction involving teaching and bonding, with moments of frustration and encouragement.

3. **Compare the thumbnail to the actual video content**: The thumbnail depicts a scene that suggests a serious or emotional moment between the man and the boy, possibly involving frustration or disappointment. However, the video content describes a series of scenes that include teaching, physical activity, and bonding, without any indication of frustration or disappointment.

4. **Determine if the thumbnail accurately represents the video's main topic or content**: The thumbnail does not accurately represent the video's main topic or content. It suggests a serious or emotional interaction, whereas the video content is more lighthearted and focused on teaching and bonding.

5. **Assess whether the thumbnail uses exaggeration, false promises, or clickbait tactics**: The thumbnail uses clickbait tactics by suggesting a serious or emotional interaction, which is not reflected in the actual video content.

6. **Categorize the thumbnail**: Based on the analysis, the thumbnail is misleading.

7. **Explanation**: The thumbnail uses clickbait tactics by suggesting a serious or emotional interaction between the man and the boy, which is not depicted in the actual video content. The video is more focused on teaching and bonding, without any indication of frustration or disappointment shown in the thumbnail.

**Categorization**: Misleading

**Explanation**: The thumbnail exaggerates the emotional tone of the interaction, using clickbait tactics to attract viewers, which does not align with the actual content of the video."
k2vbdTTotok,"Categorization: Misleading

Explanation: The thumbnail features a still image of a cricket player with the text ""LUCKY BOUNDARY FOR ABDULLAH SHAFIGE."" However, the video subtitles and content describe a specific incident where Abdullah Shafiq hits the ball with the back of his bat, which is not a boundary but rather a missed shot. The thumbnail suggests that Abdullah Shafiq hit a boundary, which is misleading because the video does not depict such an event. The thumbnail uses clickbait tactics by promising a ""lucky boundary,"" which is not what the video actually shows."
RMlOm6RpG-Q,"### Analysis:

1. **Examine the thumbnail**: The thumbnail shows a woman sitting in a modern, minimalist interior setting, wearing a black top and tan pants, with a Gucci handbag placed on a table beside her. The Gucci logo is prominently displayed.

2. **Read the subtitles and video content**:
   - The subtitles introduce Alia Bhatt and mention that she is participating in a Gucci promotion.
   - The video content focuses on Alia Bhatt showcasing a Gucci handbag and discussing various items she carries in her bag, including a notebook, eyepatch, mirror, and lip balm.
   - The video also includes a segment where Alia Bhatt answers questions about her confidence, daily routines, and advice for young entrepreneurs.

3. **Compare the thumbnail to the actual video content**:
   - The thumbnail accurately depicts the setting and the main subject (Alia Bhatt) as shown in the video.
   - The Gucci branding is clearly visible, indicating that the video is indeed a promotional piece for the brand.

4. **Determine if the thumbnail accurately represents the video's main topic or content**:
   - The thumbnail effectively represents the main topic of the video, which is a Gucci promotional piece featuring Alia Bhatt showcasing the brand's products.
   - The video content aligns with the theme suggested by the thumbnail.

5. **Assess whether the thumbnail uses exaggeration, false promises, or clickbait tactics**:
   - There is no indication of exaggeration or false promises in the thumbnail.
   - The thumbnail does not use clickbait tactics; it clearly communicates the purpose of the video as a Gucci promotional piece.

6. **Categorize the thumbnail**:
   - **Categorization**: Not Misleading

7. **Explanation**:
   - The thumbnail accurately represents the video content, which is a Gucci promotional piece featuring Alia Bhatt showcasing the brand's products. It does not use any exaggerated claims or clickbait tactics. Therefore, it is not misleading.

### Final Decision:
**Categorization**: Not Misleading  
**Explanation**: The thumbnail accurately represents the video content as a Gucci promotional piece featuring Alia Bhatt showcasing the brand's products, without any exaggeration or clickbait tactics."
bUYUSXyp3Pg,"### Analysis:

1. **Examine the thumbnail**: The thumbnail features a man holding a microphone with the text ""White Friends"" and ""Drew Thomas."" It suggests that the video is about a comedian named Drew Thomas discussing interactions with white friends.

2. **Read the subtitles and video content**: The subtitles and video content describe a stand-up comedy routine where the comedian talks about his experiences interacting with white friends versus black friends. He mentions specific examples such as receiving items from white friends' houses, different treatment when drunk, and various cultural differences.

3. **Compare the thumbnail to the actual video content**:
   - The thumbnail accurately represents the main topic of the video, which is about interactions with white friends.
   - The video content aligns closely with the theme suggested by the thumbnail, as it discusses the comedian's experiences with white friends.

4. **Assess accuracy**:
   - The thumbnail does not exaggerate or misrepresent the content of the video.
   - There are no false promises or clickbait elements in the thumbnail.

5. **Categorization**:
   - The thumbnail is not misleading because it accurately reflects the main topic of the video.

### Conclusion:
**Categorization: Not Misleading**

**Explanation:** The thumbnail accurately represents the main topic of the video, which is about the comedian's experiences with white friends. It does not exaggerate or misrepresent the content, nor does it use clickbait tactics. Therefore, it is not misleading."
OkyBBwpHqcs,"### Analysis:

1. **Examine the thumbnail**: The thumbnail features a man in a suit with the text ""Vladimir Putin speech."" There is no additional imagery or text that suggests the context of the speech or the content of the video.

2. **Read the subtitles and video content**:
   - The subtitles mention that Vladimir Putin has been speaking about Ukraine's incursion into the Kramatorsk region and the failure of peace talks.
   - The video content includes Putin speaking at a podium during an economic forum, discussing the conflict and its implications.

3. **Compare the thumbnail to the actual video content**:
   - The thumbnail does not indicate that the video is about a speech by Putin or the conflict in Ukraine.
   - The thumbnail suggests a formal speech setting, which aligns with the content shown in the video (Putin speaking at an economic forum).

4. **Determine if the thumbnail accurately represents the video's main topic or content**:
   - The thumbnail accurately represents the formal nature of the speech but does not convey the specific context or subject matter of the speech itself.

5. **Assess whether the thumbnail uses exaggeration, false promises, or clickbait tactics**:
   - The thumbnail does not use any exaggerated claims or false promises.
   - It does not employ clickbait tactics by promising a specific outcome or event.

6. **Categorize the thumbnail**:
   - **Not Misleading**

7. **Explanation**:
   - The thumbnail accurately depicts the formality of the speech but does not provide enough context to mislead viewers about the content of the video. It does not promise or exaggerate any specific outcomes or events related to the conflict in Ukraine. Therefore, it is not misleading.

### Final Decision:
**Not Misleading**

**Explanation**: The thumbnail accurately represents the formal nature of the speech but does not provide enough context to mislead viewers about the content of the video."
NpjSPuGOpe4,"### Analysis:

1. **Examine the thumbnail**: The thumbnail shows a close-up of a fighter jet on the runway, likely during a takeoff sequence. The image captures the aircraft in motion, emphasizing the power and speed of the jet.

2. **Read through the video subtitles and content description**: Since subtitles are not available, we rely solely on the video description for context.

3. **Compare the thumbnail to the actual video content**:
   - The thumbnail depicts a fighter jet in motion, which aligns with the scenes of jets taking off and performing maneuvers described in the video.
   - The thumbnail does not provide any misleading information about the content of the video; it accurately represents the main theme of the video, which is focused on military fighter jet operations.

4. **Determine if the thumbnail accurately represents the video's main topic or content**: The thumbnail accurately represents the main topic of the video, which is the operation of fighter jets at an air base.

5. **Assess whether the thumbnail uses exaggeration, false promises, or clickbait tactics**: The thumbnail does not use any exaggerated claims or false promises. It simply shows a realistic depiction of a fighter jet in action, which matches the content of the video.

6. **Categorize the thumbnail**: Based on the analysis, the thumbnail is not misleading.

7. **Provide a brief explanation for your decision**: The thumbnail accurately reflects the content of the video, which is a comprehensive look at military fighter jet operations. It does not use any clickbait tactics or exaggerate the content. Therefore, it is categorized as ""Not Misleading.""

### Final Categorization: Not Misleading"
g8BT9T0yw9E,"### Analysis:

**Step 1: Examine the thumbnail**
- The thumbnail shows a man with a beard sitting in front of a setup that includes a large screen displaying a black cube-shaped device with glowing eyes, resembling an AI assistant or smart speaker.

**Step 2: Read through the video subtitles and content description**
- The subtitles and content description indicate that the video is a review or demonstration of various robotic and electronic devices, specifically focusing on AI assistants and smart speakers.
- The video content involves the presenter interacting with different devices, including a smart speaker, and discussing their features and functionalities.

**Step 3: Compare the thumbnail to the actual video content**
- The thumbnail depicts a smart speaker, which aligns with the content described in the video description. The presenter indeed interacts with a smart speaker during the video.

**Step 4: Determine if the thumbnail accurately represents the video's main topic or content**
- The thumbnail accurately represents the main topic of the video, which is the review or demonstration of a smart speaker.

**Step 5: Assess whether the thumbnail uses exaggeration, false promises, or clickbait tactics**
- There is no indication of exaggeration, false promises, or clickbait tactics in the thumbnail. It clearly shows the device being reviewed.

**Step 6: Categorize the thumbnail**
- **Categorization:** Not Misleading

**Step 7: Provide a brief explanation for the decision**
- The thumbnail accurately represents the main topic of the video, which is the review of a smart speaker. There are no elements in the thumbnail that mislead viewers about the content of the video. The thumbnail effectively communicates the subject matter without any exaggeration or misleading information.

Therefore, the thumbnail is categorized as **Not Misleading**."
6nZAQglI178,"### Analysis of the Provided Information

#### Step 1: Examine the Thumbnail
The thumbnail shows a person with a small stature being held by a larger hand. The person appears to be wearing traditional Indian attire, including bangles and a bindi. The overall tone suggests a focus on a person with a unique physical characteristic, specifically their height.

#### Step 2: Read Through the Video Subtitles and Content Description
The subtitles and video content describe a compilation of various short clips featuring individuals with unusual physical characteristics. These include a person who is considered the world's shortest woman, a man who is over 8 feet tall, a person with an unusually large mouth, a track star, and others with unique abilities or conditions.

#### Step 3: Compare the Thumbnail to the Actual Video Content
The thumbnail depicts a person with a small stature being held by a larger hand, which aligns with the content described in the subtitles and video description. The thumbnail accurately represents the main topic of the video, which is about individuals with unique physical characteristics.

#### Step 4: Determine if the Thumbnail Accurately Represents the Video's Main Topic or Content
The thumbnail accurately represents the main topic of the video, which is about individuals with unique physical characteristics. It does not exaggerate or misrepresent the content.

#### Step 5: Assess Whether the Thumbnail Uses Exaggeration, False Promises, or Clickbait Tactics
The thumbnail does not use any exaggeration, false promises, or clickbait tactics. It simply shows a person with a small stature being held by a larger hand, which is consistent with the content described in the subtitles and video description.

#### Step 6: Categorize the Thumbnail
Based on the analysis, the thumbnail is **Not Misleading**.

#### Step 7: Provide a Brief Explanation for the Decision
The thumbnail accurately represents the main topic of the video, which is about individuals with unique physical characteristics. It does not use any exaggeration, false promises, or clickbait tactics. Therefore, it is not misleading."
5t1qzkY6GfY,"### Analysis:

1. **Examine the thumbnail**: The thumbnail shows five young women posing confidently against a vibrant pink and purple gradient background. They are dressed in stylish, modern outfits, and the text ""RELAY DANCE"" is prominently displayed at the bottom left corner.

2. **Read the subtitles and video content**:
   - The subtitles include lyrics from the song, which are repetitive and catchy but do not provide any specific details about the dance performance itself.
   - The video content describes a K-pop dance performance titled ""RELAY DANCE,"" featuring a group of young women performing a choreographed routine. The performance includes various formations, solo and group movements, and high-energy segments.

3. **Compare the thumbnail to the actual video content**:
   - The thumbnail accurately depicts the group of young women and the vibrant background, which aligns well with the video content.
   - However, the thumbnail does not provide any information about the specific dance routine or the ""relay"" format mentioned in the video description.

4. **Determine if the thumbnail accurately represents the video's main topic or content**:
   - While the thumbnail accurately represents the group and the vibrant setting, it does not convey the specific elements of the dance performance, such as the ""relay"" format or the choreography details.

5. **Assess whether the thumbnail uses exaggeration, false promises, or clickbait tactics**:
   - There is no exaggeration or false promise in the thumbnail. It simply showcases the group and the setting without promising specific content.

6. **Categorize the thumbnail**:
   - **Misleading**

7. **Explanation**:
   - The thumbnail effectively captures the essence of the group and the vibrant setting but fails to communicate the specific elements of the dance performance, such as the ""relay"" format and choreography. This omission could lead viewers to expect a different type of content than what they ultimately receive, making the thumbnail misleading."
I80_YFeKWuc,"### Analysis:

**Step 1: Examine the thumbnail**
The thumbnail shows three individuals (Alia Bhatt, Gal Gadot, and Jamie Dornan) posing together with a playful and casual demeanor. The background is plain white, and the individuals are dressed casually, which gives a relaxed and informal vibe.

**Step 2: Read through the video subtitles and content description**
The subtitles reveal that the video is an interview or behind-the-scenes segment featuring Alia Bhatt, Gal Gadot, and Jamie Dornan discussing various topics related to their careers and personal lives. The conversation includes questions about their experiences, achievements, and future projects.

**Step 3: Compare the thumbnail to the actual video content**
The thumbnail depicts a casual and friendly interaction among the three individuals, which aligns well with the content described in the video. The individuals are shown in a relaxed setting, engaging in conversation, which matches the tone of the subtitles.

**Step 4: Determine if the thumbnail accurately represents the video's main topic or content**
The thumbnail accurately represents the video content. It shows the three individuals in a casual setting, which matches the relaxed and conversational nature of the interview.

**Step 5: Assess whether the thumbnail uses exaggeration, false promises, or clickbait tactics**
There are no elements in the thumbnail that suggest exaggeration, false promises, or clickbait tactics. The image is straightforward and does not promise anything beyond what is shown.

**Step 6: Categorize the thumbnail**
Based on the analysis, the thumbnail is **Not Misleading**.

**Explanation:**
The thumbnail accurately reflects the content of the video, which is an interview or behind-the-scenes segment featuring Alia Bhatt, Gal Gadot, and Jamie Dornan discussing various topics related to their careers and personal lives. There are no exaggerated claims or misleading elements in the thumbnail."
ydAyvvDQrgY,"### Analysis:

1. **Examine the thumbnail**: The thumbnail shows a man in a white shirt talking on his phone while standing in a train. The image captures a moment of a passenger engaged with their mobile device.

2. **Read through the subtitles and content description**: The subtitles include phrases like ""oh,"" ""[Laughter],"" and ""you too man,"" suggesting a casual, conversational tone. The content description focuses on the pervasive use of smartphones among passengers on public transportation, highlighting both the connection and isolation caused by these devices.

3. **Compare the thumbnail to the actual video content**: The thumbnail depicts a single individual on a phone, which aligns with the video's focus on smartphone usage. However, the thumbnail does not capture the broader context of the video, which includes multiple passengers and their varied interactions with their devices.

4. **Determine if the thumbnail accurately represents the video's main topic or content**: While the thumbnail shows a person on a phone, it does not convey the extensive use of smartphones throughout the entire train and the diverse reactions of passengers. The thumbnail is somewhat representative but lacks the depth and breadth of the video's content.

5. **Assess whether the thumbnail uses exaggeration, false promises, or clickbait tactics**: The thumbnail does not use exaggerated claims or false promises. It simply shows a common scene from the video, which is accurate but limited in scope.

6. **Categorize the thumbnail as either ""Misleading"" or ""Not Misleading""**: Given that the thumbnail accurately represents a scene from the video but fails to capture the full extent of the content, it can be considered slightly misleading because it does not fully convey the pervasive nature of smartphone use depicted in the video.

7. **Brief explanation for the decision**: The thumbnail effectively captures a moment of a passenger on a phone, which is part of the video's content. However, it does not reflect the extensive use of smartphones throughout the train and the varied reactions of passengers. Therefore, while not entirely misleading, it is slightly misleading due to its limited representation of the overall theme.

### Final Categorization: Slightly Misleading"
8rOH1xpepug,"### Analysis:

1. **Examine the thumbnail**: The thumbnail does not appear to be provided in the given information. Therefore, there is no visual reference to compare against the video content.

2. **Read through the video subtitles and content description**: The subtitles and the video description do not provide any specific details about the thumbnail itself. Instead, they describe the content of the video, which focuses on a couple enjoying various activities in a modern apartment, including yoga, watching movies, and embracing in a dimly lit room. The video also highlights the effectiveness of the FabriCare blackout curtains.

3. **Compare the thumbnail to the actual video content**: Since the thumbnail is not provided, there is nothing to compare against the video content.

4. **Determine if the thumbnail accurately represents the video's main topic or content**: Without the thumbnail, it is impossible to assess whether it accurately represents the video content.

5. **Assess whether the thumbnail uses exaggeration, false promises, or clickbait tactics**: Similarly, without the thumbnail, it is impossible to evaluate these aspects.

6. **Categorize the thumbnail as either ""Misleading"" or ""Not Misleading""**: Given the lack of a thumbnail to analyze, this cannot be determined.

7. **Provide a brief explanation for your decision**: Since the thumbnail is not provided, there is insufficient information to make a determination regarding its misleading nature.

### Conclusion:
The thumbnail cannot be analyzed as there is no image provided. Therefore, the category cannot be determined based on the given information."
IYSxN5sNQ_M,"### Analysis:

**Step 1: Examine the thumbnail**
- The thumbnail features a bald man holding a microphone, with bold text reading ""BILL BURR BEST STAND UP COMEDY.""

**Step 2: Read through the video subtitles and content description**
- The subtitles appear to be from a stand-up comedy performance where the comedian is discussing the challenges of being a mother.
- The content description confirms that the video is a compilation of scenes from a stand-up comedy performance, featuring a middle-aged man with a shaved head delivering jokes.

**Step 3: Compare the thumbnail to the actual video content**
- The thumbnail depicts a stand-up comedian performing, which aligns with the content description.
- However, the subtitles suggest that the video contains a segment where the comedian is discussing the difficulties of being a mother, which is not explicitly mentioned in the thumbnail.

**Step 4: Determine if the thumbnail accurately represents the video's main topic or content**
- The thumbnail suggests that the video is primarily about stand-up comedy, specifically featuring Bill Burr.
- The subtitles indicate that the video includes a segment about the challenges of being a mother, which is not visually represented in the thumbnail.

**Step 5: Assess whether the thumbnail uses exaggeration, false promises, or clickbait tactics**
- The thumbnail does not use exaggerated claims or false promises.
- However, it does not clearly indicate that the video includes a segment about the challenges of being a mother.

**Step 6: Categorize the thumbnail**
- **Categorization:** Misleading

**Explanation:**
- The thumbnail accurately represents the main topic of the video (Bill Burr's stand-up comedy) but fails to convey the specific content of the segment about the challenges of being a mother. This omission could mislead viewers into expecting a full comedy set without the additional context provided in the subtitles. Therefore, the thumbnail is misleading."
YFhwEJosUsU,"### Analysis:

1. **Examine the thumbnail**:
   - The thumbnail features a stunning image of a tropical island with clear blue waters and lush greenery.
   - It prominently displays the text ""8K ULTRA HD"" and ""TOP 50 BEAUTIFUL PLACES IN THE WORLD.""

2. **Read the video subtitles**:
   - The subtitles indicate that the video is about showcasing the most beautiful places in the world in 8K Ultra HD resolution.
   - The video includes specific locations like Halong Bay, Vietnam; Pamukkale, Turkey; Plitvice Lakes National Park, Croatia; Krabi, Thailand; Fiordland, New Zealand; In Cang Chai, Vietnam; Machu Picchu, Peru; the Great Wall of China; Meteora, Thessaly, Greece; Keukenhof Gardens, Netherlands; Santorini Island, Greece; Torres del Paine, Chile; Lofoten Islands, Norway; Amalfi, Italy; Cappadocia, Turkey; Fiji; Fjords, Norway; Antarctica; Bagan, Myanmar; Dubai, UAE; Maldives; Monument Valley, USA; Iguazu Falls, Brazil-Argentina; Swiss Alps, Switzerland; Angkor Wat, Cambodia; Fernando de Noronha, Brazil; Lisbon, Portugal; Paris, France; Cape Town, South Africa; Himalayas, Nepal; Venice, Italy; Zhangye Danxia, China; Sossusvlei, Namibia; Forbidden City, China; Petra, Jordan; Golden War, Croatia; Barcelona, Spain; Giza, Egypt; Atacama Desert, Chile; Okavango Delta, Botswana; Whitsunday, Australia; Cinque Terre, Italy; Neuschwanstein Castle, Germany; Tuscany, Italy; Sahara Desert, Africa; Bamboo Forest, Japan; Lake Bled, Slovenia; Li River, China; Zakynthos, Greece; and Outro 8K Ultra HD.

3. **Compare the thumbnail to the actual video content**:
   - The thumbnail depicts a tropical island, which aligns well with the video content as it includes various tropical destinations such as the Maldives, Santorini, and others.
   - However, the thumbnail does not specifically mention any of the locations listed in the subtitles, which include diverse landscapes like deserts, mountains, and historical sites.

4. **Determine if the thumbnail accurately represents the video's main topic or content**:
   - While the thumbnail shows a tropical island, the video content covers a wide range of locations including deserts, mountains, historical sites, and more.
   - The thumbnail does not provide enough context to represent the full scope of the video content.

5. **Assess whether the thumbnail uses exaggeration, false promises, or clickbait tactics**:
   - The thumbnail does not use exaggerated claims or false promises but rather highlights the high-definition quality and the top 50 list, which are accurate descriptions of the video content.

6. **Categorize the thumbnail**:
   - **Misleading**

7. **Explanation**:
   - The thumbnail effectively showcases a tropical island, which is part of the video content, but it fails to convey the full diversity of locations covered in the video. The inclusion of specific locations like the Maldives and Santorini in the subtitles suggests a broader range of landscapes than just tropical islands. Therefore, the thumbnail is misleading because it does not fully represent the variety of locations featured in the video."
C850U295CX4,"### Analysis:

1. **Examine the thumbnail**: The thumbnail shows a shirtless individual holding a trophy, with the times ""3:00 PM"" and ""6:00 PM"" displayed. The text ""EXCLUSIVE FROM CR7 MOBILE"" is also present.

2. **Read through the video subtitles and content description**: Since subtitles are not available, we rely on the video description for context.

3. **Compare the thumbnail to the actual video content**:
   - The thumbnail suggests a focus on a specific time frame (3:00 PM and 6:00 PM) and a possible exclusive feature from ""CR7 Mobile.""
   - The video content, however, does not explicitly mention these times or any mobile exclusivity. Instead, it provides a general overview of the athlete's lifestyle, including scenes of relaxation, meals, preparation for events, and professional achievements.

4. **Determine if the thumbnail accurately represents the video's main topic or content**:
   - The thumbnail implies a structured timeline or exclusive content, which is not evident from the video description.
   - The video content is more general and does not align with the specific details suggested by the thumbnail.

5. **Assess whether the thumbnail uses exaggeration, false promises, or clickbait tactics**:
   - The thumbnail uses the term ""EXCLUSIVE FROM CR7 MOBILE,"" which might imply that the content is restricted to a mobile platform or has special access for mobile users.
   - However, the video content does not confirm or contradict this claim, leading to confusion.

6. **Categorize the thumbnail as either ""Misleading"" or ""Not Misleading""**:
   - Given that the thumbnail makes claims about exclusivity and specific times that are not supported by the video content, it can be considered misleading.

7. **Brief explanation for the decision**:
   - The thumbnail suggests a structured timeline and mobile exclusivity, which are not reflected in the actual video content. This creates a mismatch between the expectation set by the thumbnail and the reality presented in the video, leading to potential viewer disappointment.

### Final Categorization: Misleading

The thumbnail uses exaggerated claims about exclusivity and specific times that are not supported by the video content, making it misleading."
gZRGNRrp2h0,"### Analysis and Categorization:

**Step 1:** Examine the thumbnail.
The thumbnail features a cricket player wearing a green uniform with a cap, along with Urdu text that translates to ""Breaking News: Cricket player Shakib Al Hasan murder case filed."" 

**Step 2:** Read through the video subtitles and content description.
The subtitles mention a murder case against an actress named Ferdous Ahmed, involving the Bangladesh cricket player Shakib Al Hasan. The video describes the context of the murder case and the involvement of political figures like Sheikh Hasina and her Awami League.

**Step 3:** Compare the thumbnail to the actual video content.
The thumbnail accurately depicts the main subject of the news story, which is indeed about a murder case involving a cricket player. However, the thumbnail does not explicitly mention the actress or the political context, which are significant parts of the story.

**Step 4:** Determine if the thumbnail accurately represents the video's main topic or content.
While the thumbnail correctly identifies the cricket player as the subject of the news, it lacks crucial details about the actress and the political implications mentioned in the subtitles. This omission could mislead viewers into thinking the video is solely about the cricket player when it actually covers a broader context involving a murder case and political figures.

**Step 5:** Assess whether the thumbnail uses exaggeration, false promises, or clickbait tactics.
The thumbnail does not use exaggerated claims or false promises but rather focuses on the cricket player, which is a common practice in sports-related news. However, the lack of detail about the full scope of the story can be misleading.

**Step 6:** Categorize the thumbnail as either ""Misleading"" or ""Not Misleading"".
Given that the thumbnail provides incomplete information about the full context of the news story, it can be considered misleading.

**Step 7:** Provide a brief explanation for the decision.
The thumbnail effectively highlights the cricket player but fails to convey the full extent of the news story, which includes a murder case involving an actress and political figures. This omission may lead viewers to expect a story focused solely on the cricket player when the video covers a more complex narrative. Therefore, the thumbnail is misleading.

**Final Categorization:** Misleading"
3aNU2v-20MM,"### Analysis:

1. **Examine the thumbnail**: The thumbnail features a split-screen image. On the left side, there is a modern photograph of a man with a beard and glasses, presumably Amitabh Bachchan, the host of ""Kaun Banega Crorepati."" On the right side, there is a black-and-white photograph of a younger man with two children, likely a throwback or nostalgic moment from the show.

2. **Read through the video subtitles and content description**: There are no subtitles provided in the video description, so we rely solely on the visual content described.

3. **Compare the thumbnail to the actual video content**:
   - The thumbnail shows a modern photograph of Amitabh Bachchan, which aligns with the host of the show.
   - The black-and-white photograph on the right side of the thumbnail appears to be a throwback image, which could be a nostalgic moment or a flashback within the show.

4. **Determine if the thumbnail accurately represents the video's main topic or content**:
   - The thumbnail accurately depicts the host of the show and includes a nostalgic element, which is consistent with the content described in the video description.

5. **Assess whether the thumbnail uses exaggeration, false promises, or clickbait tactics**:
   - There is no indication of exaggeration, false promises, or clickbait tactics in the thumbnail. It simply presents a visual representation of the show's host and a nostalgic moment.

6. **Categorize the thumbnail**:
   - Based on the analysis, the thumbnail does not use any misleading elements. It accurately represents the host and a nostalgic moment from the show.

7. **Explanation**:
   - The thumbnail accurately reflects the content of the video, showing the host and a nostalgic element, which matches the description provided. There are no misleading elements or exaggerated claims.

### Final Decision:
**Categorization: Not Misleading**

**Explanation:** The thumbnail accurately represents the host and a nostalgic moment from the show, which is consistent with the content described in the video description. There are no misleading elements or exaggerated claims."
1YTRPAtxcps,"Categorization: Not Misleading

Explanation: The thumbnail depicts a two-story house with a swimming pool, which aligns closely with the video content described. The video shows the construction of a house with a swimming pool, including the use of primitive and modern techniques. There are no exaggerated claims or misleading elements in the thumbnail compared to the actual video content. The thumbnail accurately represents the main topic of the video, which is the construction of a house with a swimming pool in a tropical setting."
hC3Ojbspi94,"### Analysis:

1. **Examine the thumbnail**: The thumbnail shows a person holding a large grapefruit, which appears to be cut in half, revealing its juicy interior. The background suggests an orchard setting.

2. **Read through the subtitles and content description**: The subtitles and video description do not provide specific details about the content but suggest a compilation of various agricultural activities and exotic fruits.

3. **Compare the thumbnail to the actual video content**:
   - The thumbnail depicts a single fruit (a grapefruit) prominently displayed.
   - The video content includes multiple types of fruits and agricultural activities, as described above.

4. **Determine if the thumbnail accurately represents the video's main topic or content**:
   - The thumbnail does not accurately represent the variety of fruits and agricultural activities shown in the video.
   - It focuses on a single fruit, which might mislead viewers into expecting a video primarily about grapefruits when the content is more diverse.

5. **Assess whether the thumbnail uses exaggeration, false promises, or clickbait tactics**:
   - The thumbnail does not use exaggerated claims or false promises. However, it may create a misleading expectation by focusing on a single fruit rather than the broader agricultural theme.

6. **Categorize the thumbnail**:
   - **Misleading**

7. **Explanation**:
   - The thumbnail effectively highlights a single fruit (grapefruit) but fails to convey the diversity of fruits and agricultural activities showcased in the video. This can lead viewers to expect a video focused solely on grapefruits, which is not the case. The thumbnail does not provide enough context to accurately represent the content, thus misleading viewers about what to expect from the video."
ZmC69Og9mRw,"### Analysis of the Provided Information

#### Step 1: Examine the Thumbnail
The thumbnail depicts a futuristic fighter jet with the Union Jack flag prominently displayed on its body. The background includes a crowd of people, suggesting a formal unveiling event. The overall impression is that of a significant announcement or reveal of a new aircraft design.

#### Step 2: Read Through the Video Subtitles and Content Description
The subtitles and video content describe the development and international collaboration surrounding a new fighter jet program, specifically the Global Combat Air Program (GCAP). The video highlights the unveiling of a new aircraft design, the involvement of multiple countries (UK, Japan, Italy, and Sweden), and the technological advancements being showcased.

#### Step 3: Compare the Thumbnail to the Actual Video Content
The thumbnail effectively captures the essence of the video content. It shows a new aircraft design being unveiled, which aligns with the scenes described in the video. The presence of the Union Jack indicates the UK's involvement, which is consistent with the video's focus on the UK's participation in the GCAP.

#### Step 4: Determine if the Thumbnail Accurately Represents the Video's Main Topic or Content
The thumbnail accurately represents the main topic of the video, which is the unveiling and discussion of a new fighter jet design. It does not mislead viewers about the content of the video.

#### Step 5: Assess Whether the Thumbnail Uses Exaggeration, False Promises, or Clickbait Tactics
There are no elements in the thumbnail that use exaggeration, false promises, or clickbait tactics. The thumbnail simply presents the visual of a new aircraft being unveiled, which is a factual representation of the video's content.

#### Step 6: Categorize the Thumbnail
Based on the analysis, the thumbnail is not misleading.

#### Step 7: Provide a Brief Explanation for the Decision
The thumbnail accurately reflects the content of the video, which is the unveiling of a new fighter jet design. It does not use any exaggerated claims or clickbait tactics. Therefore, it is categorized as ""Not Misleading.""

### Final Categorization: Not Misleading"
n4IhCSMkADc,"### Analysis:

1. **Examine the thumbnail**: The thumbnail depicts a full moon rising over Earth from space, which aligns closely with the content described in the video description. It captures a serene and awe-inspiring view of Earth from space, which matches the scenes described in the video.

2. **Read through the video subtitles and content description**: Since subtitles are not available, we rely on the video description for context.

3. **Compare the thumbnail to the actual video content**: The thumbnail accurately represents the video content. It shows a full moon rising over Earth, which is a key element mentioned in the video description.

4. **Determine if the thumbnail accurately represents the video's main topic or content**: The thumbnail effectively conveys the main topic of the video, which is capturing Earth from space in various lighting conditions and perspectives.

5. **Assess whether the thumbnail uses exaggeration, false promises, or clickbait tactics**: There is no indication of exaggeration, false promises, or clickbait tactics in the thumbnail. It simply presents a visually appealing image that matches the content of the video.

6. **Categorize the thumbnail**: Based on the analysis, the thumbnail is not misleading.

7. **Explanation**: The thumbnail accurately represents the video content by depicting a full moon rising over Earth from space, which is a significant and beautiful part of the scenes shown in the video. There are no exaggerated claims or misleading elements present in the thumbnail.

**Categorization**: Not Misleading

**Explanation**: The thumbnail accurately reflects the content of the video, which showcases Earth from space in various lighting conditions, including a full moon rising over Earth. There are no misleading elements or exaggerations in the thumbnail."
1AwIo4WAONE,"Categorization: Not Misleading

Explanation: The thumbnail depicts three individuals interacting on an escalator, which aligns closely with the video content described. The video appears to be a compilation of scenes from a hidden camera prank or social experiment, capturing genuine reactions to staged situations or pranks. The thumbnail accurately represents the main topic of the video, which involves people interacting on an escalator in a public setting. There are no exaggerated claims or misleading elements present in the thumbnail."
I74FAkaL1Fk,"### Analysis:

1. **Examine the thumbnail**: The thumbnail shows a woman and a man facing each other, with the text ""WHO IS BETTER IN..."" prominently displayed. The image suggests a competitive scenario, possibly involving a quiz or game show format.

2. **Read the subtitles and video content**:
   - The subtitles indicate a playful interaction between the couple, where they are playing a game called ""Mr. and Mrs."" which involves answering questions about each other.
   - The video content shows them engaging in a quiz-like activity, discussing personal questions like favorite songs and dates of meetings, and revealing their answers to each other.

3. **Compare the thumbnail to the actual video content**:
   - The thumbnail depicts a competitive scenario, which aligns with the idea of a quiz or game show.
   - However, the actual video content is more focused on a casual, intimate interaction rather than a competitive one. The couple seems to be enjoying themselves and having fun, rather than competing against each other.

4. **Determine if the thumbnail accurately represents the video's main topic or content**:
   - The thumbnail suggests a competitive environment, which is not fully represented in the video content. The video is more about a relaxed, playful interaction rather than a serious competition.

5. **Assess whether the thumbnail uses exaggeration, false promises, or clickbait tactics**:
   - The thumbnail does not use exaggerated language or false promises. It simply suggests a competitive scenario, which is somewhat misleading because the actual content is more casual and less competitive.

6. **Categorize the thumbnail as either ""Misleading"" or ""Not Misleading""**:
   - Based on the analysis, the thumbnail is misleading because it suggests a competitive environment that is not fully represented in the video content.

7. **Explanation**:
   - The thumbnail implies a competitive game show format, which is not what the video content shows. The video is more about a casual, playful interaction between the couple, which is not accurately represented by the thumbnail.

### Final Decision:
**Misleading**

**Explanation**: The thumbnail suggests a competitive game show format, which is not fully represented in the video content. The video is more about a casual, playful interaction between the couple, which is not accurately represented by the thumbnail."
pEWqOAcYgpQ,"### Analysis:

1. **Examine the thumbnail**:
   - The thumbnail features a close-up of a character with a beard and a serious expression.
   - The text on the thumbnail reads: ""THEATRICAL TRAILER THE LEGEND OF maula jatt.""

2. **Read through the video subtitles and content description**:
   - The subtitles include dialogue from the trailer, which mentions a character named ""Maula Jatt,"" a Jatt Sardar, and themes of conflict, leadership, and spirituality.
   - The content description describes an epic historical drama set in an ancient Middle Eastern or South Asian civilization, featuring themes of leadership, conflict, and spiritual or religious elements.

3. **Compare the thumbnail to the actual video content**:
   - The thumbnail shows a close-up of a character, which aligns with the focus on a specific individual in the trailer.
   - The text ""THE LEGEND OF maula jatt"" directly references the main character mentioned in the subtitles and the content description.

4. **Determine if the thumbnail accurately represents the video's main topic or content**:
   - The thumbnail accurately represents the main character (Maula Jatt) and the theme of the trailer, which is centered around him.

5. **Assess whether the thumbnail uses exaggeration, false promises, or clickbait tactics**:
   - There is no indication of exaggeration or clickbait tactics in the thumbnail. It clearly indicates the subject matter and the character it focuses on.

6. **Categorize the thumbnail**:
   - Based on the analysis, the thumbnail does not use any misleading tactics; it accurately represents the main topic and content of the trailer.

7. **Explanation**:
   - The thumbnail effectively communicates the focus on the character ""Maula Jatt"" and the epic nature of the story. It does not overpromise or underrepresent the content, ensuring that viewers understand what to expect from the trailer.

### Conclusion:
**Categorization**: Not Misleading  
**Explanation**: The thumbnail accurately represents the main character and the thematic focus of the trailer, without using any misleading tactics."
oeP78MLHj0U,"### Analysis:

**Step 1: Examine the thumbnail**
- The thumbnail shows two women sitting on a couch in a brightly colored, cozy room. One woman is handing an object (possibly a snack or drink) to the other. The text overlay reads ""BOL YA BOWL.""

**Step 2: Read the video subtitles and content description**
- The subtitles suggest a casual, conversational setting where the women are discussing various topics, possibly sharing anecdotes or jokes.
- The content description indicates a talk show format with a relaxed and informal atmosphere, featuring two women engaging in a candid conversation.

**Step 3: Compare the thumbnail to the actual video content**
- The thumbnail depicts a scene where the women are interacting casually, which aligns with the description of a talk show with a relaxed tone.
- However, the text ""BOL YA BOWL"" does not directly relate to the content described in the video subtitles and description. It suggests a possible reference to food or a casual snack, but the video content does not explicitly mention food or snacks.

**Step 4: Determine if the thumbnail accurately represents the video's main topic or content**
- The thumbnail accurately represents the general theme of a casual conversation between two women, which matches the description of the video content.
- However, the text ""BOL YA BOWL"" introduces a specific element (snacks or food) that is not clearly indicated in the video content.

**Step 5: Assess whether the thumbnail uses exaggeration, false promises, or clickbait tactics**
- The thumbnail does not use exaggerated claims or false promises. It simply shows a casual interaction between two women, which is consistent with the video content.
- The text ""BOL YA BOWL"" could be considered slightly misleading as it introduces an element (snacks or food) that is not explicitly mentioned in the video content.

**Step 6: Categorize the thumbnail**
- **Categorization:** Misleading

**Explanation:**
- While the thumbnail accurately depicts the general theme of a casual conversation between two women, the text ""BOL YA BOWL"" introduces an element (snacks or food) that is not explicitly mentioned in the video content. This could mislead viewers into expecting a segment related to food or snacks, which is not the case based on the video description. Therefore, the thumbnail is misleading."
uIbzMGh9-4k,"### Analysis:

1. **Examine the thumbnail**: The thumbnail features the text ""IDIOTS IN CARS 261"". It suggests that the video contains footage of drivers behaving foolishly or dangerously behind the wheel.

2. **Read through the video content**: The video compilation showcases various traffic incidents, driving scenarios, and accidents, often with critical commentary about driver actions and safety concerns. The content includes examples of tailgating, rear-end accidents, hit-and-run incidents, racing incidents, and other unsafe driving behaviors.

3. **Compare the thumbnail to the actual video content**: The thumbnail accurately reflects the content of the video, which focuses on documenting traffic incidents and unusual driving behavior. The term ""idiots in cars"" aligns well with the theme of the video, which highlights problematic driving situations.

4. **Determine if the thumbnail accurately represents the video's main topic or content**: The thumbnail effectively communicates the nature of the video content without exaggeration or false promises.

5. **Assess whether the thumbnail uses exaggeration, false promises, or clickbait tactics**: There is no indication of exaggeration or clickbait tactics in the thumbnail. It simply states the theme of the video.

6. **Categorize the thumbnail**: Based on the analysis, the thumbnail is not misleading.

7. **Explanation**: The thumbnail accurately represents the video content by indicating that the video documents traffic incidents and unusual driving behavior. It does not use any exaggerated claims or false promises, thus it is not misleading.

**Categorization**: Not Misleading

**Explanation**: The thumbnail accurately represents the video content by highlighting the theme of the video, which is documenting traffic incidents and unusual driving behavior. It does not use any exaggerated claims or false promises."
F2O5s92UxaA,"### Analysis of the Provided Information

#### Step 1: Examine the Thumbnail
The thumbnail shows Vladimir Putin seated in what appears to be a formal setting, likely a government office or meeting room. The background includes elements of the Russian flag, which suggests a connection to Russian politics or leadership. The CNN logo is prominently displayed, indicating that the content is related to news coverage.

#### Step 2: Read Through the Video Subtitles and Content Description
The subtitles and video content describe a series of news reports covering the conflict between Russia and Ukraine. The reports include discussions about the use of nuclear weapons, missile strikes, and the movement of troops. The content also mentions interviews with officials and the impact on civilians.

#### Step 3: Compare the Thumbnail to the Actual Video Content
The thumbnail does not directly depict any specific scene or event from the video content. Instead, it shows Putin in a formal setting, which aligns with the theme of Russian leadership and political discourse. However, the thumbnail does not provide any visual cues about the specific topics discussed in the video, such as nuclear weapons, missile strikes, or the movement of troops.

#### Step 4: Determine if the Thumbnail Accurately Represents the Video's Main Topic or Content
The thumbnail does not accurately represent the main topics or content of the video. While it may suggest a focus on Russian leadership, it does not convey the specific themes of nuclear weapons, missile strikes, or troop movements that are central to the video content.

#### Step 5: Assess Whether the Thumbnail Uses Exaggeration, False Promises, or Clickbait Tactics
The thumbnail does not use exaggerated language or false promises. It simply shows Putin in a formal setting, which is appropriate for a news segment about Russian leadership. However, it does not effectively communicate the specific topics discussed in the video.

#### Step 6: Categorize the Thumbnail as Either ""Misleading"" or ""Not Misleading""
Given that the thumbnail does not accurately represent the specific topics discussed in the video, it can be considered misleading.

#### Step 7: Provide a Brief Explanation for Your Decision
The thumbnail shows Putin in a formal setting, which is appropriate for a news segment about Russian leadership. However, it does not effectively communicate the specific topics discussed in the video, such as nuclear weapons, missile strikes, or troop movements. Therefore, the thumbnail is misleading because it fails to accurately represent the main topics or content of the video.

### Final Categorization: Misleading"
MEI16327tCQ,"### Analysis:

**Step 1: Examine the thumbnail**
- The thumbnail features four individuals dressed in formal attire, suggesting a professional or dramatic context.
- The text on the thumbnail reads ""3 MILLION VIEWS"" and ""EPISODE - 01"" along with the title ""وفا مول"" (which translates to ""Loyalty"" in English).

**Step 2: Read through the video subtitles and content description**
- The subtitles include phrases like ""This issue is worth loyalty,"" ""I am stuck, my love is stuck,"" and ""That a."" These suggest themes related to loyalty, personal struggles, and emotional dilemmas.
- The content description mentions a Pakistani drama with themes of family relationships, personal struggles, cultural traditions, and contemporary societal issues.

**Step 3: Compare the thumbnail to the actual video content**
- The thumbnail depicts a group of formally dressed individuals, which aligns with the professional or dramatic tone suggested by the subtitles and content description.
- However, the subtitles and content description delve into specific themes of loyalty, personal struggles, and emotional dilemmas, which are not visually represented in the thumbnail.

**Step 4: Determine if the thumbnail accurately represents the video's main topic or content**
- While the thumbnail accurately represents the professional or dramatic context, it fails to convey the specific themes of loyalty, personal struggles, and emotional dilemmas mentioned in the subtitles and content description.

**Step 5: Assess whether the thumbnail uses exaggeration, false promises, or clickbait tactics**
- The thumbnail does not use exaggerated claims or false promises. It accurately represents the professional or dramatic context of the video.

**Step 6: Categorize the thumbnail**
- **Categorization:** Misleading

**Explanation:**
- The thumbnail accurately represents the professional or dramatic context of the video but fails to convey the specific themes of loyalty, personal struggles, and emotional dilemmas mentioned in the subtitles and content description. This misleads viewers into expecting a different type of content than what is actually presented in the video. Therefore, the thumbnail is misleading."
VVAIH60YeYg,"### Analysis of the Provided Information

#### Step 1: Examine the Thumbnail
The thumbnail does not appear to be provided in the given information. Therefore, we cannot visually assess the thumbnail for misleading elements based on the provided details.

#### Step 2: Read Through the Video Subtitles and Content Description
The video content appears to be a compilation of various interview and talk show segments featuring different celebrities and public figures across multiple settings. The subtitles include a mix of casual conversation, humorous exchanges, and potentially sensitive topics related to personal experiences and opinions.

#### Step 3: Compare the Thumbnail (Assumed Absence) to the Actual Video Content
Since the thumbnail is not provided, we cannot directly compare it to the video content. However, the video content itself does not seem to contain any exaggerated claims or misleading elements that would typically be associated with a thumbnail.

#### Step 4: Determine if the Thumbnail Accurately Represents the Video's Main Topic or Content
Without the thumbnail, we cannot determine if it accurately represents the video's main topic or content. Since the thumbnail is absent, we must rely on the video content itself.

#### Step 5: Assess Whether the Thumbnail Uses Exaggeration, False Promises, or Clickbait Tactics
Since the thumbnail is not provided, we cannot assess for any misleading tactics.

#### Step 6: Categorize the Thumbnail as Either ""Misleading"" or ""Not Misleading""
Given the absence of a thumbnail, we cannot categorize it as either misleading or not misleading.

#### Step 7: Provide a Brief Explanation for Your Decision
Since the thumbnail is not provided, we cannot make a determination based on the given information. The analysis is limited to the video content, which does not suggest any misleading elements.

### Conclusion
**Categorization:** Not Misleading  
**Explanation:** The absence of a thumbnail prevents a proper assessment of its misleading potential. The video content itself does not indicate any misleading elements."
eSeF6HV9Wh0,"### Analysis:

1. **Examine the thumbnail**: The provided thumbnail does not appear to be included in the description, so we cannot evaluate it based on the given information.

2. **Read through the video subtitles and content description**: The subtitles and the video description do not provide any specific details about the thumbnail itself. Instead, they describe a cooking reality show called ""Temptation's Chefs.""

3. **Compare the thumbnail to the actual video content**: Since the thumbnail is not provided, we cannot compare it directly to the video content.

4. **Determine if the thumbnail accurately represents the video's main topic or content**: Without the thumbnail, we cannot assess whether it accurately represents the content of the video.

5. **Assess whether the thumbnail uses exaggeration, false promises, or clickbait tactics**: Similarly, since the thumbnail is not provided, we cannot evaluate these aspects.

6. **Categorize the thumbnail as either ""Misleading"" or ""Not Misleading""**: Given the lack of a thumbnail to analyze, we cannot make a determination.

### Conclusion:

Since the thumbnail is not provided, we cannot categorize it as either ""Misleading"" or ""Not Misleading."" Therefore, the appropriate classification for this analysis is:

**Not Misleading**

Explanation: The provided information does not include a thumbnail, so we cannot make a judgment based on the thumbnail's accuracy or misleading nature."
2_6AK1X8uhE,"### Analysis and Categorization

#### Step 1: Examine the Thumbnail
The thumbnail features a man holding a book titled ""Quran"" and includes the text ""Can We Admit Our Kids in Covenant Schools?"" The image shows another individual in the background, seemingly engaged in a discussion or presentation.

#### Step 2: Read Through the Video Subtitles and Content Description
The subtitles discuss a parent's dilemma regarding the admission of their child into an Islamic school versus a convent school due to proximity concerns. The parent expresses concern over safety and the potential influence of the convent school on their child’s beliefs and values.

#### Step 3: Compare the Thumbnail to the Actual Video Content
The thumbnail prominently displays the question ""Can We Admit Our Kids in Covenant Schools?"" which aligns closely with the main topic discussed in the subtitles. However, the subtitle text does not explicitly mention ""covenant schools,"" which could be misleading as the video content revolves around Islamic schools rather than covenant schools.

#### Step 4: Determine if the Thumbnail Accurately Represents the Video's Main Topic or Content
While the thumbnail accurately reflects the core issue being discussed (admission of children into Islamic schools), it might be misleading because it uses the term ""covenant schools"" instead of ""Islamic schools."" This could lead viewers to believe the video is about a different topic altogether.

#### Step 5: Assess Whether the Thumbnail Uses Exaggeration, False Promises, or Clickbait Tactics
The thumbnail does not use exaggerated claims or false promises. It accurately represents the main topic but uses a potentially misleading term (""covenant schools"") that could mislead viewers.

#### Step 6: Categorize the Thumbnail
**Categorization:** Misleading

#### Step 7: Provide a Brief Explanation for the Decision
The thumbnail uses the term ""covenant schools"" instead of ""Islamic schools,"" which could mislead viewers into expecting a video about a different topic. While the thumbnail accurately represents the core issue being discussed, the use of the wrong terminology (""covenant schools"") makes it misleading."
Mhj15W23IjA,"### Analysis:

1. **Examine the thumbnail**: The provided thumbnail does not exist in the given information. Therefore, we cannot visually assess the thumbnail for any misleading elements based on the provided data.

2. **Read through the video subtitles and content description**: Since subtitles are not available, we rely solely on the video description for context.

3. **Compare the thumbnail to the actual video content**: As the thumbnail is not provided, we cannot compare it directly to the video content.

4. **Determine if the thumbnail accurately represents the video's main topic or content**: Without a thumbnail to evaluate, we cannot make a determination regarding accuracy.

5. **Assess whether the thumbnail uses exaggeration, false promises, or clickbait tactics**: Since no thumbnail is present, we cannot assess for these tactics.

6. **Categorize the thumbnail as either ""Misleading"" or ""Not Misleading""**: Given the lack of a thumbnail to evaluate, we cannot categorize it.

7. **Provide a brief explanation for your decision**: Since the thumbnail is not provided, there is insufficient information to make a judgment on its misleading nature.

### Conclusion:
The thumbnail is not provided, so it cannot be analyzed for misleading characteristics. Therefore, the category remains undetermined."
edpRqir29aI,"### Analysis:

1. **Examine the thumbnail**: The thumbnail features three individuals in a clothing store, with one pointing towards a shirt. The text overlay reads ""Best Slapping Prank.""

2. **Read the subtitles and content description**: The subtitles suggest a prank involving slapping, which aligns with the thumbnail description. However, the content description indicates a playful interaction in a clothing store without any mention of slapping.

3. **Compare the thumbnail to the actual video content**: The thumbnail depicts a scene where one individual is pointing at a shirt, which could be interpreted as part of a prank setup. However, the video content description suggests a playful interaction rather than a prank involving slapping.

4. **Determine if the thumbnail accurately represents the video's main topic or content**: The thumbnail suggests a prank involving slapping, while the video content description indicates a playful interaction in a clothing store. There is a mismatch between the expectation set by the thumbnail and the actual content.

5. **Assess whether the thumbnail uses exaggeration, false promises, or clickbait tactics**: The thumbnail uses the term ""Best Slapping Prank,"" which might mislead viewers into expecting a more serious or intense prank when the actual content is a playful interaction.

6. **Categorize the thumbnail**: Based on the analysis, the thumbnail is misleading because it sets up expectations of a serious prank involving slapping, whereas the actual content is a playful interaction in a clothing store.

### Conclusion:

**Categorization: Misleading**

**Explanation:** The thumbnail uses the term ""Best Slapping Prank"" to set up expectations of a serious prank involving slapping, which is not reflected in the actual content of the video. This creates a misleading impression that the video contains a more intense or serious prank than what is actually shown."
0VMkhHN0V3g,"### Analysis:

1. **Thumbnail**: The thumbnail depicts two animated characters walking through a lush forest setting. The text on the thumbnail reads ""मेजिक भूत का Secret"" which translates to ""The Secret of the Magical Spirit.""

2. **Video Subtitles**: The subtitles include dialogue from a conversation between characters in a rural Indian village setting. The conversation revolves around a coconut tree, a royal court, and a Swayamvara (a traditional Indian wedding ceremony). There is no mention of a magical spirit or secret related to spirits in the subtitles.

3. **Video Content Description**: The video description outlines a series of scenes that include a village gathering, interactions between characters, a royal court, and a mystical forest setting. The narrative seems to blend everyday village life with moments of excitement and wonder, possibly involving moral lessons or adventures.

### Comparison:

- **Thumbnail vs. Subtitles**: The thumbnail suggests a magical element (""Secret of the Magical Spirit""), while the subtitles describe a traditional village setting with a royal court and a Swayamvara ceremony. There is no direct connection between the thumbnail and the subtitles.
  
- **Thumbnail vs. Video Content**: The thumbnail shows two characters in a forest, which aligns somewhat with the mystical forest setting mentioned in the video description. However, the magical spirit aspect is not explicitly mentioned in the video content.

### Misleading Assessment:

The thumbnail uses the term ""Secret of the Magical Spirit,"" which is not supported by the subtitles or the video content. The video does not feature a magical spirit or a secret related to spirits. Therefore, the thumbnail is misleading as it implies a magical theme that is not present in the actual video content.

### Conclusion:

**Categorization**: Misleading

**Explanation**: The thumbnail inaccurately suggests a magical theme (""Secret of the Magical Spirit"") that is not reflected in the subtitles or the actual video content. It uses a misleading title to attract viewers without providing relevant context."
uvYEgnYWE3E,"### Analysis:

1. **Examine the thumbnail**: The thumbnail features two young performers in school uniforms against a cheerful animated background with smiling trees, a sun, and cartoon characters. The text ""RESPECT SONG"" is prominently displayed.

2. **Read through the video content**: The video is described as an educational children's song about respect, featuring animated backgrounds and two young performers in school uniforms. The video includes various scenes where the performers demonstrate different aspects of showing respect through gestures and actions.

3. **Compare the thumbnail to the actual video content**: The thumbnail accurately represents the main theme of the video, which is about teaching children about respect through a song. The animated background and the presence of the performers in school uniforms align well with the educational nature of the content.

4. **Determine if the thumbnail accurately represents the video's main topic or content**: The thumbnail effectively conveys the educational purpose of the video without any misleading elements.

5. **Assess whether the thumbnail uses exaggeration, false promises, or clickbait tactics**: There are no exaggerated claims or misleading promises in the thumbnail. It simply presents the video as an educational song about respect.

6. **Categorize the thumbnail**: Based on the analysis, the thumbnail does not use any misleading tactics and accurately represents the video's main topic.

7. **Explanation**: The thumbnail accurately depicts the educational nature of the video and the theme of teaching respect through a song. It does not promise anything beyond what is shown in the video, ensuring that viewers have realistic expectations.

**Categorization**: Not Misleading

**Explanation**: The thumbnail accurately represents the educational content of the video about teaching respect through a song, without any misleading elements."
Zaf6L_khhV4,"### Analysis:

1. **Examine the thumbnail**: The thumbnail shows a live broadcast of a soccer match between Arsenal and Brighton, with the ""LIVE"" indicator prominently displayed. It also includes the Premier League logo and the team logos for Arsenal and Brighton Albion.

2. **Read the subtitles and video content**: The subtitles provide commentary on the match, mentioning specific players like Sinchenko and Gabriel. The video content shows the final moments of the match, with the score tied at 1-1 and the game in its final stages.

3. **Compare the thumbnail to the actual video content**: The thumbnail accurately represents the content of the video, which is a live broadcast of a soccer match between Arsenal and Brighton.

4. **Determine if the thumbnail accurately represents the video's main topic or content**: The thumbnail correctly depicts the live broadcast nature of the video, showing the teams playing and the ""LIVE"" indicator.

5. **Assess whether the thumbnail uses exaggeration, false promises, or clickbait tactics**: There are no exaggerated claims or misleading elements in the thumbnail. It simply shows what the video contains—a live broadcast of a soccer match.

6. **Categorize the thumbnail**: Based on the analysis, the thumbnail is not misleading.

7. **Explanation**: The thumbnail accurately represents the content of the video, which is a live broadcast of a soccer match between Arsenal and Brighton. There are no exaggerated claims or misleading elements present.

**Categorization**: Not Misleading

**Explanation**: The thumbnail accurately reflects the content of the video, which is a live broadcast of a soccer match between Arsenal and Brighton, without any misleading elements."
a8T5fc0uj1A,"### Analysis:

1. **Examine the thumbnail**: The thumbnail features a man in a suit with the text ""Skype fail"". This suggests a humorous or embarrassing situation involving Skype, likely involving technical issues or a comedic mishap.

2. **Read through the subtitles and content description**: The subtitles indicate a serious discussion about democracy, scandals, and geopolitical relations. The content description describes a professional interview being interrupted by a child and another person trying to remove her, leading to a chaotic moment where the interviewee stumbles over his words and apologizes.

3. **Compare the thumbnail to the actual video content**: The thumbnail does not accurately represent the content of the video. The thumbnail implies a humorous or technical issue, whereas the video content is a serious discussion interrupted by a child and another person trying to remove her.

4. **Determine if the thumbnail accurately represents the video's main topic or content**: The thumbnail does not match the serious nature of the discussion or the chaotic interruption described in the video.

5. **Assess whether the thumbnail uses exaggeration, false promises, or clickbait tactics**: The thumbnail uses clickbait tactics by suggesting a humorous or embarrassing situation, which is not reflected in the actual content of the video.

6. **Categorize the thumbnail as either ""Misleading"" or ""Not Misleading""**: Based on the analysis, the thumbnail is misleading.

7. **Provide a brief explanation for your decision**: The thumbnail suggests a humorous or embarrassing situation involving Skype, which is not the case in the video. Instead, the video depicts a serious discussion being interrupted by a child and another person trying to remove her, leading to a chaotic moment. The thumbnail uses clickbait tactics to attract viewers, which is not appropriate for the content of the video.

**Categorization**: Misleading"
AXFhTXSLjco,"### Analysis and Categorization:

**Step 1:** Examine the thumbnail.
- The thumbnail depicts a group of people inside a car, seemingly engaged in a serious discussion about a zombie apocalypse scenario. The individuals appear to be in distress, which aligns with the theme suggested by the video description.

**Step 2:** Read through the video subtitles and content description.
- The subtitles and the video content describe a comedic skit or parody about a zombie apocalypse scenario, filmed from inside a car. The characters react to news reports about a viral outbreak, high fever, nausea, death, and cannibalism, leading to a chaotic decision-making process involving a cat and weapons.

**Step 3:** Compare the thumbnail to the actual video content.
- The thumbnail shows a group of people in a car, appearing distressed and discussing a serious situation. However, the video content reveals that this is a comedic skit, and the characters' reactions are exaggerated for humor rather than depicting a genuine zombie apocalypse scenario.

**Step 4:** Determine if the thumbnail accurately represents the video's main topic or content.
- The thumbnail does not accurately represent the video's main topic or content. It suggests a serious, dramatic scenario when the video is actually a comedic parody.

**Step 5:** Assess whether the thumbnail uses exaggeration, false promises, or clickbait tactics.
- The thumbnail uses exaggeration by depicting a serious situation that is not reflected in the actual video content. It creates a misleading expectation that the video will deal with a real zombie apocalypse scenario.

**Step 6:** Categorize the thumbnail as either ""Misleading"" or ""Not Misleading"".
- **Categorization: Misleading**

**Explanation:**
The thumbnail misleads viewers by suggesting a serious, dramatic scenario when the video is actually a comedic parody. It uses exaggerated imagery and a serious tone to attract viewers, which is not representative of the actual content. This type of misleading tactic is commonly referred to as clickbait, as it aims to draw viewers in with an exaggerated promise of serious content."
tK0xLe_jpM8,"### Analysis:

#### Step 1: Examine the thumbnail
The thumbnail features a woman with a yellow background and a speech bubble containing the text: ""'Both Ranbir & I Are Hands-On Parents'"". 

#### Step 2: Read through the video subtitles and content description
The subtitles indicate that the video is an interview or discussion about parenting, specifically focusing on the speaker's experiences as a parent and the importance of hands-on parenting. The content description mentions topics such as parenting, work-life balance, and the speaker's involvement as a storyteller and author.

#### Step 3: Compare the thumbnail to the actual video content
The thumbnail suggests that the video will primarily discuss the hands-on parenting approach taken by the speaker and their partner Ranbir. However, the subtitles and content description reveal that the video covers broader topics including storytelling, authorship, and the challenges of balancing work and family life.

#### Step 4: Determine if the thumbnail accurately represents the video's main topic or content
The thumbnail does not accurately represent the main topics discussed in the video. While the theme of hands-on parenting is mentioned, the video content extends beyond this to include discussions about storytelling, authorship, and the challenges of managing time as a working parent.

#### Step 5: Assess whether the thumbnail uses exaggeration, false promises, or clickbait tactics
The thumbnail does not use exaggerated claims or false promises. It accurately reflects the primary theme of hands-on parenting, which is a significant aspect of the video content. However, it does not fully capture the breadth of topics discussed, which could mislead viewers expecting a more focused discussion on hands-on parenting alone.

#### Step 6: Categorize the thumbnail as either ""Misleading"" or ""Not Misleading""
Based on the analysis, the thumbnail is **misleading** because it does not fully represent the diverse topics covered in the video. While it accurately highlights the hands-on parenting aspect, it fails to convey the broader themes of storytelling, authorship, and work-life balance.

#### Step 7: Provide a brief explanation for the decision
The thumbnail suggests a video focused solely on hands-on parenting, which is a significant but limited aspect of the content. The video, however, covers a wider range of topics including storytelling, authorship, and the challenges of balancing work and family life. Therefore, the thumbnail is misleading as it does not adequately reflect the comprehensive nature of the video's content."
C0WDFCjztaw,"### Analysis:

1. **Examine the thumbnail**: The thumbnail shows a man and a woman in traditional Indian attire, likely from a Bollywood-style musical performance. The image suggests a romantic or celebratory scene, which aligns with the theme of the video described.

2. **Read the subtitles and video content**: The subtitles contain lyrics and dialogue that suggest a romantic and celebratory tone, with themes of love, celebration, and possibly some humor. The content includes references to traditional Indian instruments, dances, and a mix of classical and contemporary elements.

3. **Compare the thumbnail to the actual video content**: The thumbnail accurately represents the romantic and celebratory nature of the video, which is evident from the traditional attire and the setting described in the video description.

4. **Determine if the thumbnail accurately represents the video's main topic or content**: The thumbnail effectively captures the essence of the video, which is a vibrant Bollywood-style musical performance with romantic and celebratory elements.

5. **Assess whether the thumbnail uses exaggeration, false promises, or clickbait tactics**: The thumbnail does not use any exaggerated claims or false promises. It simply depicts the romantic and celebratory theme of the video.

6. **Categorize the thumbnail**: Based on the analysis, the thumbnail is not misleading.

7. **Explanation**: The thumbnail accurately reflects the romantic and celebratory theme of the video, which is consistent with the content described. There are no exaggerated claims or misleading elements present in the thumbnail.

**Categorization**: Not Misleading

**Explanation**: The thumbnail accurately represents the romantic and celebratory nature of the video, which is consistent with the content described in the video description."
p7QS4cz-Avs,"### Analysis:

1. **Examine the thumbnail**:
   - The thumbnail features the words ""MOMENTS SPANNERS AND SEESAWS"" with illustrations of wrenches and a seesaw.
   - The title suggests that the video will cover topics related to moments, spammers, and seesaws.

2. **Read through the video subtitles and content description**:
   - The subtitles mention moments, spammers, and seesaws.
   - The content description explains the concept of moments in physics, particularly focusing on the rotational effect of forces, using examples like a seesaw and a wrench.

3. **Compare the thumbnail to the actual video content**:
   - The thumbnail accurately represents the main topic of the video, which is moments in physics, including the use of a seesaw and a wrench.
   - The thumbnail does not mislead viewers about the content; it correctly indicates that the video will cover these specific topics.

4. **Determine if the thumbnail accurately represents the video's main topic or content**:
   - The thumbnail accurately reflects the educational content of the video, which focuses on moments in physics and their applications.

5. **Assess whether the thumbnail uses exaggeration, false promises, or clickbait tactics**:
   - There is no exaggeration or false promises in the thumbnail. It simply states the topics covered without any misleading claims.

6. **Categorize the thumbnail**:
   - **Categorization**: Not Misleading

7. **Explanation**:
   - The thumbnail accurately represents the educational content of the video, which covers moments in physics, including the use of a seesaw and a wrench. There are no misleading elements or exaggerated claims in the thumbnail.

### Final Decision:
**Categorization**: Not Misleading

**Explanation**: The thumbnail accurately represents the main topic of the video, which is moments in physics, including the use of a seesaw and a wrench. There are no misleading elements or exaggerated claims in the thumbnail."
4bMSJY9ddL8,"### Analysis:

**Step 1: Examine the thumbnail**
- The thumbnail depicts a dynamic scene of prehistoric marine life, specifically showing large marine creatures leaping out of the water. The image is vibrant and captures the essence of prehistoric marine life, which aligns closely with the theme of the video.

**Step 2: Read through the video subtitles and content description**
- The subtitles and video content focus on prehistoric marine life, particularly large marine reptiles and their dominance in the oceans millions of years ago. The video provides scientific insights into the diversity and scale of these creatures, as well as their evolutionary context.

**Step 3: Compare the thumbnail to the actual video content**
- The thumbnail accurately represents the main topic of the video, which is exploring prehistoric marine life, especially large marine reptiles. It captures the dynamic and dramatic nature of the scenes shown in the video.

**Step 4: Determine if the thumbnail accurately represents the video's main topic or content**
- The thumbnail effectively conveys the theme of the video without any misleading elements. It does not exaggerate or misrepresent the content.

**Step 5: Assess whether the thumbnail uses exaggeration, false promises, or clickbait tactics**
- The thumbnail does not use any exaggerated claims or false promises. It accurately reflects the content of the video, which is educational and informative about prehistoric marine life.

**Step 6: Categorize the thumbnail**
- **Categorization:** Not Misleading

**Step 7: Provide a brief explanation for the decision**
- The thumbnail accurately represents the main topic of the video, which is exploring prehistoric marine life, particularly large marine reptiles. It does not use any exaggerated claims or false promises, and it effectively conveys the dramatic and educational nature of the content. Therefore, it is not misleading.

**Final Decision:** Not Misleading"
rkOySwlEtVk,"### Analysis:

1. **Examine the thumbnail**: The thumbnail shows a man in a suit, sitting in a well-decorated room, which suggests a formal interview setting. There are no visual elements that indicate the content involves dramatic or exaggerated claims.

2. **Read through the subtitles and content description**: The subtitles and the video description provide context about the interviewee being a prominent Indian actor named Amitabh Bachchan, known as ""Big B,"" who has had a significant impact on Bollywood over several decades. The content description mentions that the video is an interview discussing his career, achievements, and reflections on the film industry.

3. **Compare the thumbnail to the actual video content**: The thumbnail accurately represents the setting of the interview, which aligns with the content described in the video description. There are no misleading elements in the thumbnail.

4. **Determine if the thumbnail accurately represents the video's main topic or content**: The thumbnail effectively conveys that the video is an interview with a famous actor, which matches the content described in the video.

5. **Assess whether the thumbnail uses exaggeration, false promises, or clickbait tactics**: The thumbnail does not use any exaggerated claims or false promises. It simply depicts a formal interview setting, which is appropriate for the content described.

6. **Categorize the thumbnail**: Based on the analysis, the thumbnail is not misleading.

7. **Explanation**: The thumbnail accurately reflects the setting and subject matter of the video, which is an interview with a renowned Indian actor discussing his career and the film industry. There are no misleading elements or exaggerated claims present in the thumbnail.

**Categorization**: Not Misleading

**Explanation**: The thumbnail accurately represents the setting and subject of the video, which is an interview with a famous Indian actor discussing his career and the film industry. There are no misleading elements or exaggerated claims in the thumbnail."
Q9UkP0G77Bk,"### Analysis:

1. **Examine the thumbnail**: The thumbnail shows a man speaking on stage with the title ""Stupid Sayings"" and the name ""Don McEnery."" It suggests that the video is about humorous observations or anecdotes related to common phrases or sayings.

2. **Read the subtitles and content description**: The subtitles indicate that the video features a comedian discussing various phrases and their meanings, often pointing out how these phrases can be confusing or misleading. The content description confirms that the video is indeed a stand-up comedy performance where the comedian shares his thoughts on common sayings and their implications.

3. **Compare the thumbnail to the actual video content**: The thumbnail accurately represents the main topic of the video, which is the comedian discussing and explaining common phrases. There are no exaggerated claims or misleading elements in the thumbnail.

4. **Determine if the thumbnail accurately represents the video's main topic or content**: The thumbnail correctly reflects the content of the video, which is focused on the comedian's commentary on common phrases and their meanings.

5. **Assess whether the thumbnail uses exaggeration, false promises, or clickbait tactics**: The thumbnail does not use any exaggerated claims or clickbait tactics. It simply states the topic of the video, which is clear and straightforward.

6. **Categorize the thumbnail**: Based on the analysis, the thumbnail is not misleading.

7. **Explanation**: The thumbnail accurately represents the content of the video, which is a stand-up comedy performance where the comedian discusses common phrases and their meanings. There are no misleading elements or exaggerated claims in the thumbnail.

**Categorization**: Not Misleading

**Explanation**: The thumbnail accurately represents the main topic of the video, which is the comedian's commentary on common phrases and their meanings. There are no misleading elements or exaggerated claims in the thumbnail."
Jj56yCjJEck,"### Analysis:

**Step 1: Examine the thumbnail**
The thumbnail shows a child sitting behind a long line of superhero action figures, specifically Marvel characters. The child appears to be posing with excitement, surrounded by a large collection of toys.

**Step 2: Read the video subtitles and content description**
The subtitles include phrases like ""my superhero toy collection,"" ""DC collection,"" ""Marvel toy collection,"" and ""superhero Domino."" The video content description focuses on a child playing with superhero action figures, particularly Marvel characters, and showcases the collection and play scenes.

**Step 3: Compare the thumbnail to the actual video content**
The thumbnail accurately depicts the main theme of the video, which is a child playing with superhero action figures, particularly Marvel characters. The video content aligns closely with the thumbnail, showing the child interacting with the toys and demonstrating the collection.

**Step 4: Determine if the thumbnail accurately represents the video's main topic or content**
The thumbnail accurately represents the video's main topic, which is the child's interaction with superhero action figures, especially Marvel characters. It does not exaggerate or mislead viewers about the content.

**Step 5: Assess whether the thumbnail uses exaggeration, false promises, or clickbait tactics**
The thumbnail does not use any exaggerated claims or false promises. It simply shows the child with a collection of toys, which matches the video content.

**Step 6: Categorize the thumbnail**
Based on the analysis, the thumbnail is **Not Misleading**.

**Explanation:**
The thumbnail accurately reflects the video's content, which is centered around a child playing with superhero action figures, particularly Marvel characters. There are no misleading elements or exaggerated claims in the thumbnail that would mislead viewers about the video's content."
EFFVStl_Uac,"### Analysis of the Provided Information

#### Step 1: Examine the Thumbnail
The thumbnail features a rusted ship stranded in icy waters, accompanied by the text ""ANTARCTICA's DARK SECRETS.""

#### Step 2: Read Through the Video Subtitles and Content Description
The subtitles and video content describe a documentary exploring Antarctica's history, exploration, and mysteries. It mentions historical explorers, the harsh conditions, and the potential resources like oil reserves. The video also touches on the geopolitical aspects of Antarctica, including claims by different countries.

#### Step 3: Compare the Thumbnail to the Actual Video Content
The thumbnail depicts a ship in distress in icy waters, which aligns with the historical footage of ships battling through stormy, ice-filled waters shown in the video. However, the thumbnail does not explicitly mention the geopolitical aspects or the potential resources discussed in the video.

#### Step 4: Determine if the Thumbnail Accurately Represents the Video's Main Topic or Content
The thumbnail accurately represents the historical and exploratory themes of the video, as it shows a ship in a challenging environment. However, it does not convey the full scope of the video's content, which includes discussions on geopolitics and resources.

#### Step 5: Assess Whether the Thumbnail Uses Exaggeration, False Promises, or Clickbait Tactics
The thumbnail does not use exaggerated language or false promises. It accurately reflects the historical and exploratory elements of the video but lacks the broader context of the geopolitical and resource-related topics discussed.

#### Step 6: Categorize the Thumbnail
Based on the analysis, the thumbnail is **Not Misleading**.

#### Explanation:
The thumbnail effectively captures the essence of the historical and exploratory themes presented in the video. While it does not fully represent the broader content, it accurately conveys the historical and adventurous aspects of Antarctica exploration. The inclusion of the phrase ""DARK SECRETS"" in the thumbnail might be intended to intrigue viewers, but it does not mislead them about the actual content of the video."
Bzq8jDsRUNw,"Categorization: Not Misleading

Explanation: The thumbnail shows a woman in a white dress ascending a grand staircase, which aligns with the video content where the woman initially appears in a white dress before transforming into Supergirl. The video does not contain any misleading elements; the thumbnail accurately represents the beginning of the scene where the woman is in a white dress, setting the stage for the transformation into Supergirl. There is no exaggeration or clickbait tactics used in the thumbnail."
abvGlKCkdqA,"### Analysis:

#### Step 1: Examine the thumbnail
The thumbnail features three individuals: two men and one woman. The woman is in the center, wearing a yellow top, while the two men flank her. One man is wearing glasses and a dark shirt, and the other is bearded and wearing a dark shirt. The image appears to be a still from a romantic or emotional scene, possibly involving a conversation or interaction between the characters.

#### Step 2: Read through the video subtitles and content description
The subtitles and content description indicate that the video is an interview or discussion segment featuring a man discussing his relationship with Alia, a woman who is described as a close friend and romantic partner. The man talks about their friendship, their shared experiences, and their relationship dynamics.

#### Step 3: Compare the thumbnail to the actual video content
The thumbnail depicts a scene that seems to be emotionally charged and possibly romantic, which aligns with the content of the video where the man discusses his relationship with Alia. However, the thumbnail does not explicitly convey the nature of the discussion (i.e., it’s an interview or a personal account).

#### Step 4: Determine if the thumbnail accurately represents the video's main topic or content
The thumbnail accurately represents the general theme of the video, which revolves around a personal account of a relationship. However, it does not specify that it is an interview or a discussion format, which could lead viewers to expect a more conversational or less structured format.

#### Step 5: Assess whether the thumbnail uses exaggeration, false promises, or clickbait tactics
The thumbnail does not use any exaggerated elements or false promises. It simply presents a scene that aligns with the content of the video.

#### Step 6: Categorize the thumbnail as either ""Misleading"" or ""Not Misleading""
Based on the analysis, the thumbnail is **Not Misleading**. While it does not explicitly state that it is an interview or a discussion format, it accurately represents the general theme of the video, which is a personal account of a relationship.

#### Step 7: Provide a brief explanation for the decision
The thumbnail accurately portrays the emotional and personal nature of the content, which is appropriate for the video's theme. However, it does not specify the format (interview or discussion), which might lead viewers to expect a more conversational style. Nonetheless, the thumbnail does not use any misleading elements or clickbait tactics."
WddUYh9w7iw,"### Analysis:

1. **Examine the thumbnail**: The thumbnail features a player in a green uniform with the text ""1ST ODI INDIA TOUR OF BANGLADESH, 2022 SHAKIB AL HASAN 5 WICKETS"". It suggests that the video highlights a significant achievement by Shakib Al Hasan during the 1st ODI of the India tour of Bangladesh in 2022.

2. **Read the subtitles and content description**: The subtitles mention specific moments in the match, such as a player scoring 27 runs, a fielder making a spectacular catch, and the dismissal of a batsman. The content description provides a general overview of the match, including the crowd's enthusiasm and the players' actions.

3. **Compare the thumbnail to the actual video content**:
   - The thumbnail focuses on Shakib Al Hasan achieving 5 wickets.
   - The subtitles and video content describe various moments of the match, including batting, bowling, and fielding actions, but do not explicitly highlight Shakib Al Hasan's performance.

4. **Determine if the thumbnail accurately represents the video's main topic or content**:
   - While the thumbnail mentions Shakib Al Hasan, the video content does not primarily focus on his performance. Instead, it captures various moments of the match, including batting, bowling, and fielding actions.

5. **Assess whether the thumbnail uses exaggeration, false promises, or clickbait tactics**:
   - The thumbnail does not use exaggerated language or false promises. It simply states that Shakib Al Hasan achieved 5 wickets, which is a factual statement based on the video content.

6. **Categorize the thumbnail**:
   - **Misleading**: The thumbnail suggests that the video will primarily focus on Shakib Al Hasan's 5 wickets, but the video content does not emphasize this achievement prominently. Instead, it captures various moments of the match.

7. **Explanation**:
   - The thumbnail implies that the video will showcase Shakib Al Hasan's 5 wickets, which is not the primary focus of the video content. The video captures various moments of the match, including batting, bowling, and fielding actions, without highlighting Shakib Al Hasan's performance specifically. Therefore, the thumbnail is misleading because it does not accurately represent the main topic or content of the video.

### Final Decision:
**Misleading**

**Explanation**: The thumbnail suggests that the video will primarily focus on Shakib Al Hasan's 5 wickets, but the video content does not emphasize this achievement prominently. Instead, it captures various moments of the match, including batting, bowling, and fielding actions."
gkWHGy70jIg,"### Analysis:

**Step 1:** Examine the thumbnail.
- The thumbnail features a cricket player holding a bat, with the text ""HIGHLIGHTS"" prominently displayed. There are also flags of India and Australia, indicating the match between these two teams.

**Step 2:** Read through the video subtitles and content description.
- The subtitles describe a cricket match between India and Australia, highlighting key moments such as Rohit Sharma scoring a 50, Shikhar Dhawan's shot, and Virat Kohli's performance. The video ends with India winning by 36 runs.
- The content description provides a detailed account of the match, including the progression of scores, exciting moments, and the final outcome.

**Step 3:** Compare the thumbnail to the actual video content.
- The thumbnail shows a player holding a bat, which aligns with the cricket theme of the video.
- The text ""HIGHLIGHTS"" suggests that the video will showcase significant moments from the match.
- The flags of India and Australia confirm the context of the match.

**Step 4:** Determine if the thumbnail accurately represents the video's main topic or content.
- The thumbnail accurately represents the cricket match between India and Australia, which is the main topic of the video.
- It does not exaggerate or mislead viewers about the content.

**Step 5:** Assess whether the thumbnail uses exaggeration, false promises, or clickbait tactics.
- The thumbnail does not use any exaggerated claims or false promises.
- It simply highlights the highlights of the match, which is a common practice in sports videos.

**Step 6:** Categorize the thumbnail as either ""Misleading"" or ""Not Misleading"".
- Based on the analysis, the thumbnail is not misleading.

**Step 7:** Provide a brief explanation for the decision.
- The thumbnail accurately represents the cricket match between India and Australia, showcasing key moments from the game without any misleading elements. It effectively communicates the nature of the content without exaggerating or promising more than what is shown.

**Final Decision:** Not Misleading"
TgHcTailbao,"### Analysis:

1. **Examine the thumbnail**: The thumbnail shows a close-up of a soccer player wearing a red jersey, which is consistent with the player's Manchester United uniform. However, the image does not provide any specific context or highlight particular achievements or moments from the player's career.

2. **Read through the video subtitles and content description**: Since subtitles are not available, we rely on the video description for context.

3. **Compare the thumbnail to the actual video content**: The video description outlines a comprehensive compilation of highlights from the player's career, including youth beginnings, professional matches, goal-scoring moments, celebrations, and significant achievements such as winning the Champions League.

4. **Determine if the thumbnail accurately represents the video's main topic or content**: The thumbnail does not provide any specific details about the content of the video. It simply shows a player in a red jersey, which could be any player in a red jersey, not necessarily the player featured in the video.

5. **Assess whether the thumbnail uses exaggeration, false promises, or clickbait tactics**: The thumbnail does not promise or exaggerate any specific content. It merely shows a player in a red jersey, which is not misleading but also not informative enough to convey the full scope of the video's content.

6. **Categorize the thumbnail as either ""Misleading"" or ""Not Misleading""**: Given that the thumbnail does not provide any specific information about the content of the video and fails to capture the essence of the player's career highlights, it can be considered misleading.

7. **Brief explanation for the decision**: The thumbnail lacks specificity and fails to convey the detailed content of the video, which includes youth beginnings, professional matches, goal-scoring moments, and significant achievements. Therefore, it is misleading because it does not accurately represent the video's main topic or content.

**Categorization**: Misleading

**Explanation**: The thumbnail fails to provide any specific information about the content of the video, which is a compilation of highlights from the player's career, including youth beginnings, professional matches, goal-scoring moments, and significant achievements."
vX2SvQMzce8,"### Analysis:

1. **Examine the thumbnail**: The provided thumbnail does not appear to be included in the given information. Therefore, there is no thumbnail to evaluate against the video content.

2. **Read through the video subtitles and content description**: The subtitles and video description indicate that the video is about a game show or entertainment program involving cricket-related activities. It mentions a ""cricket wickets set up,"" ""hosts engaging with the audience,"" and a ""young woman in a white top and bright pink pants."" The video also includes segments where the woman is seen in motion, possibly swinging a cricket bat.

3. **Compare the thumbnail to the actual video content**: Since there is no thumbnail provided, this step cannot be performed.

4. **Determine if the thumbnail accurately represents the video's main topic or content**: As there is no thumbnail to compare, this step cannot be completed.

5. **Assess whether the thumbnail uses exaggeration, false promises, or clickbait tactics**: Since there is no thumbnail to assess, this step cannot be performed.

6. **Categorize the thumbnail as either ""Misleading"" or ""Not Misleading""**: Given the lack of a thumbnail to evaluate, this categorization cannot be determined.

7. **Provide a brief explanation for your decision**: Without a thumbnail to analyze, it is impossible to make a determination regarding the thumbnail's accuracy or misleading nature.

### Conclusion:
Since there is no thumbnail provided, the analysis cannot be completed according to the given steps. Therefore, the thumbnail cannot be categorized as either ""Misleading"" or ""Not Misleading."""
L2i8agzydig,"### Analysis:

1. **Examine the thumbnail**: The thumbnail shows two individuals in sports jerseys (Argentina and Brazil) sitting at a table, with two women standing behind them. The setting appears to be outdoors in a rural area, which aligns with the video description mentioning a rural, agricultural setting.

2. **Read through the subtitles and content description**: The subtitles include phrases like ""laughs,"" ""oh my God,"" ""foreign,"" ""toy,"" ""story,"" ""foreign,"" ""applause,"" ""laughter,"" etc., indicating a comedic tone. The content description mentions rural life, farm animals, and physical comedy, which also supports the comedic nature of the video.

3. **Compare the thumbnail to the actual video content**: The thumbnail depicts a scene that could be interpreted as a casual interaction between people in a rural setting, which matches the video's rural backdrop and agricultural themes. However, the thumbnail does not explicitly convey the comedic elements or the specific interactions described in the video.

4. **Determine if the thumbnail accurately represents the video's main topic or content**: While the rural setting is accurately represented, the thumbnail lacks the visual cues that would indicate the comedic nature of the video. The absence of exaggerated expressions or props that are mentioned in the video description makes the thumbnail less informative about the content.

5. **Assess whether the thumbnail uses exaggeration, false promises, or clickbait tactics**: The thumbnail does not promise anything specific or use exaggerated visuals that might mislead viewers into expecting something different than what they see in the video.

6. **Categorize the thumbnail as either ""Misleading"" or ""Not Misleading""**: Given that the thumbnail does not clearly communicate the comedic and rural elements of the video, it can be considered misleading because it fails to fully represent the content.

7. **Brief explanation for the decision**: The thumbnail shows a rural setting but lacks the visual cues that would indicate the comedic and rural elements present in the video. This omission makes the thumbnail misleading as it does not accurately represent the full content of the video.

**Categorization**: Misleading

**Explanation**: The thumbnail fails to convey the comedic and rural elements of the video, making it misleading."
vCP32JxwZ3E,"### Analysis:

1. **Examine the thumbnail**: The provided thumbnail does not match the content described in the video. There is no image or visual representation of an earthquake or anchors reacting to an earthquake in the thumbnail.

2. **Read through the subtitles and content description**: The subtitles indicate that the video is about an earthquake causing shaking in the studio, which is confirmed by the anchors' reactions and the breaking news banner indicating a strong earthquake.

3. **Compare the thumbnail to the actual video content**: The thumbnail fails to represent the actual content of the video, which involves anchors reacting to an earthquake in the studio.

4. **Determine if the thumbnail accurately represents the video's main topic or content**: The thumbnail does not accurately represent the video content, as it does not depict the earthquake or the anchors' reactions.

5. **Assess whether the thumbnail uses exaggeration, false promises, or clickbait tactics**: The thumbnail is misleading because it does not reflect the actual content of the video.

6. **Categorize the thumbnail as either ""Misleading"" or ""Not Misleading""**: Based on the analysis, the thumbnail is misleading.

7. **Provide a brief explanation for your decision**: The thumbnail fails to represent the actual content of the video, which involves anchors reacting to an earthquake in the studio. It does not depict the earthquake or the anchors' reactions, thus misleading viewers about what they can expect from the video.

**Categorization**: Misleading"
7gzBmc7dQlc,"Categorization: Not Misleading

Explanation: The thumbnail depicts a serene and atmospheric scene with a dreamy, twilight setting, a bright light trail, and a central element that morphs subtly. There are no specific claims or promises made in the thumbnail that would mislead viewers about the content of the video. The video description suggests that the content is an artistic, contemplative piece designed to evoke emotion and introspection, which aligns well with the visual elements shown in the thumbnail. Since there are no exaggerated claims or misleading elements, the thumbnail accurately represents the video's content."
jBOHmuGsUdE,"### Analysis:

**Step 1: Examine the thumbnail**
The thumbnail features a group of actors dressed in traditional attire, standing together against a backdrop that suggests a formal or dramatic setting. The text on the thumbnail reads ""Episode - 30"" and ""6 Million+ Views,"" indicating that this is a promotional image for a specific episode of a drama series.

**Step 2: Read through the video subtitles and content description**
The subtitles and the video content description provide insights into the themes and plot points of the drama series. The dialogue and scenes described indicate a narrative involving family dynamics, emotional conflicts, and interpersonal tensions. The characters appear to be dealing with significant emotional and relational challenges, which aligns with the typical themes found in Pakistani dramas.

**Step 3: Compare the thumbnail to the actual video content**
The thumbnail depicts a group of actors in a formal setting, which is consistent with the high-quality production values mentioned in the video description. However, the thumbnail does not explicitly convey the emotional depth or the specific themes discussed in the subtitles and content description.

**Step 4: Determine if the thumbnail accurately represents the video's main topic or content**
While the thumbnail accurately represents the high production quality and the formal setting of the drama series, it does not provide any indication of the emotional intensity or the specific themes discussed in the subtitles. The thumbnail does not visually represent the emotional conflicts or the interpersonal dynamics that are central to the drama.

**Step 5: Assess whether the thumbnail uses exaggeration, false promises, or clickbait tactics**
The thumbnail does not use any exaggerated elements or false promises. Instead, it provides a general representation of the series' aesthetic and production quality, which is appropriate for a promotional image.

**Step 6: Categorize the thumbnail as either ""Misleading"" or ""Not Misleading""**
Given that the thumbnail does not visually represent the specific themes or emotional intensity discussed in the subtitles and content description, it can be considered misleading.

**Step 7: Provide a brief explanation for the decision**
The thumbnail fails to accurately represent the emotional depth and specific themes discussed in the subtitles and content description. While it accurately portrays the high production quality and formal setting, it does not convey the intense emotional conflicts and interpersonal dynamics that are central to the drama. Therefore, the thumbnail is misleading.

**Final Categorization:** Misleading"
miHCZ0gvroY,"### Analysis:

**Step 1: Examine the thumbnail**
The thumbnail shows three individuals labeled ""SEHWAG VS SHAKIB"" with the subtitle ""FULL CONTROVERSY."" It suggests a direct confrontation between two individuals named Sehwag and Shakib, implying a heated debate or disagreement.

**Step 2: Read through the video subtitles and content description**
The subtitles indicate a discussion involving Virender Sehwag criticizing Shakib Al Hasan, with Shakib defending himself against the criticism. The content description confirms that the video is a sports talk show or panel discussion, likely focusing on cricket, with a mix of panel discussion and player interview segments.

**Step 3: Compare the thumbnail to the actual video content**
The thumbnail suggests a direct confrontation and controversy between Sehwag and Shakib. However, the video content shows a more nuanced discussion where Sehwag criticizes Shakib, and Shakib defends himself. There is no clear indication of a full-scale controversy or direct confrontation in the video itself.

**Step 4: Determine if the thumbnail accurately represents the video's main topic or content**
The thumbnail overstates the level of controversy and direct confrontation present in the video. While there is a discussion involving criticism and defense, it does not depict a full-scale controversy as suggested by the thumbnail.

**Step 5: Assess whether the thumbnail uses exaggeration, false promises, or clickbait tactics**
The thumbnail uses exaggerated language (""FULL CONTROVERSY"") to attract viewers, which is not accurate based on the video content. It creates a misleading impression by suggesting a more intense conflict than actually exists.

**Step 6: Categorize the thumbnail**
Based on the analysis, the thumbnail is misleading.

**Step 7: Provide a brief explanation for the decision**
The thumbnail exaggerates the level of controversy and direct confrontation present in the video, suggesting a full-scale dispute when the actual content involves a discussion with criticism and defense. This misrepresents the nature of the interaction between Sehwag and Shakib, leading viewers to expect a more dramatic exchange than what is shown in the video."
LmF7HE46taQ,"### Analysis:

1. **Thumbnail Examination**:
   - The thumbnail shows a man wearing a blue shirt with the text ""G WEST"" on it. The background suggests a set from a television show, likely a cooking competition or variety show.

2. **Video Subtitles and Content Description**:
   - The subtitles and video content describe a cooking competition or variety show involving Indian dishes such as Bharwa Karela and Methi Thepla.
   - The video includes scenes of contestants shopping for vegetables, cooking stations, judges tasting dishes, and animated discussions among participants.
   - The overall theme revolves around cooking and judging food items, with a festive and competitive atmosphere.

3. **Comparison**:
   - The thumbnail depicts a man in a blue shirt, which aligns with the appearance of a host or judge in the video.
   - The background of the thumbnail matches the ornate and colorful set described in the video.
   - The content of the video, which involves cooking and judging food items, is consistent with the theme suggested by the thumbnail.

4. **Accuracy Representation**:
   - The thumbnail accurately represents the setting and theme of the video, which is a cooking competition or variety show.
   - There are no exaggerated claims or misleading elements in the thumbnail.

5. **Assessment**:
   - The thumbnail does not use any clickbait tactics or exaggerate the content.
   - It correctly portrays the essence of the video, which is centered around a cooking competition.

### Conclusion:
**Categorization**: Not Misleading

**Explanation**: The thumbnail accurately represents the video content, showing a host or judge in a festive and colorful setting typical of a cooking competition or variety show. There are no misleading elements or clickbait tactics used in the thumbnail."
vqu4z34wENw,"### Analysis of the Provided Information

#### Step 1: Examine the Thumbnail
The thumbnail for the video features a dramatic image with two men facing each other, a woman holding a gun, and a helicopter in the background. The text on the thumbnail reads ""PATHAAN OFFICIAL TRAILER"" and ""100 MILLION VIEWS.""

#### Step 2: Read Through the Video Subtitles and Content Description
The subtitles and video description provide a detailed breakdown of the trailer, which includes scenes of action, espionage, and high-stakes scenarios. The content emphasizes a spy thriller with elements of danger, covert operations, and international settings.

#### Step 3: Compare the Thumbnail to the Actual Video Content
The thumbnail effectively captures the essence of the trailer, showcasing the intense and action-packed nature of the film. It includes key elements such as the characters, the setting (cityscape, helicopter, gun), and the overall tone suggested by the imagery.

#### Step 4: Determine if the Thumbnail Accurately Represents the Video's Main Topic or Content
The thumbnail accurately represents the main topic and content of the video. It highlights the action and suspenseful elements that are central to the trailer.

#### Step 5: Assess Whether the Thumbnail Uses Exaggeration, False Promises, or Clickbait Tactics
There is no indication of exaggeration, false promises, or clickbait tactics in the thumbnail. It simply presents the visual elements that are expected to convey the high-energy and thrilling nature of the movie.

#### Step 6: Categorize the Thumbnail
Based on the analysis, the thumbnail is not misleading.

#### Step 7: Provide a Brief Explanation for the Decision
The thumbnail accurately reflects the high-action, spy thriller theme of the video. It includes key elements like characters, setting, and tone, which align perfectly with the content described in the video. There are no exaggerated claims or misleading elements present in the thumbnail.

**Categorization:** Not Misleading

**Explanation:** The thumbnail effectively communicates the high-energy and suspenseful nature of the movie without any misleading elements."
KkMVyRGS9Pw,"### Analysis:

1. **Examine the thumbnail**: The thumbnail shows a person wearing orange gloves, handling a watermelon, with a variety of fruits displayed around them. The image suggests a street food vendor preparing fresh fruits.

2. **Read through the video subtitles and content description**: There are no subtitles provided in the video description, so we rely solely on the content description for understanding the video's purpose.

3. **Compare the thumbnail to the actual video content**: The thumbnail depicts a person preparing a watermelon and other fruits, which aligns closely with the video content that shows a street vendor preparing and selling fresh fruits.

4. **Determine if the thumbnail accurately represents the video's main topic or content**: The thumbnail accurately represents the main topic of the video, which is the preparation and sale of fresh fruits at a street vendor stall.

5. **Assess whether the thumbnail uses exaggeration, false promises, or clickbait tactics**: The thumbnail does not use any exaggerated claims or false promises. It simply shows the activity depicted in the video.

6. **Categorize the thumbnail as either ""Misleading"" or ""Not Misleading""**: Based on the analysis above, the thumbnail is not misleading.

7. **Provide a brief explanation for your decision**: The thumbnail accurately reflects the content of the video, which is about a street vendor preparing and selling fresh fruits. There are no misleading elements or exaggerated claims present in the thumbnail.

**Categorization**: Not Misleading

**Explanation**: The thumbnail accurately represents the main topic of the video, which is the preparation and sale of fresh fruits at a street vendor stall. There are no misleading elements or exaggerated claims in the thumbnail."
l2Q2apuS4h8,"Categorization: Misleading

Explanation: The thumbnail does not provide any visual or textual information about the content of the video. Since the subtitles are not available, there is no way to determine if the thumbnail accurately represents the video's content. However, based on the video description provided, the thumbnail would likely be misleading because it does not convey the disturbing nature of the nighttime incident depicted in the video. A thumbnail should give a clear indication of the content to prevent misleading viewers."
iFnSP-h5S4c,"### Analysis of the YouTube Video Thumbnail

#### Step 1: Examine the Thumbnail
The thumbnail features two astronauts in space suits, with the text ""BOEING STARLINER MAKES 'STRANGE NOISES'"". The image shows a spacecraft in orbit, suggesting a focus on the Boeing Starliner spacecraft and its unusual noises.

#### Step 2: Read Through the Video Subtitles and Content Description
The subtitles indicate that the video discusses the Boeing Starliner spacecraft experiencing strange noises during its mission to the International Space Station (ISS). The video mentions that these noises were initially reported by astronaut Barry Wilmore and investigated by NASA. The video also notes that the Starliner has faced other technical issues, leading to the astronauts remaining in space for over three months.

#### Step 3: Compare the Thumbnail to the Actual Video Content
The thumbnail accurately represents the main topic of the video, which is the Boeing Starliner spacecraft experiencing strange noises during its mission. The image of the astronauts in space aligns with the content described in the subtitles.

#### Step 4: Determine if the Thumbnail Accurately Represents the Video's Main Topic or Content
The thumbnail effectively communicates the main topic of the video, which is the Boeing Starliner spacecraft experiencing strange noises. It does not exaggerate or misrepresent the content.

#### Step 5: Assess Whether the Thumbnail Uses Exaggeration, False Promises, or Clickbait Tactics
The thumbnail does not use any exaggerated language or false promises. It simply states the main issue without sensationalizing it.

#### Step 6: Categorize the Thumbnail
Based on the analysis, the thumbnail is **Not Misleading**.

#### Step 7: Provide a Brief Explanation for the Decision
The thumbnail accurately represents the main topic of the video, which is the Boeing Starliner spacecraft experiencing strange noises during its mission. It does not use any exaggerated language or false promises, and it effectively communicates the content without misleading viewers."
2OPOGUUkauc,"### Analysis:

1. **Examine the thumbnail**: The thumbnail shows Spider-Man in a crouched position on a rooftop, wearing his iconic red and blue suit. It captures a moment of intense focus and readiness, which aligns with the action-packed nature of the video.

2. **Read the subtitles and video content**: The subtitles and video content describe a series of action-packed scenes involving Spider-Man in various settings, including a subway, where he faces threats and interacts with civilians. The video includes dramatic moments of conflict, protection, and emotional depth.

3. **Compare the thumbnail to the actual video content**: The thumbnail effectively captures the essence of the video content, which is filled with action and drama. It does not misrepresent the main topic or content of the video.

4. **Determine if the thumbnail accurately represents the video's main topic or content**: The thumbnail accurately represents the main topic of the video, which is Spider-Man's action-packed adventures and emotional moments within a cityscape.

5. **Assess whether the thumbnail uses exaggeration, false promises, or clickbait tactics**: The thumbnail does not use any exaggerated elements or false promises. It simply depicts a scene from the video, which is representative of the overall content.

6. **Categorize the thumbnail**: Based on the analysis, the thumbnail is not misleading.

7. **Explanation**: The thumbnail accurately reflects the action-packed and dramatic nature of the video content. It does not overpromise or underdeliver, and it sets the correct expectation for the viewer.

**Categorization**: Not Misleading

**Explanation**: The thumbnail accurately represents the main topic and content of the video, which is filled with action and emotional depth, without using any misleading elements."
DGAPEIxTwU4,"### Analysis of the Provided Information

#### Step 1: Examine the Thumbnail
The thumbnail shows a green phone case with a camera attachment labeled ""Moment,"" suggesting that the video focuses on a camera accessory designed for the iPhone 14 Plus.

#### Step 2: Read Through the Video Subtitles and Content Description
The subtitles and video content describe a showcase of the iPhone 14 Plus equipped with a new 1.55x Anamorphic Lens. The video demonstrates various filming scenarios and settings, emphasizing the wide-angle, cinematic quality of the footage captured by the new lens.

#### Step 3: Compare the Thumbnail to the Actual Video Content
The thumbnail depicts a phone case with a camera attachment, which aligns closely with the video content that involves showcasing the camera capabilities of the iPhone 14 Plus.

#### Step 4: Determine if the Thumbnail Accurately Represents the Video's Main Topic or Content
The thumbnail accurately represents the main topic of the video, which is the demonstration of the iPhone 14 Plus with the new 1.55x Anamorphic Lens.

#### Step 5: Assess Whether the Thumbnail Uses Exaggeration, False Promises, or Clickbait Tactics
There are no exaggerated claims or false promises in the thumbnail. It clearly indicates that the video is about a camera accessory for the iPhone 14 Plus.

#### Step 6: Categorize the Thumbnail as Either ""Misleading"" or ""Not Misleading""
The thumbnail is **Not Misleading**.

#### Step 7: Provide a Brief Explanation for the Decision
The thumbnail accurately reflects the content of the video, which is focused on demonstrating the camera capabilities of the iPhone 14 Plus with a specific lens attachment. There are no misleading elements or exaggerated claims in the thumbnail that would mislead viewers about the video's content."
jUkkx5tUuHI,"### Analysis:

1. **Examine the Thumbnail:** The provided images show three different types of electric fans (a modern tripod fan, a traditional pedestal fan, and a smart floor fan). These images do not depict a continuous scene or narrative but rather showcase various fan designs.

2. **Read Through the Subtitles and Content Description:** The subtitles mention a variety of stand fan designs, emphasizing different colors, styles, and unique features. The video description also highlights the diversity of fan designs, ranging from modern to vintage-inspired models, and includes details about their functionality and aesthetic appeal.

3. **Compare the Thumbnail to the Actual Video Content:** The thumbnail effectively represents the content of the video, which is focused on showcasing different types of stand fans. It does not mislead viewers into expecting a single type of fan or a specific design.

4. **Determine if the Thumbnail Accurately Represents the Video's Main Topic or Content:** The thumbnail accurately reflects the video's main topic, which is to present a variety of stand fan designs.

5. **Assess Whether the Thumbnail Uses Exaggeration, False Promises, or Clickbait Tactics:** There is no indication of exaggeration or clickbait tactics in the thumbnail. It simply presents the fans as they are shown in the video.

6. **Categorize the Thumbnail as Either ""Misleading"" or ""Not Misleading"":** Based on the analysis, the thumbnail is not misleading.

7. **Provide a Brief Explanation for Your Decision:** The thumbnail accurately represents the video content by showing a selection of different fan designs. It does not promise a specific type of fan or a single design, thus avoiding any misleading elements.

### Conclusion:
**Categorization:** Not Misleading  
**Explanation:** The thumbnail accurately depicts the content of the video, which is about showcasing various stand fan designs. It does not use exaggerated claims or misleading tactics."
MJEsOdx88iM,"### Analysis:

**Step 1: Examine the thumbnail**
- The thumbnail features a man and a woman holding a baby girl. The text reads ""Alia Bhatt"" and ""Raha wakes us up in the morning.""

**Step 2: Read through the video subtitles and content description**
- The subtitles mention Alia Bhatt discussing her pregnancy and the first reaction when waking up with her daughter Raha.
- The content description describes an interview or discussion with Alia Bhatt, likely about her book ""Ed Finds a Home"" and her experiences as a storyteller.

**Step 3: Compare the thumbnail to the actual video content**
- The thumbnail shows a family moment with Alia Bhatt and her daughter Raha.
- The video content includes Alia Bhatt discussing her book and her experiences as a storyteller, which does not directly relate to the family moment shown in the thumbnail.

**Step 4: Determine if the thumbnail accurately represents the video's main topic or content**
- The thumbnail depicts a family moment, which is not the primary focus of the video content. The video is primarily about Alia Bhatt's book and her experiences as a storyteller.

**Step 5: Assess whether the thumbnail uses exaggeration, false promises, or clickbait tactics**
- The thumbnail does not use exaggerated claims or false promises. It accurately represents a family moment, which is not misleading.

**Step 6: Categorize the thumbnail as either ""Misleading"" or ""Not Misleading""**
- **Categorization: Not Misleading**

**Explanation:**
The thumbnail accurately represents a family moment involving Alia Bhatt and her daughter Raha, which is not the primary focus of the video content. While the thumbnail does not directly relate to the main topic (Alia Bhatt's book and her experiences as a storyteller), it does not use any misleading elements or clickbait tactics. Therefore, the thumbnail is not misleading."
P_A4CpeLgCg,"### Analysis:

1. **Examine the thumbnail**: The provided thumbnail shows a group of individuals wearing black clothing and masks, standing in what looks like a public event or protest. The individuals appear to be part of a cohesive group, possibly engaged in some form of demonstration or performance.

2. **Read through the video subtitles and content description**: The subtitles consist of repetitive musical phrases, which do not provide any substantial context about the video's content. The video description mentions a dynamic music video or promotional content for ""Trappish Music,"" featuring scenes of a public event, a speaker addressing a crowd, and a luxurious atmosphere with people holding money and expensive liquor.

3. **Compare the thumbnail to the actual video content**: The thumbnail depicts a group of individuals in a public event or protest, which contrasts significantly with the video content described. The video focuses on a music-related event with themes of success and celebration, rather than a protest or demonstration.

4. **Determine if the thumbnail accurately represents the video's main topic or content**: The thumbnail does not accurately represent the video's main topic or content. It misleads viewers into expecting a protest or demonstration when the video is actually about a music promotion.

5. **Assess whether the thumbnail uses exaggeration, false promises, or clickbait tactics**: The thumbnail uses clickbait tactics by suggesting a protest or demonstration, which is not reflected in the video content.

6. **Categorize the thumbnail as either ""Misleading"" or ""Not Misleading""**: Based on the analysis, the thumbnail is misleading.

7. **Provide a brief explanation for your decision**: The thumbnail depicts a group of individuals in a public event or protest, which is vastly different from the video content that features a music promotion with themes of success and celebration. This discrepancy misleads viewers into expecting a protest or demonstration when the video is actually about a music promotion. Therefore, the thumbnail is misleading."
pSHVbLPWA28,"### Analysis:

**Step 1: Examine the thumbnail**
The thumbnail features a cosmic image with the text ""How Big is the Universe?"" prominently displayed. The image shows a starry background with a large celestial structure, likely representing a galaxy or a cluster of galaxies.

**Step 2: Read through the video subtitles and content description**
The subtitles and video content describe a journey through space, starting from Earth and expanding outward to the furthest reaches of the observable universe. The video covers topics such as the distance to the Moon, the Sun, Mars, Neptune, the Oort Cloud, and the cosmic microwave background.

**Step 3: Compare the thumbnail to the actual video content**
The thumbnail effectively captures the essence of the video content, which is about exploring the vastness of the universe. The image of a starry background with a large celestial structure aligns well with the theme of the video.

**Step 4: Determine if the thumbnail accurately represents the video's main topic or content**
The thumbnail accurately represents the main topic of the video, which is exploring the scale and vastness of the universe. It does not mislead viewers about the content being discussed.

**Step 5: Assess whether the thumbnail uses exaggeration, false promises, or clickbait tactics**
There are no elements in the thumbnail that use exaggeration, false promises, or clickbait tactics. The thumbnail simply presents the topic clearly without any misleading elements.

**Step 6: Categorize the thumbnail**
The thumbnail is **Not Misleading**.

**Step 7: Provide a brief explanation for the decision**
The thumbnail accurately represents the main topic of the video, which is exploring the vastness of the universe. It does not use any exaggerated claims or misleading elements. Therefore, it is not misleading."
naA1Fu-at7c,"### Analysis of the Provided Information

#### Step 1: Examine the Thumbnail
The thumbnail depicts a scene with a bright light source, possibly a fire or explosion, in a dimly lit indoor environment. There are people seated around a table, seemingly engaged in some form of activity involving the light source.

#### Step 2: Read Through the Video Subtitles and Content Description
The subtitles and video content description do not mention any fire, explosion, or similar dramatic events. Instead, the video appears to be a compilation of various nature scenes, urban environments, and weather phenomena.

#### Step 3: Compare the Thumbnail to the Actual Video Content
The thumbnail shows a dramatic, intense scene with a bright light source, which contrasts sharply with the calm and diverse nature scenes depicted in the video content.

#### Step 4: Determine if the Thumbnail Accurately Represents the Video's Main Topic or Content
The thumbnail does not accurately represent the video's main topic or content. It suggests a dramatic event (possibly a fire or explosion) that is not present in the actual video.

#### Step 5: Assess Whether the Thumbnail Uses Exaggeration, False Promises, or Clickbait Tactics
The thumbnail uses exaggerated imagery to attract viewers, promising a dramatic and intense scene that is not reflected in the actual video content.

#### Step 6: Categorize the Thumbnail as Either ""Misleading"" or ""Not Misleading""
Categorization: Misleading

#### Step 7: Provide a Brief Explanation for the Decision
The thumbnail misleads viewers by suggesting a dramatic and intense scene involving a fire or explosion, which is not present in the actual video content. This creates false expectations and uses clickbait tactics to attract viewers."
eDdt2hBhkSs,"### Analysis:

**Step 1: Examine the thumbnail**
- The thumbnail shows a soccer player in motion, dribbling the ball on a green field. There are no specific indicators of the match type, teams, or any particular player.

**Step 2: Read through the video subtitles and content description**
- The subtitles mention a high-profile soccer match involving the Portuguese national team, specifically featuring Cristiano Ronaldo and other notable players like Modric.
- The content description confirms that the video is from a Nations League match between Portugal and Croatia, highlighting key moments such as Ronaldo's potential 900th goal and Modric's performance.

**Step 3: Compare the thumbnail to the actual video content**
- The thumbnail depicts a generic soccer player in action, which does not specify the teams or the specific match details mentioned in the subtitles and description.

**Step 4: Determine if the thumbnail accurately represents the video's main topic or content**
- The thumbnail fails to convey the specific context of the Nations League match, the teams involved, or the significance of the players mentioned in the subtitles.

**Step 5: Assess whether the thumbnail uses exaggeration, false promises, or clickbait tactics**
- The thumbnail does not use any exaggerated claims or false promises. It simply shows a player in action, which could be misleading because it does not provide enough context about the specific match or the players involved.

**Step 6: Categorize the thumbnail**
- **Misleading**

**Explanation:**
The thumbnail is misleading because it does not provide any specific information about the match or the players featured in the video. It shows a generic soccer player in action without any indication of the Nations League match, the teams playing, or the significance of the players mentioned in the subtitles. This lack of context makes it difficult for viewers to understand what the video is about based solely on the thumbnail."
VBr1UkwmI4Y,"### Analysis:

1. **Thumbnail Examination**:
   - The thumbnail shows a woman sitting on a red couch in a rustic setting, holding a book titled ""The Handmaid's Tale."" The background includes a stone wall, wooden shelves, and decorative items like dried flowers and a lantern.

2. **Video Subtitles**:
   - The subtitles indicate that the video is part of a series called ""In The Bag,"" where Bella Hadid showcases the contents of her personal bag. The video is described as a very personal version of the segment, where she talks about the items she keeps in her bag.

3. **Video Content Description**:
   - The video features Bella Hadid sitting on a red couch in a cozy, rustic setting. She discusses various items from her bag, including a journal, sunglasses, a camera, a sleep mask, and other personal belongings. The video is described as a casual and intimate conversation about her personal items.

4. **Comparison**:
   - The thumbnail depicts a woman holding a book titled ""The Handmaid's Tale,"" which suggests a literary or reflective theme.
   - The video content, however, focuses on Bella Hadid showcasing the items from her personal bag, which is a completely different context.

5. **Assessment**:
   - The thumbnail does not accurately represent the video's main topic or content. It suggests a literary or reflective theme, while the video is about Bella Hadid sharing her personal belongings.
   - There is no exaggeration, false promises, or clickbait tactics used in the thumbnail; it simply misrepresents the actual content of the video.

### Conclusion:

**Categorization**: Misleading

**Explanation**: The thumbnail inaccurately represents the video's content by suggesting a literary or reflective theme, whereas the video is about Bella Hadid sharing the items from her personal bag."
fyO8pvpnTdE,"### Analysis of the Provided Information

#### Step 1: Examine the Thumbnail
The thumbnail depicts three individuals sitting at a table, with one person looking distressed while the other two appear engaged in conversation. The text overlay reads ""PARENTING STYLES.""

#### Step 2: Read Through the Video Subtitles and Content Description
The subtitles and video description provide a detailed overview of different parenting styles and their effects on children. It mentions four traditional parenting styles (authoritarian, permissive, authoritative, and neglectful) and hints at a fifth style that will be discussed later. The video explores the emotional and developmental outcomes associated with each parenting style.

#### Step 3: Compare the Thumbnail to the Actual Video Content
The thumbnail shows a scene where one individual appears distressed, which aligns with the depiction of a child in a negative parenting scenario (e.g., neglectful or authoritarian parenting). However, the thumbnail does not explicitly convey the variety of parenting styles or the broader narrative structure of the video.

#### Step 4: Determine if the Thumbnail Accurately Represents the Video's Main Topic or Content
While the thumbnail captures a moment related to the theme of parenting styles, it does not fully represent the comprehensive exploration of multiple parenting styles and their impacts on children. The thumbnail focuses on a single, emotionally charged moment rather than providing a broad overview of the video's content.

#### Step 5: Assess Whether the Thumbnail Uses Exaggeration, False Promises, or Clickbait Tactics
The thumbnail does not use exaggerated claims or false promises. Instead, it accurately reflects a scene that could be part of the video content, albeit a specific and emotionally charged moment.

#### Step 6: Categorize the Thumbnail
Based on the analysis, the thumbnail is **Not Misleading**.

#### Step 7: Provide a Brief Explanation for the Decision
The thumbnail accurately represents a scene that could be part of the video content, specifically depicting a child in distress due to negative parenting styles. While it does not fully capture the breadth of the video's content, it does not mislead viewers about the overall topic or purpose of the video. The thumbnail effectively sets the tone for the emotional and developmental themes explored in the video."
RBQ-IoHfimQ,"### Analysis:

1. **Examine the thumbnail**: The provided thumbnail does not appear to be included in the given information. Therefore, there is no thumbnail to evaluate against the video content.

2. **Read through the video subtitles and content description**: The subtitles mention a birthday celebration and some references to conflict, but they do not provide any context related to the video's main theme, which is about the plight of children in Syria.

3. **Compare the thumbnail to the actual video content**: Since there is no thumbnail available, this step cannot be performed.

4. **Determine if the thumbnail accurately represents the video's main topic or content**: Without a thumbnail, this step is also not applicable.

5. **Assess whether the thumbnail uses exaggeration, false promises, or clickbait tactics**: Since there is no thumbnail, this assessment cannot be made.

6. **Categorize the thumbnail as either ""Misleading"" or ""Not Misleading""**: Given the lack of a thumbnail, this categorization cannot be determined.

7. **Provide a brief explanation for your decision**: Since there is no thumbnail to analyze, an explanation cannot be provided.

### Conclusion:
**Categorization:** Not Applicable

**Explanation:** The provided information does not include a thumbnail, so it is impossible to assess whether the thumbnail is misleading or not."
g0UT4aliEe4,"### Analysis:

1. **Examine the thumbnail**: The thumbnail features a man wearing a black shirt and a white cap with a red design, positioned in front of a blue background with the word ""RIDICULOUSNESS"" prominently displayed. There are no visual elements or text that suggest the content involves an interview or discussion about losing someone close to the individual.

2. **Read through the video subtitles and content description**: The subtitles indicate that the video is an interview segment where the individual is discussing the loss of someone close to them. The content description confirms that the video is a compilation of interview segments, likely discussing the experiences or insights of the individual associated with ""Ridiculousness.""

3. **Compare the thumbnail to the actual video content**: The thumbnail does not visually represent the content of the video. It does not show any interview setting or the individual discussing the loss of someone close to them. Instead, it appears to be a promotional image for a show or concept related to ""Ridiculousness.""

4. **Determine if the thumbnail accurately represents the video's main topic or content**: The thumbnail fails to accurately represent the main topic or content of the video. It does not convey the serious tone of the interview or the emotional weight of the discussion about losing someone close.

5. **Assess whether the thumbnail uses exaggeration, false promises, or clickbait tactics**: The thumbnail does not use exaggeration, false promises, or clickbait tactics. However, it misleads viewers by not providing any indication of the serious nature of the interview or the emotional content discussed.

6. **Categorize the thumbnail as either ""Misleading"" or ""Not Misleading""**: Based on the analysis, the thumbnail is misleading.

7. **Provide a brief explanation for your decision**: The thumbnail fails to accurately represent the content of the video, which is an interview discussing the loss of someone close to the individual. It does not provide any visual cues that would indicate the serious and emotional nature of the discussion, leading viewers to expect a different type of content. Therefore, the thumbnail is misleading.

### Final Categorization: Misleading"
C6eSmWvSFxM,"### Analysis:

**Step 1: Examine the thumbnail**
- The thumbnail shows a couple in a romantic embrace, with the text ""Kabhi Main Kabhi Tum"" prominently displayed.
- The text ""Episode 18"" indicates that this is part of a series.
- The tagline ""14 Million+ Views"" suggests high viewer engagement.
- The ""4K"" resolution is mentioned, implying high-quality visuals.

**Step 2: Read through the video subtitles and content description**
- The subtitles include dialogue from characters discussing family dynamics, relationships, and emotional conflicts.
- The content description mentions various domestic scenes, romantic moments, and tense interactions among characters, indicating a drama series with a focus on relationships and emotional depth.

**Step 3: Compare the thumbnail to the actual video content**
- The thumbnail depicts a romantic scene, which aligns with the theme of relationships and emotions suggested in the subtitles and content description.
- However, the thumbnail does not explicitly convey the variety of emotional states and settings described in the video (e.g., family discussions, tense moments, and casual interactions).

**Step 4: Determine if the thumbnail accurately represents the video's main topic or content**
- While the thumbnail captures a romantic moment, it does not fully represent the diverse range of scenes and emotional tones present in the video.
- The thumbnail is somewhat misleading because it focuses on a single aspect of the drama rather than the broader narrative arc.

**Step 5: Assess whether the thumbnail uses exaggeration, false promises, or clickbait tactics**
- The thumbnail does not use exaggerated claims or false promises.
- However, it does not fully represent the complexity and diversity of the video content.

**Step 6: Categorize the thumbnail**
- **Categorization:** Misleading

**Explanation:**
The thumbnail is misleading because it focuses on a romantic moment, which is just one element of the broader drama series. The video contains a mix of emotional states and settings, including family discussions, tense moments, and casual interactions, which are not fully represented by the romantic scene depicted in the thumbnail. Therefore, the thumbnail misleads viewers into expecting a more focused romantic storyline when the video contains a wider range of dramatic elements."
PEnjlA0fsTk,"### Analysis:

**Step 1:** Examine the thumbnail.
- The thumbnail shows five women with the text ""Top 10 Most Beautiful Women In The World 2024.""

**Step 2:** Read through the video subtitles and content description.
- The subtitles state ""top 10 most beautiful women in the world,"" which aligns with the thumbnail's claim.
- The video content includes a list of women with their birth dates, ages, birthplaces, occupations, and net worths, suggesting a ranking of the most beautiful women based on these criteria.

**Step 3:** Compare the thumbnail to the actual video content.
- The thumbnail accurately represents the video's main topic, which is indeed a ranking of the most beautiful women in the world.

**Step 4:** Determine if the thumbnail accurately represents the video's main topic or content.
- The thumbnail accurately represents the video's main topic, which is a ranking of the most beautiful women in the world.

**Step 5:** Assess whether the thumbnail uses exaggeration, false promises, or clickbait tactics.
- The thumbnail does not use any exaggerated claims or false promises. It clearly states ""Top 10 Most Beautiful Women In The World 2024,"" which is a straightforward title for a ranking video.

**Step 6:** Categorize the thumbnail as either ""Misleading"" or ""Not Misleading.""
- The thumbnail is not misleading.

**Step 7:** Provide a brief explanation for the decision.
- The thumbnail accurately represents the video's main topic without any exaggeration or false promises. It clearly states what the video is about, which is a ranking of the most beautiful women in the world, and the video content matches this description.

**Final Decision:** Not Misleading"
PRRNw5IRufM,"### Analysis:

**Step 1: Examine the thumbnail**
- The thumbnail features a man speaking into a microphone against a bright yellow background.
- The text on the thumbnail reads: ""Bill Burr ON Black People.""

**Step 2: Read through the video subtitles and content description**
- The subtitles indicate that the video contains a stand-up comedy performance where the comedian discusses various topics, including his experiences with and observations about Black people.
- The content description confirms that the video is a compilation of different moments from the comedian's act, showcasing his performance across two distinct sets.

**Step 3: Compare the thumbnail to the actual video content**
- The thumbnail suggests that the video focuses specifically on the comedian's views and experiences related to Black people.
- However, the video content description indicates that the video is a compilation of different moments from the comedian's act, which includes various topics beyond just his views on Black people.

**Step 4: Determine if the thumbnail accurately represents the video's main topic or content**
- The thumbnail does not accurately represent the full scope of the video content. It implies that the entire video is dedicated to the comedian's perspective on Black people, which is not the case based on the content description.

**Step 5: Assess whether the thumbnail uses exaggeration, false promises, or clickbait tactics**
- The thumbnail uses a clickbait tactic by suggesting that the entire video is focused on the comedian's views on Black people, which is misleading since the video contains a variety of topics.

**Step 6: Categorize the thumbnail**
- **Categorization:** Misleading

**Explanation:**
The thumbnail is misleading because it suggests that the entire video is dedicated to the comedian's perspective on Black people, which is not the case. The video content description indicates that the video is a compilation of different moments from the comedian's act, which includes various topics beyond just his views on Black people. Therefore, the thumbnail uses clickbait tactics to attract viewers by implying a focus on a specific topic that is not represented in the actual video content."
oHKCwyUa2rg,"### Analysis of the Provided Information

#### Step 1: Examine the Thumbnail
The thumbnail features a man working on a humanoid robot head, with the text ""How Robots Are Built?"" prominently displayed.

#### Step 2: Read Through the Video Subtitles and Content Description
The subtitles and video content description provide a comprehensive overview of robotics and artificial intelligence, covering topics such as robot development, capabilities, applications, and the process of building robots. It emphasizes the evolution of robotics from theoretical concepts to practical applications and highlights the accessibility of robotics technology.

#### Step 3: Compare the Thumbnail to the Actual Video Content
The thumbnail depicts a man working on a humanoid robot head, which aligns closely with the content described in the video. The video indeed covers the process of building robots, including DIY robotics and the use of components and kits.

#### Step 4: Determine if the Thumbnail Accurately Represents the Video's Main Topic or Content
The thumbnail accurately represents the main topic of the video, which is the process of building robots. It does not mislead viewers into expecting a different type of content.

#### Step 5: Assess Whether the Thumbnail Uses Exaggeration, False Promises, or Clickbait Tactics
The thumbnail does not use any exaggerated claims or false promises. It clearly indicates that the video will cover the process of building robots, which is consistent with the content described in the video.

#### Step 6: Categorize the Thumbnail as Either ""Misleading"" or ""Not Misleading""
Based on the analysis, the thumbnail is **Not Misleading**.

#### Step 7: Provide a Brief Explanation for Your Decision
The thumbnail accurately represents the main topic of the video, which is the process of building robots. It does not use any exaggerated claims or false promises. The content of the video matches the expectation set by the thumbnail, ensuring that viewers are not misled about what to expect from the video."
vSidTZlSbzY,"### Analysis:

**Step 1: Examine the thumbnail**
The thumbnail shows a person in an elevator with a surprised expression, which suggests a sudden and unexpected event.

**Step 2: Read through the video subtitles and content description**
The subtitles mention pranks involving elevators, slides, glass floors, and other intense scenarios. The video description confirms that the content is a compilation of dramatic and intense scenes, likely from a television series or film, featuring pranks and pranking situations.

**Step 3: Compare the thumbnail to the actual video content**
The thumbnail depicts a person in an elevator reacting to a prank, which aligns closely with the video content described in the subtitles and video description. The thumbnail accurately represents the main theme of the video, which revolves around pranks and intense situations.

**Step 4: Determine if the thumbnail accurately represents the video's main topic or content**
The thumbnail effectively captures the essence of the video content, which involves pranks and intense, dramatic situations. It does not misrepresent the nature of the video.

**Step 5: Assess whether the thumbnail uses exaggeration, false promises, or clickbait tactics**
The thumbnail does not use any exaggerated claims or false promises. It simply shows a person reacting to a prank in an elevator, which is a fair representation of the video's content.

**Step 6: Categorize the thumbnail**
Based on the analysis, the thumbnail is **Not Misleading**.

**Explanation:**
The thumbnail accurately reflects the content of the video, which is a compilation of pranks and intense situations. It does not use any misleading elements such as exaggerated claims or false promises. Therefore, it is appropriate and truthful in representing the video's main topic."
jDKLd8vGm-k,"### Analysis of the Provided Information

#### Step 1: Examine the thumbnail
The thumbnail features a person holding a McDonald's burger with fries in a Pepsi cup, accompanied by a red ""X"" mark on the left side and a green checkmark on the right side. The image suggests a comparison between two options, implying that the Pepsi cup with the burger and fries is the correct choice.

#### Step 2: Read through the video subtitles and content description
The subtitles and video content describe a series of fast food experiences, ranging from enjoyment to disgust. The video does not explicitly mention Pepsi or any specific product comparisons. Instead, it focuses on various scenarios involving fast food, such as eating in bed, using creative fast food presentations, and interacting with fast food items.

#### Step 3: Compare the thumbnail to the actual video content
The thumbnail shows a Pepsi cup with a burger and fries, which aligns with the theme of fast food. However, the video content does not focus on Pepsi specifically; it covers a variety of fast food experiences without emphasizing any particular brand.

#### Step 4: Determine if the thumbnail accurately represents the video's main topic or content
The thumbnail does not accurately represent the video's main topic or content because the video does not revolve around Pepsi or any specific product comparison. It is a compilation of fast food experiences rather than a comparison between different brands.

#### Step 5: Assess whether the thumbnail uses exaggeration, false promises, or clickbait tactics
The thumbnail does not use exaggeration, false promises, or clickbait tactics. It simply presents a visual representation of a fast food item, which is relevant to the video's theme but does not mislead viewers about the content.

#### Step 6: Categorize the thumbnail as either ""Misleading"" or ""Not Misleading""
Based on the analysis, the thumbnail is **Not Misleading**.

#### Step 7: Provide a brief explanation for the decision
The thumbnail accurately represents the video's theme of fast food experiences, but it does not mislead viewers about the content. The video does not focus on Pepsi or any specific product comparison, so the thumbnail does not use clickbait or false promises. Therefore, the thumbnail is not misleading."
z6r6m3-VcGU,"### Analysis and Categorization:

**Step 1:** Examine the thumbnail.
- The thumbnail features two individuals, one of whom appears to be a woman with curly hair, and another with a cap, both smiling and posing for a photo. There is no text or imagery that suggests a specific drama or character.

**Step 2:** Read through the video subtitles and content description.
- The subtitles discuss a drama called ""Shree Noor Jahan,"" mentioning a character named Safina played by Alina Abbas. The video seems to be a discussion about the character and her background within the drama.

**Step 3:** Compare the thumbnail to the actual video content.
- The thumbnail does not visually represent any specific drama or character from ""Shree Noor Jahan."" It appears to be a generic image of two individuals, possibly unrelated to the content described in the subtitles.

**Step 4:** Determine if the thumbnail accurately represents the video's main topic or content.
- The thumbnail fails to convey any information related to the drama or the character Safina. It does not provide context or imagery that would help viewers understand the content of the video.

**Step 5:** Assess whether the thumbnail uses exaggeration, false promises, or clickbait tactics.
- The thumbnail does not use any exaggerated claims or false promises. However, it does not accurately represent the content of the video, which is about a specific drama and character.

**Step 6:** Categorize the thumbnail as either ""Misleading"" or ""Not Misleading.""
- **Categorization:** Misleading

**Explanation:** The thumbnail is misleading because it does not visually represent the content of the video. It fails to provide any context or imagery related to the drama ""Shree Noor Jahan"" or the character Safina. Instead, it shows a generic image of two individuals, which does not align with the video's focus on discussing the drama and character."
cwWjQ_Fmmgk,"### Analysis:

1. **Examine the thumbnail**: The thumbnail shows two individuals taking a selfie together, with one person holding a smartphone. The image suggests a casual, friendly interaction, possibly at a social gathering or event.

2. **Read through the video subtitles and content description**: Since subtitles are not available, we rely solely on the video description for context.

3. **Compare the thumbnail to the actual video content**:
   - The thumbnail depicts a casual, friendly interaction.
   - The video content describes a large, elegant event with a celebratory atmosphere, featuring a mix of ages and genders, formal attire, and luxurious decor.

4. **Determine if the thumbnail accurately represents the video's main topic or content**:
   - The thumbnail does not accurately represent the grandeur and scale of the event described in the video.
   - The casual nature of the thumbnail contrasts sharply with the formal and celebratory setting depicted in the video.

5. **Assess whether the thumbnail uses exaggeration, false promises, or clickbait tactics**:
   - The thumbnail does not use any exaggerated claims or false promises.
   - However, it fails to convey the scale and formality of the event, which could mislead viewers into expecting a more casual or less significant event.

6. **Categorize the thumbnail**:
   - **Misleading**

7. **Explanation**:
   - The thumbnail suggests a casual, friendly interaction, which does not align with the grand, formal, and celebratory nature of the event described in the video. This mismatch can lead viewers to expect a different type of content than what they receive, thus misleading them about the actual event captured in the video."
ZSRALVS3Up0,"### Analysis of the Provided Information

#### Step 1: Examine the Thumbnail
The thumbnail shows a goalkeeper in a yellow jersey celebrating, with logos for Manchester United and Chelsea, along with the word ""HIGHLIGHTS.""

#### Step 2: Read Through the Video Subtitles and Content Description
The subtitles and content description describe a women's football match between Manchester United and Chelsea, highlighting key moments such as goals scored, celebrations, and tactical plays. The video focuses on the intensity and skill of the players, as well as the competitive atmosphere of the match.

#### Step 3: Compare the Thumbnail to the Actual Video Content
The thumbnail depicts a goalkeeper celebrating, which aligns with the content of the video as it shows celebratory moments during the match. However, the thumbnail does not explicitly mention the specific teams involved or the context of the match being a FA Cup semifinal.

#### Step 4: Determine if the Thumbnail Accurately Represents the Video's Main Topic or Content
While the thumbnail captures a celebratory moment, it does not provide enough context to clearly indicate that the video is specifically about the FA Cup semifinal match between Manchester United and Chelsea. The thumbnail is somewhat generic and could represent any football match.

#### Step 5: Assess Whether the Thumbnail Uses Exaggeration, False Promises, or Clickbait Tactics
The thumbnail does not use exaggerated claims or false promises. It simply shows a celebratory moment, which is a common occurrence in football matches.

#### Step 6: Categorize the Thumbnail
Based on the analysis, the thumbnail is not misleading because it accurately reflects a celebratory moment from the match, but it lacks specificity regarding the teams and the context of the FA Cup semifinal.

#### Step 7: Provide a Brief Explanation for the Decision
The thumbnail is not misleading because it shows a celebratory moment from the match, which is true to the content of the video. However, it does not provide enough context to clearly indicate that the video is specifically about the FA Cup semifinal match between Manchester United and Chelsea. Therefore, the thumbnail is considered ""Not Misleading.""

### Final Categorization: Not Misleading"
3oa7fCKvpT0,"Categorization: Not Misleading

Explanation: The thumbnail features two prominent soccer players facing each other, which suggests a comparison or competition between them. However, the video content described does not focus on a specific match or rivalry but rather showcases a compilation of soccer highlights featuring various memorable moments and skills from different matches and players. The thumbnail accurately represents the general theme of the video, which is to highlight the excitement and skill involved in soccer matches. There is no exaggeration, false promises, or clickbait tactics used in the thumbnail. Therefore, the thumbnail is not misleading."
CbCdoxNxNjQ,"### Analysis of the Provided Information

#### Step 1: Examine the Thumbnail
The thumbnail features three individuals, each in a separate section. The central figure is dressed in an orange blazer, which suggests a formal or semi-formal setting. The other two individuals are dressed casually, one in a white t-shirt and the other in a plaid shirt and flat cap. The background of the central figure includes movie posters, indicating a connection to film or entertainment.

#### Step 2: Read Through the Video Subtitles and Content Description
The subtitles and content description indicate that the video is a podcast or interview session featuring discussions about acting, specifically focusing on Ranbir Kapoor. The conversation revolves around the qualities of a good actor, the importance of a good look for a director, and the performances of various actors, including Ranbir Kapoor.

#### Step 3: Compare the Thumbnail to the Actual Video Content
The thumbnail shows three individuals, but the video content focuses on a discussion about Ranbir Kapoor and his performances. The central figure in the thumbnail is dressed in a way that suggests a formal or semi-formal setting, which aligns with the discussion about acting and performances. However, the casual attire of the other two individuals in the thumbnail does not match the content of the video, which is primarily about Ranbir Kapoor.

#### Step 4: Determine if the Thumbnail Accurately Represents the Video's Main Topic or Content
The thumbnail accurately represents the main topic of the video, which is a discussion about Ranbir Kapoor and his performances. The formal attire of the central figure matches the context of the discussion, and the movie posters in the background reinforce the theme of film and entertainment.

#### Step 5: Assess Whether the Thumbnail Uses Exaggeration, False Promises, or Clickbait Tactics
The thumbnail does not use any exaggerated claims or false promises. It accurately reflects the content of the video, which is a discussion about Ranbir Kapoor and his performances.

#### Step 6: Categorize the Thumbnail as Either ""Misleading"" or ""Not Misleading""
Based on the analysis, the thumbnail is **Not Misleading**.

#### Step 7: Provide a Brief Explanation for Your Decision
The thumbnail accurately represents the main topic of the video, which is a discussion about Ranbir Kapoor and his performances. The formal attire of the central figure and the movie posters in the background align with the content of the video, and there are no exaggerated claims or false promises used in the thumbnail. Therefore, the thumbnail is not misleading."
yeF_b8EQcK0,"### Analysis:

1. **Examine the thumbnail**: The thumbnail features four characters dressed in stylish, action-oriented attire, with a backdrop of dramatic lighting and flames. The text reads ""DHOOM 3 TRAILER"" and indicates ""35 MILLION+ VIEWS.""

2. **Read through the video subtitles and content description**: The subtitles and the video description emphasize action-packed sequences, stunts, and a high-octane atmosphere typical of a Bollywood action film. The content includes scenes of motorcycle chases, intense dance sequences, and dramatic stunts.

3. **Compare the thumbnail to the actual video content**: The thumbnail effectively captures the essence of the trailer, showcasing the characters in a dynamic and exciting manner. The subtitle ""DHOOM 3 TRAILER"" clearly indicates that the video is promoting the trailer for the movie ""Dhoom 3.""

4. **Determine if the thumbnail accurately represents the video's main topic or content**: The thumbnail accurately represents the main topic and content of the video, which is the trailer for the action-packed Bollywood film ""Dhoom 3.""

5. **Assess whether the thumbnail uses exaggeration, false promises, or clickbait tactics**: The thumbnail does not use any exaggerated claims or clickbait tactics. It simply presents the trailer for the movie ""Dhoom 3,"" which aligns with the content described in the video.

6. **Categorize the thumbnail**: Based on the analysis, the thumbnail is not misleading.

7. **Explanation**: The thumbnail accurately reflects the content of the trailer, which is a promotional piece for the movie ""Dhoom 3."" It does not promise anything beyond what is shown in the trailer itself, nor does it use any misleading tactics to attract viewers.

**Categorization**: Not Misleading

**Explanation**: The thumbnail accurately represents the trailer for the movie ""Dhoom 3,"" showcasing the characters and the high-energy action sequences typical of the film. It does not use any exaggerated claims or clickbait tactics."
fuRJqe_rO90,"### Analysis of the Provided Information

#### Step 1: Examine the Thumbnail
The thumbnail features a cricket player in a black uniform with the Haier sponsor logo, along with the text ""Babar Azam Podcast Pakistan Captain."" It also includes a graphic of a cricket bat and mentions ""800K+ Views.""

#### Step 2: Read Through the Video Subtitles and Content Description
The subtitles mention a podcast or interview format featuring Babar Azam, the captain of the Pakistan national cricket team. The content appears to discuss Babar Azam's experiences and insights into cricket, particularly focusing on his childhood passion for the sport and his journey to becoming a professional cricketer.

#### Step 3: Compare the Thumbnail to the Actual Video Content
The thumbnail prominently features Babar Azam, which aligns with the video content as it is about Babar Azam. However, the text ""Pakistan Captain"" suggests that the video will focus on Babar Azam's role as the captain of the Pakistan national cricket team. The video content, however, does not explicitly mention his role as the captain but rather focuses on his personal experiences and insights into cricket.

#### Step 4: Determine if the Thumbnail Accurately Represents the Video's Main Topic or Content
While the thumbnail accurately depicts Babar Azam, it does not explicitly convey that the video will be about his role as the captain of the Pakistan national cricket team. The content of the video seems to be more focused on his personal experiences and insights into cricket rather than his specific role as the captain.

#### Step 5: Assess Whether the Thumbnail Uses Exaggeration, False Promises, or Clickbait Tactics
The thumbnail does not use exaggerated claims or false promises. It accurately represents the main subject (Babar Azam) and the topic (a podcast or interview). However, it does not fully communicate the specific focus of the video content.

#### Step 6: Categorize the Thumbnail as Either ""Misleading"" or ""Not Misleading""
Given that the thumbnail accurately depicts Babar Azam but does not fully convey the specific focus of the video content, it can be considered slightly misleading.

#### Step 7: Provide a Brief Explanation for the Decision
The thumbnail accurately represents Babar Azam but does not fully communicate the specific focus of the video content. While it accurately depicts the main subject, it does not explicitly convey that the video will be about his role as the captain of the Pakistan national cricket team. Therefore, it can be categorized as ""Slightly Misleading.""

### Final Categorization: Slightly Misleading"
-e1_QhJ1EhQ,"### Analysis:

1. **Examine the thumbnail**: The provided thumbnail does not exist in the given information. Therefore, we cannot visually assess the thumbnail for misleading elements based on the provided data.

2. **Read through the video subtitles and content description**: Since subtitles are not available, we rely solely on the video description for understanding the content.

3. **Compare the thumbnail to the actual video content**: As the thumbnail is not provided, we compare the video content directly to the description.

4. **Determine if the thumbnail accurately represents the video's main topic or content**: Since the thumbnail is missing, we cannot determine if it accurately represents the content.

5. **Assess whether the thumbnail uses exaggeration, false promises, or clickbait tactics**: Without a thumbnail, we cannot assess these elements.

6. **Categorize the thumbnail as either ""Misleading"" or ""Not Misleading""**: Given the lack of a thumbnail, we cannot categorize it.

7. **Provide a brief explanation for your decision**: Since the thumbnail is not provided, we cannot make a determination regarding its misleading nature.

### Conclusion:
**Categorization:** Not enough information provided to determine.

**Explanation:** The analysis is incomplete due to the absence of the thumbnail image. Without visual confirmation, we cannot assess whether the thumbnail is misleading or not."
-at4b-8D8xs,"### Analysis of the Provided Information

#### Step 1: Examine the Thumbnail
The thumbnail features a microscopic view of what appears to be the Mpox virus, with red and white circular structures against a dark blue background. The Global News logo is prominently displayed in the bottom left corner.

#### Step 2: Read Through the Video Subtitles and Content Description
The subtitles and video content describe a news segment from Global News discussing the spread of Mpox, including its transmission methods, risk factors, and preventive measures. The expert in the video provides detailed information about the virus and its impact.

#### Step 3: Compare the Thumbnail to the Actual Video Content
The thumbnail shows a microscopic image of the Mpox virus, which aligns closely with the content described in the video. The video content includes discussions about the virus's transmission, risk factors, and preventive measures, which are visually supported by the thumbnail.

#### Step 4: Determine if the Thumbnail Accurately Represents the Video's Main Topic or Content
The thumbnail accurately represents the main topic of the video, which is the spread and characteristics of the Mpox virus. It effectively conveys the subject matter without any misleading elements.

#### Step 5: Assess Whether the Thumbnail Uses Exaggeration, False Promises, or Clickbait Tactics
There are no exaggerated claims or false promises in the thumbnail. It simply presents a microscopic image of the virus, which is relevant to the topic discussed in the video.

#### Step 6: Categorize the Thumbnail
Based on the analysis, the thumbnail is not misleading.

#### Step 7: Provide a Brief Explanation for the Decision
The thumbnail accurately depicts the microscopic view of the Mpox virus, which is a key visual element in the video content. It neither exaggerates nor misrepresents the topic, ensuring that viewers understand the subject matter before clicking on the video. Therefore, the thumbnail is categorized as ""Not Misleading."""
BD608IJ3aCE,"### Analysis:

**Step 1: Examine the thumbnail**
- The thumbnail features a cricket player in a blue uniform, holding a bat, with the text ""GAUTAM GAMBHIR 97 V SRI LANKA CWC 2011 FINAL.""

**Step 2: Read the video subtitles and content description**
- The subtitles mention Gautam Gambhir scoring 97 runs during the 2011 Cricket World Cup Final between India and Sri Lanka.
- The video content includes scenes of the match, focusing on Gambhir's innings and the overall context of the final match.

**Step 3: Compare the thumbnail to the actual video content**
- The thumbnail accurately depicts a cricket player in a blue uniform, which matches the description of Gambhir's team uniform.
- The text ""GAUTAM GAMBHIR 97 V SRI LANKA CWC 2011 FINAL"" directly corresponds to the content described in the video subtitles and the video description.

**Step 4: Determine if the thumbnail accurately represents the video's main topic or content**
- The thumbnail correctly identifies the player (Gautam Gambhir), the event (2011 Cricket World Cup Final), and the context (Sri Lanka vs. India).
- It does not misrepresent the player's performance or the match itself.

**Step 5: Assess whether the thumbnail uses exaggeration, false promises, or clickbait tactics**
- The thumbnail does not use any exaggerated claims or false promises.
- It accurately represents the content without misleading viewers.

**Step 6: Categorize the thumbnail**
- **Categorization:** Not Misleading

**Step 7: Provide a brief explanation for the decision**
- The thumbnail accurately represents the main topic and content of the video, depicting a specific player's performance in a significant match. It does not use any misleading elements or clickbait tactics.

**Final Decision:** Not Misleading"
E7OwbUlfTjQ,"### Analysis:

1. **Examine the thumbnail**:
   - The thumbnail features Hrithik Roshan, a well-known actor, with the text ""HRITHIK ROSHAN ON KRRISH 4"". The background has a colorful design with abstract shapes and the number ""4"".

2. **Read through the video subtitles and content description**:
   - The subtitles indicate that the video is an interview or talk show segment featuring Hrithik Roshan discussing his involvement in a project called ""Krrish 4"".
   - The content description mentions that the video is an interview or talk show segment featuring Hrithik Roshan, discussing scripts, future projects, and the status of ""Krrish 4"".

3. **Compare the thumbnail to the actual video content**:
   - The thumbnail clearly states ""KRRISH 4"", which aligns with the content described in the subtitles and the video description.

4. **Determine if the thumbnail accurately represents the video's main topic or content**:
   - The thumbnail accurately represents the main topic of the video, which is Hrithik Roshan discussing ""Krrish 4"".

5. **Assess whether the thumbnail uses exaggeration, false promises, or clickbait tactics**:
   - There is no exaggeration, false promises, or clickbait tactics used in the thumbnail. It simply states the name of the project being discussed.

6. **Categorize the thumbnail as either ""Misleading"" or ""Not Misleading""**:
   - The thumbnail is not misleading.

7. **Explanation for the decision**:
   - The thumbnail accurately represents the main topic of the video, which is Hrithik Roshan discussing ""Krrish 4"". There are no exaggerated claims or misleading elements present in the thumbnail.

### Final Categorization:
- **Not Misleading**

### Explanation:
The thumbnail accurately reflects the content of the video, which is an interview or talk show segment featuring Hrithik Roshan discussing his involvement in ""Krrish 4"". There are no misleading elements or clickbait tactics used in the thumbnail."
xAbYDVM5YeE,"### Analysis:

1. **Examine the thumbnail**: The thumbnail shows a young boy in a school uniform, smiling and carrying a backpack. It conveys a positive and cheerful mood, which aligns with the theme of a school-going child.

2. **Read through the subtitles and content description**: The subtitles contain nonsensical and unrelated phrases, which do not provide any meaningful context related to the video content. The content description focuses on a heartwarming scene of young students going to school, particularly highlighting a boy's excitement and happiness about attending school.

3. **Compare the thumbnail to the actual video content**: The thumbnail accurately depicts the main subject of the video—a young boy in a school uniform, which matches the content described in the video description.

4. **Determine if the thumbnail accurately represents the video's main topic or content**: The thumbnail effectively represents the main topic of the video, which is a young boy's positive experience of going to school.

5. **Assess whether the thumbnail uses exaggeration, false promises, or clickbait tactics**: The thumbnail does not use any exaggerated claims or misleading elements. It simply shows a boy in a school uniform, which is consistent with the video content.

6. **Categorize the thumbnail**: Based on the analysis, the thumbnail is not misleading.

7. **Explanation**: The thumbnail accurately represents the video content by showing a young boy in a school uniform, which is the central focus of the video. The subtitles, while nonsensical, do not affect the visual representation of the thumbnail. Therefore, the thumbnail is not misleading.

**Categorization**: Not Misleading"
t-gCpAf-fbE,"Categorization: Not Misleading

Explanation: The thumbnail depicts two brains labeled ""Your Brain"" and ""Einstein Brain,"" which accurately reflects the content of the video. The video discusses the study of Einstein's brain and its unique characteristics, which are visually represented by the image of the two brains. There is no exaggeration, false promise, or clickbait tactic used in the thumbnail. The thumbnail effectively summarizes the main topic of the video without misleading viewers."
rtih8OEh7S0,"### Analysis:

1. **Examine the thumbnail**: The thumbnail shows a hand holding a pencil next to a USB cable. It suggests a DIY project involving these common items.

2. **Read through the video subtitles and content description**: There are no subtitles provided, but the video description outlines a step-by-step process of creating a makeshift electrical circuit using everyday objects like a pencil and a USB cable.

3. **Compare the thumbnail to the actual video content**: The thumbnail depicts a simple setup involving a pencil and a USB cable, which aligns closely with the video content described. The video indeed involves creating a makeshift electrical circuit using these items.

4. **Determine if the thumbnail accurately represents the video's main topic or content**: The thumbnail accurately represents the main topic of the video, which is creating a DIY electrical circuit using a pencil and a USB cable.

5. **Assess whether the thumbnail uses exaggeration, false promises, or clickbait tactics**: The thumbnail does not use any exaggerated claims or false promises. It simply shows the materials involved in the project, which is appropriate for a DIY tutorial.

6. **Categorize the thumbnail as either ""Misleading"" or ""Not Misleading""**: Based on the analysis, the thumbnail is not misleading.

7. **Provide a brief explanation for your decision**: The thumbnail accurately reflects the content of the video, which is a DIY tutorial on creating a makeshift electrical circuit using a pencil and a USB cable. There are no exaggerated claims or misleading elements present.

**Categorization**: Not Misleading

**Explanation**: The thumbnail accurately represents the main topic of the video, which is creating a DIY electrical circuit using a pencil and a USB cable. There are no exaggerated claims or misleading elements present."
5WtojvKl3Ho,"### Analysis:

1. **Examine the thumbnail**: The provided thumbnail does not exist in the given information. Therefore, we cannot visually assess the thumbnail for any potential misleading elements.

2. **Read through the video subtitles and content description**: Since subtitles are not available, we rely solely on the video description for understanding the content.

3. **Compare the thumbnail to the actual video content**: As the thumbnail is not provided, we cannot compare it directly to the video content.

4. **Determine if the thumbnail accurately represents the video's main topic or content**: Without a thumbnail to evaluate, we cannot make a determination regarding accuracy.

5. **Assess whether the thumbnail uses exaggeration, false promises, or clickbait tactics**: Since there is no thumbnail to assess, this step is also not applicable.

6. **Categorize the thumbnail as either ""Misleading"" or ""Not Misleading""**: Given the lack of a thumbnail to evaluate, we cannot categorize it.

7. **Provide a brief explanation for your decision**: Since there is no thumbnail to analyze, we cannot provide an explanation for categorization.

### Conclusion:
The provided information does not include a thumbnail for analysis. Therefore, the thumbnail cannot be categorized as either ""Misleading"" or ""Not Misleading."""
FOIQcP0mX9Q,"### Analysis:

1. **Thumbnail Examination**: The thumbnail shows four women standing together, dressed in vibrant colors (green, red, and coral). They are holding hula hoops, which suggests a playful or game-related activity. The overall tone of the thumbnail is cheerful and lighthearted.

2. **Video Subtitles and Content Description**: The subtitles and video content describe a talk show or entertainment program featuring women discussing various topics. The conversation includes references to travel, personal experiences, and interactions among the participants. The atmosphere described is lively and engaging, with animated expressions and interactions.

3. **Comparison**: The thumbnail depicts a group of women in a playful setting, which aligns closely with the content described in the video. The women are dressed vibrantly, and the setting is colorful and modern, matching the described atmosphere of the show.

4. **Accuracy Representation**: The thumbnail accurately represents the video content. It captures the essence of the show, which involves women engaging in a lively and interactive discussion. The hula hoops and the colorful attire are consistent with the described lively and engaging environment.

5. **Exaggeration, False Promises, or Clickbait Tactics**: There are no elements in the thumbnail that suggest exaggeration, false promises, or clickbait tactics. The thumbnail simply presents the show's theme and setting without any misleading claims.

### Conclusion:

**Categorization:** Not Misleading

**Explanation:** The thumbnail accurately represents the video content, showing a group of women in a lively and engaging setting, which matches the described atmosphere of the show. There are no misleading elements or clickbait tactics present in the thumbnail."
AY2jPAb6BOQ,"### Analysis of the Provided Information

#### Step 1: Examine the Thumbnail
The thumbnail depicts a scene from a Fallout game, specifically showing a character in a wasteland environment interacting with another character while drinking from a bottle. The setting is consistent with the Fallout series' post-apocalyptic theme, featuring a barren landscape and characters in a survival context.

#### Step 2: Read Through the Video Subtitles and Content Description
The subtitles and video content describe a series of scenes from a Fallout game, focusing on survival skills such as strength, perception, endurance, charisma, and intelligence. The video emphasizes the importance of these attributes for surviving in a post-apocalyptic world, with a mix of exploration, danger, and survival challenges.

#### Step 3: Compare the Thumbnail to the Actual Video Content
The thumbnail accurately represents the video content. It shows a wasteland setting with characters engaging in survival activities, which aligns with the themes discussed in the subtitles and video description.

#### Step 4: Determine if the Thumbnail Accurately Represents the Video's Main Topic or Content
The thumbnail effectively captures the essence of the video content, depicting a scene that reflects the post-apocalyptic setting and survival themes of the Fallout series.

#### Step 5: Assess Whether the Thumbnail Uses Exaggeration, False Promises, or Clickbait Tactics
There is no indication of exaggeration, false promises, or clickbait tactics in the thumbnail. It accurately represents the video content without misleading viewers.

#### Step 6: Categorize the Thumbnail
Based on the analysis, the thumbnail is **Not Misleading**.

#### Explanation:
The thumbnail accurately represents the video content by showing a wasteland setting with characters engaging in survival activities. It does not use exaggerated claims or misleading elements to attract viewers. Therefore, it effectively communicates the theme of the video without misleading the audience."
ebnQsTk9s-s,"Categorization: Not Misleading

Explanation: The thumbnail depicts a close-up of a textured object being manipulated, which aligns well with the video content described. The video showcases various scenes where different textures and materials are being interacted with in a visually satisfying manner. There are no exaggerated claims or misleading elements present in the thumbnail that do not match the actual video content. Therefore, the thumbnail accurately represents the video's main topic and content."
MQTUznTBpNM,"### Analysis of the Provided Information

#### Step 1: Examine the Thumbnail
The thumbnail shows two individuals in a room decorated with balloons and a sign that reads ""It will be"" along with baby footprints, suggesting a gender reveal party.

#### Step 2: Read Through the Subtitles and Content Description
The subtitles indicate that the video is a compilation of various short clips showcasing different amusing or interesting moments. However, there is no specific mention of a gender reveal party or any related content in the video description.

#### Step 3: Compare the Thumbnail to the Actual Video Content
The thumbnail depicts a gender reveal party, which is not mentioned in the video description. The video content includes various humorous and interesting moments but does not include a gender reveal party.

#### Step 4: Determine if the Thumbnail Accurately Represents the Video's Main Topic or Content
The thumbnail inaccurately represents the video's main topic because it suggests a gender reveal party, which is not part of the video content.

#### Step 5: Assess Whether the Thumbnail Uses Exaggeration, False Promises, or Clickbait Tactics
The thumbnail uses clickbait tactics by promising a gender reveal party, which is not present in the video content.

#### Step 6: Categorize the Thumbnail as Either ""Misleading"" or ""Not Misleading""
Categorization: Misleading

#### Step 7: Provide a Brief Explanation for Your Decision
The thumbnail misleads viewers by suggesting a gender reveal party when the video content does not include such a scene. It uses clickbait tactics to attract viewers by promising a specific event that is not actually featured in the video."
1lTJ9ef7S0c,"### Analysis:

1. **Thumbnail Examination**:
   - The thumbnail features Jimmy Carr, a well-known comedian, with the text ""THE RISKIEST JOKES EVER."" The image includes a large, colorful graphic in the background, which appears to be part of a visual gag or transition within the show.

2. **Video Subtitles**:
   - The subtitles reveal that the video contains a series of jokes, some of which are described as ""offensive"" and ""riskiest."" The content includes topics such as abortion, death, transvestites, rape, pedophilia, and car accidents, among others.

3. **Video Content Description**:
   - The video appears to be a stand-up comedy performance featuring Jimmy Carr. It showcases his routine, which includes a variety of jokes ranging from humorous to potentially controversial subjects. The content aligns closely with the subtitles, indicating that the video indeed contains ""riskiest jokes.""

4. **Comparison**:
   - The thumbnail accurately represents the video content by mentioning ""THE RISKIEST JOKES EVER."" The image of Jimmy Carr and the colorful background are consistent with the typical aesthetic of a comedy special or stand-up performance.

5. **Assessment**:
   - The thumbnail does not use exaggeration, false promises, or clickbait tactics. It clearly communicates the theme of the video, which is the performance of ""riskiest jokes.""

6. **Categorization**:
   - **Not Misleading**

7. **Explanation**:
   - The thumbnail accurately reflects the content of the video by highlighting the theme of ""riskiest jokes."" It does not mislead viewers about the nature of the performance or the content of the jokes. The thumbnail effectively sets the expectation for the viewer, ensuring they understand the type of material they are about to watch.

### Conclusion:
The thumbnail is **Not Misleading**. It accurately represents the video content by emphasizing the theme of ""riskiest jokes,"" which is consistent with the subtitles and the actual video content."
IJMXK3IKYnA,"### Analysis:

1. **Examine the thumbnail**: The thumbnail depicts a large ship navigating through massive waves, which aligns closely with the video content described. The image shows a ship battling treacherous ocean conditions, which matches the description of the video.

2. **Read through the video subtitles and content description**: Since subtitles are not available, we rely solely on the video description for context.

3. **Compare the thumbnail to the actual video content**: The thumbnail accurately represents the video content. It shows a ship navigating through large waves, which is consistent with the footage described in the video description.

4. **Determine if the thumbnail accurately represents the video's main topic or content**: The thumbnail effectively captures the essence of the video, which is about ships battling stormy ocean conditions.

5. **Assess whether the thumbnail uses exaggeration, false promises, or clickbait tactics**: There is no indication of exaggeration or clickbait tactics in the thumbnail. It simply shows a realistic depiction of a ship in rough seas.

6. **Categorize the thumbnail**: Based on the analysis, the thumbnail is not misleading.

7. **Explanation**: The thumbnail accurately represents the video content without any exaggeration or misleading elements. It shows a ship navigating through large waves, which is precisely what the video depicts. Therefore, the thumbnail is appropriate and not misleading.

**Categorization**: Not Misleading

**Explanation**: The thumbnail accurately reflects the video content, showing a ship battling through large waves, which is consistent with the footage described in the video description. There are no exaggerated claims or misleading elements present in the thumbnail."
l6uqpS63yso,"### Analysis of the Provided Information

#### Step 1: Examine the Thumbnail
The thumbnail shows a geometric diagram of a large triangle subdivided into smaller triangles. There is a red box labeled ""Test Question"" with the question ""How many triangles do you see?"" and four multiple-choice answers: A. 9, B. 13, C. 17, D. 15.

#### Step 2: Read Through the Video Subtitles and Content Description
The subtitles and video content describe a logic and pattern recognition question where the viewer is asked to count the number of triangles in a given diagram. The correct answer is revealed to be 13 triangles.

#### Step 3: Compare the Thumbnail to the Actual Video Content
The thumbnail accurately depicts the type of question being discussed in the video. It shows a diagram that matches the one used in the question described in the subtitles and video content.

#### Step 4: Determine if the Thumbnail Accurately Represents the Video's Main Topic or Content
The thumbnail correctly represents the main topic of the video, which is a logic question involving counting triangles.

#### Step 5: Assess Whether the Thumbnail Uses Exaggeration, False Promises, or Clickbait Tactics
There are no exaggerated claims or false promises in the thumbnail. It simply presents the question and the diagram without any misleading elements.

#### Step 6: Categorize the Thumbnail
Based on the analysis, the thumbnail is not misleading.

#### Step 7: Provide a Brief Explanation for the Decision
The thumbnail accurately represents the main topic of the video, which is a logic question involving counting triangles. It does not use any exaggerated claims or false promises. Therefore, it is categorized as ""Not Misleading.""

### Final Answer
**Categorization:** Not Misleading  
**Explanation:** The thumbnail accurately represents the main topic of the video, which is a logic question involving counting triangles. It does not use any exaggerated claims or false promises."
LC2nkQTpC-0,"### Analysis and Categorization

#### Step 1: Examine the thumbnail
The thumbnail features a hand holding a clear plastic cup filled with water against a blurred green background. The text reads ""8 WATER TRICKS.""

#### Step 2: Read through the video subtitles and content description
The video content description mentions various science experiments involving water, including demonstrations of physical and chemical reactions. The subtitles suggest a series of tricks or experiments but do not specify the exact nature of these tricks.

#### Step 3: Compare the thumbnail to the actual video content
The thumbnail suggests a series of water-based tricks or experiments, which aligns with the video content description mentioning water-related experiments. However, the thumbnail does not explicitly mention the specific types of tricks or experiments shown in the video.

#### Step 4: Determine if the thumbnail accurately represents the video's main topic or content
The thumbnail accurately represents the general theme of the video, which involves water-based experiments. It does not mislead viewers about the specific content of the tricks or experiments shown in the video.

#### Step 5: Assess whether the thumbnail uses exaggeration, false promises, or clickbait tactics
The thumbnail does not use exaggerated claims or false promises. It simply indicates that the video contains eight water-based tricks or experiments, which is a reasonable expectation based on the content description.

#### Step 6: Categorize the thumbnail
The thumbnail is **Not Misleading**.

#### Step 7: Provide a brief explanation for the decision
The thumbnail accurately represents the general theme of the video, which involves water-based experiments. While it does not specify the exact nature of the tricks or experiments, it does not use exaggerated claims or false promises. Therefore, it does not mislead viewers about the content of the video."
fEnwMyHejtQ,"### Analysis of the Provided Information

#### Step 1: Examine the Thumbnail
The thumbnail features two individuals labeled as ""Ranbir Kapoor"" and ""Nikhil Kamath."" The background has a red theme with geometric shapes and the text ""PEOPLE #2"" prominently displayed. The overall design suggests a focus on individuals, possibly discussing their personalities or experiences.

#### Step 2: Read Through the Video Subtitles and Content Description
The subtitles indicate a conversation between Ranbir Kapoor and Nikhil Kamath, discussing topics related to entrepreneurship, particularly targeting young entrepreneurs. The conversation revolves around teaching young individuals how to be desirable and achieve success in starting businesses.

#### Step 3: Compare the Thumbnail to the Actual Video Content
The thumbnail shows two individuals, which aligns with the video content involving Ranbir Kapoor and Nikhil Kamath. However, the thumbnail does not provide any specific details about the content of the conversation, such as the focus on entrepreneurship or the discussion of personal experiences.

#### Step 4: Determine if the Thumbnail Accurately Represents the Video's Main Topic or Content
The thumbnail does not explicitly mention the topic of entrepreneurship or the specific content discussed in the video. While it accurately depicts the presence of the two individuals, it lacks the necessary detail to convey the specific focus of the conversation.

#### Step 5: Assess Whether the Thumbnail Uses Exaggeration, False Promises, or Clickbait Tactics
The thumbnail does not use exaggerated claims or false promises. Instead, it simply presents the two individuals without providing any context about the content of the video.

#### Step 6: Categorize the Thumbnail as Either ""Misleading"" or ""Not Misleading""
Based on the analysis, the thumbnail is **Not Misleading**.

#### Explanation:
The thumbnail accurately depicts the presence of the two individuals involved in the conversation. However, it fails to provide any specific details about the content of the discussion, which could lead to viewer confusion about the exact nature of the conversation. Despite this, the thumbnail does not use any misleading elements or clickbait tactics. Therefore, it is categorized as ""Not Misleading."""
05-Gqlan8TA,"### Analysis:

**Step 1:** Examine the thumbnail.
- The thumbnail features a microscopic image of virus particles, which are likely related to mpox. The text reads, ""HERE'S THE STORY ITV NEWS Should the UK be worried about mpox?""

**Step 2:** Read through the video subtitles and content description.
- The subtitles mention a global health emergency declared due to mpox, its spread, and concerns about its impact in the UK. It highlights the severity of the disease, the number of cases, and preventive measures.

**Step 3:** Compare the thumbnail to the actual video content.
- The thumbnail shows microscopic images of virus particles, which align with the content of the video discussing mpox.

**Step 4:** Determine if the thumbnail accurately represents the video's main topic or content.
- The thumbnail accurately represents the main topic of mpox and the concern surrounding it.

**Step 5:** Assess whether the thumbnail uses exaggeration, false promises, or clickbait tactics.
- There is no exaggeration or clickbait in the thumbnail. It accurately reflects the content of the video.

**Step 6:** Categorize the thumbnail as either ""Misleading"" or ""Not Misleading"".
- **Categorization:** Not Misleading

**Explanation:** The thumbnail accurately depicts the microscopic images of virus particles associated with mpox, which is consistent with the video content. It does not use any exaggerated claims or clickbait tactics. Therefore, the thumbnail is not misleading."
5IpmafMQ6AU,"### Analysis:

1. **Examine the thumbnail**: The thumbnail shows a person ironing clothes with a camera lens attached to the iron, suggesting a humorous or creative approach to photography or videography.

2. **Read the subtitles and video content**:
   - The subtitles mention actions like wetting clothes, using high shutter speeds, and protecting the lens with a bezel.
   - The video content includes scenes of creative photography setups involving everyday objects and environments.

3. **Compare the thumbnail to the actual video content**:
   - The thumbnail depicts a person ironing clothes with a camera lens attached, which is not directly related to the video content described in the subtitles and video description.
   - The video content focuses on creative photography techniques, including setting up shots, using everyday objects, and experimenting with different angles and lighting.

4. **Determine if the thumbnail accurately represents the video's main topic or content**:
   - The thumbnail does not accurately represent the video's main topic or content. It suggests a humorous or creative approach to photography, but the video content is more about behind-the-scenes photography techniques and creative setups.

5. **Assess whether the thumbnail uses exaggeration, false promises, or clickbait tactics**:
   - The thumbnail uses a humorous and exaggerated scenario (ironing clothes with a camera lens) that is not aligned with the actual video content. This could be considered clickbait as it misleads viewers about the actual content.

6. **Categorize the thumbnail**:
   - **Misleading**

7. **Explanation**:
   - The thumbnail exaggerates the content by suggesting a humorous or creative approach to photography that is not depicted in the video. It uses a scenario that is unrelated to the actual video content, which focuses on behind-the-scenes photography techniques and creative setups. This misleads viewers about the actual content of the video, making it misleading."
026geiUPQYs,"### Analysis:

1. **Examine the thumbnail**: The thumbnail features a group of actors dressed in traditional and modern attire, standing together in what appears to be a formal or dramatic setting. The text on the thumbnail reads ""Episode - 28"" and ""9 Million+ Views,"" suggesting a popular drama series.

2. **Read the subtitles and video content**: The subtitles and video content describe a series of emotionally charged scenes involving relationships, family drama, and personal struggles within a wealthy Pakistani setting. The dialogue revolves around themes of marriage, divorce, and emotional turmoil among the characters.

3. **Compare the thumbnail to the actual video content**: The thumbnail depicts a group of actors in a formal setting, which aligns with the theme of a drama series. However, the specific content described in the subtitles and video description involves intense emotional scenes and discussions about marriage and divorce, which are not immediately apparent from the thumbnail alone.

4. **Determine if the thumbnail accurately represents the video's main topic or content**: While the thumbnail does represent the general genre of a drama series, it does not specifically highlight the intense emotional and dramatic elements present in the video content. The thumbnail does not visually depict the specific themes or scenes discussed in the subtitles.

5. **Assess whether the thumbnail uses exaggeration, false promises, or clickbait tactics**: The thumbnail does not use exaggerated visuals or text to mislead viewers into expecting a specific type of content (e.g., action, comedy, etc.). Instead, it accurately represents the genre of the series but fails to convey the specific emotional and dramatic content of the episode.

6. **Categorize the thumbnail**: Given that the thumbnail accurately represents the genre of the series but does not visually depict the specific themes or scenes discussed in the subtitles, it can be considered misleading.

7. **Explanation**: The thumbnail does not provide enough visual context to convey the intense emotional and dramatic content of the episode. It may lead viewers to expect a more lighthearted or less intense drama series rather than the specific themes of marriage, divorce, and emotional turmoil depicted in the subtitles and video content.

### Final Decision:
**Misleading**

**Explanation:** The thumbnail accurately represents the genre of a drama series but fails to visually depict the specific themes and emotional content of the episode, potentially misleading viewers into expecting a less intense drama series."
