video_id,classification
f5d_Yz5eC60,"### Analysis:

1. **Examine the thumbnail**: The thumbnail shows a woman in a black bodysuit walking confidently down a corridor, accompanied by men in suits. The image does not provide any specific context or details about the event or the woman's identity.

2. **Read through the subtitles and content description**: The subtitles mention a woman being described as ""fabulous"" and ""beautiful,"" and the video seems to capture a paparazzi-style moment of a public figure arriving at or leaving an event. The content description provides a detailed breakdown of the scenes, indicating a sequence of a woman in a black bodysuit walking through a corridor, accompanied by security and handlers, with media present.

3. **Compare the thumbnail to the actual video content**: The thumbnail accurately depicts the woman in a black bodysuit walking through a corridor, which matches the opening scene of the video. However, the thumbnail does not convey the context of the event, the presence of security, handlers, and media, nor the specific details mentioned in the subtitles and video description.

4. **Determine if the thumbnail accurately represents the video's main topic or content**: While the thumbnail captures the main subject (the woman in the black bodysuit), it lacks the context and additional elements that are crucial to understanding the full narrative of the video.

5. **Assess whether the thumbnail uses exaggeration, false promises, or clickbait tactics**: The thumbnail does not use exaggerated claims or false promises. It simply shows a woman in a black bodysuit, which aligns with the initial scene of the video.

6. **Categorize the thumbnail as either ""Misleading"" or ""Not Misleading""**: Given that the thumbnail accurately depicts the main subject but lacks the necessary context and additional elements to fully represent the video's content, it can be considered misleading.

7. **Brief explanation for the decision**: The thumbnail fails to convey the full context and details of the video, such as the presence of security, handlers, media, and the specific event setting. While it accurately represents the main subject, it does not provide enough information for viewers to understand the full narrative or context of the video.

**Categorization**: Misleading

**Explanation**: The thumbnail accurately depicts the main subject but lacks the necessary context and additional elements to fully represent the video's content, making it misleading."
CaFVx5sSCVE,"### Analysis:

1. **Examine the thumbnail**: The thumbnail shows a man in a suit, smiling, with the logo of ""The Graham Norton Show."" It suggests a formal and entertaining talk show setting.

2. **Read the subtitles and video content**: The subtitles indicate a discussion about children playing football, specifically mentioning a child named Harper who is the only one left playing football. The conversation revolves around the family's involvement in sports and the emotional impact of the children no longer playing football.

3. **Compare the thumbnail to the actual video content**: The thumbnail depicts a formal talk show environment, while the video content focuses on a casual and personal conversation about family life and sports participation.

4. **Determine if the thumbnail accurately represents the video's main topic or content**: The thumbnail does not accurately represent the content of the video. It suggests a formal talk show format rather than a personal, family-oriented discussion about sports.

5. **Assess whether the thumbnail uses exaggeration, false promises, or clickbait tactics**: The thumbnail does not use any exaggerated claims or clickbait tactics. However, it fails to convey the personal and informal nature of the video content.

6. **Categorize the thumbnail**: Based on the analysis, the thumbnail is misleading because it does not accurately reflect the content of the video.

7. **Explanation**: The thumbnail suggests a formal talk show setting, which contrasts sharply with the personal and family-oriented content of the video. While the content is engaging and relevant to the show's format, the thumbnail fails to communicate this effectively, leading viewers to expect a different type of content.

### Final Decision:
**Misleading**

**Explanation:** The thumbnail inaccurately represents the content of the video by suggesting a formal talk show format when the video actually features a personal and family-oriented discussion about sports participation."
lBvix8cJ_zc,"### Analysis of the Provided Information

#### Step 1: Examine the Thumbnail
The thumbnail shows three individuals sitting on a couch in a formal setting, likely a living room or studio. The individuals appear to be dressed in semi-formal attire, and the environment suggests a professional or interview-like scenario. There is no text or imagery that suggests a specific topic or theme beyond the general context of a conversation or interview.

#### Step 2: Read Through the Video Subtitles and Content Description
The subtitles and video content description indicate that the video is a compilation of interviews or casual conversations involving members of the British royal family and some celebrities. The content revolves around discussions about the Prince's Trust, its impact on young people, and the experiences of the individuals involved. The video does not suggest any specific themes or topics that would be misleading based on the provided information.

#### Step 3: Compare the Thumbnail to the Actual Video Content
The thumbnail depicts a general interview or conversation setting, which aligns with the content described in the video. It does not contain any misleading elements such as exaggerated claims or misleading imagery.

#### Step 4: Determine if the Thumbnail Accurately Represents the Video's Main Topic or Content
The thumbnail accurately represents the general theme of the video, which involves interviews or conversations about the Prince's Trust and its impact on young people. There are no misleading elements present in the thumbnail.

#### Step 5: Assess Whether the Thumbnail Uses Exaggeration, False Promises, or Clickbait Tactics
The thumbnail does not use any exaggeration, false promises, or clickbait tactics. It simply depicts a professional interview setting, which matches the content of the video.

#### Step 6: Categorize the Thumbnail as Either ""Misleading"" or ""Not Misleading""
Based on the analysis, the thumbnail is not misleading.

#### Step 7: Provide a Brief Explanation for Your Decision
The thumbnail accurately represents the general theme of the video, which involves interviews or conversations about the Prince's Trust and its impact on young people. There are no misleading elements present in the thumbnail, and it does not use any exaggeration, false promises, or clickbait tactics. Therefore, the thumbnail is categorized as ""Not Misleading."""
f9573kGBtuE,"### Analysis:

1. **Examine the thumbnail**: The thumbnail shows two young girls in pink tutus and tiaras performing on stage, accompanied by a pop star with blue hair and a colorful outfit. The setting appears to be a talk show environment, specifically The Ellen DeGeneres Show.

2. **Read the subtitles and video content**: The subtitles indicate a conversation about meeting Nicki Minaj, a pop star, and a performance involving the young girls. The host expresses admiration for the girls' performance and mentions that they were nominated for two American Music Awards. The pop star also interacts with the host and the girls, suggesting a performance or interview segment.

3. **Compare the thumbnail to the actual video content**:
   - The thumbnail depicts a performance involving the girls and the pop star.
   - The subtitles confirm that the pop star (Nicki Minaj) is present and interacts with the host and the girls.
   - The video content includes a performance, an interview, and a discussion about the girls being nominated for awards.

4. **Determine if the thumbnail accurately represents the video's main topic or content**:
   - The thumbnail accurately represents the main topic of the video, which involves a performance and interaction between the host, the pop star, and the young girls.

5. **Assess whether the thumbnail uses exaggeration, false promises, or clickbait tactics**:
   - There is no exaggeration or false promises in the thumbnail. It accurately reflects the content described in the subtitles and video description.

6. **Categorize the thumbnail**:
   - **Categorization**: Not Misleading

7. **Explanation**:
   - The thumbnail accurately represents the main topic of the video, which is a performance and interaction between the host, the pop star, and the young girls. It does not use any exaggerated claims or clickbait tactics. Therefore, it is not misleading.

### Final Decision:
**Categorization**: Not Misleading  
**Explanation**: The thumbnail accurately represents the main topic of the video, which involves a performance and interaction between the host, the pop star, and the young girls. There are no exaggerated claims or clickbait tactics used in the thumbnail."
BBp36xDZpZ4,"### Analysis of the Provided Information

#### Step 1: Examine the Thumbnail
The thumbnail shows a celebratory moment during a football match between Manchester United and Celtic. It features players in red jerseys celebrating, with the scoreboard indicating a final score of 5-6. The logo of Manchester United is prominently displayed on the left side of the thumbnail.

#### Step 2: Read Through the Video Subtitles and Content Description
The subtitles and video content describe a match between Manchester United and Celtic, with the final score being 5-6. The video includes various scenes of the match, including players warming up, the match in progress, and the final score displayed on the scoreboard.

#### Step 3: Compare the Thumbnail to the Actual Video Content
The thumbnail depicts a celebratory moment after the match ended with a final score of 5-6. The video content, however, shows the match progressing with various scenes of the game, including the final score of 5-6 appearing later in the video.

#### Step 4: Determine if the Thumbnail Accurately Represents the Video's Main Topic or Content
The thumbnail accurately represents the final score of the match, which is 5-6. However, the thumbnail does not provide any context about the match's progression or the specific events leading up to the final score.

#### Step 5: Assess Whether the Thumbnail Uses Exaggeration, False Promises, or Clickbait Tactics
The thumbnail does not use any exaggerated claims or false promises. It simply shows the final score of the match, which is accurate based on the video content.

#### Step 6: Categorize the Thumbnail as Either ""Misleading"" or ""Not Misleading""
The thumbnail is **Not Misleading**.

#### Step 7: Provide a Brief Explanation for the Decision
The thumbnail accurately represents the final score of the match, which is 5-6. While it does not provide context about the match's progression, it does not use any exaggerated claims or false promises. Therefore, it is not misleading."
QgAjXE3CiG0,"### Analysis:

1. **Examine the thumbnail**: The thumbnail features a celebratory moment with players in black and white jerseys hugging each other, suggesting a victory or significant achievement. The text indicates a Premier League match result of 2-1, with Newcastle United winning against another team (likely Tottenham Hotspur).

2. **Read through the video subtitles and content description**: Since there are no subtitles provided, we rely solely on the video description for context.

3. **Compare the thumbnail to the actual video content**:
   - The thumbnail depicts a celebratory moment, which aligns with the video content showing players celebrating after scoring a goal.
   - However, the thumbnail does not provide any visual cues about the overall tone or intensity of the match, nor does it indicate the specific events leading up to the celebration.

4. **Determine if the thumbnail accurately represents the video's main topic or content**:
   - The thumbnail accurately captures a key moment from the match but does not convey the broader context or the intensity of the entire game.
   - It suggests a positive outcome without providing the viewer with a comprehensive understanding of the match dynamics.

5. **Assess whether the thumbnail uses exaggeration, false promises, or clickbait tactics**:
   - The thumbnail does not use exaggerated language or false promises. It simply shows a celebratory moment, which is a common occurrence in sports videos.
   - However, it might be considered misleading because it does not fully represent the overall experience of watching the match, which includes various intense and dramatic moments.

6. **Categorize the thumbnail**:
   - **Misleading**

7. **Explanation**:
   - While the thumbnail accurately captures a celebratory moment, it fails to convey the full range of emotions and intensity experienced throughout the match. It gives a partial view of the game without providing a comprehensive representation of the entire sequence of events. This can lead viewers to expect a more celebratory or less intense match than what they actually see in the video."
vMhk-Tt1tXU,"### Analysis:

**Step 1: Examine the thumbnail**
The thumbnail shows two players, one from England and one from Belgium, with the score displayed as 2-2. The word ""HIGHLIGHTS"" is prominently featured, suggesting that the video will showcase key moments from the match.

**Step 2: Read through the video subtitles and content description**
The subtitles and the video content description indicate that the match ended in a 2-2 draw, with key moments including goals scored by players from both teams. The video provides a detailed breakdown of the match, highlighting specific plays and moments.

**Step 3: Compare the thumbnail to the actual video content**
The thumbnail accurately reflects the final score of the match (2-2) and the fact that it is a highlights reel. It does not exaggerate or misrepresent any part of the content.

**Step 4: Determine if the thumbnail accurately represents the video's main topic or content**
The thumbnail correctly represents the main topic of the video, which is a highlights reel of a 2-2 draw between England and Belgium.

**Step 5: Assess whether the thumbnail uses exaggeration, false promises, or clickbait tactics**
There are no elements in the thumbnail that use exaggeration, false promises, or clickbait tactics. It simply presents the final score and the nature of the video.

**Step 6: Categorize the thumbnail**
The thumbnail is **Not Misleading**.

**Explanation:**
The thumbnail accurately represents the final score of the match and the type of content the video provides (highlights). There are no misleading elements or exaggerated claims. Therefore, the thumbnail is appropriate and truthful."
OYZ6zC2wV2M,"### Analysis:

1. **Examine the thumbnail**: The thumbnail shows a group of military personnel in formal uniforms standing at attention, with a senior royal figure walking past them. The image suggests a formal royal event, which aligns with the description provided.

2. **Read through the video subtitles and content description**: Since subtitles are not available, we rely on the video description for context.

3. **Compare the thumbnail to the actual video content**:
   - The thumbnail depicts a formal royal event with military personnel and a senior royal figure.
   - The video description confirms this, mentioning a series of events involving a senior royal figure interacting with military personnel both indoors and outdoors, with a strong emphasis on tradition and formality.

4. **Determine if the thumbnail accurately represents the video's main topic or content**:
   - The thumbnail accurately represents the main topic of the video, which is a formal royal event involving the British monarchy and military personnel.

5. **Assess whether the thumbnail uses exaggeration, false promises, or clickbait tactics**:
   - There is no indication of exaggeration, false promises, or clickbait tactics in the thumbnail. It simply depicts the expected imagery for a formal royal event.

6. **Categorize the thumbnail**:
   - Based on the analysis, the thumbnail does not use any misleading elements; it accurately represents the content of the video.

7. **Explanation**:
   - The thumbnail accurately reflects the formal nature of the event described in the video, showing military personnel in uniform and a senior royal figure engaging in ceremonial activities. There are no misleading elements present in the thumbnail.

### Final Categorization:
**Not Misleading**

**Explanation**: The thumbnail accurately represents the formal royal event depicted in the video, without any exaggeration or misleading elements."
Wk7QDl6S7hc,"### Analysis of the Provided Information

#### Step 1: Examine the Thumbnail
The thumbnail shows a person kneeling beside a large container filled with golf balls, with the word ""HOLE"" prominently displayed along with an arrow pointing towards the container. The image suggests a golf-related activity involving a large number of golf balls.

#### Step 2: Read Through the Video Subtitles and Content Description
The subtitles and video description indicate that the video involves a golf challenge where participants attempt to hit a hole-in-one using a large number of golf balls on a makeshift ""green"" constructed on a ski jump facility. The video does not mention anything about a ""hole"" in the traditional sense of a golf course hole.

#### Step 3: Compare the Thumbnail to the Actual Video Content
The thumbnail depicts a scenario involving a large number of golf balls and a ""hole,"" which aligns closely with the video content described. However, the video does not feature a traditional golf hole; instead, it focuses on a unique challenge involving a large number of golf balls on a ski jump facility.

#### Step 4: Determine if the Thumbnail Accurately Represents the Video's Main Topic or Content
The thumbnail accurately represents the main topic of the video, which is a golf challenge involving a large number of golf balls on a ski jump facility. The presence of the word ""HOLE"" and the visual of golf balls suggest that the video is about hitting a hole-in-one with many golf balls.

#### Step 5: Assess Whether the Thumbnail Uses Exaggeration, False Promises, or Clickbait Tactics
The thumbnail does not use any exaggerated claims or false promises. It accurately reflects the content of the video, which is about a golf challenge involving a large number of golf balls.

#### Step 6: Categorize the Thumbnail
Based on the analysis, the thumbnail is not misleading because it accurately represents the main topic of the video.

#### Step 7: Provide a Brief Explanation for the Decision
The thumbnail accurately depicts the main topic of the video, which is a golf challenge involving a large number of golf balls on a ski jump facility. The word ""HOLE"" and the visual of golf balls align with the content of the video, and there are no exaggerated claims or false promises used in the thumbnail.

### Final Categorization: Not Misleading"
2hPi38x90ks,"### Analysis:

1. **Examine the thumbnail**: The thumbnail shows a couple seated on a couch in what appears to be an elegant room, dressed formally. The setting suggests a high-profile event or interview.

2. **Read the subtitles and video content**: The subtitles indicate that the video is an interview about a proposal that occurred during a holiday in Kenya. The conversation revolves around the details of the proposal, including the location, the ring, and the reactions of the couple and their families.

3. **Compare the thumbnail to the actual video content**: The thumbnail depicts a formal interview setting, which aligns with the content described in the subtitles. The couple is shown in a relaxed manner, which is consistent with the casual nature of the conversation about a personal event.

4. **Determine if the thumbnail accurately represents the video's main topic or content**: The thumbnail accurately represents the formal interview setting and the personal nature of the content discussed (a proposal).

5. **Assess for exaggeration, false promises, or clickbait tactics**: There are no exaggerated claims or misleading elements in the thumbnail. It accurately reflects the content of the video.

6. **Categorize the thumbnail**: Based on the analysis, the thumbnail is not misleading.

7. **Explanation**: The thumbnail accurately portrays the setting and the nature of the content, which is a formal interview about a personal event. There are no misleading elements or clickbait tactics present.

**Categorization**: Not Misleading

**Explanation**: The thumbnail accurately represents the formal interview setting and the personal nature of the content discussed, which is a proposal during a holiday in Kenya. There are no misleading elements or clickbait tactics present."
oi1a4UDpo44,"### Analysis:

1. **Examine the thumbnail**: The thumbnail shows a young boy (Prince Louis) covering his mother's (Kate Middleton) mouth while sitting next to her during a royal event. The boy appears to be playfully interacting with his mother, which seems to be a candid moment from the video.

2. **Read the subtitles and video content**: The subtitles mention that Prince Louis is teasing his mother Kate Middleton during the Queen's Platinum Jubilee Pageant. The video highlights a memorable moment where Louis covers his mother's mouth as she speaks to him. It also mentions that Louis held his hand up to his nose and stuck his tongue out at his mother, which are playful actions typical of a child.

3. **Compare the thumbnail to the actual video content**: The thumbnail captures a candid moment where Prince Louis is playfully interacting with his mother, which aligns closely with the video content described in the subtitles.

4. **Determine if the thumbnail accurately represents the video's main topic or content**: The thumbnail accurately represents the main topic of the video, which is a playful interaction between Prince Louis and his mother during a royal event.

5. **Assess whether the thumbnail uses exaggeration, false promises, or clickbait tactics**: The thumbnail does not use any exaggerated claims or false promises. It simply captures a candid moment that matches the content described in the subtitles.

6. **Categorize the thumbnail**: Based on the analysis, the thumbnail is not misleading.

7. **Explanation**: The thumbnail accurately depicts a candid moment from the video content, showing Prince Louis playfully interacting with his mother. There are no exaggerated claims or misleading elements present in the thumbnail.

**Categorization**: Not Misleading

**Explanation**: The thumbnail accurately represents the playful interaction between Prince Louis and his mother during the royal event, matching the content described in the subtitles."
sBwolw5Cm9U,"### Analysis of the Provided Information

#### Step 1: Examine the Thumbnail
The thumbnail shows a young child lying on the floor with a finger to their lips, suggesting silence or secrecy. In the background, an adult is seen holding a skateboard, which implies a connection to skateboarding or a similar activity.

#### Step 2: Read Through the Video Subtitles and Content Description
The subtitles indicate that the video is about a father-son hide-and-seek game. The content description mentions a skate park or indoor skating facility, but the primary focus seems to be on the hide-and-seek game rather than the skate park itself.

#### Step 3: Compare the Thumbnail to the Actual Video Content
The thumbnail depicts a scene involving a child and a skateboard, which aligns with the skate park setting mentioned in the video description. However, the primary activity shown in the video is a hide-and-seek game between the father and son.

#### Step 4: Determine if the Thumbnail Accurately Represents the Video's Main Topic or Content
The thumbnail does not accurately represent the main topic of the video, which is a hide-and-seek game. While the skate park setting is relevant, the primary activity depicted in the thumbnail (silence and a skateboard) does not match the actual content of the video.

#### Step 5: Assess Whether the Thumbnail Uses Exaggeration, False Promises, or Clickbait Tactics
The thumbnail does not use exaggeration, false promises, or clickbait tactics. It simply shows a scene that is somewhat related to the skate park setting but does not accurately reflect the primary activity of the video.

#### Step 6: Categorize the Thumbnail as Either ""Misleading"" or ""Not Misleading""
Based on the analysis, the thumbnail is misleading because it does not accurately represent the main topic of the video, which is a hide-and-seek game.

#### Step 7: Provide a Brief Explanation for Your Decision
The thumbnail shows a scene involving a child and a skateboard, which is somewhat related to the skate park setting mentioned in the video description. However, the primary activity depicted in the thumbnail (silence and a skateboard) does not match the actual content of the video, which focuses on a hide-and-seek game. Therefore, the thumbnail is misleading.

### Final Categorization: Misleading"
rgb3sxJoZhM,"### Analysis of the Provided Information

#### Step 1: Examine the Thumbnail
The thumbnail features an elderly woman with the text ""Adrienne Arsenault Reports"" and ""The National CBC"". The image suggests an interview setting, which aligns with the subtitles indicating an interview with Princess Anne.

#### Step 2: Read Through the Video Subtitles and Content Description
The subtitles indicate that the video is an interview with Princess Anne conducted by Adrienne Arsenault. The content covers topics such as the upcoming coronation, the future of the monarchy, and Canada. It also mentions Princess Anne's involvement in charities and her role in the royal family.

#### Step 3: Compare the Thumbnail to the Actual Video Content
The thumbnail accurately depicts the setting of an interview, which matches the content described in the subtitles. The image of Princess Anne in the interview setting aligns with the video's focus on her perspective on the upcoming coronation and her role in the royal family.

#### Step 4: Determine if the Thumbnail Accurately Represents the Video's Main Topic or Content
The thumbnail effectively represents the main topic of the video, which is an interview with Princess Anne discussing the upcoming coronation and her role in the royal family.

#### Step 5: Assess Whether the Thumbnail Uses Exaggeration, False Promises, or Clickbait Tactics
There are no elements in the thumbnail that suggest exaggeration, false promises, or clickbait tactics. The thumbnail clearly indicates an interview format and the subject matter, which is consistent with the video content.

#### Step 6: Categorize the Thumbnail
Based on the analysis, the thumbnail is not misleading.

#### Step 7: Provide a Brief Explanation for the Decision
The thumbnail accurately represents the video content by showing an interview setting with Princess Anne, which matches the subtitles and the video description. There are no exaggerated claims or misleading elements in the thumbnail.

**Categorization:** Not Misleading

**Explanation:** The thumbnail accurately reflects the content of the video, which is an interview with Princess Anne discussing the upcoming coronation and her role in the royal family. There are no misleading elements in the thumbnail."
6-Y14rMfnMI,"### Analysis:

1. **Examine the thumbnail**: The thumbnail shows two chibi-style characters, both with black hair and maid outfits, but they appear to be in different poses and settings. One character is holding a lollipop, and the other is holding a rose.

2. **Read through the video subtitles and content description**: The subtitles are mostly music cues, which do not provide any substantial information about the content of the video. The video description provides a detailed breakdown of the scenes and the character's design and style.

3. **Compare the thumbnail to the actual video content**: The thumbnail shows two different characters, but the video content focuses on a single character throughout. The character's design and style remain consistent, and there are no significant differences between the two characters depicted in the thumbnail.

4. **Determine if the thumbnail accurately represents the video's main topic or content**: The thumbnail does not accurately represent the video's main topic or content because it shows two different characters, whereas the video features a single character in various poses and settings.

5. **Assess whether the thumbnail uses exaggeration, false promises, or clickbait tactics**: The thumbnail does not use exaggeration, false promises, or clickbait tactics. It simply shows two different characters, which might be misleading if viewers expect to see multiple characters or different settings.

6. **Categorize the thumbnail as either ""Misleading"" or ""Not Misleading""**: Based on the analysis, the thumbnail is misleading because it shows two different characters, which do not match the content of the video.

7. **Provide a brief explanation for your decision**: The thumbnail depicts two different characters, which is inconsistent with the video content that features a single character in various poses and settings. This discrepancy makes the thumbnail misleading.

### Final Categorization: Misleading

### Explanation: The thumbnail shows two different characters, which do not match the content of the video featuring a single character in various poses and settings."
uLMaR3IM-lc,"### Analysis:

1. **Examine the thumbnail**: The thumbnail features a woman sitting in front of Buckingham Palace with colorful flowers in the background. The text ""The Guardian"" is visible, suggesting a news broadcast context.

2. **Read the subtitles and content description**: The subtitles indicate that the video is about the death of Queen Elizabeth II, with breaking news coverage from various international sources. The content description confirms this, detailing multiple news broadcasts from different countries covering the event.

3. **Compare the thumbnail to the actual video content**: The thumbnail depicts a news broadcast setting, which aligns with the content described in the video description. The presence of Buckingham Palace and the floral arrangement in the background supports the theme of a news report about a significant national event.

4. **Determine if the thumbnail accurately represents the video's main topic or content**: The thumbnail accurately represents the main topic of the video, which is news coverage of the death of Queen Elizabeth II. It does not mislead viewers about the content being presented.

5. **Assess whether the thumbnail uses exaggeration, false promises, or clickbait tactics**: There are no elements in the thumbnail that suggest exaggeration, false promises, or clickbait tactics. The thumbnail is straightforward and informative.

6. **Categorize the thumbnail**: Based on the analysis, the thumbnail is not misleading.

7. **Explanation**: The thumbnail accurately reflects the content of the video, which is a news report about the death of Queen Elizabeth II. It sets the expectation for viewers that they will see breaking news coverage from various international sources, which matches the actual content of the video.

**Categorization**: Not Misleading

**Explanation**: The thumbnail accurately represents the video's main topic and content, without any exaggeration, false promises, or clickbait tactics."
mfsFTWdRfkw,"### Analysis:

1. **Examine the thumbnail**: The thumbnail features a group of individuals wearing black attire, which is typical for a funeral or memorial service. The text ""ROYAL FAMILY CHANNEL"" is prominently displayed, suggesting that the video is related to the British royal family.

2. **Read through the video subtitles and content description**: Since subtitles are not available, we rely on the video description for context. The description outlines a series of scenes depicting a major state funeral or memorial service, likely involving prominent figures in the UK, including members of the royal family.

3. **Compare the thumbnail to the actual video content**: The thumbnail accurately depicts the setting and attire expected for a funeral or memorial service, which aligns with the description of a state funeral or memorial event.

4. **Determine if the thumbnail accurately represents the video's main topic or content**: The thumbnail effectively represents the solemn and respectful atmosphere described in the video content.

5. **Assess whether the thumbnail uses exaggeration, false promises, or clickbait tactics**: There is no indication of exaggeration or clickbait tactics in the thumbnail. It accurately reflects the content of the video.

6. **Categorize the thumbnail**: Based on the analysis, the thumbnail does not use any misleading elements; it accurately represents the content of the video.

7. **Explanation**: The thumbnail correctly portrays the setting and mood of a state funeral or memorial service, which matches the description provided. There are no exaggerated claims or misleading elements present.

**Categorization**: Not Misleading

**Explanation**: The thumbnail accurately represents the solemn and respectful atmosphere of a state funeral or memorial service, which is consistent with the video content."
3dLz8CrX2LY,"### Analysis of the Provided Information

#### Step 1: Examine the Thumbnail
The thumbnail shows two individuals, one wearing a Manchester City jersey and the other in a white shirt, with the text ""HART X RODRI"" prominently displayed. The background includes the Manchester City logo and the BBC Sport branding.

#### Step 2: Read Through the Video Subtitles and Content Description
The subtitles indicate that the video is an interview with Rodri, discussing topics such as his career, experiences at Manchester City, and his role in the Spanish national team. The content description confirms that this is indeed an interview with Rodri, focusing on his career highlights and personal reflections.

#### Step 3: Compare the Thumbnail to the Actual Video Content
The thumbnail features two individuals, one of whom is clearly identified as Rodri based on the context provided in the video description. The presence of the Manchester City logo and the BBC Sport branding aligns with the content described in the video.

#### Step 4: Determine if the Thumbnail Accurately Represents the Video's Main Topic or Content
The thumbnail accurately represents the main topic of the video, which is an interview with Rodri. It correctly identifies him as the subject and provides context through the Manchester City logo and BBC Sport branding.

#### Step 5: Assess Whether the Thumbnail Uses Exaggeration, False Promises, or Clickbait Tactics
There are no elements in the thumbnail that use exaggeration, false promises, or clickbait tactics. The thumbnail simply presents the subject matter clearly without any misleading elements.

#### Step 6: Categorize the Thumbnail
Based on the analysis, the thumbnail is not misleading.

#### Step 7: Provide a Brief Explanation for the Decision
The thumbnail accurately represents the video content by featuring Rodri and providing context through the Manchester City logo and BBC Sport branding. There are no exaggerated claims or misleading elements present in the thumbnail.

**Categorization:** Not Misleading

**Explanation:** The thumbnail accurately depicts the subject matter of the video, which is an interview with Rodri, and does not use any misleading elements."
BFsiy6rjdYg,"Categorization: Not Misleading

Explanation: The thumbnail shows a snowy forest setting with a large white tree and two characters engaged in what appears to be a significant interaction. The video content, which includes a dramatic scene set in a wintry forest with two characters having an intense conversation, a moment of joy and relief, and further dialogue, aligns closely with the visual elements depicted in the thumbnail. There are no exaggerated claims or misleading elements present in the thumbnail compared to the actual video content. The setting and characters in the thumbnail accurately represent the video's main topic and content."
bm1gvNQtYJQ,"### Analysis:

1. **Examine the thumbnail**: The thumbnail features a man with short dark hair, wearing a dark blue or green t-shirt, sitting in front of a backdrop that includes decorative items like woven baskets and a plant. The text overlay reads, ""PUT YOUR MANNERS BACK IN.""

2. **Read through the video subtitles and content description**: The subtitles indicate a conversation about a past marriage and the desire for Nicole to remarry. The man being interviewed expresses that Nicole was a significant part of his life and that he wants her to be happy. The interviewer, Peter, seems to be pushing the interviewee to be more respectful, as indicated by the subtitle ""just put your manners back in.""

3. **Compare the thumbnail to the actual video content**: The thumbnail shows a man in a casual setting, which aligns with the interview format. However, the text ""PUT YOUR MANNERS BACK IN"" suggests a confrontation or a need for respect, which is not explicitly mentioned in the subtitles.

4. **Determine if the thumbnail accurately represents the video's main topic or content**: The thumbnail does not accurately represent the main topic of the video, which is a discussion about a past marriage and the desire for Nicole to remarry. The text ""PUT YOUR MANNERS BACK IN"" implies a confrontation that is not directly addressed in the subtitles.

5. **Assess whether the thumbnail uses exaggeration, false promises, or clickbait tactics**: The thumbnail uses a confrontational tone suggested by the text ""PUT YOUR MANNERS BACK IN,"" which is not reflected in the subtitles. This could be considered clickbait as it creates a sense of tension that may not be present in the actual content.

6. **Categorize the thumbnail as either ""Misleading"" or ""Not Misleading""**: Based on the analysis, the thumbnail is misleading because it suggests a confrontation that is not explicitly mentioned in the subtitles.

7. **Provide a brief explanation for your decision**: The thumbnail uses a confrontational tone (""PUT YOUR MANNERS BACK IN"") that is not reflected in the subtitles, which suggests a misunderstanding or misrepresentation of the actual content. This creates a misleading impression that may not accurately reflect the nature of the interview.

**Categorization**: Misleading

**Explanation**: The thumbnail suggests a confrontation or a need for respect, which is not explicitly mentioned in the subtitles. This creates a misleading impression that may not accurately reflect the nature of the interview."
HwXFdgo_P0Q,"### Analysis of the YouTube Video Thumbnail

#### Step 1: Examine the Thumbnail
The thumbnail shows an older woman sitting in front of a background filled with British Gas bills and spreadsheets. The text overlay reads ""CUSTOMERS' ANGER OVER BRITISH GAS BILLING SYSTEM.""

#### Step 2: Read Through the Video Subtitles and Content Description
The subtitles and video content describe a news report about British Gas customers complaining about receiving numerous bills, which could affect their credit ratings. The report highlights issues with the new billing system implemented by British Gas.

#### Step 3: Compare the Thumbnail to the Actual Video Content
- **Thumbnail:** Depicts an older woman in front of a background filled with British Gas bills and spreadsheets.
- **Video Content:** The video indeed shows British Gas bills, spreadsheets, and interviews with customers and officials discussing the billing system issues.

#### Step 4: Determine if the Thumbnail Accurately Represents the Video's Main Topic or Content
The thumbnail accurately represents the main topic of the video, which is the anger and complaints from British Gas customers regarding the billing system.

#### Step 5: Assess Whether the Thumbnail Uses Exaggeration, False Promises, or Clickbait Tactics
The thumbnail does not use any exaggerated claims or false promises. It clearly indicates the subject matter of the video, which is the billing system issue affecting British Gas customers.

#### Step 6: Categorize the Thumbnail
**Categorization:** Not Misleading

#### Step 7: Provide a Brief Explanation for the Decision
The thumbnail accurately reflects the main topic of the video, which is the anger and complaints from British Gas customers about the billing system. It does not use any misleading elements such as exaggerated claims or clickbait tactics. Therefore, it is categorized as ""Not Misleading."""
Xg6sA-Z_yo4,"### Analysis:

1. **Examine the thumbnail**: The thumbnail shows a raccoon running on a soccer field, which aligns closely with the video content described. There are no exaggerated elements or misleading visuals present.

2. **Read the subtitles and video content**: The subtitles and video content describe a raccoon appearing unexpectedly on a soccer field, causing chaos and interruptions in the game. The raccoon is seen running across the field, and the crowd and players react with amusement and concern. The video ends with the raccoon being captured by staff members.

3. **Compare the thumbnail to the actual video content**: The thumbnail accurately depicts the main subject of the video—a raccoon running on a soccer field. It does not exaggerate or misrepresent any part of the content.

4. **Determine if the thumbnail accurately represents the video's main topic or content**: The thumbnail effectively represents the main topic of the video, which is the unexpected appearance of a raccoon on a soccer field and the ensuing chaos.

5. **Assess whether the thumbnail uses exaggeration, false promises, or clickbait tactics**: The thumbnail does not use any exaggeration, false promises, or clickbait tactics. It simply shows the raccoon in action, which matches the video content.

6. **Categorize the thumbnail**: Based on the analysis, the thumbnail is not misleading.

7. **Explanation**: The thumbnail accurately represents the video content without any exaggeration or misleading elements. It shows the raccoon running on the soccer field, which is the central theme of the video. Therefore, the thumbnail is categorized as ""Not Misleading.""

### Final Decision:
**Categorization:** Not Misleading  
**Explanation:** The thumbnail accurately represents the video content, showing a raccoon running on a soccer field, which matches the main theme of the video."
OAbIYyJuFfA,"### Analysis:

1. **Examine the thumbnail**: The thumbnail shows a person sitting on a wicker chair outdoors, with long hair and a relaxed posture. The image is in black and white, which gives it a timeless and reflective aesthetic.

2. **Read through the video subtitles and content description**: The subtitles mention themes of time, growth, and the fleeting nature of childhood. The content description emphasizes introspection, connection, and the theme of living in the present moment, which aligns closely with the Calvin Klein watch commercial's message.

3. **Compare the thumbnail to the actual video content**: The thumbnail captures a serene and reflective moment, which matches the overall tone and themes discussed in the video. The black and white imagery and the calm setting align well with the introspective and contemplative mood of the video.

4. **Determine if the thumbnail accurately represents the video's main topic or content**: The thumbnail effectively represents the reflective and introspective nature of the video, which is central to the Calvin Klein watch commercial's message.

5. **Assess whether the thumbnail uses exaggeration, false promises, or clickbait tactics**: There are no exaggerated claims or misleading elements in the thumbnail. It accurately reflects the content and mood of the video.

6. **Categorize the thumbnail as either ""Misleading"" or ""Not Misleading""**: Based on the analysis, the thumbnail does not mislead viewers about the content or the message of the video.

7. **Provide a brief explanation for your decision**: The thumbnail accurately represents the reflective and introspective nature of the video, which is central to the Calvin Klein watch commercial's message. It does not use any exaggerated claims or misleading elements.

**Categorization**: Not Misleading

**Explanation**: The thumbnail accurately represents the reflective and introspective nature of the video, which is central to the Calvin Klein watch commercial's message. It does not use any exaggerated claims or misleading elements."
Li-DOisUu-g,"### Analysis of the Provided Information

#### Step 1: Examine the Thumbnail
The thumbnail features a lighthouse surrounded by a stormy sea, with a red arrow pointing to the lighthouse and the word ""ME"" above it. The image suggests a solitary and potentially dangerous situation, emphasizing isolation and challenge.

#### Step 2: Read Through the Video Subtitles and Content Description
The subtitles indicate that the video involves a group of people exploring a lighthouse located in a remote area known as the ""world's loneliest lighthouse."" The group faces challenges such as extreme weather conditions, lack of amenities, and the difficulty of reaching the lighthouse. The video also mentions that the lighthouse has no electricity, phone service, and is covered in ice, adding to the isolation and danger.

#### Step 3: Compare the Thumbnail to the Actual Video Content
The thumbnail accurately depicts the setting described in the subtitles. It shows a lighthouse in a stormy sea, which aligns with the description of the lighthouse being in a remote and isolated location. The red arrow and the word ""ME"" suggest that the viewer is part of the group experiencing the adventure.

#### Step 4: Determine if the Thumbnail Accurately Represents the Video's Main Topic or Content
The thumbnail effectively represents the main topic of the video, which is the exploration of a remote lighthouse and the challenges faced by the group.

#### Step 5: Assess Whether the Thumbnail Uses Exaggeration, False Promises, or Clickbait Tactics
The thumbnail does not use any exaggerated claims or false promises. It accurately reflects the content described in the subtitles and the video description.

#### Step 6: Categorize the Thumbnail
Based on the analysis, the thumbnail is not misleading.

#### Step 7: Provide a Brief Explanation for the Decision
The thumbnail accurately represents the setting and the theme of the video, which is the exploration of a remote lighthouse and the challenges faced by the group. It does not use any exaggerated claims or false promises, and it effectively sets the tone for the adventurous and challenging nature of the content.

**Categorization:** Not Misleading

**Explanation:** The thumbnail accurately depicts the setting and theme of the video, which is the exploration of a remote lighthouse and the challenges faced by the group. It does not use any exaggerated claims or false promises."
ieliCUgYb3w,"Categorization: Not Misleading

Explanation: The thumbnail accurately represents the video content. It shows a player from England wearing the number 10 jersey, which aligns with the video's depiction of a soccer match between England and Slovenia. The text ""HIGHLIGHTS"" suggests that the video will showcase key moments from the match, which is consistent with the content described in the video description. There are no exaggerated claims or misleading elements present in the thumbnail."
vEqiOSYkdWY,"### Analysis:

1. **Examine the thumbnail**: The provided image shows a referee pointing a red card at a player during a soccer match. This image captures a specific moment of conflict or disciplinary action within a soccer game.

2. **Read through the video subtitles and content description**: Since there are no subtitles provided, we rely solely on the video description for context.

3. **Compare the thumbnail to the actual video content**:
   - The thumbnail depicts a referee issuing a red card, which is a significant event often associated with high tension and drama in soccer.
   - The video content, however, describes a series of dramatic moments from professional soccer matches, including intense physical contact, goal-scoring opportunities, and emotional reactions from players and fans.

4. **Determine if the thumbnail accurately represents the video's main topic or content**:
   - While the thumbnail does capture a dramatic moment, it is just one part of the broader narrative described in the video. The video includes a variety of scenes, not just a single incident involving a red card.

5. **Assess whether the thumbnail uses exaggeration, false promises, or clickbait tactics**:
   - The thumbnail does not use exaggerated language or false promises. It simply shows a typical moment from a soccer match, which aligns with the content described in the video.

6. **Categorize the thumbnail as either ""Misleading"" or ""Not Misleading""**:
   - Given that the thumbnail accurately represents a dramatic moment from the video but does not capture the full range of content described, it can be considered misleading because it focuses on a single, albeit significant, aspect rather than giving a comprehensive overview of the video's content.

7. **Brief explanation for the decision**:
   - The thumbnail effectively highlights a dramatic moment involving a red card, which is a common and impactful event in soccer. However, it fails to convey the broader context of the video, which includes various other intense and exciting moments from multiple matches. Therefore, while the thumbnail is not entirely misleading, it is not fully representative of the entire video content, making it slightly misleading.

### Final Categorization:
**Misleading**

**Explanation:** The thumbnail effectively captures a dramatic moment involving a red card, which is a significant event in soccer. However, it fails to convey the broader context of the video, which includes various other intense and exciting moments from multiple matches."
9bI6h_9K4s0,"### Analysis:

1. **Examine the thumbnail**: The thumbnail depicts a scene where a character in armor is engaged in a sword fight with another character. The image shows a dynamic and intense moment, which suggests a combat scenario.

2. **Read the subtitles and video content**: The subtitles indicate a conversation between Brienne and Podrick, where Podrick offers to find a master of arms for Brienne. Brienne declines, and they engage in a sword fight. The subtitles also mention that Brienne trained with someone else before, and Podrick compliments her skills.

3. **Compare the thumbnail to the actual video content**: The thumbnail shows a scene of a sword fight, which aligns closely with the content described in the subtitles and video description. The scene depicted in the thumbnail matches the intense and dynamic nature of the sword fight shown in the video.

4. **Determine if the thumbnail accurately represents the video's main topic or content**: The thumbnail accurately represents the main topic of the video, which is a sword fight between Brienne and Podrick. The dynamic and intense nature of the scene in the thumbnail matches the content of the video.

5. **Assess whether the thumbnail uses exaggeration, false promises, or clickbait tactics**: There is no exaggeration or clickbait tactics used in the thumbnail. It accurately reflects the content of the video.

6. **Categorize the thumbnail**: Based on the analysis, the thumbnail is not misleading.

7. **Explanation**: The thumbnail accurately represents the main topic of the video, which is a sword fight between Brienne and Podrick. The dynamic and intense nature of the scene in the thumbnail matches the content of the video, and there are no exaggerated elements or clickbait tactics used.

**Categorization**: Not Misleading

**Explanation**: The thumbnail accurately represents the main topic of the video, which is a sword fight between Brienne and Podrick. The dynamic and intense nature of the scene in the thumbnail matches the content of the video, and there are no exaggerated elements or clickbait tactics used."
ShptLld81eE,"### Analysis:

1. **Examine the thumbnail**: The provided thumbnail does not accompany the video content described. However, based on the video description, the thumbnail should ideally reflect the dramatic and intense nature of the soccer match, possibly showing a critical moment or a significant event during the game.

2. **Read through the subtitles and content description**: The subtitles indicate a serious incident involving a safety barrier collapse during a football match, resulting in injuries and the abandonment of the match. The content description confirms this, detailing a high-stakes soccer match that was abruptly interrupted due to a safety barrier collapse, leading to injuries and a chaotic situation.

3. **Compare the thumbnail to the actual video content**: Since the thumbnail is not provided, we cannot directly compare it to the video content. However, based on the description, the thumbnail should ideally capture the intensity and drama of the match, possibly showing a critical moment or the aftermath of the incident.

4. **Determine if the thumbnail accurately represents the video's main topic or content**: Without the thumbnail, we cannot assess its accuracy in representing the video's content. If the thumbnail were to show a calm or routine moment of the match, it would be misleading because the video content depicts a dramatic and chaotic event.

5. **Assess whether the thumbnail uses exaggeration, false promises, or clickbait tactics**: Since the thumbnail is not provided, we cannot evaluate these aspects. However, if the thumbnail were to show a calm or routine moment of the match, it would indeed use clickbait tactics by promising a mundane video when the actual content is dramatic and intense.

6. **Categorize the thumbnail as either ""Misleading"" or ""Not Misleading""**: Given the lack of a provided thumbnail, we cannot categorize it as either misleading or not misleading.

7. **Explanation**: Without the thumbnail, we cannot make a definitive judgment. However, if the thumbnail were to show a calm or routine moment of the match, it would be misleading because the video content depicts a dramatic and chaotic event.

### Conclusion:
**Categorization:** Not enough information available to determine.

**Explanation:** The analysis is based on the absence of a provided thumbnail. If the thumbnail were to show a calm or routine moment of the match, it would be misleading because the video content depicts a dramatic and chaotic event."
XJgOiFkOgzo,"### Analysis:

1. **Examine the thumbnail**: The thumbnail features Joe Root holding a cricket bat with the text ""JOE ROOT FASTEST HUNDRED"". It prominently displays the phrase ""FASTEST HUNDRED,"" which suggests a record-breaking achievement.

2. **Read through the video content**: The video description does not mention any specific achievement related to Joe Root scoring a ""hundred"" (100 runs). Instead, it focuses on general highlights from a Test match between England and New Zealand at Trent Bridge, including gameplay, fielding, and the overall atmosphere of the match.

3. **Compare the thumbnail to the actual video content**: The thumbnail implies that the video will showcase Joe Root achieving the fastest hundred in a Test match, but the video content does not provide any information about such an achievement.

4. **Determine if the thumbnail accurately represents the video's main topic or content**: The thumbnail misleads viewers by suggesting that the video will highlight a specific record-breaking moment involving Joe Root, whereas the video content is more general and does not focus on any particular achievement.

5. **Assess whether the thumbnail uses exaggeration, false promises, or clickbait tactics**: The thumbnail uses clickbait tactics by promising a specific achievement (the fastest hundred) without providing any context or indication that the video will deliver on this promise.

6. **Categorize the thumbnail**: Misleading

7. **Explanation**: The thumbnail exaggerates the content of the video by implying that it will showcase a specific record-breaking achievement (Joe Root's fastest hundred) when the video content is focused on general highlights of a Test match. This creates false expectations and misleads viewers into watching a video that does not deliver on the promised content."
XcorLEso5J8,"### Analysis:

#### Step 1: Examine the thumbnail
The thumbnail shows two young girls sitting on a white couch with a host, likely in a studio setting. The girls appear to be dressed in matching outfits, and the overall tone suggests a casual and friendly interview environment. There are no visual elements that suggest any specific event or theme beyond a general talk show format.

#### Step 2: Read through the video subtitles and content description
The subtitles indicate that the video features two young girls discussing their experiences and memories related to their previous visit to the show. The content includes topics such as their growth since the last visit, family updates (including a new baby sibling), and a recent wedding. The final segment mentions a hoverboard demonstration, which seems to be a highlight of the episode.

#### Step 3: Compare the thumbnail to the actual video content
The thumbnail does not provide any specific details about the content of the video. It simply shows two girls and a host in a studio setting, which is consistent with the general format of the show. However, the thumbnail does not hint at the specific topics discussed in the video, such as family updates, a wedding, or a hoverboard demonstration.

#### Step 4: Determine if the thumbnail accurately represents the video's main topic or content
The thumbnail fails to convey the specific content of the video. While it accurately depicts the setting of a talk show interview, it does not give any indication of the personal stories or events that are discussed in the video.

#### Step 5: Assess whether the thumbnail uses exaggeration, false promises, or clickbait tactics
The thumbnail does not use any exaggerated claims or false promises. It simply presents a generic image of a talk show interview, which is appropriate for the type of content expected from the show.

#### Step 6: Categorize the thumbnail as either ""Misleading"" or ""Not Misleading""
Based on the analysis, the thumbnail is **Not Misleading**.

#### Explanation:
The thumbnail accurately represents the setting of a talk show interview but does not provide any specific details about the content of the video. It does not use any exaggerated claims or false promises. Therefore, it does not mislead viewers into expecting a specific type of content that is not present in the video."
OWCSDTTqm3E,"### Analysis of the Provided Information

#### Step 1: Examine the Thumbnail
The thumbnail features a person wearing a Manchester City jersey, along with images of other individuals in different football club jerseys (Manchester United, Tottenham, Arsenal, and Liverpool). The background includes a colorful ranking podium with numbers 5 to 1, suggesting a ranking or competition theme.

#### Step 2: Read Through the Video Subtitles and Content Description
The subtitles indicate that the video involves football fans participating in a ranking or competition show. The participants are wearing jerseys representing different football clubs, and the video seems to involve answering questions, completing challenges, and interacting with each other. The presence of a ""Prize Pot £300"" suggests a monetary reward for participation.

#### Step 3: Compare the Thumbnail to the Actual Video Content
The thumbnail accurately depicts the setting and theme of the video. It shows participants in football club jerseys, which aligns with the content described in the video description. The ranking podium in the background reinforces the idea of a competition or ranking system.

#### Step 4: Determine if the Thumbnail Accurately Represents the Video's Main Topic or Content
The thumbnail effectively represents the main topic of the video, which is a ranking or competition involving football fans from different clubs. The elements in the thumbnail (participants in jerseys, ranking podium) match the content described in the video description.

#### Step 5: Assess Whether the Thumbnail Uses Exaggeration, False Promises, or Clickbait Tactics
The thumbnail does not use any exaggerated claims or false promises. It accurately reflects the content of the video without misleading viewers.

#### Step 6: Categorize the Thumbnail
Based on the analysis, the thumbnail is not misleading.

#### Step 7: Provide a Brief Explanation for the Decision
The thumbnail accurately represents the video content by showing participants in football club jerseys and a ranking podium, which aligns with the theme of a ranking or competition involving football fans. There are no exaggerated claims or misleading elements in the thumbnail.

**Categorization:** Not Misleading

**Explanation:** The thumbnail accurately depicts the setting and theme of the video, showing participants in football club jerseys and a ranking podium, which matches the content described in the video description."
QJyeOWZkuAI,"### Analysis:

1. **Examine the thumbnail**: The thumbnail shows a bearded man in a black shirt sitting in front of a window with greenery outside. There is a colorful floral arrangement on a table nearby, and the ""Knight of Cups"" logo is visible in the corner.

2. **Read the subtitles and video content**: The subtitles indicate that the video is an interview about the movie ""Knight of Cups."" The content describes the experiences of someone moving to a new city and adjusting to the local culture and traditions.

3. **Compare the thumbnail to the actual video content**: The thumbnail depicts an interview setting related to the movie ""Knight of Cups,"" which aligns with the content described in the video description. However, the thumbnail does not provide any specific details about the interviewee's experiences or the nature of the discussion.

4. **Determine if the thumbnail accurately represents the video's main topic or content**: The thumbnail accurately represents the setting of the interview but does not convey the specific content or themes discussed in the video.

5. **Assess whether the thumbnail uses exaggeration, false promises, or clickbait tactics**: The thumbnail does not use any exaggerated claims or false promises. It simply shows the setting of the interview, which is appropriate for the content.

6. **Categorize the thumbnail**: Based on the analysis, the thumbnail is not misleading because it accurately represents the setting of the interview but does not provide any specific details about the content being discussed.

7. **Explanation**: The thumbnail accurately shows the setting of the interview for the movie ""Knight of Cups,"" but it does not give any indication of the specific topics or experiences discussed in the video. Therefore, it is not misleading.

**Categorization**: Not Misleading

**Explanation**: The thumbnail accurately represents the setting of the interview but does not provide any specific details about the content being discussed, thus not misleading the viewer."
LEBCc-Qpilw,"### Analysis:

#### Step 1: Examine the thumbnail
The thumbnail shows a man in a black and white jersey, seemingly in a home setting. There is no direct indication of the content related to the video's subject matter, which involves discussions about oceanic research and incidents involving underwater vehicles.

#### Step 2: Read through the video subtitles and content description
The subtitles and the video content describe a discussion about an underwater incident involving a submersible vehicle, specifically mentioning concerns about certification and safety issues. The speaker expresses regret for not speaking up earlier about the potential dangers associated with the technology used in the submersible.

#### Step 3: Compare the thumbnail to the actual video content
The thumbnail does not visually represent any of the content discussed in the video. It shows a man in a casual setting, which contrasts significantly with the serious and technical nature of the topics discussed in the video.

#### Step 4: Determine if the thumbnail accurately represents the video's main topic or content
The thumbnail fails to accurately represent the main topic of the video, which is centered around oceanic research and the safety concerns surrounding underwater vehicles. Instead, it depicts a casual, everyday scene that does not align with the serious and technical nature of the discussion.

#### Step 5: Assess whether the thumbnail uses exaggeration, false promises, or clickbait tactics
The thumbnail does not use any exaggerated claims or false promises. However, it does not provide any visual cues that would indicate the serious nature of the content discussed in the video.

#### Step 6: Categorize the thumbnail as either ""Misleading"" or ""Not Misleading""
Based on the analysis, the thumbnail is **misleading**.

#### Explanation:
The thumbnail fails to accurately represent the content of the video, which is focused on a serious discussion about oceanic research and safety concerns. By depicting a casual scene, it misleads viewers into expecting a less serious or unrelated topic. This misrepresentation could lead viewers to watch the video expecting a different type of content, thus being misleading."
BnvO9QFI8r8,"Categorization: Not Misleading

Explanation: The thumbnail shows a cricket player practicing batting inside a practice net, which aligns perfectly with the video content described. The video clearly depicts a cricket batting practice session within a professional training environment, as indicated by the ""Cricket Network"" watermark and the Alinta Energy sponsorship. There are no exaggerated claims or misleading elements present in the thumbnail compared to the actual video content. Therefore, the thumbnail accurately represents the video's main topic and content."
7oxlCKMlpZw,"### Analysis:

1. **Thumbnail Examination**:
   - The thumbnail shows two individuals seated on a tour bus, one of whom is holding a teacup and saucer. The background suggests an outdoor urban setting.
   - The text overlay reads ""The Late Late Show with James Corden.""

2. **Video Subtitles**:
   - The subtitles indicate a conversation between James Corden and another individual (likely Prince Harry) discussing their experiences living in Los Angeles and visiting notable landmarks.
   - The conversation includes references to a tour bus, tea, and a discussion about a house from the TV show *The Fresh Prince of Bel-Air*.

3. **Video Content Description**:
   - The video features two individuals on a tour bus, discussing their experiences in Los Angeles.
   - They visit a house from *The Fresh Prince of Bel-Air*, have tea, and engage in light-hearted banter.
   - The video also includes scenes of them visiting other locations, such as a cemetery and participating in a Spartan Race.

### Comparison and Assessment:

- **Accuracy Representation**: The thumbnail accurately depicts the setting of the video, showing two individuals on a tour bus, which aligns with the opening scene described in the video content.
- **Clickbait Tactics**: There is no indication of exaggerated claims or misleading promises in the thumbnail. It clearly represents the content of the video.
- **Exaggeration**: The thumbnail does not use any exaggerated elements or false promises that might mislead viewers.

### Conclusion:

The thumbnail accurately represents the video content without any misleading elements. It provides a clear visual cue of the setting and activity depicted in the video.

**Categorization**: Not Misleading

**Explanation**: The thumbnail accurately reflects the content of the video, showing two individuals on a tour bus, which matches the opening scene described in the video. There are no exaggerated claims or misleading elements present in the thumbnail."
rJBhkkzNDkQ,"### Analysis of the Provided Information

#### Step 1: Examine the Thumbnail
The thumbnail features three cartoon characters, each wearing sports-related gear (a soccer helmet, a baseball cap, and a baseball glove). The word ""SPORTS"" is prominently displayed above them. The image suggests a theme related to sports.

#### Step 2: Read Through the Video Subtitles and Content Description
The subtitles and the video content describe a narrative involving sports, specifically soccer (football). The creator talks about their personal experiences with soccer, including playing as a child and the importance of sports in promoting physical activity and social connections.

#### Step 3: Compare the Thumbnail to the Actual Video Content
The thumbnail accurately represents the theme of sports, which aligns closely with the content described in the video subtitles and the video description. The characters depicted in the thumbnail are engaged in sports activities, which matches the overall theme of the video.

#### Step 4: Determine if the Thumbnail Accurately Represents the Video's Main Topic or Content
The thumbnail effectively conveys the main topic of the video, which revolves around sports and personal experiences with soccer. It does not mislead viewers into expecting a different type of content.

#### Step 5: Assess Whether the Thumbnail Uses Exaggeration, False Promises, or Clickbait Tactics
The thumbnail does not use any exaggerated claims or false promises. It simply depicts characters involved in sports activities, which is consistent with the video's content.

#### Step 6: Categorize the Thumbnail
Based on the analysis, the thumbnail is not misleading.

#### Step 7: Provide a Brief Explanation for the Decision
The thumbnail accurately represents the video's main topic, which is centered around sports and personal experiences with soccer. It does not use any exaggerated claims or false promises, ensuring that viewers understand the nature of the content they are about to watch. Therefore, the thumbnail is categorized as ""Not Misleading."""
dhe73UMqREI,"### Analysis:

1. **Examine the thumbnail**: The thumbnail shows a group of people, including a man identified as Prince William, laughing and enjoying themselves at a concert. The text overlay reads ""PRINCE WILLIAM GROOVES!""

2. **Read the subtitles and content description**: The subtitles suggest that the video is about a concert in London involving Taylor Swift and the British royal family. The content description mentions scenes from a concert, the presence of the royal family, and a connection to Taylor Swift's performances and the Changing of the Guard ceremony.

3. **Compare the thumbnail to the actual video content**:
   - The thumbnail depicts Prince William at a concert, which aligns with the video content mentioning his presence at a concert.
   - However, the thumbnail does not explicitly mention Taylor Swift or the Changing of the Guard ceremony, which are significant elements of the video content.

4. **Determine if the thumbnail accurately represents the video's main topic or content**:
   - While the thumbnail accurately shows Prince William at a concert, it does not convey the full scope of the video content, which includes Taylor Swift's performances and the Changing of the Guard ceremony.

5. **Assess whether the thumbnail uses exaggeration, false promises, or clickbait tactics**:
   - The thumbnail does not use exaggerated claims or false promises but rather focuses on a specific moment (Prince William at a concert) that is part of the overall narrative but not the entirety of the video content.

6. **Categorize the thumbnail**:
   - **Misleading**

7. **Explanation**:
   - The thumbnail accurately represents a key element of the video content (Prince William at a concert), but it fails to convey the full range of topics discussed in the video, such as Taylor Swift's performances and the Changing of the Guard ceremony. This omission makes the thumbnail misleading because it does not fully represent the comprehensive nature of the video's content.

### Final Decision:
**Misleading**

**Explanation**: The thumbnail accurately depicts Prince William at a concert but fails to convey the full range of topics discussed in the video, including Taylor Swift's performances and the Changing of the Guard ceremony."
V4PPWYCqPKo,"### Analysis:

1. **Examine the thumbnail**: The thumbnail depicts a scene from what appears to be a fantasy series, possibly resembling Game of Thrones. It shows a woman in a blue robe leading a group of soldiers in a desert-like environment. The image conveys a sense of leadership and impending battle.

2. **Read the subtitles and video content**: The subtitles appear to be lyrics from a song, which do not directly relate to the visual content described in the video description. The video content describes a series of scenes depicting a major battle or conquest in a fantasy world, involving characters in medieval-style clothing and armor, a desert setting, and intense action sequences.

3. **Compare the thumbnail to the actual video content**: The thumbnail accurately represents the visual elements described in the video content. It shows a woman leading soldiers, which aligns with the depiction of a leader in a battle scene.

4. **Determine if the thumbnail accurately represents the video's main topic or content**: The thumbnail effectively captures the essence of the video content, which revolves around a battle or conquest in a fantasy setting.

5. **Assess whether the thumbnail uses exaggeration, false promises, or clickbait tactics**: The thumbnail does not use any exaggerated claims or misleading elements. It accurately reflects the content of the video.

6. **Categorize the thumbnail**: Based on the analysis, the thumbnail is not misleading.

7. **Explanation**: The thumbnail accurately represents the visual elements of the video content, specifically the depiction of a woman leading soldiers in a battle scene. There are no exaggerated claims or misleading elements present in the thumbnail.

**Categorization**: Not Misleading

**Explanation**: The thumbnail accurately represents the visual elements of the video content, which depict a battle or conquest in a fantasy setting. There are no exaggerated claims or misleading elements present in the thumbnail."
XsFeMIIi5zY,"### Analysis:

**Step 1: Examine the thumbnail**
The thumbnail shows a blue car being struck by a large steel dart labeled as weighing 600kg. The image conveys a sense of impact and destruction.

**Step 2: Read through the video subtitles and content description**
The subtitles mention a ""600kg Steel Dart"" and describe the video as involving a large, heavy dart being used in a destructive experiment. The content description outlines a series of scenes where a blue car is involved in a dangerous stunt or experiment, culminating in the car being launched or falling, resulting in significant damage.

**Step 3: Compare the thumbnail to the actual video content**
The thumbnail depicts a large steel dart striking a car, which aligns closely with the video content described in the subtitles and the video description. The thumbnail accurately represents the main topic of the video, which involves a large dart impacting a car.

**Step 4: Determine if the thumbnail accurately represents the video's main topic or content**
The thumbnail accurately represents the main topic of the video, which is the use of a large steel dart to strike a car.

**Step 5: Assess whether the thumbnail uses exaggeration, false promises, or clickbait tactics**
There is no exaggeration or false promises in the thumbnail. It accurately reflects the content of the video.

**Step 6: Categorize the thumbnail**
The thumbnail is **Not Misleading**.

**Explanation:**
The thumbnail accurately represents the main topic of the video, which involves a large steel dart striking a car. There is no exaggeration or misleading information present in the thumbnail. The thumbnail effectively communicates the core theme of the video without any misleading elements."
5kJ9NfYwlcI,"### Analysis:

1. **Examine the thumbnail**: The thumbnail shows an older gentleman in a formal setting, likely a news studio or outdoor location near a body of water. There is no indication of the content being discussed in the video.

2. **Read the subtitles and video content**: The subtitles discuss a news commentary about the Queen of England and her interactions with her corgi dogs. The content includes details about the Queen's relationship with her corgis, their behavior, and their significance in royal life.

3. **Compare the thumbnail to the actual video content**: The thumbnail does not visually represent the content of the video. It shows a formal setting that could be associated with a news segment, but the video content is about the Queen's corgis and their role in royal life.

4. **Determine if the thumbnail accurately represents the video's main topic or content**: The thumbnail does not accurately represent the video's main topic, which is about the Queen's corgis and their significance in royal life.

5. **Assess whether the thumbnail uses exaggeration, false promises, or clickbait tactics**: The thumbnail does not use any exaggerated claims or false promises. It simply shows a formal setting, which might be misleading because it does not convey the specific content about the Queen's corgis.

6. **Categorize the thumbnail as either ""Misleading"" or ""Not Misleading""**: Based on the analysis, the thumbnail is misleading because it does not accurately represent the video's main topic.

7. **Explanation**: The thumbnail shows a formal setting that could be associated with a news segment, but the video content is about the Queen's corgis and their role in royal life. This mismatch between the thumbnail and the video content makes the thumbnail misleading.

**Categorization**: Misleading

**Explanation**: The thumbnail shows a formal setting that could be associated with a news segment, but the video content is about the Queen's corgis and their role in royal life. This mismatch between the thumbnail and the video content makes the thumbnail misleading."
2kdqmzbqlVs,"### Analysis:

1. **Examine the thumbnail**: The thumbnail features a woman taking a selfie on a balcony, wearing jewelry and holding a drink. The text indicates it is an official trailer for a Netflix production.

2. **Read through the video content**:
   - The video opens with a glamorous scene in a dressing room or backstage area.
   - The woman is later seen on a balcony taking a selfie, which aligns with the image in the thumbnail.
   - The video includes scenes of social media interfaces, a beach setting, interviews, family dinners, and various personal spaces.
   - The overall theme revolves around the woman's life, relationships, and experiences, which could include elements of fame, fashion, and personal growth.

3. **Compare the thumbnail to the actual video content**:
   - The thumbnail accurately depicts a scene from the video where the woman is taking a selfie on a balcony.
   - The video content includes multiple scenes that align with the glamorous and personal aspects suggested by the thumbnail.

4. **Determine if the thumbnail accurately represents the video's main topic or content**:
   - The thumbnail effectively captures a key moment from the video, which is a selfie taken by the woman on a balcony.
   - The video content supports the idea that the woman is a public figure or celebrity, as indicated by the glamorous scenes and social media interfaces.

5. **Assess whether the thumbnail uses exaggeration, false promises, or clickbait tactics**:
   - There is no indication of exaggeration or clickbait tactics in the thumbnail. It simply shows a scene from the video that accurately reflects the content.

6. **Categorize the thumbnail**:
   - **Not Misleading**

7. **Explanation**:
   - The thumbnail accurately represents a scene from the video, which is a selfie taken by the woman on a balcony. The video content supports the idea that the woman is a public figure or celebrity, as indicated by the glamorous scenes and social media interfaces. Therefore, the thumbnail does not use any exaggerated claims or clickbait tactics; it merely shows a scene that is representative of the video's content."
tuZZXi6qxjk,"### Analysis:

1. **Examine the thumbnail**: The thumbnail depicts a woman reading a book to a young child, likely in a domestic setting. It suggests a calm, intimate moment between a parent and child.

2. **Read through the video subtitles and content description**: The subtitles and video content describe a historical montage of a British royal's life, starting from childhood and progressing through various stages until the coronation ceremony. The content includes family moments, public appearances, and the preparation for the coronation.

3. **Compare the thumbnail to the actual video content**: The thumbnail shows a scene of a mother reading to her child, which is a very different setting and theme compared to the historical royal life depicted in the video.

4. **Determine if the thumbnail accurately represents the video's main topic or content**: The thumbnail does not accurately represent the main topic or content of the video. It suggests a personal, intimate moment rather than the historical and formal nature of the royal life depicted in the video.

5. **Assess whether the thumbnail uses exaggeration, false promises, or clickbait tactics**: The thumbnail uses a misleading image that does not align with the actual content of the video. It does not promise or suggest anything that would mislead viewers into expecting a different type of content.

6. **Categorize the thumbnail as either ""Misleading"" or ""Not Misleading""**: Based on the analysis, the thumbnail is misleading.

7. **Provide a brief explanation for your decision**: The thumbnail shows a domestic, intimate scene that contrasts sharply with the historical and formal content of the video. It does not accurately represent the main topic or content of the video, thus misleading viewers about what they can expect to see.

### Conclusion:
**Categorization: Misleading**

**Explanation:** The thumbnail inaccurately represents the content of the video by suggesting a personal, intimate moment instead of the historical and formal depiction of a British royal's life."
jXGBQLSvqYQ,"### Analysis:

1. **Thumbnail**: The thumbnail shows a man in a white suit jacket, appearing thoughtful and pensive, with a background that suggests a talk show setting. The image does not provide any specific context or highlight the diverse settings and activities depicted in the video.

2. **Video Subtitles**: The subtitles contain a mix of casual conversation and references to various topics such as movies, sports figures (e.g., LeBron James, Floyd Mayweather), and personal anecdotes. The content is varied and does not seem to focus on a single theme or topic.

3. **Video Description**: The video compilation features prominent African American actors and entertainers in different settings, including interviews, performances, casual interactions, and talk show appearances. The video showcases a range of activities and personalities, providing a glimpse into the lives and careers of these public figures.

### Comparison:

- **Thumbnail vs. Content**: The thumbnail shows a single individual in a talk show setting, which is a small part of the overall content. The video includes many different scenes and settings, indicating a broader scope of activities.
  
- **Exaggeration/Clickbait**: The thumbnail does not promise or suggest any specific content beyond a talk show appearance, which is accurate based on the video description. There is no indication of exaggeration or clickbait tactics.

### Conclusion:

The thumbnail accurately represents the video content by showing a talk show setting, which is one of the scenes featured in the video. However, the thumbnail does not capture the full diversity of settings and activities shown in the video. Despite this, the thumbnail does not mislead viewers about the content being presented.

### Categorization:

**Not Misleading**

**Explanation**: The thumbnail accurately depicts a talk show setting, which is one of the scenes in the video. While it does not represent the entire breadth of the video content, it does not mislead viewers about the type of content they can expect."
8Dps3vSSw-4,"### Analysis of the Provided Information

#### Step 1: Examine the Thumbnail
The thumbnail shows two individuals, one of whom appears to be a host or presenter, and the other appears to be a guest or participant. The background includes the MTV logo, suggesting that this is a segment from a show on MTV. The text ""BEST OF"" is prominently displayed, indicating that this is likely a compilation of highlights or funny moments from a show.

#### Step 2: Read Through the Video Subtitles and Content Description
The subtitles and the video description indicate that the video is a compilation of funny or entertaining clips, likely from a show called ""Ridiculousness."" The content includes various amusing or unexpected situations, reactions, and humorous moments.

#### Step 3: Compare the Thumbnail to the Actual Video Content
The thumbnail depicts two individuals, which aligns with the presence of hosts or presenters in the video content. However, the thumbnail does not provide any indication of the specific content or the nature of the clips shown in the video. It does not mention anything about the ""Ridiculousness"" show or the type of content that would be featured in such a compilation.

#### Step 4: Determine if the Thumbnail Accurately Represents the Video's Main Topic or Content
The thumbnail does not accurately represent the video's main topic or content. While it suggests that the video involves hosts or presenters, it does not convey the specific nature of the clips or the context of the ""Ridiculousness"" show.

#### Step 5: Assess Whether the Thumbnail Uses Exaggeration, False Promises, or Clickbait Tactics
The thumbnail does not use exaggerated claims or false promises. Instead, it simply shows two individuals, which is a common practice in thumbnails for reality or entertainment shows.

#### Step 6: Categorize the Thumbnail as Either ""Misleading"" or ""Not Misleading""
Based on the analysis, the thumbnail is **Not Misleading**.

#### Explanation:
The thumbnail accurately depicts the presence of hosts or presenters, which is consistent with the video content. However, it does not provide any specific details about the nature of the clips or the context of the ""Ridiculousness"" show. While this lack of detail might not fully convey the specific content, it does not mislead viewers about the general nature of the show or the type of content they can expect. Therefore, the thumbnail is not misleading."
RXo7w9uhSQ0,"### Analysis:

1. **Examine the thumbnail**: The thumbnail shows a man sitting in a chair with a framed photograph of another person in the background. The setting appears to be a home-like environment with traditional decor.

2. **Read the subtitles and video content**: The subtitles indicate that the video is about a conversation regarding climate change, environmental issues, and the urgency surrounding these topics. The speaker discusses the importance of creating positive energy and solutions to address environmental challenges.

3. **Compare the thumbnail to the actual video content**:
   - The thumbnail depicts a casual, home-like setting which aligns with the described setting of the video.
   - The content of the video involves a serious discussion about climate change and environmental issues, which is not immediately apparent from the thumbnail alone.

4. **Determine if the thumbnail accurately represents the video's main topic or content**:
   - The thumbnail does not explicitly convey the serious nature of the discussion about climate change and environmental issues.
   - It suggests a more casual or personal interaction rather than a formal discussion about global challenges.

5. **Assess whether the thumbnail uses exaggeration, false promises, or clickbait tactics**:
   - The thumbnail does not use any exaggerated claims or false promises.
   - However, it may give viewers a misleading impression of the content being more casual or less serious than it actually is.

6. **Categorize the thumbnail**:
   - **Misleading**

7. **Explanation**:
   - The thumbnail fails to convey the serious and formal nature of the discussion about climate change and environmental issues. While the setting is appropriate for a personal interview, the content of the video is more substantial and focused on a significant topic. This discrepancy between the thumbnail and the actual content may lead viewers to expect a less serious or less informative video, thus misleading them about the true subject matter."
Utm6rywZ65U,"### Analysis:

1. **Examine the thumbnail**: The thumbnail features two cricket players in action during a match, with the text ""ENGLAND VS AUSTRALIA ASHES DAY ONE FIRST TEST HIGHLIGHTS"". It visually depicts a cricket match scenario, which aligns with the content described in the video description.

2. **Read through the video subtitles and content description**: Since there are no subtitles provided, we rely solely on the video description for context.

3. **Compare the thumbnail to the actual video content**:
   - The thumbnail shows a cricket match between England and Australia, which matches the video description.
   - The thumbnail mentions ""ASHES DAY ONE FIRST TEST HIGHLIGHTS,"" which is consistent with the video content as it describes a Test match between the two teams.

4. **Determine if the thumbnail accurately represents the video's main topic or content**:
   - The thumbnail accurately represents the main topic of the video, which is a cricket match between England and Australia.
   - It does not mislead viewers into expecting highlights from a different match or event.

5. **Assess whether the thumbnail uses exaggeration, false promises, or clickbait tactics**:
   - The thumbnail does not use any exaggerated claims or false promises.
   - There is no clickbait element present in the thumbnail.

6. **Categorize the thumbnail**:
   - Based on the analysis, the thumbnail accurately represents the video's content without any misleading elements.

7. **Explanation**:
   - The thumbnail effectively communicates the subject matter of the video, which is a cricket match between England and Australia. It does not exaggerate or misrepresent the content, ensuring that viewers understand what to expect from the video.

### Final Categorization:
**Not Misleading**

**Explanation**: The thumbnail accurately represents the video's content by depicting a cricket match between England and Australia, which aligns with the video description. There are no misleading elements or clickbait tactics used in the thumbnail."
ctKmI0vbMzg,"### Analysis:

1. **Examine the thumbnail**: The thumbnail shows a man and a woman standing in an ornate setting, holding a baby wrapped in a white blanket. The image conveys a formal and celebratory atmosphere, suggesting a significant event involving a newborn baby.

2. **Read the subtitles and video content**: The subtitles indicate that the video is about a couple discussing their new baby, named Sussex, and expressing their joy and pride in becoming parents. The conversation includes details about the baby’s temperament, sleep patterns, and the couple’s feelings about their new role as parents.

3. **Compare the thumbnail to the actual video content**:
   - The thumbnail depicts a formal setting with a baby, which aligns with the grand, ornate setting described in the video description.
   - The couple is shown holding a baby, which matches the content where they present their newborn.
   - The overall tone of the thumbnail (formal and celebratory) matches the mood conveyed in the subtitles and video content.

4. **Determine if the thumbnail accurately represents the video's main topic or content**:
   - The thumbnail accurately represents the main topic of the video, which is the introduction of a newborn baby and the couple’s reaction to becoming parents.

5. **Assess whether the thumbnail uses exaggeration, false promises, or clickbait tactics**:
   - There is no exaggeration or false promises in the thumbnail. It accurately reflects the content of the video.

6. **Categorize the thumbnail**:
   - **Categorization**: Not Misleading

7. **Explanation**:
   - The thumbnail accurately represents the main topic of the video, which is the introduction of a newborn baby and the couple’s joy and pride in becoming parents. It does not use any exaggerated claims or clickbait tactics. Therefore, it is not misleading.

### Final Decision:
**Categorization**: Not Misleading  
**Explanation**: The thumbnail accurately represents the main topic of the video, which is the introduction of a newborn baby and the couple’s joy and pride in becoming parents. It does not use any exaggerated claims or clickbait tactics."
Hop6L1p00L0,"### Analysis:

1. **Examine the thumbnail**: The provided thumbnail does not accompany the video content described. Therefore, there is no thumbnail to assess for misleading elements based on the given information.

2. **Read through the video subtitles and content description**: The subtitles and the video description focus on a panel discussion involving four prominent figures in the film industry discussing their experiences and insights related to filmmaking and the impact of certain films on their careers.

3. **Compare the thumbnail to the actual video content**: Since there is no thumbnail provided, this step cannot be performed.

4. **Determine if the thumbnail accurately represents the video's main topic or content**: As there is no thumbnail to evaluate, this step is also not applicable.

5. **Assess whether the thumbnail uses exaggeration, false promises, or clickbait tactics**: Since there is no thumbnail to assess, this step is irrelevant.

6. **Categorize the thumbnail as either ""Misleading"" or ""Not Misleading""**: Given the lack of a thumbnail to evaluate, this categorization cannot be determined.

7. **Provide a brief explanation for your decision**: Without a thumbnail to analyze, it is impossible to determine whether the thumbnail is misleading or not misleading.

### Conclusion:
Since there is no thumbnail provided, the analysis cannot be completed according to the given steps. Therefore, the thumbnail cannot be categorized as either ""Misleading"" or ""Not Misleading."""
T8Tw7XwfboA,"### Analysis:

**Step 1: Examine the thumbnail**
- The thumbnail shows a man holding a knife in front of a long row of colorful balloons. The image suggests a challenge or competition involving the balloons.

**Step 2: Read through the video subtitles and content description**
- The subtitles indicate a playful and chaotic activity involving balloons, where participants are throwing items (like axes and knives) at the balloons.
- The video description mentions a fun, balloon-themed project or challenge in a large indoor space, with participants engaging in various activities involving balloons.

**Step 3: Compare the thumbnail to the actual video content**
- The thumbnail depicts a man holding a knife in front of balloons, implying a dangerous or potentially harmful activity.
- The video content describes a playful and chaotic activity involving balloons, where participants are throwing items at the balloons, but there is no indication of any danger or harm.

**Step 4: Determine if the thumbnail accurately represents the video's main topic or content**
- The thumbnail does not accurately represent the video's main topic or content. It suggests a dangerous or harmful activity, while the video content is playful and chaotic but not dangerous.

**Step 5: Assess whether the thumbnail uses exaggeration, false promises, or clickbait tactics**
- The thumbnail uses exaggerated imagery to attract viewers, suggesting a dangerous or harmful activity, which is not represented in the actual video content.

**Step 6: Categorize the thumbnail**
- **Categorization:** Misleading

**Step 7: Provide a brief explanation for the decision**
- The thumbnail exaggerates the potential danger and harm associated with the activity, which is not present in the actual video content. It uses clickbait tactics to attract viewers by suggesting a dangerous or harmful activity, which is misleading.

Therefore, the thumbnail is categorized as **Misleading**."
Q6Vy4fTHrR8,"Categorization: Not Misleading

Explanation: The thumbnail does not provide any misleading information about the video content. It depicts a scene of a crowd and police officers on a city street, which aligns with the video description that describes a tense situation involving police and a large crowd in an urban setting. There are no exaggerated claims or misleading elements present in the thumbnail. Therefore, the thumbnail accurately represents the video's main topic and content."
WY-Jk3Ubs4U,"### Analysis:

1. **Examine the thumbnail**: The thumbnail features a man with the text ""WHAT IS PRINCE ANDREW REALLY LIKE?"" The image shows a close-up of a man's face, which appears serious and contemplative.

2. **Read the subtitles and video content**:
   - The subtitles mention a specific incident involving Prince Andrew, including the discovery of 72 teddy bears on his bed.
   - The video content discusses the role of a Royal Protection Officer and includes details about interactions with the royal family, particularly Prince Andrew.

3. **Compare the thumbnail to the actual video content**:
   - The thumbnail does not explicitly mention the 72 teddy bears or the specific incident described in the subtitles.
   - The thumbnail focuses on the general theme of understanding Prince Andrew, which aligns with the content but does not specifically highlight the controversial incident.

4. **Determine if the thumbnail accurately represents the video's main topic or content**:
   - While the thumbnail does not mislead by promising a detailed account of the incident, it does not fully capture the specific focus of the video content.
   - The thumbnail is somewhat generic and does not emphasize the controversial nature of the incident, which is a key part of the video's content.

5. **Assess whether the thumbnail uses exaggeration, false promises, or clickbait tactics**:
   - There is no exaggeration or false promise in the thumbnail; it simply asks a question about Prince Andrew.
   - However, the thumbnail does not fully represent the specific content of the video, which is why it might not fully engage viewers interested in the controversial incident.

6. **Categorize the thumbnail**:
   - **Misleading**

7. **Explanation**:
   - The thumbnail is not misleading because it does not promise or exaggerate the content. However, it does not fully represent the specific focus of the video, which is the controversial incident involving Prince Andrew and the 72 teddy bears. This omission might lead viewers to expect a broader discussion about Prince Andrew rather than the specific incident, which could be considered misleading in terms of viewer expectations.

### Final Decision:
**Misleading**

**Explanation**: The thumbnail does not fully represent the specific focus of the video content, which is the controversial incident involving Prince Andrew and the 72 teddy bears. While it does not use exaggerated claims or false promises, it fails to clearly communicate the specific content of the video, leading viewers to expect a broader discussion about Prince Andrew rather than the specific incident."
f2IsafsIW_8,"### Analysis:

1. **Examine the thumbnail**: The thumbnail shows two men sitting outdoors under umbrellas during what appears to be a formal event. One man is holding a large umbrella, and they are dressed formally. The background includes other people also holding umbrellas, indicating rainy weather.

2. **Read through the video subtitles and content description**: There are no subtitles provided in the video description. However, the content description mentions two distinct scenes:
   - An outdoor event where dignitaries are seated under umbrellas due to rain.
   - A transition to Buckingham Palace, a popular tourist attraction.

3. **Compare the thumbnail to the actual video content**:
   - The thumbnail accurately depicts the scene of an outdoor event with dignitaries under umbrellas.
   - The video content confirms this initial scene but then transitions to Buckingham Palace, which is not shown in the thumbnail.

4. **Determine if the thumbnail accurately represents the video's main topic or content**:
   - The thumbnail accurately represents the initial scene of the video, which is the outdoor event with dignitaries under umbrellas.
   - However, the thumbnail does not indicate the transition to Buckingham Palace, which is a significant part of the video content.

5. **Assess whether the thumbnail uses exaggeration, false promises, or clickbait tactics**:
   - The thumbnail does not use any exaggerated claims or false promises.
   - The transition to Buckingham Palace is not indicated in the thumbnail, which could be considered misleading as it suggests the entire video focuses on the outdoor event.

6. **Categorize the thumbnail**:
   - **Misleading**

7. **Explanation**:
   - The thumbnail accurately represents the initial scene of the video but fails to indicate the transition to Buckingham Palace, which is a significant part of the content. This omission could mislead viewers into expecting the entire video to focus solely on the outdoor event, leading to disappointment upon watching the full video."
jzyJ2p5H_HE,"### Analysis:

1. **Examine the thumbnail**: The thumbnail shows two cricket players, one from India and one from England, appearing to have a conversation. The image suggests a moment of interaction or discussion between the players.

2. **Read the subtitles and video content**: The subtitles indicate a conversation between players, specifically mentioning ""Johnny Bairstow"" and ""Virat Kohli."" The conversation seems to involve some tension or disagreement, as indicated by phrases like ""tense out there.""

3. **Compare the thumbnail to the actual video content**:
   - The thumbnail depicts a moment of interaction between players.
   - The subtitles confirm that the video includes a conversation between players, specifically mentioning Johnny Bairstow and Virat Kohli.
   - The video content shows players interacting, which aligns with the thumbnail.

4. **Determine if the thumbnail accurately represents the video's main topic or content**:
   - The thumbnail accurately represents the interaction between players shown in the video.

5. **Assess whether the thumbnail uses exaggeration, false promises, or clickbait tactics**:
   - There is no exaggeration or clickbait in the thumbnail. It simply shows a moment of interaction between players, which matches the video content.

6. **Categorize the thumbnail**:
   - **Not Misleading**

7. **Explanation**:
   - The thumbnail accurately reflects the content of the video, which shows players interacting during a cricket match. The subtitles confirm that the interaction involves specific players mentioned in the thumbnail. There are no exaggerated claims or misleading elements present in the thumbnail.

### Final Decision:
**Not Misleading**

**Explanation**: The thumbnail accurately represents the interaction between players shown in the video, and there are no exaggerated or misleading elements present."
JQBH1PGIVc4,"### Analysis:

**Step 1:** Examine the thumbnail.
The thumbnail shows a group of soccer players hugging each other, with one player having a head painted with the colors of the French flag. This image suggests a celebratory or emotional moment involving a French soccer player.

**Step 2:** Read through the video subtitles and content description.
The subtitles and video content describe a farewell match for a professional soccer player named Beckham, who is leaving Paris Saint-Germain after a successful career. The video highlights his achievements across multiple countries and his emotional farewell to the team and fans.

**Step 3:** Compare the thumbnail to the actual video content.
The thumbnail depicts a scene of players hugging, which aligns with the emotional farewell described in the video. However, the thumbnail does not explicitly mention the name ""Beckham"" or the context of his leaving PSG.

**Step 4:** Determine if the thumbnail accurately represents the video's main topic or content.
The thumbnail accurately captures the essence of a farewell match but lacks specific details about the player leaving PSG. It does not convey the specific context of Beckham's departure or the significance of the event.

**Step 5:** Assess whether the thumbnail uses exaggeration, false promises, or clickbait tactics.
The thumbnail does not use any exaggerated claims or false promises. It simply shows a scene that could be associated with a farewell match, which is accurate based on the video content.

**Step 6:** Categorize the thumbnail as either ""Misleading"" or ""Not Misleading"".
Based on the analysis, the thumbnail is **Not Misleading** because it accurately represents a scene that could be associated with a farewell match, which is the main theme of the video. However, it does not provide enough specific information about the player or the context of the event.

**Explanation:**
The thumbnail effectively captures the emotional tone of the video but fails to specify the identity of the player or the significance of the event. While it does not mislead viewers into expecting a completely different scenario, it could be improved by providing more context or identifying the player to make the thumbnail more informative and less ambiguous."
pMdJxVjZMRI,"### Analysis:

1. **Examine the thumbnail**: The thumbnail features a stylized image of Pandora's box with ornate designs, accompanied by the text ""THE MYTH OF PANDORA'S BOX."" There are hands reaching towards the box, suggesting interaction and the potential opening of the box.

2. **Read the subtitles and video content**: The subtitles and video content describe a modern retelling of the Pandora's Box myth, focusing on themes of curiosity, consequence, and the duality of human nature. The narrative explores the mythological elements of Pandora's box and its contents, emphasizing the盒的象征意义和后果。

3. **Compare the thumbnail to the actual video content**: The thumbnail accurately represents the central theme of the video, which is the myth of Pandora's box. It visually depicts the box, a key element in the myth, and the hands reaching towards it, which aligns with the narrative of Pandora opening the box.

4. **Determine if the thumbnail accurately represents the video's main topic or content**: The thumbnail effectively captures the essence of the video's content without exaggerating or misleading the viewer.

5. **Assess whether the thumbnail uses exaggeration, false promises, or clickbait tactics**: The thumbnail does not use any exaggerated claims or false promises. It simply presents the mythological box as the central visual element of the video.

6. **Categorize the thumbnail**: Based on the analysis, the thumbnail is not misleading.

7. **Explanation**: The thumbnail accurately represents the video's main topic, which is the myth of Pandora's box. It does not use any misleading tactics such as exaggeration or clickbait. Therefore, the thumbnail is categorized as ""Not Misleading.""

### Final Decision:
**Categorization:** Not Misleading

**Explanation:** The thumbnail accurately represents the central theme of the video, which is the myth of Pandora's box, without using any misleading tactics."
zG3i9UX14Bk,"### Analysis:

1. **Examine the thumbnail**:
   - The thumbnail shows a group of five individuals sitting in a formal, opulent room resembling Windsor Castle. The setting is grand and luxurious, suggesting a high-profile event or interview.

2. **Read the video subtitles**:
   - The subtitles indicate that the video features interviews with the Prince of Wales, the Princess of Wales, and the Princess Royal, discussing topics related to rugby during the Rugby World Cup.

3. **Compare the thumbnail to the actual video content**:
   - The thumbnail depicts a formal interview setting with a group of five individuals, which aligns with the video content described in the subtitles.
   - The setting matches the description of Windsor Castle, which is a royal residence, further supporting the authenticity of the setting depicted in the thumbnail.

4. **Determine if the thumbnail accurately represents the video's main topic or content**:
   - The thumbnail accurately represents the main topic of the video, which is an interview with the royal family members about rugby during the Rugby World Cup.

5. **Assess whether the thumbnail uses exaggeration, false promises, or clickbait tactics**:
   - There is no indication of exaggeration, false promises, or clickbait tactics in the thumbnail. It clearly communicates the content of the video without misleading the viewer.

6. **Categorize the thumbnail**:
   - **Categorization**: Not Misleading

7. **Explanation**:
   - The thumbnail accurately reflects the content of the video, showing a formal interview setting with the royal family members discussing rugby. There are no elements of exaggeration or clickbait, ensuring that the viewer understands the true nature of the video before clicking on it.

### Final Decision:
**Categorization**: Not Misleading  
**Explanation**: The thumbnail accurately represents the formal interview setting with the royal family members discussing rugby, without any misleading elements."
CFVLd9lk4KA,"### Analysis:

1. **Examine the thumbnail**: The thumbnail features Scarlett Johansson with a bright background, likely a cityscape at night. The text reads ""THE TONIGHT SHOW SCARLETT JOHANSSON.""

2. **Read the subtitles and video content**:
   - The subtitles introduce Scarlett Johansson as a Tony-winning actor and a major movie star, mentioning her upcoming movie ""Fly Me to the Moon.""
   - The video content includes a lively interview where Scarlett discusses her involvement in ""Jurassic World,"" her favorite gifts, and her experiences on the show.

3. **Compare the thumbnail to the actual video content**:
   - The thumbnail does not explicitly mention any specific content or topics discussed in the video.
   - The video content focuses on an interview with Scarlett Johansson, discussing her career highlights and personal anecdotes.

4. **Determine if the thumbnail accurately represents the video's main topic or content**:
   - The thumbnail does not provide any indication of the specific topics discussed in the interview, such as her involvement in ""Jurassic World"" or her favorite gifts.
   - It simply introduces her as a guest on the show without specifying the content of the interview.

5. **Assess whether the thumbnail uses exaggeration, false promises, or clickbait tactics**:
   - There is no exaggeration or false promise in the thumbnail; it merely introduces Scarlett Johansson as a guest on the show.
   - However, the thumbnail could be seen as somewhat generic and not particularly informative about the specific content of the interview.

6. **Categorize the thumbnail**:
   - Given that the thumbnail does not provide any specific information about the content of the interview and simply introduces Scarlett Johansson as a guest, it can be considered misleading because it does not accurately represent the main topic or content of the video.

### Final Decision:
**Misleading**

**Explanation**: The thumbnail introduces Scarlett Johansson as a guest on ""The Tonight Show"" but does not provide any specific information about the content of the interview. It fails to accurately represent the main topic or content of the video, which discusses her career highlights and personal anecdotes."
XHIu5oKTiMM,"### Analysis:

1. **Examine the thumbnail**:
   - The thumbnail shows a player in a white jersey celebrating, with the text ""Premier League HIGHLIGHTS 0-3 sky sports"".
   - The image suggests a celebratory moment from a match between Manchester United and Liverpool, with Liverpool winning 3-0.

2. **Read through the video subtitles and content description**:
   - There are no subtitles provided in the video description.
   - The video content description describes a professional football match featuring Manchester United at their home stadium, Old Trafford. It includes various gameplay moments, crowd reactions, and a focus on the VAR technology used during the match.

3. **Compare the thumbnail to the actual video content**:
   - The thumbnail depicts a celebratory moment from a match where Liverpool won 3-0 against Manchester United.
   - The video content, however, does not explicitly mention Liverpool winning or any specific score. Instead, it focuses on the general gameplay and atmosphere of a Premier League match at Old Trafford.

4. **Determine if the thumbnail accurately represents the video's main topic or content**:
   - The thumbnail suggests a specific outcome of the match (Liverpool winning 3-0), which is not necessarily reflected in the video content.
   - The video content is broader and more general, focusing on the overall match experience rather than a specific highlight.

5. **Assess whether the thumbnail uses exaggeration, false promises, or clickbait tactics**:
   - The thumbnail does not use exaggerated claims or false promises but instead shows a celebratory moment that could be misleading because it does not represent the full content of the video.
   - The thumbnail might lead viewers to expect a specific highlight or outcome that is not necessarily the focus of the video.

6. **Categorize the thumbnail as either ""Misleading"" or ""Not Misleading""**:
   - Given that the thumbnail suggests a specific outcome (Liverpool winning 3-0) that is not explicitly mentioned in the video content, it can be considered misleading.

7. **Brief explanation for the decision**:
   - The thumbnail implies a specific result (Liverpool winning 3-0) that is not the primary focus of the video content. While the video does show a celebratory moment, it does not provide context or confirm the outcome, leading viewers to expect a different type of content based on the thumbnail.

### Final Categorization:
**Misleading**

Explanation: The thumbnail suggests a specific outcome (Liverpool winning 3-0) that is not explicitly mentioned in the video content, potentially misleading viewers about the focus of the video."
KlvfZcUKTKE,"### Analysis:

1. **Examine the thumbnail**: The thumbnail features a man in an Arsenal jersey with the word ""SACKED"" prominently displayed over him. The background includes the Sky Sports logo and Premier League branding.

2. **Read through the video subtitles and content description**: The video description does not provide any subtitles, but it outlines a series of scenes from Arsenal Football Club matches and related events, including gameplay, press conferences, and behind-the-scenes moments.

3. **Compare the thumbnail to the actual video content**: The thumbnail suggests that the video is about a manager being sacked from Arsenal, which is not explicitly mentioned in the video description. The video content focuses on various aspects of Arsenal FC, including matches and behind-the-scenes activities.

4. **Determine if the thumbnail accurately represents the video's main topic or content**: The thumbnail does not accurately represent the video's main content. It implies a specific event (a manager being sacked) that is not confirmed or even hinted at in the video description.

5. **Assess whether the thumbnail uses exaggeration, false promises, or clickbait tactics**: The thumbnail uses clickbait tactics by suggesting a dramatic event (a manager being sacked) that is not supported by the video content.

6. **Categorize the thumbnail as either ""Misleading"" or ""Not Misleading""**: Based on the analysis, the thumbnail is misleading.

7. **Provide a brief explanation for your decision**: The thumbnail exaggerates the content of the video by suggesting a significant event (a manager being sacked) that is not supported by the video description. It uses clickbait tactics to attract viewers without providing accurate information about the video's content.

**Categorization**: Misleading

**Explanation**: The thumbnail inaccurately suggests a dramatic event (a manager being sacked) that is not supported by the video content, using clickbait tactics to attract viewers."
xVJ4DGd_ohc,"### Analysis:

1. **Examine the thumbnail**: The thumbnail shows a reporter standing in front of a street lined with Union Jack flags, with the text ""COVERING THE QUEEN'S DEATH."" 

2. **Read through the video content**:
   - The video covers a significant event in London, likely related to the British monarchy.
   - It includes scenes of iconic London locations like Trafalgar Square and The Mall.
   - The reporter provides commentary on the event, mentioning the presence of tourists and the expected attendance of 1 million people.
   - The video also shows scenes of a memorial or funeral event, with men in suits carrying flowers.
   - The reporter stands on The Mall, where Union Jack flags line the street, indicating a patriotic atmosphere.
   - Large crowds gather, and there are scenes of official ceremonies and the new King Charles III in formal settings.
   - The video concludes with scenes of crowds cheering and waving, possibly during a royal procession.

3. **Compare the thumbnail to the actual video content**:
   - The thumbnail accurately depicts the setting of the video, which is indeed in London with Union Jack flags lining the street.
   - The text ""COVERING THE QUEEN'S DEATH"" directly relates to the content described in the video, which includes scenes of a memorial or funeral event.

4. **Determine if the thumbnail accurately represents the video's main topic or content**:
   - The thumbnail accurately represents the main topic of the video, which is covering the death of the Queen and the subsequent events surrounding her passing.

5. **Assess whether the thumbnail uses exaggeration, false promises, or clickbait tactics**:
   - There is no exaggeration or false promises in the thumbnail. It accurately reflects the content of the video.

6. **Categorize the thumbnail**:
   - **Not Misleading**

7. **Explanation**:
   - The thumbnail accurately represents the main topic of the video, which is covering the death of the Queen and the subsequent events surrounding her passing. It does not use any clickbait tactics or exaggerate the content. Therefore, it is not misleading."
2lvRv2mnYLU,"### Analysis:

1. **Examine the thumbnail**: The thumbnail shows a man on a beach, holding a soccer ball, with a casual and relaxed posture. It suggests a leisurely activity involving soccer on the beach.

2. **Read through the subtitles and content description**: The subtitles contain a conversation where someone is asking another person (David) if they can eat something from a trash can. The conversation seems to be humorous and light-hearted, but it does not directly relate to the main content of the video.

3. **Compare the thumbnail to the actual video content**: The video primarily depicts a man enjoying a leisurely time on the beach, playing with a soccer ball. There is no indication of eating from a trash can or any other activities suggested in the subtitles.

4. **Determine if the thumbnail accurately represents the video's main topic or content**: The thumbnail accurately represents the main topic of the video, which is a man enjoying a beach day and playing soccer.

5. **Assess whether the thumbnail uses exaggeration, false promises, or clickbait tactics**: The thumbnail does not use any exaggerated claims or false promises. It accurately reflects the content shown in the video.

6. **Categorize the thumbnail**: Based on the analysis, the thumbnail is not misleading.

7. **Explanation**: The thumbnail accurately represents the main content of the video, which is a man enjoying a beach day and playing soccer. There is no misleading information or exaggerated claims present in the thumbnail.

**Categorization**: Not Misleading

**Explanation**: The thumbnail accurately depicts the main activity shown in the video, which is a man playing soccer on the beach. There are no misleading elements or exaggerated claims in the thumbnail."
403jzB62dAs,"Categorization: Not Misleading

Explanation: The thumbnail depicts a large dragon flying over a stone amphitheater, which aligns closely with the video content described. The video indeed shows a significant gathering of characters in a similar setting, with dragons being a central element of the scene. The presence of the dragons in the amphitheater matches the imagery shown in the thumbnail, ensuring that the thumbnail accurately represents the video's main topic and content. There are no exaggerated claims or misleading elements present in the thumbnail."
YNZQ70nSycY,"### Analysis:

1. **Examine the thumbnail**: The thumbnail features a stylized portrait of a woman with curly hair, accompanied by a bow and arrow symbol. The background includes celestial elements like stars, which suggest a connection to the night sky or mythology.

2. **Read through the video subtitles and content description**: The subtitles mention ""Artemis, the Greek goddess of the hunt,"" and the video content describes an animated introduction or story about Artemis, highlighting her role as a huntress and her connection to Greek mythology.

3. **Compare the thumbnail to the actual video content**: The thumbnail shows a stylized portrait of a woman with a bow and arrow, which aligns well with the video content that introduces Artemis as a huntress. The celestial elements in the thumbnail also match the mystical tone set by the starry night sky in the video.

4. **Determine if the thumbnail accurately represents the video's main topic or content**: The thumbnail accurately represents the main topic of the video, which is the introduction of Artemis as a huntress in Greek mythology.

5. **Assess whether the thumbnail uses exaggeration, false promises, or clickbait tactics**: There is no indication of exaggeration, false promises, or clickbait tactics in the thumbnail. It accurately reflects the content of the video.

6. **Categorize the thumbnail**: Based on the analysis, the thumbnail is not misleading.

7. **Explanation**: The thumbnail accurately represents the video content by featuring a stylized portrait of Artemis with a bow and arrow, which are key symbols associated with her role as a huntress. The celestial elements in the thumbnail complement the mystical tone established in the video. Therefore, the thumbnail does not use any exaggerated claims or clickbait tactics.

**Categorization**: Not Misleading"
jLThtN7BHSM,"### Analysis of the Provided Information

#### Step 1: Examine the Thumbnail
The thumbnail features two individuals wearing caps, one of whom appears to be Sachin Tendulkar, a famous Indian cricketer. The image suggests a focus on cricket, which aligns with the video's content.

#### Step 2: Read Through the Video Subtitles and Content Description
The subtitles and video content describe a compilation of cricket highlights and interviews, focusing on Sachin Tendulkar and his career. The video includes on-field action, interviews with former players, and commentary on Tendulkar's impact on the game.

#### Step 3: Compare the Thumbnail to the Actual Video Content
The thumbnail accurately depicts the theme of the video, which revolves around cricket and Tendulkar. It does not misrepresent the content by showing unrelated or misleading imagery.

#### Step 4: Determine if the Thumbnail Accurately Represents the Video's Main Topic or Content
The thumbnail effectively represents the main topic of the video, which is a compilation of cricket highlights and interviews centered around Sachin Tendulkar.

#### Step 5: Assess Whether the Thumbnail Uses Exaggeration, False Promises, or Clickbait Tactics
There are no elements in the thumbnail that use exaggeration, false promises, or clickbait tactics. It simply shows a relevant image related to the subject matter.

#### Step 6: Categorize the Thumbnail
Based on the analysis, the thumbnail is **Not Misleading**.

#### Explanation:
The thumbnail accurately reflects the content of the video, which is a compilation of cricket highlights and interviews about Sachin Tendulkar. It does not contain any misleading elements or exaggerated claims. Therefore, it is appropriate and truthful in representing the video's main topic."
Z6uuGWCUuOc,"Categorization: Misleading

Explanation: The thumbnail depicts a scene inside a ferry cabin where smoke is billowing out, which could be interpreted as a fire or some other emergency situation. However, the video content describes a maritime emergency involving a tilt and flooding of the cabin due to a structural failure or external force, rather than a fire. The thumbnail does not accurately represent the actual content of the video, which focuses on the physical movement and flooding of the cabin rather than any smoke or fire. Therefore, the thumbnail is misleading as it does not convey the true nature of the incident depicted in the video."
EiEifW_Gob0,"### Analysis:

1. **Examine the thumbnail**: The thumbnail features two individuals seated across from each other in what appears to be a talk show setting. One individual is dressed in a suit and the other in casual attire. The text overlay reads ""PRINCE HARRY TAKES THE COLBERT QUESTIONERT.""

2. **Read the subtitles and content description**: The subtitles indicate an interview format where Prince Harry is being interviewed by Stephen Colbert. The content includes various questions and answers, such as discussing books, sandwiches, animals, and personal preferences.

3. **Compare the thumbnail to the actual video content**:
   - The thumbnail shows a formal interview setup, which aligns with the content described in the subtitles.
   - The text overlays in the thumbnail match the types of questions asked during the interview (e.g., ""CATS OR DOGS?"").

4. **Determine if the thumbnail accurately represents the video's main topic or content**:
   - The thumbnail accurately depicts the setting and the nature of the interview.
   - The text overlays in the thumbnail correspond to the types of questions asked in the video.

5. **Assess whether the thumbnail uses exaggeration, false promises, or clickbait tactics**:
   - There is no indication of exaggeration or clickbait tactics in the thumbnail.

6. **Categorize the thumbnail**:
   - The thumbnail is not misleading because it accurately represents the setting and the type of content expected from the video.

### Conclusion:
The thumbnail is **Not Misleading**.

**Explanation**: The thumbnail accurately reflects the setting and the nature of the content, which is an interview between Prince Harry and Stephen Colbert. It does not use any exaggerated claims or clickbait tactics."
gsmApvRGInU,"### Analysis:

1. **Examine the thumbnail**: The thumbnail features two individuals, one of whom appears to be a member of the British Royal Family, with the text ""ROYAL BLOOPERS."" The image suggests a humorous or lighthearted context involving the Royal Family.

2. **Read through the video subtitles and content description**: The subtitles indicate that the video contains ""blooper"" moments, which typically refer to funny or awkward moments captured during filming. The content description confirms that the video is a compilation of candid and lighthearted moments featuring the British Royal Family, including informal and humorous interactions.

3. **Compare the thumbnail to the actual video content**: The thumbnail accurately represents the video content. It shows members of the Royal Family in a humorous context, which aligns with the theme described in the video description.

4. **Determine if the thumbnail accurately represents the video's main topic or content**: The thumbnail effectively conveys the idea that the video will showcase humorous moments from the Royal Family.

5. **Assess whether the thumbnail uses exaggeration, false promises, or clickbait tactics**: There is no exaggeration or false promise in the thumbnail. It clearly indicates that the video will feature bloopers or humorous moments from the Royal Family.

6. **Categorize the thumbnail**: Based on the analysis, the thumbnail is not misleading.

7. **Explanation**: The thumbnail accurately represents the video content by showing members of the Royal Family in a humorous context, which matches the theme described in the video description. There are no exaggerated claims or misleading elements present.

**Categorization**: Not Misleading

**Explanation**: The thumbnail accurately reflects the content of the video, which is a compilation of candid and humorous moments from the Royal Family, as described in the video description."
I81j1CEXfhc,"### Analysis:

1. **Examine the thumbnail**: The thumbnail shows a man and a woman on a red carpet, dressed elegantly, which aligns with the setting described in the video description (Met Gala red carpet).

2. **Read the subtitles and video content**: The subtitles provide a conversation between two individuals discussing the fashion choices of the woman and expressing excitement about attending a glamorous event. The conversation includes compliments on their outfits and mentions the designer of the suits.

3. **Compare the thumbnail to the actual video content**: The thumbnail accurately depicts the setting and the individuals involved, as shown in the video content. The man and woman are indeed on a red carpet, and they are dressed elegantly, which matches the description of the Met Gala red carpet.

4. **Determine if the thumbnail accurately represents the video's main topic or content**: The thumbnail effectively represents the main topic of the video, which is the Met Gala red carpet and the fashion and personalities of the attendees.

5. **Assess whether the thumbnail uses exaggeration, false promises, or clickbait tactics**: There is no indication of exaggeration, false promises, or clickbait tactics in the thumbnail. It simply shows a scene from the Met Gala red carpet.

6. **Categorize the thumbnail**: Based on the analysis, the thumbnail does not use any misleading elements; it accurately represents the video content.

7. **Explanation**: The thumbnail accurately reflects the setting and the individuals featured in the video, which is the Met Gala red carpet. There are no exaggerated claims or misleading elements present in the thumbnail.

**Categorization**: Not Misleading

**Explanation**: The thumbnail accurately represents the video content by showing a scene from the Met Gala red carpet with elegantly dressed individuals, which matches the description of the video."
rniYjUoNbOU,"### Analysis:

1. **Examine the thumbnail**: The thumbnail features a man with short blonde hair and facial hair, wearing all black, seated in a chair next to a desk. The background shows a nighttime cityscape with twinkling lights and skyscrapers. The text overlay reads ""DAVID BECKHAM.""

2. **Read the subtitles and video content**:
   - The subtitles introduce David Beckham as a famous athlete known for bringing Messi to the United States and bringing the Spice Girls back together.
   - The video content includes a conversation between David Beckham and the host discussing his career, his Miami football club, and his thoughts on Messi being the greatest player ever.

3. **Compare the thumbnail to the actual video content**:
   - The thumbnail shows David Beckham, which aligns with the video content.
   - The setting (a late-night talk show) matches the video content.
   - The text ""DAVID BECKHAM"" accurately identifies the guest.

4. **Determine if the thumbnail accurately represents the video's main topic or content**:
   - The thumbnail accurately represents the main topic, which is an interview with David Beckham.

5. **Assess whether the thumbnail uses exaggeration, false promises, or clickbait tactics**:
   - There is no exaggeration or false promises in the thumbnail.
   - The thumbnail does not use clickbait tactics; it simply introduces the guest.

6. **Categorize the thumbnail**:
   - **Categorization**: Not Misleading

7. **Explanation**:
   - The thumbnail accurately represents the video content by showing David Beckham and indicating that he is the guest of the show. It does not use any misleading elements or clickbait tactics.

### Final Decision:
**Categorization**: Not Misleading  
**Explanation**: The thumbnail accurately represents the video content by showing David Beckham and indicating that he is the guest of the show. It does not use any misleading elements or clickbait tactics."
S0A6jXH27yI,"### Analysis:

1. **Examine the thumbnail**: The thumbnail shows a player in a Manchester City away kit celebrating with his arms raised, which suggests excitement and victory. The image is vibrant and captures a moment of triumph.

2. **Read through the video content**: The video content describes a post-match interview and analysis of a Premier League match between West Ham and Manchester City. It includes interviews with players and analysts, discussions about the match, and a brief shot of match action showing a goal scored by a player from Manchester City.

3. **Compare the thumbnail to the actual video content**: The thumbnail depicts a celebratory moment, likely after a goal or a significant play. However, the video content focuses on a post-match interview and analysis rather than a specific celebratory moment.

4. **Determine if the thumbnail accurately represents the video's main topic or content**: The thumbnail does not accurately represent the main topic of the video, which is an interview and analysis of a match rather than a celebratory moment.

5. **Assess whether the thumbnail uses exaggeration, false promises, or clickbait tactics**: The thumbnail uses a celebratory image to attract viewers, but it does not promise or imply that the video will contain content that is not present (e.g., a goal celebration).

6. **Categorize the thumbnail as either ""Misleading"" or ""Not Misleading""**: Given that the thumbnail does not accurately represent the main content of the video, it can be considered misleading.

7. **Brief explanation for the decision**: The thumbnail suggests a celebratory moment, which is not the primary focus of the video. The video primarily consists of interviews and analysis, and the celebratory image might mislead viewers into expecting a different type of content.

### Final Categorization: Misleading

### Explanation: The thumbnail uses a celebratory image to attract viewers but does not accurately represent the main content of the video, which is an interview and analysis of a match."
mK4k80Eaw24,"### Analysis:

**Step 1: Examine the thumbnail**
- The thumbnail shows two individuals standing side by side, one dressed in a checkered blazer and the other in a dark suit, with American and British flags in the background. The individuals appear to be posing formally, which aligns with the context of a diplomatic meeting.

**Step 2: Read through the video subtitles and content description**
- The subtitles discuss a diplomatic meeting involving high-profile representatives from the United States and the United Kingdom.
- The content description mentions a formal photo opportunity and focuses on a specific hand gesture made by one of the individuals during the photo session.

**Step 3: Compare the thumbnail to the actual video content**
- The thumbnail depicts a formal photo opportunity, which matches the initial scene described in the video.
- However, the thumbnail does not visually represent the specific hand gesture discussed in the subtitles and video content.

**Step 4: Determine if the thumbnail accurately represents the video's main topic or content**
- The thumbnail accurately represents the setting of a diplomatic meeting but fails to convey the specific focus on the hand gesture that becomes a point of media interest.

**Step 5: Assess whether the thumbnail uses exaggeration, false promises, or clickbait tactics**
- The thumbnail does not use exaggerated claims or false promises. It simply shows a formal diplomatic photo opportunity, which is accurate based on the video content.

**Step 6: Categorize the thumbnail as either ""Misleading"" or ""Not Misleading""**
- Given that the thumbnail accurately represents the setting of a diplomatic meeting but fails to visually communicate the specific focus on the hand gesture, it can be considered misleading.

**Step 7: Provide a brief explanation for your decision**
- The thumbnail is misleading because while it accurately depicts the setting of a diplomatic meeting, it does not visually represent the specific hand gesture that becomes a point of media interest. This omission could lead viewers to expect a different type of content than what they ultimately receive.

**Final Categorization:** Misleading

**Explanation:** The thumbnail accurately represents the setting of a diplomatic meeting but fails to visually communicate the specific focus on the hand gesture that becomes a point of media interest."
MuaaU0BuCnU,"### Analysis:

**Step 1:** Examine the thumbnail.
The thumbnail shows a man in a blue shirt with the text overlay: ""IT'S TIME FOR US TO SHOW LEADERSHIP.""

**Step 2:** Read through the video subtitles and content description.
The subtitles and content description discuss the importance of leadership in addressing environmental challenges, particularly climate change. The speaker emphasizes the need for decisive action to protect and restore nature, clean the air, revive the oceans, build a waste-free world, and fix the climate.

**Step 3:** Compare the thumbnail to the actual video content.
The thumbnail captures a moment where the speaker is discussing the need for leadership, which aligns closely with the theme of the video content. However, the thumbnail does not explicitly mention climate change or environmental issues, which are central themes in the video.

**Step 4:** Determine if the thumbnail accurately represents the video's main topic or content.
While the thumbnail captures a moment related to the theme of leadership, it does not fully represent the specific content of the video, which focuses heavily on environmental issues and the urgent need for action against climate change.

**Step 5:** Assess whether the thumbnail uses exaggeration, false promises, or clickbait tactics.
The thumbnail does not use exaggerated claims or false promises. It accurately reflects a moment from the video where the speaker is discussing the need for leadership, but it does not fully convey the specific environmental context that is central to the video.

**Step 6:** Categorize the thumbnail as either ""Misleading"" or ""Not Misleading.""
Given that the thumbnail captures a moment related to the theme of leadership but does not fully represent the specific environmental context discussed in the video, it can be considered **misleading**.

**Explanation:**
The thumbnail is misleading because while it captures a moment related to the theme of leadership, it does not fully represent the specific environmental context and urgency discussed in the video. The thumbnail fails to convey the critical issue of climate change and the need for immediate action, which are central themes in the video content."
K8HOZlC5ECQ,"### Analysis of the Provided Information

#### Step 1: Examine the Thumbnail
The thumbnail features a woman and a young boy, both smiling, with the text ""FUNNIEST MOMENTS"" prominently displayed. The logo for the ""Royal Family Channel"" is also visible.

#### Step 2: Read Through the Video Subtitles and Content Description
The subtitles suggest that the video is a compilation of humorous moments involving members of the British royal family. The content description mentions various public appearances and events, but does not explicitly state that the video focuses on funny moments.

#### Step 3: Compare the Thumbnail to the Actual Video Content
The thumbnail suggests that the video will showcase funny moments involving the royal family. However, the video content description indicates that the video covers a wide range of activities and events, including formal appearances, public engagements, and interactions with the public. While there may be humorous moments within these scenes, the thumbnail does not accurately represent the overall content of the video.

#### Step 4: Determine if the Thumbnail Accurately Represents the Video's Main Topic or Content
The thumbnail implies that the video is primarily about funny moments, whereas the video content description suggests a broader range of activities. This discrepancy means the thumbnail is not accurately representing the main topic or content of the video.

#### Step 5: Assess Whether the Thumbnail Uses Exaggeration, False Promises, or Clickbait Tactics
The thumbnail uses the word ""FUNNIEST MOMENTS,"" which could be seen as a clickbait tactic to attract viewers who are specifically interested in humorous content. However, the thumbnail does not explicitly promise that the entire video will be filled with only funny moments; it merely suggests that there will be some humorous content.

#### Step 6: Categorize the Thumbnail as Either ""Misleading"" or ""Not Misleading""
Given that the thumbnail suggests the video will be primarily about funny moments, but the actual content description indicates a broader range of activities, the thumbnail is misleading.

#### Step 7: Provide a Brief Explanation for Your Decision
The thumbnail uses the word ""FUNNIEST MOMENTS"" to imply that the video will be primarily about humorous content, which is not necessarily true based on the content description. While there may be humorous moments within the video, the thumbnail does not accurately represent the overall content, making it misleading."
9KXHnqrXZhk,"### Analysis:

1. **Examine the thumbnail**: The thumbnail shows a soccer player celebrating a goal with arms outstretched, wearing a light blue jersey with the number 7. The background includes a goalpost and part of the stadium, suggesting a live-action moment from a soccer match.

2. **Read through the video subtitles and content description**: Since subtitles are not available, we rely on the video description for context. The video is described as a highlight reel of a soccer match, focusing on a star player's performance and the emotional journey of the game.

3. **Compare the thumbnail to the actual video content**: The thumbnail depicts a celebratory moment, which aligns well with the video content that includes scenes of a goal being scored and the star player celebrating. However, the thumbnail does not provide any specific details about the match or the player's performance, which could be misleading.

4. **Determine if the thumbnail accurately represents the video's main topic or content**: While the thumbnail captures a key moment (a goal celebration), it does not convey the broader context of the match or the player's performance throughout the game. It may give viewers an incomplete understanding of the video's content.

5. **Assess whether the thumbnail uses exaggeration, false promises, or clickbait tactics**: The thumbnail does not use exaggerated claims or false promises. It simply shows a celebratory moment, which is a common and expected part of a soccer match highlight reel.

6. **Categorize the thumbnail as either ""Misleading"" or ""Not Misleading""**: Given that the thumbnail does not provide enough context about the player's performance or the overall match, it can be considered misleading because it may not fully represent the comprehensive content of the video.

7. **Brief explanation for the decision**: The thumbnail focuses on a single celebratory moment without providing details about the player's performance or the match's outcome. This could lead viewers to expect a more extensive highlight reel than what they actually receive, thus being misleading.

**Categorization**: Misleading

**Explanation**: The thumbnail shows a celebratory moment but does not provide sufficient context about the player's performance or the overall match, potentially misleading viewers about the content of the video."
rBNChsUJ128,"### Analysis of the Provided Information

#### Step 1: Examine the Thumbnail
The thumbnail shows a cricket player in white cricket whites and a cap, speaking into a Sky Sports microphone. The player appears to be in the middle of an interview, likely discussing his performance or thoughts on the game.

#### Step 2: Read Through the Video Subtitles and Content Description
The subtitles and video content describe an interview with an England cricket player at Lord's Cricket Ground. The player discusses his performance, personal reflections, and the team's strategy during the match. The player mentions hitting a four, achieving a record, and reflecting on his career and future prospects.

#### Step 3: Compare the Thumbnail to the Actual Video Content
The thumbnail accurately depicts the player in the context of an interview, which aligns with the content described in the video. The player is indeed shown speaking into a microphone, and the setting matches the description of the interview taking place at Lord's Cricket Ground.

#### Step 4: Determine if the Thumbnail Accurately Represents the Video's Main Topic or Content
The thumbnail effectively represents the main topic of the video, which is an interview with a cricket player discussing his performance and thoughts on the game.

#### Step 5: Assess Whether the Thumbnail Uses Exaggeration, False Promises, or Clickbait Tactics
There are no elements in the thumbnail that suggest exaggeration, false promises, or clickbait tactics. It simply shows the player in the context of an interview, which is consistent with the video content.

#### Step 6: Categorize the Thumbnail
Based on the analysis, the thumbnail is not misleading.

#### Step 7: Provide a Brief Explanation for the Decision
The thumbnail accurately represents the video content, showing the player in the context of an interview discussing his performance and thoughts on the game. There are no exaggerated claims or misleading elements present in the thumbnail.

**Categorization:** Not Misleading

**Explanation:** The thumbnail accurately depicts the player in the context of an interview, which aligns with the content described in the video. There are no elements that suggest exaggeration, false promises, or clickbait tactics."
quGTvp_S6ns,"### Analysis and Categorization:

**Step 1:** Examine the thumbnail.
The thumbnail shows a man speaking into a microphone with the Premier League logo and NBC Sports branding visible. The image suggests that the video is related to Premier League football coverage.

**Step 2:** Read through the video subtitles and content description.
The subtitles indicate that the video features commentary and analysis of Premier League matches, specifically mentioning a match between West Ham and Aston Villa. The content includes interviews with the manager of Aston Villa, Unai Emery, discussing the team's performance and strategy.

**Step 3:** Compare the thumbnail to the actual video content.
The thumbnail accurately represents the video content. It shows a person speaking, which aligns with the commentary and analysis described in the subtitles and video description.

**Step 4:** Determine if the thumbnail accurately represents the video's main topic or content.
The thumbnail effectively conveys that the video is about Premier League football commentary and analysis, which matches the content described in the subtitles and video description.

**Step 5:** Assess whether the thumbnail uses exaggeration, false promises, or clickbait tactics.
There are no elements in the thumbnail that suggest exaggeration, false promises, or clickbait tactics. The thumbnail is straightforward and informative.

**Step 6:** Categorize the thumbnail as either ""Misleading"" or ""Not Misleading"".
Based on the analysis, the thumbnail is not misleading.

**Step 7:** Provide a brief explanation for the decision.
The thumbnail accurately represents the video content, showing a person speaking about Premier League football, which matches the subtitles and video description. There are no exaggerated claims or misleading elements present in the thumbnail.

**Final Categorization:** Not Misleading"
3jAsNXXCiBg,"### Analysis of the Provided Information

#### Step 1: Examine the Thumbnail
The thumbnail features a close-up of a man's face, appearing distressed and sunburnt, with the word ""WONDER"" prominently displayed. The background suggests a coastal or oceanic setting.

#### Step 2: Read Through the Video Subtitles and Content Description
The subtitles and video content describe a survival or endurance challenge involving a man drifting alone at sea in a raft. The narrative emphasizes themes of isolation, struggle, and endurance, highlighting the harsh realities faced by the protagonist.

#### Step 3: Compare the Thumbnail to the Actual Video Content
The thumbnail depicts a man in a state of distress, which aligns closely with the content described in the video. The image of a distressed individual in a coastal or oceanic setting matches the theme of a survival challenge.

#### Step 4: Determine if the Thumbnail Accurately Represents the Video's Main Topic or Content
The thumbnail effectively captures the essence of the video's content, which revolves around a survival challenge in a coastal or oceanic environment. It accurately portrays the emotional state of the protagonist and the setting.

#### Step 5: Assess Whether the Thumbnail Uses Exaggeration, False Promises, or Clickbait Tactics
There is no indication of exaggeration or clickbait tactics in the thumbnail. It simply presents a realistic depiction of the protagonist's condition and the setting.

#### Step 6: Categorize the Thumbnail
Based on the analysis, the thumbnail is not misleading.

#### Step 7: Provide a Brief Explanation for the Decision
The thumbnail accurately represents the video's main topic and content. It shows a man in a state of distress in a coastal or oceanic setting, which aligns perfectly with the themes of isolation, struggle, and endurance depicted in the video. There are no exaggerated claims or misleading elements present in the thumbnail.

**Categorization:** Not Misleading"
yBBSpeeN9t4,"### Analysis:

1. **Examine the thumbnail**: The thumbnail shows a man taking a photo of hummingbirds on a balcony during sunset. There is no indication of a family or a child in the image.

2. **Read the subtitles and video content**:
   - The subtitles mention Prince Harry and Meghan Markle’s son, Archie, and a family documentary series.
   - The video content includes scenes of a family, a baby, and interactions with hummingbirds, but the primary focus is on the couple and their child.

3. **Compare the thumbnail to the actual video content**:
   - The thumbnail depicts a solitary activity (photographing hummingbirds) without any family elements.
   - The video content includes family moments, which are not present in the thumbnail.

4. **Determine if the thumbnail accurately represents the video's main topic or content**:
   - The thumbnail does not accurately represent the family-focused content shown in the video.

5. **Assess whether the thumbnail uses exaggeration, false promises, or clickbait tactics**:
   - The thumbnail does not use exaggerated claims or false promises; it simply fails to reflect the actual content of the video.

6. **Categorize the thumbnail**:
   - **Misleading**

7. **Explanation**:
   - The thumbnail suggests a solitary activity involving hummingbirds, which is not the primary focus of the video. It does not convey the family-oriented content that is central to the video's theme. This misleads viewers into expecting a different type of content than what they actually receive.

### Final Decision:
**Misleading**

**Explanation**: The thumbnail fails to accurately represent the family-focused content shown in the video, leading viewers to expect a different type of content than what they ultimately see."
Y9EUPrd_oJw,"### Analysis:

1. **Examine the thumbnail**: The thumbnail shows King Charles III in a formal setting, dressed in a black suit and tie, with a somber expression. There are no elements in the thumbnail that suggest a celebratory or light-hearted tone.

2. **Read the subtitles and video content**: The subtitles and video content describe King Charles III delivering a solemn and heartfelt speech about the death of Queen Elizabeth II. The speech emphasizes sorrow, gratitude, and a renewed commitment to lifelong service.

3. **Compare the thumbnail to the actual video content**: The thumbnail accurately represents the formal and somber nature of the event depicted in the video. It does not mislead viewers into expecting a different type of content.

4. **Determine if the thumbnail accurately represents the video's main topic or content**: The thumbnail effectively conveys the serious and respectful tone of the speech, which aligns perfectly with the content described in the subtitles and video description.

5. **Assess for any use of exaggeration, false promises, or clickbait tactics**: There are no elements in the thumbnail that suggest exaggeration or false promises. The thumbnail is straightforward and truthful.

6. **Categorize the thumbnail**: Based on the analysis, the thumbnail is not misleading.

7. **Explanation**: The thumbnail accurately reflects the solemn and respectful nature of King Charles III's speech. It does not use any exaggerated elements or clickbait tactics. Therefore, it is categorized as ""Not Misleading.""

### Final Decision:
**Categorization:** Not Misleading

**Explanation:** The thumbnail accurately represents the formal and somber nature of King Charles III's speech, which aligns with the content described in the subtitles and video description. There are no elements that suggest exaggeration or false promises."
YxGWU4JibVk,"### Analysis:

1. **Examine the thumbnail**: The thumbnail shows a person in a sports uniform, pointing towards themselves, possibly indicating a focus on individual performance or achievement. There is no specific indication of the type of sport or the nature of the training session depicted in the video.

2. **Read through the video subtitles and content description**: The subtitles appear to be random phrases and music cues rather than coherent subtitles related to the video content. The content description provides a detailed breakdown of the athlete's training regimen, which includes various indoor and outdoor activities such as agility drills, step exercises, balance exercises, cardio, and specialized footwork drills.

3. **Compare the thumbnail to the actual video content**: The thumbnail does not provide any specific details about the type of training or the sport being showcased. It merely suggests a general sports-related theme without specifying the context or the activities performed.

4. **Determine if the thumbnail accurately represents the video's main topic or content**: The thumbnail fails to convey the specific nature of the training session described in the video. It does not indicate that the video is about a soccer/football training regimen, nor does it suggest the variety of activities performed (e.g., agility drills, balance exercises, etc.).

5. **Assess whether the thumbnail uses exaggeration, false promises, or clickbait tactics**: The thumbnail does not promise or exaggerate any specific achievements or results. Instead, it lacks any meaningful connection to the actual content of the video.

6. **Categorize the thumbnail as either ""Misleading"" or ""Not Misleading""**: Given that the thumbnail does not accurately represent the content of the video and fails to provide any specific details about the training regimen or the sport involved, it can be considered misleading.

7. **Brief explanation for the decision**: The thumbnail is misleading because it does not provide any specific information about the type of training or the sport being showcased. It lacks any meaningful connection to the actual content of the video, which focuses on a professional athlete's training regimen for soccer/football, including various indoor and outdoor activities. The thumbnail fails to give viewers a clear idea of what to expect from the video, leading to potential disappointment upon watching the actual content."
Jx24ay589mQ,"### Analysis:

1. **Examine the thumbnail**: The thumbnail shows a group of people running on a track, with a crowd watching them. The image suggests a physical activity event, likely a race or a fun run.

2. **Read the subtitles and video content**: The subtitles indicate that the video involves running and physical activity, but the content focuses on a mental health awareness event called ""Heads Together."" The video describes a community gathering where people are running, but the primary theme is mental health awareness rather than a race or competition.

3. **Compare the thumbnail to the actual video content**: The thumbnail depicts a running event, while the video content is about a mental health awareness initiative involving running as part of the event.

4. **Determine if the thumbnail accurately represents the video's main topic or content**: The thumbnail misleads viewers because it suggests a running event when the video is primarily about a mental health awareness initiative with running as part of the activities.

5. **Assess whether the thumbnail uses exaggeration, false promises, or clickbait tactics**: The thumbnail uses clickbait tactics by promising a running event when the video content is about a different theme.

6. **Categorize the thumbnail**: Misleading

7. **Explanation**: The thumbnail inaccurately represents the video's content by suggesting a running event when the video is about a mental health awareness initiative with running as part of the activities. This creates a misleading expectation for viewers, which is a common tactic used in clickbait videos."
BXd62mMu1UY,"### Analysis:

1. **Examine the thumbnail**: The thumbnail depicts a man carrying a woman in his arms, with a cityscape in the background during sunset. The image suggests a romantic or intimate moment, possibly involving a reconciliation or a significant emotional connection.

2. **Read through the video subtitles and content description**: Since subtitles are not available, we rely solely on the video description provided.

3. **Compare the thumbnail to the actual video content**:
   - The thumbnail portrays a romantic or intimate moment between the couple.
   - The video content includes scenes of the couple embracing near a car, suggesting a reconciliation or a significant moment in their relationship.
   - However, the video also includes scenes of the man looking contemplative, distracted, and possibly troubled, indicating a broader exploration of their relationship dynamics beyond just a romantic moment.

4. **Determine if the thumbnail accurately represents the video's main topic or content**:
   - While the thumbnail does capture a romantic moment, the video content includes a range of emotional states and scenes that extend beyond just a romantic reconciliation. It explores the complexities of their relationship, including moments of conflict and personal reflection.

5. **Assess whether the thumbnail uses exaggeration, false promises, or clickbait tactics**:
   - The thumbnail does not use exaggerated claims or false promises. It accurately reflects a romantic moment, which is indeed part of the video content but is not the sole focus.

6. **Categorize the thumbnail as either ""Misleading"" or ""Not Misleading""**:
   - Given that the thumbnail captures a romantic moment, which is present in the video, but the video content also includes scenes of conflict and personal reflection, the thumbnail is somewhat misleading because it does not fully represent the entire emotional spectrum depicted in the video.

7. **Provide a brief explanation for your decision**:
   - The thumbnail accurately depicts a romantic moment, which is part of the video content, but it fails to convey the full range of emotions and scenes explored in the video, such as the man's contemplative and troubled moments. Therefore, while the thumbnail is not entirely misleading, it is somewhat misleading due to its limited representation of the video's broader emotional landscape.

### Final Categorization: **Misleading**

### Explanation:
The thumbnail accurately represents a romantic moment, which is part of the video content, but it fails to convey the full range of emotions and scenes explored in the video, such as the man's contemplative and troubled moments."
MJX7VGcJF1c,"### Analysis:

1. **Examine the thumbnail**: The thumbnail features two individuals dressed formally, one of whom appears to be wearing medals, suggesting a royal or official event. The background includes what looks like a formal dinner setting with a floral centerpiece.

2. **Read the subtitles and video content**: The subtitles mention a royal dinner event at Buckingham Palace, specifically referencing King Charles and Prince William. The video content includes scenes from a formal dinner, a royal expert discussing the event, and a focus on the interaction between King Charles and Prince William regarding a Pokémon reference.

3. **Compare the thumbnail to the actual video content**: The thumbnail accurately represents the formal dinner setting and the presence of individuals in royal attire, which aligns with the content described in the subtitles and video description.

4. **Determine if the thumbnail accurately represents the video's main topic or content**: The thumbnail effectively captures the essence of the video content, which revolves around a royal dinner event and the interactions within it.

5. **Assess whether the thumbnail uses exaggeration, false promises, or clickbait tactics**: There is no indication of exaggeration, false promises, or clickbait tactics in the thumbnail. It simply presents the visual elements of the event as depicted in the video.

6. **Categorize the thumbnail**: Based on the analysis, the thumbnail is not misleading.

7. **Explanation**: The thumbnail accurately reflects the formal setting and the presence of individuals in royal attire, which matches the content of the video. There are no exaggerated claims or misleading elements present in the thumbnail.

**Categorization**: Not Misleading

**Explanation**: The thumbnail accurately represents the formal dinner setting and the presence of individuals in royal attire, which aligns with the content described in the subtitles and video description. There are no misleading elements or clickbait tactics used in the thumbnail."
pPZkWxoZy4I,"### Analysis:

1. **Examine the thumbnail**: The thumbnail shows a man in formal attire, smiling at the camera. There is no text or imagery suggesting financial figures or royal duties.

2. **Read the subtitles and video content**: The subtitles discuss Prince William's salary and the financial aspects of the Duchy of Cornwall. The video content transitions through various moments in the life of a prominent royal family member, including financial discussions and royal duties.

3. **Compare the thumbnail to the actual video content**: The thumbnail does not represent any of the financial discussions or the formal duties shown in the video. Instead, it depicts a more casual and friendly interaction.

4. **Determine if the thumbnail accurately represents the video's main topic or content**: The thumbnail fails to convey the financial or formal aspects discussed in the video. It does not align with the content presented.

5. **Assess whether the thumbnail uses exaggeration, false promises, or clickbait tactics**: The thumbnail does not use any exaggerated claims or false promises. However, it does not accurately represent the content of the video.

6. **Categorize the thumbnail as either ""Misleading"" or ""Not Misleading""**: Given that the thumbnail does not accurately represent the content of the video, it is misleading.

7. **Explanation**: The thumbnail shows a casual and friendly interaction, which contrasts significantly with the detailed financial discussions and formal duties depicted in the video. This mismatch between the thumbnail and the video content makes it misleading.

### Final Decision:
**Misleading**

**Explanation**: The thumbnail fails to represent the financial discussions and formal duties shown in the video, thus misleading viewers about the content they can expect."
TRGHIN2PGIA,"### Analysis:

1. **Examine the thumbnail**: The thumbnail shows a man with a beard and the text ""AMERICAN PSYCHO."" It suggests that the video is related to the movie ""American Psycho.""

2. **Read the subtitles and content description**: The subtitles and content description indicate that the video is an interview or commentary with an actor discussing his experiences and insights related to his role in ""American Psycho."" The content does not mention the movie itself but rather focuses on the actor's thoughts and experiences.

3. **Compare the thumbnail to the actual video content**: The thumbnail depicts a scene from ""American Psycho,"" while the video content is an interview with the actor discussing his experiences and insights related to the movie.

4. **Determine if the thumbnail accurately represents the video's main topic or content**: The thumbnail inaccurately represents the video's content because it shows a scene from the movie instead of the actor discussing his experiences.

5. **Assess whether the thumbnail uses exaggeration, false promises, or clickbait tactics**: The thumbnail uses clickbait tactics by suggesting that the video is about the movie itself, when it is actually an interview with the actor.

6. **Categorize the thumbnail as either ""Misleading"" or ""Not Misleading""**: The thumbnail is misleading.

7. **Explanation**: The thumbnail misleads viewers by suggesting that the video is about the movie ""American Psycho"" when it is actually an interview with the actor discussing his experiences and insights related to the movie. This creates false expectations and uses clickbait tactics to attract viewers.

**Final Categorization**: Misleading

**Explanation**: The thumbnail inaccurately represents the video's content by showing a scene from the movie instead of the actor discussing his experiences, thus misleading viewers."
-klCJ_4PGRo,"### Analysis:

#### Step 1: Examine the thumbnail
The thumbnail shows four individuals seated around a table in a studio setting, which suggests a talk show or podcast environment. The backdrop includes sports jerseys, reinforcing the theme of sports-related content. However, the thumbnail does not provide any specific details about the discussion topic or the content of the video.

#### Step 2: Read through the video subtitles and content description
The subtitles indicate a discussion about sports, specifically focusing on player evaluations and comparisons between players such as Salah, Hazard, and Harry Kane. The content description confirms that the video is a sports talk show or podcast episode, discussing upcoming sports events and providing analysis and opinions on players.

#### Step 3: Compare the thumbnail to the actual video content
The thumbnail accurately depicts the setting of a sports talk show or podcast, which aligns with the content described in the video description. However, the thumbnail does not provide any specific information about the discussion topic or the content of the video.

#### Step 4: Determine if the thumbnail accurately represents the video's main topic or content
The thumbnail accurately represents the general theme of the video (a sports talk show or podcast), but it does not provide any specific details about the discussion topic or the content of the video.

#### Step 5: Assess whether the thumbnail uses exaggeration, false promises, or clickbait tactics
The thumbnail does not use any exaggerated claims, false promises, or clickbait tactics. It simply shows a typical setup for a sports talk show or podcast.

#### Step 6: Categorize the thumbnail as either ""Misleading"" or ""Not Misleading""
Based on the analysis, the thumbnail is **Not Misleading**.

#### Explanation:
The thumbnail accurately represents the setting of a sports talk show or podcast, which is consistent with the content described in the video description. While it does not provide specific details about the discussion topic, it does not mislead viewers into expecting a different type of content. Therefore, the thumbnail is not misleading."
CISeEFTsgDA,"### Analysis and Categorization

#### Step 1: Examine the Thumbnail
The thumbnail features a serene Canadian wilderness scene with people canoeing on a lake. The prominent text reads ""INDIGENOUS."" The image suggests a focus on Indigenous culture and activities, specifically canoeing, which is a significant aspect of Indigenous life in Canada.

#### Step 2: Read Through the Video Subtitles and Content Description
The subtitles and video content describe an educational animation about Indigenous cultures in Canada. The video covers topics such as the definition of Indigenous people, the diversity of Indigenous groups (First Nations, Métis, and Inuit), and the historical and cultural significance of Indigenous peoples in Canada. The canoeing scene is indeed featured, but it is part of a broader narrative about the importance of Indigenous cultures and traditions.

#### Step 3: Compare the Thumbnail to the Actual Video Content
The thumbnail accurately represents the main theme of the video, which is the exploration of Indigenous cultures in Canada. The canoeing scene is a significant element in the video, but it is not the sole focus. The video provides a comprehensive overview of Indigenous cultures, including their history, diversity, and contributions to Canadian society.

#### Step 4: Determine if the Thumbnail Accurately Represents the Video's Main Topic or Content
The thumbnail effectively captures the essence of the video's content, which is centered around the exploration of Indigenous cultures in Canada. The canoeing scene is a key visual element that aligns with the theme of the video.

#### Step 5: Assess Whether the Thumbnail Uses Exaggeration, False Promises, or Clickbait Tactics
There is no exaggeration or false promise in the thumbnail. It accurately reflects the content of the video without any misleading elements.

#### Step 6: Categorize the Thumbnail
Based on the analysis, the thumbnail is not misleading.

#### Step 7: Provide a Brief Explanation for the Decision
The thumbnail accurately represents the main topic of the video, which is the exploration of Indigenous cultures in Canada. It highlights a significant aspect of the content (canoeing) without misleading viewers about the overall theme or content of the video. Therefore, the thumbnail is categorized as ""Not Misleading."""
UFBZ_uAbxS0,"Categorization: Not Misleading

Explanation: The thumbnail does not provide any specific imagery or text that would mislead viewers about the content of the video. The video description indicates that the content features an interview or documentary-style segment with a well-known actor discussing a meaningful and personal topic. The warm, intimate setting and the actor's expressive demeanor suggest a reflective and engaging conversation rather than a misleading representation. Since there are no subtitles or additional text in the thumbnail, it accurately reflects the nature of the video content without exaggeration or clickbait tactics."
KBY5k__89As,"Categorization: Not Misleading

Explanation: The thumbnail shows a group of dancers in a modern dance studio, which accurately represents the video content. The video indeed features a choreographed dance performance with dancers performing in a modern dance studio setting. There are no exaggerated claims or misleading elements present in the thumbnail compared to the actual video content."
j1EUsGrIgMY,"### Analysis:

**Step 1: Examine the thumbnail**
- The thumbnail shows a close-up of an older gentleman outdoors in a natural setting, likely a garden. The BBC News logo is visible, indicating a news or documentary context.

**Step 2: Read the video subtitles and content description**
- The subtitles indicate a conversation between two men discussing a garden, specifically mentioning ""Burke Hall and Balmoral,"" and the importance of the environment and nature.
- The content description confirms that the video is a BBC documentary or interview set in a lush garden, focusing on a conversation about the garden and its significance.

**Step 3: Compare the thumbnail to the actual video content**
- The thumbnail depicts a scene consistent with the garden setting described in the video description.
- The older gentleman in the thumbnail matches the description of the older man in the video, who appears to be leading the conversation about the garden.

**Step 4: Determine if the thumbnail accurately represents the video's main topic or content**
- The thumbnail accurately represents the main topic of the video, which is a conversation about a garden and its significance.
- There are no exaggerated elements or misleading aspects in the thumbnail.

**Step 5: Assess whether the thumbnail uses exaggeration, false promises, or clickbait tactics**
- The thumbnail does not use any exaggerated elements or false promises.
- It accurately reflects the content of the video, which is a discussion about a garden and environmental issues.

**Step 6: Categorize the thumbnail**
- **Categorization:** Not Misleading

**Step 7: Provide a brief explanation for the decision**
- The thumbnail accurately represents the main topic of the video, which is a conversation about a garden and its significance. It does not use any exaggerated elements or false promises, and it aligns perfectly with the content described in the video description.

Therefore, the thumbnail is **Not Misleading**."
CHAcNEzQfT4,"### Analysis:

1. **Examine the thumbnail**:
   - The thumbnail shows a player from Manchester City celebrating after scoring a goal. The text indicates a scoreline of ""1-3"" and mentions ""Premier League Highlights"" along with the logos of West Ham United and Manchester City.
   - The image suggests a specific moment from the match, likely a goal celebration.

2. **Read through the video subtitles and content description**:
   - There are no subtitles provided in the video description.
   - The video content description describes a full match between West Ham United and Manchester City, including various moments of gameplay, celebrations, and the overall atmosphere of the match.

3. **Compare the thumbnail to the actual video content**:
   - The thumbnail focuses on a specific moment (a goal celebration) and highlights the final score of the match.
   - The video content, however, provides a comprehensive look at the entire match, including multiple scenes and moments throughout the game.

4. **Determine if the thumbnail accurately represents the video's main topic or content**:
   - The thumbnail does not accurately represent the entire video content. It only shows a single moment from the match, which might mislead viewers into expecting a highlight reel or a specific goal celebration rather than a full match review.

5. **Assess whether the thumbnail uses exaggeration, false promises, or clickbait tactics**:
   - The thumbnail does not use exaggeration or false promises but may create a misleading expectation by focusing on a single moment rather than the full match.

6. **Categorize the thumbnail as either ""Misleading"" or ""Not Misleading""**:
   - Based on the analysis, the thumbnail is misleading because it focuses on a single moment and does not provide a comprehensive overview of the entire match.

7. **Provide a brief explanation for your decision**:
   - The thumbnail incorrectly suggests that the video will primarily focus on a specific goal celebration, when in reality, the video provides a full match review with multiple scenes and moments throughout the game.

### Conclusion:
**Categorization: Misleading**
**Explanation:** The thumbnail focuses on a single moment from the match, which might mislead viewers into expecting a highlight reel or a specific goal celebration rather than a full match review."
2-0OMIYVUKM,"### Analysis:

1. **Examine the thumbnail**: The thumbnail shows a man holding a baby on a soccer field at night. The image suggests a casual, family-friendly setting rather than a professional sports training environment.

2. **Read through the video subtitles and content description**: The subtitles appear to be music and applause sounds, which do not provide any context about the content of the video. The video description details a professional athlete's training regimen, which includes various exercises, drills, and a structured training program.

3. **Compare the thumbnail to the actual video content**: The thumbnail depicts a relaxed, family-oriented scene, while the video content is focused on a professional athlete's rigorous training routine.

4. **Determine if the thumbnail accurately represents the video's main topic or content**: The thumbnail does not accurately represent the professional and intense nature of the training regimen described in the video.

5. **Assess whether the thumbnail uses exaggeration, false promises, or clickbait tactics**: The thumbnail uses a misleading image that does not align with the actual content of the video.

6. **Categorize the thumbnail as either ""Misleading"" or ""Not Misleading""**: Based on the analysis, the thumbnail is misleading.

7. **Provide a brief explanation for your decision**: The thumbnail shows a casual, family-friendly scene, which contrasts sharply with the professional and intense training regimen depicted in the video. This creates a misleading impression that does not reflect the actual content of the video.

**Categorization**: Misleading

**Explanation**: The thumbnail inaccurately represents the video's content by showing a relaxed, family-oriented scene instead of the professional and intense training regimen of a high-level athlete."
y5Bv_rPTTWc,"### Analysis:

1. **Examine the thumbnail**: The thumbnail shows a woman with shoulder-length wavy brown hair wearing a bright blue blazer, smiling and appearing engaged in conversation. There is no text or imagery suggesting an alien or supernatural theme.

2. **Read through the video subtitles and content description**: The subtitles and the video content describe an interview where the interviewee claims to have swapped souls with an alien. The video discusses the concept of star seeds and the idea that aliens might be among us, helping humanity reconnect with its innate nature.

3. **Compare the thumbnail to the actual video content**: The thumbnail does not visually represent the content of the video. It shows a woman in a professional setting, which contrasts sharply with the supernatural and potentially controversial topic discussed in the video.

4. **Determine if the thumbnail accurately represents the video's main topic or content**: The thumbnail fails to convey any indication of the alien or supernatural elements discussed in the video. It does not set the viewer's expectations appropriately for the content.

5. **Assess whether the thumbnail uses exaggeration, false promises, or clickbait tactics**: The thumbnail does not use any exaggerated language or imagery that might mislead viewers into expecting a different type of content.

6. **Categorize the thumbnail as either ""Misleading"" or ""Not Misleading""**: Given that the thumbnail does not visually represent the content of the video and sets incorrect expectations for the viewer, it is misleading.

### Explanation:

The thumbnail is misleading because it does not visually represent the content of the video. It shows a woman in a professional setting, which contrasts with the supernatural and potentially controversial topic discussed in the video. The thumbnail fails to set appropriate expectations for the viewer, leading them to expect a different type of content than what is actually presented."
YNsQtztDE2A,"### Analysis:

1. **Examine the thumbnail**: The thumbnail shows Princess Kate wearing sunglasses and a purple outfit, sitting next to another individual. The text on the thumbnail reads ""PRINCESS KATE'S SURPRISE APPEARANCE.""

2. **Read through the video subtitles and content description**: There are no subtitles provided in the video description. However, the content description describes a series of events at the Wimbledon tennis tournament, featuring a woman in a purple dress interacting with various individuals, including athletes and spectators.

3. **Compare the thumbnail to the actual video content**: The thumbnail depicts Princess Kate at what appears to be a surprise appearance at Wimbledon. The video content, however, does not explicitly mention Princess Kate or any surprise appearances. Instead, it focuses on the general atmosphere and interactions at the Wimbledon tournament.

4. **Determine if the thumbnail accurately represents the video's main topic or content**: The thumbnail suggests that the video is about Princess Kate's surprise appearance at Wimbledon. The video content, while related to Wimbledon, does not specifically highlight Princess Kate’s surprise appearance but rather captures the overall ambiance and interactions at the event.

5. **Assess whether the thumbnail uses exaggeration, false promises, or clickbait tactics**: The thumbnail uses the term ""surprise appearance,"" which could be misleading because the video content does not confirm or emphasize this specific point. It might lead viewers to expect a particular focus on Princess Kate's visit when the video content is broader and less specific about her role.

6. **Categorize the thumbnail as either ""Misleading"" or ""Not Misleading""**: Based on the analysis, the thumbnail is misleading because it suggests a specific event (Princess Kate's surprise appearance) that is not explicitly confirmed in the video content.

7. **Provide a brief explanation for your decision**: The thumbnail uses the term ""surprise appearance"" without providing context or confirmation within the video content. While the video does capture moments at Wimbledon, it does not focus on a specific surprise appearance by Princess Kate, leading viewers to expect a different narrative than what is presented.

**Categorization**: Misleading

**Explanation**: The thumbnail suggests a specific event (Princess Kate's surprise appearance) that is not explicitly confirmed in the video content, potentially misleading viewers about the focus of the video."
UrIphPnkHZo,"### Analysis:

1. **Examine the thumbnail**: The thumbnail shows a red carpet interview setup with two individuals being interviewed by a reporter. The setting suggests a formal event, likely related to entertainment or celebrity news.

2. **Read the subtitles and video content**: The subtitles indicate a conversation about a recent interview, specifically mentioning ""Access Scrunchie,"" ""Joker,"" and ""Aquaman."" The conversation also touches on family dynamics and the children of the interviewees.

3. **Compare the thumbnail to the actual video content**:
   - The thumbnail depicts a red carpet interview scenario.
   - The subtitles and video content describe a conversation about a previous interview, family dynamics, and specific topics like ""Joker"" and ""Aquaman.""

4. **Determine if the thumbnail accurately represents the video's main topic or content**:
   - The thumbnail accurately represents the setting (red carpet interview).
   - However, the content described in the subtitles and video does not match the visual representation of the thumbnail. The thumbnail suggests a general red carpet interview, while the video content focuses on a specific discussion about a previous interview and family topics.

5. **Assess whether the thumbnail uses exaggeration, false promises, or clickbait tactics**:
   - There is no exaggeration or clickbait in the thumbnail itself; it simply depicts a red carpet interview.
   - The mismatch between the thumbnail and the video content is due to the focus on a specific discussion rather than a general red carpet interview.

6. **Categorize the thumbnail**:
   - **Misleading**

7. **Explanation**:
   - The thumbnail accurately depicts a red carpet interview, which aligns with the setting shown in the video. However, the content of the video focuses on a specific discussion about a previous interview and family topics, which is not represented in the thumbnail. This mismatch leads to confusion for viewers who might expect a general red carpet interview based on the thumbnail.

### Final Decision:
**Misleading**

**Explanation**: The thumbnail accurately depicts a red carpet interview, but the video content focuses on a specific discussion about a previous interview and family topics, which is not represented in the thumbnail. This mismatch can lead to viewer confusion."
-gYneEqfhuM,"### Analysis:

1. **Examine the thumbnail**: The thumbnail features an older man in formal attire, set against a backdrop of flowers. The text overlay reads, ""The King’s ‘rollercoaster year’ filled with health challenges.""

2. **Read the subtitles and content description**: The subtitles and video content describe a year marked by health challenges for the King, including a diagnosis of cancer and other health issues affecting the royal family. The video highlights the King's continued participation in official duties despite these challenges.

3. **Compare the thumbnail to the actual video content**:
   - The thumbnail depicts the King in a formal setting, which aligns with the video content showing him in various official capacities.
   - The text ""rollercoaster year"" and ""health challenges"" in the thumbnail accurately reflect the content described in the video.

4. **Determine if the thumbnail accurately represents the video's main topic or content**:
   - The thumbnail effectively conveys the main theme of the video, which is the King's year filled with health challenges and his continued participation in official duties.

5. **Assess whether the thumbnail uses exaggeration, false promises, or clickbait tactics**:
   - There is no exaggeration or false promise in the thumbnail. It accurately reflects the content of the video.

6. **Categorize the thumbnail**:
   - **Not Misleading**

7. **Explanation**:
   - The thumbnail accurately represents the main topic of the video, which is the King's year filled with health challenges and his continued participation in official duties. It does not use any exaggerated claims or clickbait tactics. Therefore, it is not misleading."
OBXajYNKhbA,"### Analysis:

1. **Examine the thumbnail**: The thumbnail shows a person riding a motorcycle at night, with the Olympic rings prominently displayed. The image captures a dynamic and adventurous scene, which aligns with the theme of the video.

2. **Read through the video subtitles and content description**: There are no subtitles provided in the video description, but the content description clearly outlines the narrative of the video, which includes a motorcycle ride through Paris, a dramatic skydive, and the transition between Olympic host cities.

3. **Compare the thumbnail to the actual video content**: The thumbnail effectively captures the essence of the video content, which revolves around a thrilling motorcycle ride and the Olympic spirit. The image of the motorcycle and the Olympic rings matches the adventurous tone described in the video.

4. **Determine if the thumbnail accurately represents the video's main topic or content**: The thumbnail accurately represents the main topic of the video, which is a thrilling promotional piece for the 2028 Los Angeles Olympics, featuring a motorcycle ride and the Olympic spirit.

5. **Assess whether the thumbnail uses exaggeration, false promises, or clickbait tactics**: The thumbnail does not use any exaggerated claims or false promises. It simply showcases the adventurous elements of the video without misleading the viewer.

6. **Categorize the thumbnail as either ""Misleading"" or ""Not Misleading""**: Based on the analysis, the thumbnail is not misleading.

7. **Provide a brief explanation for your decision**: The thumbnail accurately represents the adventurous and thrilling elements of the video, which include a motorcycle ride and the Olympic spirit. There are no exaggerated claims or misleading elements present in the thumbnail.

**Categorization**: Not Misleading

**Explanation**: The thumbnail accurately reflects the adventurous and thrilling nature of the video content, which includes a motorcycle ride and the Olympic spirit. There are no exaggerated claims or misleading elements in the thumbnail."
8bACuhV5RPM,"### Analysis and Categorization

#### Step 1: Examine the Thumbnail
The provided thumbnail does not accompany the video content described above. Therefore, we cannot directly assess the thumbnail based on the given information.

#### Step 2: Read Through the Video Subtitles and Content Description
The subtitles and video content description suggest a series of dramatic scenes involving a couple experiencing various situations, including serious conversations, emotional moments, and social gatherings. The tone is tense and emotionally charged, indicating a narrative centered around personal relationships and potential conflict.

#### Step 3: Compare the Thumbnail to the Actual Video Content
Since no thumbnail is provided, we cannot compare it to the video content.

#### Step 4: Determine if the Thumbnail Accurately Represents the Video's Main Topic or Content
As there is no thumbnail to evaluate, this step is not applicable.

#### Step 5: Assess Whether the Thumbnail Uses Exaggeration, False Promises, or Clickbait Tactics
Again, since there is no thumbnail to assess, this step is not applicable.

#### Step 6: Categorize the Thumbnail as Either ""Misleading"" or ""Not Misleading""
Given the lack of a thumbnail to evaluate, we cannot categorize the thumbnail as either misleading or not misleading.

#### Step 7: Provide a Brief Explanation for Your Decision
Without a thumbnail to analyze, we cannot provide a decision on whether the thumbnail is misleading or not misleading. The analysis is based solely on the video content description and subtitles, which do not include any visual elements that could be represented by a thumbnail.

**Final Categorization:** Not Applicable"
4RPsfu2N5VI,"### Analysis:

1. **Examine the thumbnail**: The thumbnail does not appear to be provided in the given information. Therefore, we cannot assess the thumbnail based on the provided details.

2. **Read through the video subtitles and content description**: The subtitles indicate that the video discusses a significant goal scored by Neymar during his early career, which could be considered a ""historical goal."" The content description confirms that the video focuses on the early career of Neymar, highlighting the significance of his first professional goal.

3. **Compare the thumbnail to the actual video content**: Since the thumbnail is not provided, we cannot compare it directly to the video content.

4. **Determine if the thumbnail accurately represents the video's main topic or content**: Without the thumbnail, we cannot determine if it accurately represents the video's content.

5. **Assess whether the thumbnail uses exaggeration, false promises, or clickbait tactics**: Similarly, without the thumbnail, we cannot assess if it uses any such tactics.

6. **Categorize the thumbnail as either ""Misleading"" or ""Not Misleading""**: Given the lack of a thumbnail, we cannot categorize it as either misleading or not misleading.

7. **Provide a brief explanation for your decision**: Since the thumbnail is not provided, we cannot make a determination based on the available information.

### Conclusion:
The thumbnail is not provided, so it cannot be analyzed for misleading or not misleading purposes."
1mKRARKggGQ,"### Analysis:

1. **Examine the thumbnail**: The thumbnail shows a group of formally dressed individuals, possibly including members of the royal family, in what appears to be a public setting. The image suggests a formal event or visit, which aligns with the video description of a royal visit.

2. **Read through the video subtitles and content description**: Since subtitles are not available, we rely on the video description for context.

3. **Compare the thumbnail to the actual video content**:
   - The thumbnail depicts a group of formally dressed individuals, which matches the description of a royal visit.
   - The video content includes scenes of formality, assistance provided to someone who fell, and a lighthearted moment where a woman receives flowers. These elements are consistent with the description of a royal visit.

4. **Determine if the thumbnail accurately represents the video's main topic or content**:
   - The thumbnail accurately represents the main topic of a royal visit, which is confirmed by the video content.

5. **Assess whether the thumbnail uses exaggeration, false promises, or clickbait tactics**:
   - There is no indication of exaggeration, false promises, or clickbait tactics in the thumbnail. It simply depicts a formal event, which is accurate based on the video content.

6. **Categorize the thumbnail**:
   - The thumbnail is not misleading because it accurately represents the main topic of the video, which is a royal visit.

7. **Explanation**:
   - The thumbnail accurately reflects the formal nature of the event depicted in the video. It does not use any exaggerated claims or misleading elements. Therefore, the thumbnail is appropriate and not misleading.

### Final Categorization:
**Not Misleading**

**Explanation**: The thumbnail accurately represents the main topic of a royal visit, which is consistent with the video content. There are no exaggerated claims or misleading elements in the thumbnail."
oMjPz0v5wkg,"### Analysis:

1. **Examine the thumbnail**: The thumbnail shows Tom Cruise sitting on a couch next to David Letterman, with the text ""TOM CRUISE'S CRAZY TOP TEN"" prominently displayed. The image suggests a segment where Tom Cruise is discussing or presenting a list of ""crazy"" things related to him.

2. **Read the subtitles and video content**: The subtitles indicate that Tom Cruise is indeed presenting a ""Top Ten List"" about the craziest things people say about him on the internet. The video content confirms this, showing Tom Cruise reading out a list of absurd statements about himself.

3. **Compare the thumbnail to the actual video content**: The thumbnail accurately represents the main topic of the video, which is Tom Cruise presenting a list of ""crazy"" statements about himself.

4. **Determine if the thumbnail accurately represents the video's main topic or content**: The thumbnail correctly depicts the theme of the video, which is Tom Cruise discussing a list of internet rumors about himself.

5. **Assess whether the thumbnail uses exaggeration, false promises, or clickbait tactics**: The thumbnail does not use any exaggerated claims or false promises. It simply states the topic of the segment, which is clear and straightforward.

6. **Categorize the thumbnail**: Based on the analysis, the thumbnail is not misleading.

7. **Explanation**: The thumbnail accurately reflects the content of the video, which is Tom Cruise presenting a list of ""crazy"" statements about himself. There is no exaggeration or clickbait tactics used in the thumbnail.

**Categorization**: Not Misleading

**Explanation**: The thumbnail correctly represents the main topic of the video, which is Tom Cruise discussing a list of internet rumors about himself. There are no misleading elements or clickbait tactics present in the thumbnail."
IrX_KZwM5ZM,"Categorization: Not Misleading

Explanation: The thumbnail depicts a scene where two individuals are embracing, which aligns closely with the video content that includes intimate moments between the two artists. The video does not contain any misleading elements; instead, it accurately portrays the relationship dynamics and growth of the two pop stars over time. The embrace in the thumbnail reflects the affectionate and supportive nature shown between the characters throughout the video, which is a significant part of the narrative. Therefore, the thumbnail appropriately represents the video's content without exaggeration or clickbait tactics."
gI4qHCdcaQs,"### Analysis:

1. **Examine the thumbnail**: The provided thumbnail does not appear to be included in the given information. Therefore, we cannot assess the thumbnail based on the provided details.

2. **Read through the video subtitles and content description**: The subtitles indicate a courtroom proceeding where a witness is being questioned about interactions with someone named Debbie Lloyd and the circumstances surrounding an injury to Mr. Depp's hand. The witness is clarifying that they were not informed about the cause of the injury during their presence on March 8th.

3. **Compare the thumbnail to the actual video content**: Since the thumbnail is not provided, we cannot compare it directly to the video content.

4. **Determine if the thumbnail accurately represents the video's main topic or content**: Without the thumbnail, we cannot determine if it accurately represents the video content.

5. **Assess whether the thumbnail uses exaggeration, false promises, or clickbait tactics**: Since the thumbnail is not provided, we cannot assess these elements.

6. **Categorize the thumbnail as either ""Misleading"" or ""Not Misleading""**: Given the lack of a thumbnail to evaluate, we cannot categorize it as either misleading or not misleading.

7. **Provide a brief explanation for your decision**: Since the thumbnail is not provided, there is insufficient information to make a determination.

### Conclusion:
**Categorization:** Not enough information available to determine.

**Explanation:** The provided information does not include a thumbnail, so we cannot assess its accuracy or misleading nature relative to the video content."
pdbeEzTwJKY,"### Analysis:

1. **Examine the thumbnail**: The thumbnail features two players from England, with the text ""HIGHLIGHTS"" above them. It also includes the flags of England and Slovakia, indicating the match between these two countries.

2. **Read through the video content**: The video content describes a soccer match between England and Slovakia, highlighting key moments such as goals scored, player reactions, and the overall progression of the game.

3. **Compare the thumbnail to the actual video content**: The thumbnail accurately represents the main topic of the video, which is a soccer match between England and Slovakia. It does not mislead viewers about the content being shown.

4. **Determine if the thumbnail accurately represents the video's main topic or content**: The thumbnail correctly depicts the match between England and Slovakia, which aligns with the video content.

5. **Assess whether the thumbnail uses exaggeration, false promises, or clickbait tactics**: There is no indication of exaggeration, false promises, or clickbait tactics in the thumbnail.

6. **Categorize the thumbnail**: Based on the analysis, the thumbnail is not misleading.

7. **Explanation**: The thumbnail accurately represents the content of the video, which is a soccer match between England and Slovakia. It does not use any misleading elements or clickbait tactics.

**Categorization**: Not Misleading

**Explanation**: The thumbnail accurately reflects the content of the video, which is a soccer match between England and Slovakia, without any misleading elements or clickbait tactics."
QHOmj2TO4mM,"### Analysis:

**Step 1: Examine the thumbnail**
The thumbnail features two individuals, one male and one female, both appearing to be instructors or presenters. The text on the thumbnail reads ""Talk About SPORTS in ENGLISH."" There are images of people engaged in sports activities, such as soccer and basketball, which visually reinforce the theme of sports.

**Step 2: Read through the video subtitles and content description**
The subtitles indicate that the video is an English language learning series focused on teaching viewers how to talk about sports in English. The content description confirms that the video covers various aspects of sports-related topics, including discussions about sports preferences, habits, and activities.

**Step 3: Compare the thumbnail to the actual video content**
The thumbnail accurately represents the main topic of the video, which is discussing sports in English. It shows instructors presenting and discussing sports-related topics, which aligns perfectly with the content described in the video.

**Step 4: Determine if the thumbnail accurately represents the video's main topic or content**
The thumbnail effectively communicates the main topic of the video without any misleading elements. It clearly indicates that the video is about talking about sports in English, which matches the content described in the video.

**Step 5: Assess whether the thumbnail uses exaggeration, false promises, or clickbait tactics**
The thumbnail does not use any exaggerated claims or false promises. It simply states the topic of the video and includes relevant imagery to support the theme.

**Step 6: Categorize the thumbnail**
Based on the analysis, the thumbnail is not misleading.

**Step 7: Provide a brief explanation for the decision**
The thumbnail accurately represents the main topic of the video, which is discussing sports in English. It does not use any exaggerated claims or false promises, and the imagery supports the theme of the video. Therefore, the thumbnail is categorized as ""Not Misleading.""

**Final Answer:**
Categorization: **Not Misleading**

Explanation: The thumbnail accurately represents the main topic of the video, which is discussing sports in English, without any misleading elements."
8Irv0hET_-o,"### Analysis:

1. **Examine the thumbnail**: The thumbnail shows a woman speaking at a podium with a CNN logo visible, suggesting a news broadcast setting. There is no indication of a medical emergency or any dramatic incident depicted in the thumbnail.

2. **Read through the video subtitles and content description**: Since subtitles are not available, we rely solely on the video description for understanding the content.

3. **Compare the thumbnail to the actual video content**:
   - The thumbnail suggests a typical news conference setting.
   - The video content describes a dramatic incident involving a military officer losing consciousness during a press conference.

4. **Determine if the thumbnail accurately represents the video's main topic or content**:
   - The thumbnail does not reflect the chaotic and urgent situation described in the video.
   - It fails to convey the sudden medical emergency and the subsequent actions taken by the attendees.

5. **Assess whether the thumbnail uses exaggeration, false promises, or clickbait tactics**:
   - The thumbnail does not use any exaggerated claims or false promises.
   - However, it misleads viewers by not providing any visual cues about the dramatic incident.

6. **Categorize the thumbnail**:
   - **Misleading**

7. **Explanation**:
   - The thumbnail fails to represent the actual content of the video, which involves a sudden medical emergency during a press conference. It does not visually prepare the viewer for the dramatic and urgent situation depicted in the video. This lack of visual representation can mislead viewers into expecting a standard news conference rather than a high-stakes emergency scenario."
SVaBrM8pRak,"### Analysis:

1. **Examine the thumbnail**: The thumbnail shows two players in yellow jerseys celebrating, with the Premier League logo and the score ""1-1"" displayed prominently. The text ""HIGHLIGHTS"" and ""sky sports"" are also visible.

2. **Read through the video subtitles and content description**: Since there are no subtitles provided, we rely solely on the video description for context.

3. **Compare the thumbnail to the actual video content**:
   - The thumbnail depicts players in yellow jerseys celebrating, which aligns with the Crystal Palace team mentioned in the video description.
   - The score ""1-1"" matches the final score described in the video.
   - The Premier League logo confirms the league context.

4. **Determine if the thumbnail accurately represents the video's main topic or content**:
   - The thumbnail accurately reflects the content of the video, showing a celebration after a match that ended in a draw (1-1).

5. **Assess whether the thumbnail uses exaggeration, false promises, or clickbait tactics**:
   - There is no exaggeration or false promise in the thumbnail. It simply shows the outcome of the match and the celebratory moment.

6. **Categorize the thumbnail**:
   - **Not Misleading**

7. **Explanation**:
   - The thumbnail accurately represents the content of the video, showing the celebration after a 1-1 draw in a Premier League match. There are no misleading elements or exaggerated claims in the thumbnail."
RADMoVY-EMI,"### Analysis:

1. **Examine the thumbnail**: The thumbnail shows a man in a suit standing at a podium with microphones, which suggests a formal speech or address. There are no visual elements that indicate a concert or celebration setting.

2. **Read the subtitles and video content**: The subtitles reveal that the video is a speech delivered by Prince William at a coronation concert. The content includes references to the coronation, the importance of service, and the celebration of the royal family.

3. **Compare the thumbnail to the actual video content**: The thumbnail depicts a formal speech setting, while the video content is a speech delivered at a coronation concert. The setting and context are significantly different.

4. **Determine if the thumbnail accurately represents the video's main topic or content**: The thumbnail does not accurately represent the content of the video. It suggests a formal speech, whereas the video is a speech at a coronation concert.

5. **Assess whether the thumbnail uses exaggeration, false promises, or clickbait tactics**: The thumbnail does not use any exaggerated claims or false promises. However, it misleads viewers by not reflecting the actual content of the video.

6. **Categorize the thumbnail**: Based on the analysis, the thumbnail is misleading.

7. **Explanation**: The thumbnail shows a formal speech setting, which is not reflective of the actual content of the video, which is a speech at a coronation concert. This misleads viewers into expecting a different type of event or content.

### Final Decision:
**Misleading**

**Explanation**: The thumbnail inaccurately represents the setting and context of the video content, leading viewers to expect a formal speech rather than a speech at a coronation concert."
igmUnkx0fBw,"### Analysis of the Provided Information

#### Step 1: Examine the thumbnail
The thumbnail features David Beckham sitting at a table with various hot sauce bottles in the background. The text ""HOT ONES"" is prominently displayed, along with a graphic of a chili pepper.

#### Step 2: Read through the video subtitles and content description
The subtitles indicate that this is an episode of ""Hot Ones,"" a show where participants eat spicy food and react to the increasing spiciness. The video description confirms that it is indeed an episode of ""Hot Ones,"" featuring David Beckham as a guest participant.

#### Step 3: Compare the thumbnail to the actual video content
The thumbnail accurately depicts the setting and theme of the video. It shows David Beckham participating in a hot sauce tasting challenge, which aligns perfectly with the content described in the video.

#### Step 4: Determine if the thumbnail accurately represents the video's main topic or content
The thumbnail correctly represents the main topic of the video, which is a hot sauce tasting challenge involving David Beckham.

#### Step 5: Assess whether the thumbnail uses exaggeration, false promises, or clickbait tactics
There is no exaggeration or false promises in the thumbnail. It clearly indicates that the video is about a hot sauce tasting challenge, which matches the actual content.

#### Step 6: Categorize the thumbnail as either ""Misleading"" or ""Not Misleading""
The thumbnail is **Not Misleading**.

#### Step 7: Provide a brief explanation for the decision
The thumbnail accurately represents the video's content by showing David Beckham participating in a hot sauce tasting challenge. There are no misleading elements or exaggerated claims in the thumbnail, ensuring that viewers understand the nature of the video before clicking on it."
p13ZuzsOr14,"### Analysis:

1. **Examine the thumbnail**: The thumbnail features a player in a Tottenham Hotspur jersey with the text ""BEST GOALS"". It includes a small video clip showing a goal being scored during a match.
   
2. **Read the video subtitles and content description**: There are no subtitles provided in the video description. However, the content description clearly states that the video is a highlight reel of memorable goals and moments from Premier League matches, focusing on a specific player's performances for Tottenham Hotspur.

3. **Compare the thumbnail to the actual video content**: The thumbnail shows a player celebrating a goal, which aligns with the content described in the video description. The video indeed features numerous goal-scoring moments and celebrations, as well as other exciting match highlights.

4. **Determine if the thumbnail accurately represents the video's main topic or content**: The thumbnail accurately represents the main topic of the video, which is a collection of memorable goals and moments from Premier League matches, specifically featuring a Tottenham Hotspur player.

5. **Assess whether the thumbnail uses exaggeration, false promises, or clickbait tactics**: The thumbnail does not use any exaggerated claims or false promises. It simply shows a player celebrating a goal, which is a fair representation of the content.

6. **Categorize the thumbnail**: Based on the analysis, the thumbnail is not misleading.

7. **Explanation**: The thumbnail accurately reflects the content of the video, which is a highlight reel of goals and moments from Premier League matches, particularly focusing on a Tottenham Hotspur player. There are no exaggerated claims or misleading elements present in the thumbnail.

**Categorization**: Not Misleading

**Explanation**: The thumbnail accurately represents the main topic of the video, which is a collection of memorable goals and moments from Premier League matches, specifically featuring a Tottenham Hotspur player."
_p2WyFriHNI,"### Analysis:

1. **Examine the thumbnail**:
   - The thumbnail shows two individuals wearing headsets and holding microphones with the Sky Sports logo. The text reads ""THE GARY NEVILLE PODCAST"" and ""sky sports"".
   - The image suggests a podcast recording setup, likely involving sports commentary or analysis.

2. **Read through the video subtitles and content description**:
   - The subtitles indicate that the video is part of ""The Gary Neville Podcast"" and features Jamie Carragher as a guest.
   - The content revolves around a discussion about a football match, specifically Manchester United's performance and the impact of Casemiro's absence during halftime.
   - The video includes a detailed analysis of the match dynamics, player performances, and the emotional toll on the players involved.

3. **Compare the thumbnail to the actual video content**:
   - The thumbnail depicts a podcast recording environment, which aligns with the video content as it involves two individuals discussing a football-related topic.
   - The background of the thumbnail (broadcast booth and stadium) matches the setting described in the video description, which confirms the professional sports commentary context.

4. **Determine if the thumbnail accurately represents the video's main topic or content**:
   - The thumbnail accurately represents the podcast format and the sports commentary theme.
   - It does not mislead viewers into expecting a different type of content (e.g., a sports event, a casual interview, etc.).

5. **Assess whether the thumbnail uses exaggeration, false promises, or clickbait tactics**:
   - There is no indication of exaggerated claims or misleading promises in the thumbnail.
   - The thumbnail clearly communicates the nature of the content (podcast, sports commentary).

6. **Categorize the thumbnail**:
   - **Categorization**: Not Misleading

7. **Explanation**:
   - The thumbnail accurately reflects the content of the video, which is a podcast episode featuring two sports commentators discussing a football match. It does not use any misleading elements or clickbait tactics. The thumbnail effectively conveys the essence of the video without any exaggeration or false promises.

### Final Decision:
**Categorization**: Not Misleading  
**Explanation**: The thumbnail accurately represents the podcast format and the sports commentary theme, matching the actual content of the video."
W3xmvLgdOVI,"### Analysis:

1. **Examine the thumbnail**: The thumbnail shows a couple (a man and a woman) holding a newborn baby wrapped in a white blanket. The image is clear and depicts a happy family moment, which aligns closely with the content described in the video.

2. **Read the subtitles and video content**: The subtitles describe the birth of a royal baby, the couple's happiness, and the media's reaction to the event. The video content includes scenes of the royal couple emerging from the Lindo Wing, holding the baby, and interacting with the media and well-wishers.

3. **Compare the thumbnail to the actual video content**: The thumbnail accurately represents the main topic of the video, which is the birth of a royal baby and the royal couple's reaction to it. It captures the essence of the event without exaggeration or misleading elements.

4. **Determine if the thumbnail accurately represents the video's main topic or content**: The thumbnail effectively conveys the central theme of the video, which is the birth of a royal baby and the family's joy.

5. **Assess whether the thumbnail uses exaggeration, false promises, or clickbait tactics**: The thumbnail does not use any exaggerated claims or false promises. It simply shows a happy family moment, which is a fair representation of the event.

6. **Categorize the thumbnail**: Based on the analysis, the thumbnail is not misleading.

7. **Explanation**: The thumbnail accurately reflects the content of the video, showing the royal couple with their newborn baby. It does not use any misleading elements or exaggerations. Therefore, it is categorized as ""Not Misleading.""

### Final Decision:
**Categorization:** Not Misleading  
**Explanation:** The thumbnail accurately represents the main topic of the video, which is the birth of a royal baby and the family's joy, without any misleading elements."
NewuhAriR9k,"### Analysis:

1. **Examine the thumbnail**: The thumbnail features a woman in a white dress on a red carpet, surrounded by photographers. The image is glamorous and suggests a high-profile event, which aligns with the description of a red carpet event at a film festival or premiere.

2. **Read through the subtitles and content description**: The subtitles indicate applause and a thank you message, suggesting the end of an event or performance. However, there is no specific mention of the woman in the white dress or any red carpet event in the subtitles.

3. **Compare the thumbnail to the actual video content**:
   - The thumbnail depicts a woman on a red carpet, which matches the description of a high-profile event.
   - The video content focuses on the woman in the white dress, her posing, and her interaction with the crowd, which is consistent with a red carpet event.
   - The background of photographers and the ""Hollywood Fix"" watermark further supports the context of a red carpet event.

4. **Determine if the thumbnail accurately represents the video's main topic or content**: The thumbnail accurately represents the main topic of the video, which is a woman on a red carpet at a high-profile event.

5. **Assess whether the thumbnail uses exaggeration, false promises, or clickbait tactics**: There is no indication of exaggeration, false promises, or clickbait tactics in the thumbnail. It accurately reflects the content of the video.

6. **Categorize the thumbnail**: Based on the analysis, the thumbnail is not misleading.

7. **Explanation**: The thumbnail accurately represents the main topic of the video, which is a woman on a red carpet at a high-profile event. There are no exaggerated claims or misleading elements in the thumbnail.

### Final Categorization:
**Not Misleading**

**Explanation**: The thumbnail accurately depicts the main topic of the video, which is a woman on a red carpet at a high-profile event, without any misleading elements."
-0jp9XK86Dw,"### Analysis:

**Step 1: Examine the thumbnail**
- The thumbnail features a cricket player in a blue uniform holding a bat, with the text ""SACHIN TENDULKAR 85 V PAKISTAN CWC 2011 SEMI-FINAL.""

**Step 2: Read the video subtitles and content description**
- The subtitles mention Sachin Tendulkar hitting a 50-run boundary during the 2011 Cricket World Cup semi-final between India and Pakistan.
- The video content includes scenes of Tendulkar batting, with commentary highlighting his shots and the match's progress.

**Step 3: Compare the thumbnail to the actual video content**
- The thumbnail accurately depicts Sachin Tendulkar, which aligns with the video content.
- The text ""85"" suggests a score, which could refer to Tendulkar's total runs scored in the match, but it does not specify the context of the semi-final.

**Step 4: Determine if the thumbnail accurately represents the video's main topic or content**
- The thumbnail correctly identifies Sachin Tendulkar and the context of the semi-final match.
- However, the score ""85"" is not explicitly tied to the specific moment described in the subtitles (a 50-run boundary).

**Step 5: Assess whether the thumbnail uses exaggeration, false promises, or clickbait tactics**
- There is no exaggeration or false promise in the thumbnail; it accurately represents the subject matter.
- The score ""85"" might be misleading because it could imply a different score than the 50-run boundary mentioned in the subtitles.

**Step 6: Categorize the thumbnail**
- **Categorization:** Misleading

**Explanation:**
- While the thumbnail correctly identifies Sachin Tendulkar and the context of the semi-final match, the score ""85"" is not clearly linked to the specific moment described in the subtitles. This could lead viewers to expect a different score or context, making the thumbnail misleading."
v1iZtBM23bY,"### Analysis of the Provided Information

#### Step 1: Examine the Thumbnail
The thumbnail shows two individuals wearing aviation gear, seemingly inside a cockpit, with one person appearing to be in distress or reacting dramatically. The image suggests a high-stakes situation involving aviation.

#### Step 2: Read Through the Video Subtitles and Content Description
The subtitles indicate that James Corden is meeting Tom Cruise early in the morning at Burbank Airport. They discuss Tom Cruise's request for a flight, and James expresses his apprehension about flying in a 75-year-old plane without being a pilot. The conversation includes references to Tom Cruise's past experiences with flying and the potential dangers involved.

The video content description provides a detailed breakdown of the scenes, which include:
- A nighttime shot of Burbank, CA.
- An aerial view from a plane window.
- Conversations between two men near a small aircraft.
- Scenes inside a cockpit showing a man in aviation gear looking apprehensive.
- Dynamic shots of vintage military aircraft (P-51 Mustangs) flying over mountainous terrain.
- Interactions between the two main characters, both in aviation gear and civilian clothes, indicating a mix of training and camaraderie.
- A scene by a campfire at night.
- Shots of modern aircraft, including a jet trainer.
- Intense aerial maneuvers and close-ups of pilots in cockpits.

#### Step 3: Compare the Thumbnail to the Actual Video Content
The thumbnail depicts two individuals in a cockpit, which aligns with the video content that includes scenes inside a cockpit. However, the thumbnail emphasizes a dramatic reaction, which is not necessarily reflected in the video content. The video primarily focuses on the interaction between the two men and the aviation activities they engage in.

#### Step 4: Determine if the Thumbnail Accurately Represents the Video's Main Topic or Content
The thumbnail accurately represents the aviation theme of the video, but it exaggerates the emotional state of the individuals shown. The video does not depict a dramatic or distressed individual; rather, it shows a more neutral or focused demeanor.

#### Step 5: Assess Whether the Thumbnail Uses Exaggeration, False Promises, or Clickbait Tactics
The thumbnail uses exaggerated imagery to convey a sense of danger or excitement, which might mislead viewers into expecting a more intense or thrilling experience than what the video actually delivers.

#### Step 6: Categorize the Thumbnail as Either ""Misleading"" or ""Not Misleading""
Based on the analysis, the thumbnail is **misleading** because it exaggerates the emotional state of the individuals shown, which does not accurately reflect the video's content.

#### Step 7: Provide a Brief Explanation for the Decision
The thumbnail shows two individuals in a cockpit with one appearing to be in distress, which is not accurately represented in the video content. While the aviation theme is correct, the exaggerated emotional state depicted in the thumbnail may mislead viewers into expecting a more intense or thrilling experience than what the video actually delivers."
U_u91SjrEOE,"### Analysis and Categorization

#### Step 1: Examine the Thumbnail
The thumbnail features a stylized figure holding a torch, with the title ""The Myth of Prometheus."" The color scheme includes teal and red, which are used throughout the video to create a visually striking contrast.

#### Step 2: Read Through the Video Subtitles and Content Description
The subtitles and video content describe the myth of Prometheus, focusing on his role in creating humanity, distributing divine gifts, and stealing fire from the gods to benefit humans. The video explains how Prometheus' actions led to his punishment but also highlight his resilience and the lasting impact of his contributions.

#### Step 3: Compare the Thumbnail to the Actual Video Content
The thumbnail effectively captures the essence of the myth of Prometheus. The figure holding a torch aligns with the central theme of Prometheus bringing fire to humanity, which is a key element of the myth. The title ""The Myth of Prometheus"" directly corresponds to the content described in the subtitles and video description.

#### Step 4: Determine if the Thumbnail Accurately Represents the Video's Main Topic or Content
The thumbnail accurately represents the main topic of the video, which is the myth of Prometheus. It highlights the central theme of Prometheus bringing fire to humanity, which is a significant aspect of the myth.

#### Step 5: Assess Whether the Thumbnail Uses Exaggeration, False Promises, or Clickbait Tactics
There are no elements in the thumbnail that suggest exaggeration, false promises, or clickbait tactics. The thumbnail is straightforward and clearly communicates the subject matter without any misleading elements.

#### Step 6: Categorize the Thumbnail
Based on the analysis, the thumbnail is not misleading.

#### Step 7: Provide a Brief Explanation for the Decision
The thumbnail accurately represents the main topic of the video, which is the myth of Prometheus. It effectively conveys the central theme of Prometheus bringing fire to humanity, which is a significant aspect of the myth. There are no elements that suggest exaggeration, false promises, or clickbait tactics. Therefore, the thumbnail is categorized as ""Not Misleading."""
HhV2082VhPA,"### Analysis:

1. **Examine the thumbnail**: The thumbnail shows a man in a dark suit sitting at a table signing documents. There is a green arrow pointing towards the documents on the table, and the Daily Mail logo is visible in the corner.

2. **Read through the video subtitles and content description**: Since there are no subtitles provided, we rely solely on the video description for context.

3. **Compare the thumbnail to the actual video content**:
   - The thumbnail depicts a man signing documents, which aligns with the video content where the man is shown signing official documents during a formal ceremony.
   - However, the thumbnail does not provide any additional context about the nature of the ceremony (e.g., accession, coronation, etc.), nor does it indicate the presence of an audience or the setting's grandeur.

4. **Determine if the thumbnail accurately represents the video's main topic or content**:
   - The thumbnail accurately represents the act of signing documents, which is a key element of the ceremony described in the video.
   - However, it lacks crucial details such as the context of the ceremony (e.g., accession, coronation), the presence of an audience, and the setting's grandeur.

5. **Assess whether the thumbnail uses exaggeration, false promises, or clickbait tactics**:
   - The thumbnail does not use exaggerated claims or false promises. It simply shows a man signing documents, which is a factual representation of the video content.
   - There is no clickbait element as the thumbnail does not promise or suggest anything beyond what is shown.

6. **Categorize the thumbnail**:
   - Given that the thumbnail accurately represents the act of signing documents but lacks important contextual details, it can be considered misleading because it does not fully convey the gravity and formality of the ceremony.

7. **Explanation**:
   - The thumbnail accurately depicts the act of signing documents, which is a significant part of the ceremony. However, it fails to communicate the broader context of the event, such as the presence of an audience, the setting's grandeur, and the historical significance of the ceremony. This omission makes the thumbnail misleading as it does not fully represent the overall content and context of the video.

### Final Categorization:
**Misleading**

**Explanation**: The thumbnail accurately depicts the act of signing documents but lacks important contextual details about the ceremony's nature, the presence of an audience, and the setting's grandeur, making it misleading."
T3bW0dKZ_h8,"### Analysis:

1. **Examine the thumbnail**: The thumbnail shows a man and a woman standing together, with the woman holding a baby. The text overlay reads, ""William and Kate introduce third child to public.""

2. **Read through the video content**:
   - The video depicts a couple emerging from a building labeled ""Lindo Wing,"" which is typically associated with royal births.
   - The couple is seen posing for pictures, interacting with the crowd, and engaging with the media.
   - The woman is holding a baby wrapped in white, indicating a newborn.
   - The couple's attire and the setting suggest a high-profile event, likely involving a royal family member.

3. **Compare the thumbnail to the actual video content**:
   - The thumbnail accurately depicts the main elements of the video: a couple with a baby, suggesting a royal birth announcement.
   - The text ""William and Kate introduce third child to public"" aligns with the content of the video, as William and Kate are known to be the Duke and Duchess of Cambridge, and they have previously introduced their children to the public.

4. **Determine if the thumbnail accurately represents the video's main topic or content**:
   - The thumbnail correctly represents the main topic of the video, which is the introduction of a third child by William and Kate.

5. **Assess whether the thumbnail uses exaggeration, false promises, or clickbait tactics**:
   - There is no exaggeration or false promise in the thumbnail. It accurately reflects the content of the video.

6. **Categorize the thumbnail**:
   - **Not Misleading**

7. **Explanation**:
   - The thumbnail accurately represents the main topic of the video, which is the introduction of a third child by William and Kate. It does not use any exaggerated claims or clickbait tactics. The content of the video matches the information provided in the thumbnail, ensuring that viewers understand the purpose of the video before clicking on it."
Xg8TTKuSGbA,"### Analysis:

1. **Examine the thumbnail**: The thumbnail features a man in a suit with the text ""GOALS ARE LIKE KETCHUP"". The UEFA Champions League logo is visible in the background.

2. **Read the subtitles and video content**:
   - The subtitles indicate that the video is about Cristiano Ronaldo receiving a special award for being the all-time leading goal scorer in the UEFA Champions League.
   - The video content shows a prestigious soccer awards ceremony, with Ronaldo receiving a trophy and discussing his career and achievements.

3. **Compare the thumbnail to the actual video content**:
   - The thumbnail suggests that the video is about a humorous or metaphorical statement about goals being like ketchup.
   - The actual video content is about Ronaldo receiving a prestigious award and discussing his career achievements.

4. **Determine if the thumbnail accurately represents the video's main topic or content**:
   - The thumbnail does not accurately represent the main topic of the video, which is about Ronaldo receiving an award and discussing his career.
   - The thumbnail uses a metaphor (goals are like ketchup) that is not directly related to the content of the video.

5. **Assess whether the thumbnail uses exaggeration, false promises, or clickbait tactics**:
   - The thumbnail uses a metaphor that is not directly related to the content of the video, which could mislead viewers into expecting a humorous or unrelated discussion about ketchup.
   - However, the thumbnail does not use exaggerated claims or false promises.

6. **Categorize the thumbnail**:
   - **Misleading**

7. **Explanation**:
   - The thumbnail uses a metaphor (""goals are like ketchup"") that is not directly related to the content of the video. While the metaphor might be humorous, it does not accurately represent the main topic of the video, which is about Ronaldo receiving an award and discussing his career achievements. This could mislead viewers into expecting a different type of content, thus making the thumbnail misleading."
A7tqPA-mt4s,"Categorization: Not Misleading

Explanation: The thumbnail depicts a rider falling off a motorcycle during a race, which accurately reflects the content described in the video description. The video indeed documents an intense enduro motorcycle race where riders face challenging sections of the track, including steep and treacherous parts where some riders fall. The image of a rider in mid-fall aligns with the scenes described in the video, showing the difficulty and danger of the course. Therefore, the thumbnail does not use exaggeration, false promises, or clickbait tactics; it accurately represents the video's main topic and content."
WcOhPXnAi04,"### Analysis:

1. **Examine the thumbnail**: The thumbnail shows Kevin Hart sitting on a talk show set, smiling and looking engaged. The text overlay reads ""KEVIN HART.""

2. **Read the subtitles and video content**:
   - The subtitles indicate a casual conversation between Kevin Hart and Ellen DeGeneres.
   - The content includes topics such as family life, parenting, and personal experiences.
   - There are no specific references to any particular segment or topic that might mislead viewers.

3. **Compare the thumbnail to the actual video content**:
   - The thumbnail accurately depicts Kevin Hart in a talk show setting, which matches the actual video content.
   - The video does not contain any misleading elements or exaggerated claims.

4. **Determine if the thumbnail accurately represents the video's main topic or content**:
   - The thumbnail correctly represents the setting and the individual (Kevin Hart) featured in the video.
   - There are no misleading elements present.

5. **Assess whether the thumbnail uses exaggeration, false promises, or clickbait tactics**:
   - The thumbnail does not use any exaggerated claims or clickbait tactics.

6. **Categorize the thumbnail**:
   - Based on the analysis, the thumbnail is not misleading.

7. **Explanation**:
   - The thumbnail accurately reflects the setting and the individual featured in the video. It does not contain any misleading elements or exaggerated claims that could mislead viewers.

### Conclusion:
**Categorization: Not Misleading**

**Explanation:** The thumbnail accurately represents the setting and the individual featured in the video, without any misleading elements or exaggerated claims."
KPLWWIOCOOQ,"### Analysis:

1. **Examine the thumbnail**: The thumbnail features a character dressed in armor, riding a horse, with a snowy backdrop. The image is predominantly blue-toned, which suggests a cold, wintry environment. The HBO logo is also present, indicating the source of the content.

2. **Read the subtitles and video content**: The subtitles and video content describe scenes from ""Game of Thrones,"" a fantasy drama series known for its epic battles, political intrigue, and fantastical elements. The scenes depicted include characters in medieval attire, references to the Stark family, and imagery of a dragon, which aligns with the show's themes.

3. **Compare the thumbnail to the actual video content**: The thumbnail accurately represents the visual style and tone of ""Game of Thrones."" It captures the essence of the show's setting and atmosphere, which is consistent with the scenes described in the video content.

4. **Determine if the thumbnail accurately represents the video's main topic or content**: The thumbnail effectively conveys the show's theme of epic fantasy and medieval warfare, which matches the content described in the video.

5. **Assess whether the thumbnail uses exaggeration, false promises, or clickbait tactics**: There is no indication of exaggeration or clickbait tactics in the thumbnail. It simply presents a scene that is representative of the show's visual style.

6. **Categorize the thumbnail**: Based on the analysis, the thumbnail does not mislead viewers about the content of the video.

7. **Explanation**: The thumbnail accurately reflects the visual and thematic elements of ""Game of Thrones,"" providing a clear preview of the show's style and setting without any misleading information.

### Conclusion:
**Categorization:** Not Misleading  
**Explanation:** The thumbnail accurately represents the visual and thematic elements of ""Game of Thrones,"" providing a clear preview of the show's style and setting without any misleading information."
EyRyJ37_5xE,"### Analysis:

1. **Examine the thumbnail**: The thumbnail features two images side by side. On the left, there is a formal image of a man and a woman in elegant attire, likely at a high-profile event. On the right, there is a scene featuring a blonde woman in a red outfit, possibly in a more casual setting.

2. **Read through the video subtitles and content description**: The subtitles appear to be in a foreign language, which makes it difficult to interpret directly. However, the video description provides context about the content, which includes a documentary-style presentation about a complex and controversial relationship involving members of the British royal family and high society, including affairs, scandals, and tragedy.

3. **Compare the thumbnail to the actual video content**: The thumbnail shows formal and casual scenes, but the video content is described as a documentary-style presentation about a complex and controversial relationship involving members of the British royal family and high society, including affairs, scandals, and tragedy.

4. **Determine if the thumbnail accurately represents the video's main topic or content**: The thumbnail does not accurately represent the main topic or content of the video. While it shows formal and casual scenes, the video is primarily about a documentary-style presentation of a complex and controversial relationship involving members of the British royal family and high society.

5. **Assess whether the thumbnail uses exaggeration, false promises, or clickbait tactics**: The thumbnail does not use exaggeration, false promises, or clickbait tactics. It simply shows scenes that are part of the video content, but it does not accurately represent the main topic or content of the video.

6. **Categorize the thumbnail as either ""Misleading"" or ""Not Misleading""**: Based on the analysis, the thumbnail is misleading because it does not accurately represent the main topic or content of the video.

7. **Provide a brief explanation for your decision**: The thumbnail shows formal and casual scenes, but the video is primarily about a documentary-style presentation of a complex and controversial relationship involving members of the British royal family and high society, including affairs, scandals, and tragedy. Therefore, the thumbnail is misleading.

**Categorization**: Misleading

**Explanation**: The thumbnail does not accurately represent the main topic or content of the video, which is a documentary-style presentation about a complex and controversial relationship involving members of the British royal family and high society, including affairs, scandals, and tragedy."
vQxu1_FoHL4,"### Analysis:

1. **Examine the thumbnail**: The thumbnail features Wayne Rooney in two different jerseys, one in red (Manchester United) and one in blue (Everton). It prominently displays the name ""WAYNE ROONEY.""

2. **Read through the video subtitles and content description**: There are no subtitles provided in the video description. However, the content description mentions a compilation of iconic moments and highlights from Manchester United's history in the Premier League, featuring players in red jerseys.

3. **Compare the thumbnail to the actual video content**: The thumbnail shows Wayne Rooney in both a red and blue jersey, which aligns with the mention of Manchester United in the video description. However, the focus on Rooney in the thumbnail does not necessarily indicate that the video is solely about Rooney's career or highlights.

4. **Determine if the thumbnail accurately represents the video's main topic or content**: While the thumbnail includes Wayne Rooney, the video description emphasizes a broader compilation of Manchester United's Premier League history, not specifically Rooney's career. The thumbnail might give the impression that the video is focused on Rooney, which could be misleading for viewers expecting a video strictly about Rooney's career.

5. **Assess whether the thumbnail uses exaggeration, false promises, or clickbait tactics**: The thumbnail does not use exaggerated claims or false promises but rather shows a well-known figure associated with the team mentioned in the video description.

6. **Categorize the thumbnail as either ""Misleading"" or ""Not Misleading""**: Given that the thumbnail includes Wayne Rooney but the video content is a broader compilation of Manchester United's Premier League history, the thumbnail could be considered misleading because it may lead viewers to expect a video focused on Rooney’s career when the content is more comprehensive.

7. **Brief explanation for the decision**: The thumbnail includes Wayne Rooney, which might mislead viewers into thinking the video is exclusively about his career, whereas the video content is a broader compilation of Manchester United's Premier League history. Therefore, the thumbnail is misleading.

**Categorization**: Misleading

**Explanation**: The thumbnail includes Wayne Rooney, which might mislead viewers into expecting a video focused on his career when the content is a broader compilation of Manchester United's Premier League history."
lFBZJGSgyVQ,"### Analysis:

1. **Examine the thumbnail**: The thumbnail features a dark blue night sky with radiating light beams emanating from a central bright point, resembling a lighthouse. The text ""MY lighthouse"" is prominently displayed, suggesting a theme related to guidance, hope, and divine presence.

2. **Read the subtitles and video content**: The subtitles and the video content focus on themes of faith, guidance, and comfort during difficult times. The lyrics mention a ""lighthouse"" metaphorically representing God or a higher power providing guidance and protection.

3. **Compare the thumbnail to the actual video content**: The thumbnail effectively captures the essence of the video content, which revolves around the metaphor of a lighthouse offering guidance and hope. The visual elements align with the lyrical theme of finding comfort and direction in faith.

4. **Determine if the thumbnail accurately represents the video's main topic or content**: The thumbnail accurately represents the main topic of the video, which is about finding guidance and comfort through faith, using the metaphor of a lighthouse.

5. **Assess whether the thumbnail uses exaggeration, false promises, or clickbait tactics**: There are no exaggerated claims or false promises in the thumbnail. It simply conveys the theme of the video without any misleading elements.

6. **Categorize the thumbnail**: Based on the analysis, the thumbnail does not use any misleading tactics and accurately represents the video's content.

7. **Explanation**: The thumbnail effectively communicates the theme of the video, which is about finding guidance and comfort through faith, using the metaphor of a lighthouse. It does not exaggerate or mislead viewers about the content of the video.

**Categorization**: Not Misleading

**Explanation**: The thumbnail accurately represents the video's main topic and content, using the metaphor of a lighthouse to convey the theme of finding guidance and comfort through faith."
7CTtYz2R4nw,"### Analysis:

1. **Examine the thumbnail**: The thumbnail features two individuals, one in a purple suit and the other in a Scout uniform. The text ""E NEWS"" is visible, suggesting a news-related context.

2. **Read the subtitles and video content**:
   - The subtitles mention Kate Middleton welcoming Dwayne Fields as the new UK Chief Scout.
   - The video content includes scenes of Dwayne Fields speaking about his role and mission within the Scout movement.
   - There are also scenes of Kate Middleton and Prince William attending public events and engaging with children.

3. **Compare the thumbnail to the actual video content**:
   - The thumbnail shows two individuals, which aligns with the scenes featuring Kate Middleton and Dwayne Fields.
   - However, the thumbnail does not explicitly convey the specific focus on Dwayne Fields becoming the new UK Chief Scout or the details about his role within the Scout movement.

4. **Determine if the thumbnail accurately represents the video's main topic or content**:
   - While the thumbnail shows the individuals involved, it does not clearly communicate the specific focus on Dwayne Fields' appointment as the new UK Chief Scout or the details of his role.

5. **Assess whether the thumbnail uses exaggeration, false promises, or clickbait tactics**:
   - The thumbnail does not use exaggerated claims or false promises. It simply shows two individuals, which is accurate based on the video content.

6. **Categorize the thumbnail**:
   - **Misleading**

7. **Explanation**:
   - The thumbnail is misleading because it does not clearly indicate the primary focus of the video, which is Dwayne Fields' appointment as the new UK Chief Scout. The thumbnail suggests a general news segment involving two individuals without specifying the specific content or subject matter discussed in the video. This could lead viewers to expect a broader news report rather than a detailed discussion about Dwayne Fields' role within the Scout movement."
wxUtr7Qq798,"Categorization: Not Misleading

Explanation: The thumbnail does not provide any misleading information about the content of the video. It shows a group of people on a running track, which aligns with the description of a charity running event. There are no exaggerated claims or misleading elements present in the thumbnail. The video content confirms that it is indeed a charity running event with a focus on community spirit and physical activity, which is accurately represented in the thumbnail."
9u0RjKKsPaU,"### Analysis:

1. **Examine the thumbnail**: The thumbnail shows a group of armed security personnel standing on a road in a desert-like environment. The individuals appear to be in a state of alertness, which aligns with the tense atmosphere described in the video description.

2. **Read the subtitles and video content**: The subtitles mention a specific location (""Jordan Valley"") and a person crossing the border. However, the video content does not provide any direct textual information about the subtitles in the thumbnail.

3. **Compare the thumbnail to the actual video content**: The thumbnail depicts a group of security personnel in a tense situation, which matches the overall tone and setting described in the video content. The presence of armed personnel and the desert backdrop are consistent with the described environment.

4. **Determine if the thumbnail accurately represents the video's main topic or content**: The thumbnail accurately represents the main topic of the video, which is a tense security situation at a checkpoint or border area.

5. **Assess whether the thumbnail uses exaggeration, false promises, or clickbait tactics**: The thumbnail does not use any exaggerated claims or false promises. It simply shows a realistic depiction of a security situation.

6. **Categorize the thumbnail**: Based on the analysis, the thumbnail is not misleading.

7. **Explanation**: The thumbnail accurately reflects the tense and serious atmosphere depicted in the video. It does not exaggerate or misrepresent the content, nor does it use clickbait tactics. Therefore, the thumbnail is categorized as ""Not Misleading.""

### Final Decision:
**Categorization:** Not Misleading  
**Explanation:** The thumbnail accurately represents the tense security situation at a checkpoint or border area, matching the video content without any exaggeration or misleading elements."
WRsnHpIQPN8,"### Analysis:

1. **Examine the thumbnail**: The thumbnail shows two individuals, one of whom appears to be a woman in a red dress and another in a suit, possibly a man. The image does not provide any context or indication of the event being described in the video content.

2. **Read the subtitles and video content**: The subtitles indicate that the video features a speech by someone addressing the ""Your Majesties,"" which suggests a formal event involving royalty. The content describes a speech about the importance of service, celebrating achievements, and acknowledging contributions to the community and nation.

3. **Compare the thumbnail to the video content**: The thumbnail does not depict the setting or the nature of the event described in the video. It does not show the speaker at the podium or the audience reactions mentioned in the video.

4. **Determine if the thumbnail accurately represents the video's main topic or content**: The thumbnail fails to represent the main topic or content of the video, which is a speech about service, community contributions, and royal acknowledgment of achievements.

5. **Assess whether the thumbnail uses exaggeration, false promises, or clickbait tactics**: The thumbnail does not use any exaggerated claims or false promises. However, it does not accurately reflect the content of the video.

6. **Categorize the thumbnail**: Given that the thumbnail does not accurately represent the content of the video, it can be considered misleading.

7. **Explanation**: The thumbnail fails to convey the formal nature of the event, the presence of royalty, or the specific themes discussed in the speech. It lacks context and does not align with the content described in the video subtitles and description.

### Final Decision:
**Misleading**

**Explanation**: The thumbnail does not accurately represent the content of the video, failing to depict the formal setting, the presence of royalty, or the themes discussed in the speech."
QdCWqUTQm-A,"### Analysis:

1. **Examine the thumbnail**: The thumbnail features a man in a suit and tie, with the text ""Starmer: 'NHS is broken in unforgivable ways'"". The image shows a formal setting, which aligns with the context of a government interview.

2. **Read the subtitles and content description**: The subtitles confirm that the speaker, Starmer, is discussing the state of the NHS and expressing frustration over its condition. The content description supports this, indicating that Starmer is discussing the NHS being ""broken in unforgivable ways"" and the need for reform.

3. **Compare the thumbnail to the actual video content**: The thumbnail accurately reflects the main topic discussed in the video, which is the state of the NHS and the need for reform. It does not exaggerate or misrepresent the content.

4. **Assess for exaggeration, false promises, or clickbait tactics**: There are no elements in the thumbnail that suggest exaggeration or false promises. The thumbnail succinctly conveys the core message without any misleading elements.

5. **Categorize the thumbnail**: Based on the analysis, the thumbnail accurately represents the main topic of the video.

### Conclusion:

**Categorization:** Not Misleading

**Explanation:** The thumbnail accurately represents the main topic of the video, which is the discussion about the NHS being broken and the need for reform. It does not use any exaggerated claims or clickbait tactics."
QvbpeETBoGg,"### Analysis and Categorization:

**Step 1:** Examine the thumbnail.
The thumbnail shows a person performing various exercises, which aligns with the video content described. It features a man in athletic wear demonstrating different exercises, which matches the video's depiction of a fitness tutorial.

**Step 2:** Read through the video subtitles and content description.
The subtitles confirm that the video is a fitness tutorial, specifically a CR7 workout routine. The content description lists several exercises demonstrated in the video, such as lunges, push-ups, planks, and leg exercises, which are consistent with the thumbnail.

**Step 3:** Compare the thumbnail to the actual video content.
The thumbnail accurately depicts the main activity shown in the video—a fitness routine involving various exercises. There are no exaggerated claims or misleading elements present in the thumbnail.

**Step 4:** Determine if the thumbnail accurately represents the video's main topic or content.
The thumbnail effectively represents the main topic of the video, which is a fitness workout routine.

**Step 5:** Assess whether the thumbnail uses exaggeration, false promises, or clickbait tactics.
There are no exaggerated claims or misleading elements in the thumbnail. It simply shows a person performing exercises, which is exactly what the video content entails.

**Step 6:** Categorize the thumbnail as either ""Misleading"" or ""Not Misleading"".
Based on the analysis, the thumbnail is not misleading.

**Step 7:** Provide a brief explanation for the decision.
The thumbnail accurately represents the video content, showing a fitness routine without any exaggerated claims or misleading elements. Therefore, it is categorized as ""Not Misleading."""
DgbN6uc2JaY,"Categorization: Not Misleading

Explanation: The thumbnail shows a family interacting with military personnel at an airfield or military base. The video content confirms this, depicting a high-profile arrival where the family is greeted by officials and staff, and the child is shown wearing protective headphones due to the noise of the airfield. The presence of military aircraft and personnel in uniforms further supports the setting described in the video. The family's interaction with officials and the child's protective headphones are consistent with the video content, indicating that the thumbnail accurately represents the main topic and content of the video. There are no exaggerated claims or misleading elements present in the thumbnail."
_6br-YeGh40,"### Analysis of the YouTube Video Thumbnail

#### Step 1: Examine the Thumbnail
The thumbnail features a man in a military uniform with the text ""HUGE SUCCESS"" prominently displayed. The subtitle reads ""TWO YEARS OF CHARLES' REIGN.""

#### Step 2: Read Through the Video Subtitles and Content Description
The subtitles and video content describe a news segment covering the second anniversary of Queen Elizabeth II's death and King Charles III's accession to the throne. The segment discusses Charles' reign, his interactions with the public, and his health issues. The tone is commemorative and respectful, focusing on Charles' achievements and the transition period.

#### Step 3: Compare the Thumbnail to the Actual Video Content
The thumbnail suggests a celebratory tone, emphasizing ""huge success"" in Charles' reign. However, the video content primarily focuses on the anniversary of Queen Elizabeth II's death and Charles' accession, with a mix of archival footage and discussions about his activities and health.

#### Step 4: Determine if the Thumbnail Accurately Represents the Video's Main Topic or Content
The thumbnail does not accurately represent the main topic of the video. While the video does discuss Charles' reign, the emphasis on ""huge success"" is not explicitly mentioned in the subtitles or the content description. The thumbnail implies a broader celebration of Charles' reign, which is not fully supported by the video content.

#### Step 5: Assess Whether the Thumbnail Uses Exaggeration, False Promises, or Clickbait Tactics
The thumbnail uses exaggerated language (""HUGE SUCCESS"") that may mislead viewers into expecting a more celebratory or triumphant narrative than what the video actually provides.

#### Step 6: Categorize the Thumbnail
**Categorization:** Misleading

#### Step 7: Provide a Brief Explanation for the Decision
The thumbnail exaggerates the theme of the video by suggesting a ""huge success"" in Charles' reign, which is not fully supported by the video content. The focus of the video is more on the anniversary of Queen Elizabeth II's death and Charles' accession, rather than celebrating his reign as a whole. Therefore, the thumbnail is misleading."
8ToP_EnAlLU,"### Analysis:

1. **Examine the thumbnail**: The thumbnail features a character dressed in dark religious attire, likely a nun, set against a backdrop of ornate medieval-style decor. The HBO logo and the text ""HBO Original Game of Thrones Official Clip"" are prominently displayed.

2. **Read the subtitles and content description**: The subtitles and the video content describe a tense conversation between a nun-like character and a knight/nobleman in a medieval setting. The dialogue suggests themes of betrayal, political intrigue, and personal conflict, which are typical elements of the Game of Thrones narrative.

3. **Compare the thumbnail to the actual video content**: The thumbnail depicts a scene involving a nun, which aligns closely with the medieval setting and the character types present in the video (a nun and a knight/nobleman). However, the specific dialogue and context provided in the subtitles suggest a more complex and intense interaction than what might be visually represented in the thumbnail.

4. **Determine if the thumbnail accurately represents the video's main topic or content**: While the thumbnail accurately represents the general theme of a medieval setting and the presence of a nun, it does not capture the specific intensity and complexity of the dialogue and interaction described in the subtitles.

5. **Assess whether the thumbnail uses exaggeration, false promises, or clickbait tactics**: The thumbnail does not use any exaggerated elements or false promises. It accurately reflects the visual elements of the scene but fails to convey the depth and intensity of the dialogue and the thematic elements discussed in the subtitles.

6. **Categorize the thumbnail**: Given that the thumbnail accurately represents the general theme and setting of the video but fails to convey the specific intensity and thematic elements discussed in the subtitles, it can be considered misleading.

7. **Explanation**: The thumbnail provides a general visual representation of the medieval setting and the presence of a nun, which is accurate. However, it does not effectively communicate the specific themes and intensity of the dialogue and interaction described in the subtitles. This mismatch between the visual representation and the thematic content makes the thumbnail misleading.

### Final Decision:
**Misleading**

**Explanation:** The thumbnail accurately represents the general theme and setting of the video but fails to convey the specific intensity and thematic elements discussed in the subtitles, leading viewers to expect a different level of content than what is actually presented."
wTqpyUJxlRY,"### Analysis of the Provided Information

#### Step 1: Examine the Thumbnail
The thumbnail shows a young boy in a blue shirt with a green graphic, making a playful gesture with his hand near his head. The background includes a table and some furniture, suggesting an indoor setting.

#### Step 2: Read Through the Video Subtitles and Content Description
The subtitles indicate that the video involves a playful hide-and-seek game between a father and son in a skateboarding facility. The content description mentions various activities such as running, peeking out from behind fabric, navigating different areas, attempting skateboarding moves, and interacting joyfully at the end.

#### Step 3: Compare the Thumbnail to the Actual Video Content
The thumbnail depicts a playful and energetic scene, which aligns with the playful nature described in the video content. However, the thumbnail does not explicitly show the hide-and-seek aspect or the specific activities mentioned in the subtitles and description.

#### Step 4: Determine if the Thumbnail Accurately Represents the Video's Main Topic or Content
While the thumbnail captures the playful and energetic mood of the video, it does not clearly convey the hide-and-seek theme or the specific activities involved. It lacks the visual elements that would directly indicate the game of hide-and-seek or the skateboarding elements mentioned in the description.

#### Step 5: Assess Whether the Thumbnail Uses Exaggeration, False Promises, or Clickbait Tactics
The thumbnail does not use exaggerated visuals or false promises. It simply presents a playful and energetic scene, which is consistent with the video content but does not fully represent the specific activities or themes discussed in the subtitles and description.

#### Step 6: Categorize the Thumbnail
Based on the analysis, the thumbnail is not misleading because it accurately reflects the playful and energetic tone of the video. However, it does not fully capture the specific themes or activities mentioned in the subtitles and description.

#### Step 7: Provide a Brief Explanation for the Decision
The thumbnail effectively conveys the playful and energetic atmosphere of the video but fails to clearly depict the hide-and-seek game or the specific activities mentioned in the subtitles and description. Therefore, while not misleading, the thumbnail could be improved to better reflect the full scope of the video content.

### Final Categorization: **Not Misleading**

**Explanation:** The thumbnail accurately represents the playful and energetic tone of the video but does not fully capture the specific themes or activities mentioned in the subtitles and description."
oTpTVqJX8ho,"Categorization: Not Misleading

Explanation: The thumbnail depicts a soccer player in a red jersey, which aligns with the video content that focuses on a soccer player's career in the Premier League. The text ""Ten of the Best David Beckham Goals"" suggests that the video will showcase highlights from David Beckham's career, which matches the content described in the video description. The thumbnail accurately represents the main topic of the video without exaggeration, false promises, or clickbait tactics. Therefore, it is not misleading."
nDKGAPppxwU,"### Analysis:

1. **Thumbnail Examination**:
   - The thumbnail does not provide any specific details about the content of the video. It appears to be a generic image of a radio studio with microphones and people seated around a table, which is consistent with the video content described.

2. **Video Subtitles and Content Description**:
   - The subtitles and video content describe a radio interview or recording session where guests discuss mental health awareness campaigns, specifically the ""Heads Together"" initiative.
   - The conversation includes topics such as the upcoming London Marathon, the importance of mental health awareness, and the impact of celebrities in promoting these issues.

3. **Comparison**:
   - The thumbnail accurately depicts a radio studio setting, which matches the environment described in the video content.
   - The video content focuses on discussions about mental health awareness and the ""Heads Together"" campaign, which is not explicitly mentioned in the thumbnail.

4. **Assessment**:
   - The thumbnail does not exaggerate or misrepresent the content of the video. It accurately reflects the setting and environment of the video.
   - There are no elements in the thumbnail that use clickbait tactics or falsely promise content that is not delivered.

### Conclusion:
The thumbnail is **Not Misleading**.

**Explanation**: The thumbnail accurately represents the setting of the video (a radio studio) and does not mislead viewers about the content. The video content, while discussing mental health awareness, is not explicitly advertised in the thumbnail. Therefore, the thumbnail appropriately sets the expectation for the viewer without misleading them."
odhUPMYXpX4,"### Analysis:

1. **Examine the thumbnail**: The thumbnail shows two young girls dressed in pink tutus and tiaras, holding microphones, suggesting they are performing or singing.

2. **Read the subtitles and video content**:
   - The subtitles indicate that the video features two young girls named Sophia Grace and Rosie, who are being interviewed on ""The Ellen Show.""
   - The girls are described as being excited and comfortable on stage, performing a song together.
   - The video content includes an interview segment where the girls discuss their performance and their experiences on the show.

3. **Compare the thumbnail to the actual video content**:
   - The thumbnail accurately depicts the girls in pink tutus and tiaras, which matches the video content where they are seen wearing similar outfits.
   - The girls are shown holding microphones, which aligns with the video content where they are performing a song.
   - The setting (interview and performance) is consistent with the video content.

4. **Determine if the thumbnail accurately represents the video's main topic or content**:
   - The thumbnail effectively represents the main topic of the video, which is the girls performing on ""The Ellen Show.""

5. **Assess whether the thumbnail uses exaggeration, false promises, or clickbait tactics**:
   - There is no exaggeration or false promises in the thumbnail. It accurately reflects the content of the video.

6. **Categorize the thumbnail**:
   - The thumbnail is not misleading.

7. **Explanation**:
   - The thumbnail accurately represents the video content, showing the girls in their performance attire and setting, which matches the actual video footage. There are no misleading elements or exaggerated claims in the thumbnail.

### Final Decision:
**Categorization: Not Misleading**

**Explanation:** The thumbnail accurately represents the video content, showing the girls in their performance attire and setting, which matches the actual video footage. There are no misleading elements or exaggerated claims in the thumbnail."
lqbZAYlGfKs,"### Analysis:

1. **Examine the thumbnail**: The thumbnail features a soccer player in a blue jersey celebrating with the text ""ENG-BEL HIGHLIGHTS"". It suggests that the video highlights a match between England and Belgium.

2. **Read the subtitles and video content**:
   - The subtitles include phrases like ""HIGHLIGHTS"", ""ENG-BEL"", and ""HIGHLIGHTS"", which indicate that the video will showcase key moments from the match.
   - The video content describes a series of events during the match, including goal-scoring moments, tense moments near the goal, and the overall progression of the game.

3. **Compare the thumbnail to the actual video content**:
   - The thumbnail accurately represents the content of the video, as it clearly indicates that the video will highlight key moments from a match between England and Belgium.

4. **Determine if the thumbnail accurately represents the video's main topic or content**:
   - The thumbnail accurately reflects the content described in the video, which focuses on the highlights of the match.

5. **Assess whether the thumbnail uses exaggeration, false promises, or clickbait tactics**:
   - The thumbnail does not use any exaggerated claims or false promises. It simply states that the video will feature highlights from the match.

6. **Categorize the thumbnail**:
   - Based on the analysis, the thumbnail is not misleading.

7. **Explanation**:
   - The thumbnail accurately represents the content of the video, which is to highlight key moments from the match between England and Belgium. There are no exaggerated claims or false promises used in the thumbnail.

### Conclusion:
The thumbnail is **Not Misleading**."
6ovcjMT6Ai8,"### Analysis:

1. **Examine the thumbnail**: The thumbnail shows two individuals in a formal setting, likely an art gallery, with the text ""THE BEARD IS BACK."" The image includes framed photographs on the wall, which suggests a focus on art.

2. **Read through the video content**:
   - The video documents a high-profile visit to an art exhibition or gallery.
   - It features a group of visitors, including a man in a blue suit, engaging with artworks and staff.
   - The setting transitions between indoor and outdoor areas, showcasing various types of art installations and photographs.

3. **Compare the thumbnail to the actual video content**:
   - The thumbnail depicts two individuals in a formal setting, which aligns with the initial indoor scene of the video.
   - However, the text ""THE BEARD IS BACK"" does not directly relate to the content of the video, which focuses on a visit to an art exhibition rather than a specific individual returning to a beard.

4. **Determine if the thumbnail accurately represents the video's main topic or content**:
   - The thumbnail accurately represents the setting (an art gallery) but misleads regarding the specific focus of the video (""THE BEARD IS BACK"").

5. **Assess whether the thumbnail uses exaggeration, false promises, or clickbait tactics**:
   - The thumbnail uses a clickbait-like tactic by suggesting a return of a specific individual (""THE BEARD IS BACK""), which is not supported by the video content.

6. **Categorize the thumbnail**:
   - **Misleading**

7. **Explanation**:
   - The thumbnail inaccurately implies that the video is about a specific individual returning to a beard, which is not the case. The video is about a formal visit to an art exhibition, and the text ""THE BEARD IS BACK"" is irrelevant to the actual content. This creates a misleading expectation for the viewer.

### Final Decision:
**Misleading**
The thumbnail uses clickbait tactics by suggesting a specific individual returning to a beard, which is not the focus of the video."
Ob_JBRxGDPo,"### Analysis of the Provided Information

#### Step 1: Examine the Thumbnail
The thumbnail shows a studio setting with four panelists sitting on a modern set. The show's name ""Kelly & Wrighty"" is visible, along with logos for Manchester United and Liverpool. The image suggests a sports analysis show discussing football matches between these two teams.

#### Step 2: Read Through the Video Subtitles and Content Description
The subtitles indicate that the video is a sports analysis show discussing the upcoming match between Manchester United and Liverpool. The panelists are discussing the similarities and differences in performance between the two teams, particularly focusing on how Manchester United performed against Liverpool in previous seasons.

#### Step 3: Compare the Thumbnail to the Actual Video Content
The thumbnail accurately represents the content of the video. It shows a studio setting with panelists discussing football matches, which aligns with the video's focus on sports analysis.

#### Step 4: Determine if the Thumbnail Accurately Represents the Video's Main Topic or Content
The thumbnail accurately reflects the main topic of the video, which is a sports analysis show discussing football matches between Manchester United and Liverpool.

#### Step 5: Assess Whether the Thumbnail Uses Exaggeration, False Promises, or Clickbait Tactics
There are no exaggerated claims or false promises in the thumbnail. It simply depicts a typical sports analysis show setup without any misleading elements.

#### Step 6: Categorize the Thumbnail
Based on the analysis, the thumbnail is **Not Misleading**.

#### Step 7: Provide a Brief Explanation for the Decision
The thumbnail accurately represents the content of the video, which is a sports analysis show discussing football matches between Manchester United and Liverpool. There are no exaggerated claims or misleading elements in the thumbnail. Therefore, it does not use clickbait tactics or false promises."
GlAjeTunopo,"### Analysis:

1. **Examine the thumbnail**: The thumbnail shows a man in a studio setting with a BBC News logo, suggesting a formal interview or discussion program. There are no visual elements or text that suggest a specific topic or theme related to conspiracy theories.

2. **Read through the video subtitles and content description**: The subtitles discuss a conversation about conspiracy theories, specifically focusing on the actions of politicians and the media. The speaker is discussing various instances of conspiracy theories and their implications.

3. **Compare the thumbnail to the actual video content**: The thumbnail does not visually represent the content of the video. It shows a general studio setting without any indication of the specific topic discussed (conspiracy theories).

4. **Determine if the thumbnail accurately represents the video's main topic or content**: The thumbnail fails to convey the specific topic of the video, which is a discussion about conspiracy theories. It does not provide any visual cue that would lead viewers to expect a conversation about conspiracy theories.

5. **Assess whether the thumbnail uses exaggeration, false promises, or clickbait tactics**: The thumbnail does not use any exaggerated claims or false promises. However, it does not accurately represent the content of the video, which could potentially mislead viewers into expecting a different type of content.

6. **Categorize the thumbnail as either ""Misleading"" or ""Not Misleading""**: Given that the thumbnail does not accurately represent the content of the video, it can be considered misleading.

7. **Brief explanation for the decision**: The thumbnail fails to visually communicate the specific topic of the video, which is a discussion about conspiracy theories. This lack of visual representation can mislead viewers into expecting a different type of content, thus making the thumbnail misleading.

### Final Decision:
**Misleading**

**Explanation:** The thumbnail does not accurately represent the content of the video, which is a discussion about conspiracy theories. It fails to visually communicate the specific topic, potentially misleading viewers into expecting a different type of content."
UCoGG0qSSrQ,"### Analysis of the Provided Information

#### Step 1: Examine the Thumbnail
The thumbnail features three individuals, two of whom appear to be associated with Chelsea Football Club, as indicated by the Chelsea logo in the background. The third individual is shown in a separate frame, seemingly engaged in a discussion or interview.

#### Step 2: Read Through the Video Subtitles and Content Description
The subtitles and video content describe a segment from a Sky Sports News broadcast discussing a potential rift between Chelsea's co-owners, Ehab Alali and Todd Bley. The content explains the history of Chelsea's ownership, the current situation involving Todd Bley and Clear Lake Capital, and the possibility of a conflict between the owners.

#### Step 3: Compare the Thumbnail to the Actual Video Content
The thumbnail shows individuals related to Chelsea Football Club, which aligns with the content described in the subtitles and video description. However, the thumbnail does not explicitly convey the specific topic discussed in the video, which is the potential rift between Chelsea's co-owners.

#### Step 4: Determine if the Thumbnail Accurately Represents the Video's Main Topic or Content
While the thumbnail includes individuals associated with Chelsea Football Club, it does not clearly indicate the specific topic of the segment, which is the rift between the club's co-owners. The thumbnail could be considered misleading because it does not provide enough context for viewers to understand the main focus of the video.

#### Step 5: Assess Whether the Thumbnail Uses Exaggeration, False Promises, or Clickbait Tactics
The thumbnail does not use exaggerated claims or false promises. It simply shows individuals associated with Chelsea Football Club, which is relevant to the topic discussed in the video.

#### Step 6: Categorize the Thumbnail as Either ""Misleading"" or ""Not Misleading""
Based on the analysis, the thumbnail is **misleading** because it does not clearly represent the specific topic of the segment, which is the rift between Chelsea's co-owners.

#### Step 7: Provide a Brief Explanation for Your Decision
The thumbnail features individuals associated with Chelsea Football Club but does not clearly indicate the specific topic of the segment, which is the rift between the club's co-owners. This lack of clear representation makes the thumbnail misleading."
CIRjxMDC5k8,"### Analysis:

1. **Examine the thumbnail**: The provided thumbnail information is not available in the given text. Therefore, we cannot assess the thumbnail visually or based on any text description related to the thumbnail.

2. **Read through the video subtitles and content description**: The subtitles and the video description provide a clear account of the interview with Milton Leite discussing a significant moment in Neymar's career. The subtitles and the content description focus on the historical significance of Neymar's debut and his first goal for Santos FC.

3. **Compare the thumbnail to the actual video content**: Since the thumbnail is not described, we cannot compare it directly to the video content.

4. **Determine if the thumbnail accurately represents the video's main topic or content**: Without the thumbnail, we cannot determine if it accurately represents the content of the video.

5. **Assess whether the thumbnail uses exaggeration, false promises, or clickbait tactics**: Similarly, since the thumbnail is not described, we cannot assess whether it uses any of these tactics.

6. **Categorize the thumbnail as either ""Misleading"" or ""Not Misleading""**: Given the lack of information about the thumbnail, we cannot categorize it as either misleading or not misleading.

### Conclusion:

Since the thumbnail is not provided or described in the given information, we cannot make a determination about its accuracy or misleading nature. Therefore, the thumbnail should be categorized as **Not Misleading** pending the availability of the thumbnail image or description.

**Explanation**: The analysis is based on the assumption that the thumbnail does not exist or is not described in the provided information. If the thumbnail were to be described, we would need to compare it to the video content to make a proper assessment."
2Encm187scA,"### Analysis:

1. **Examine the thumbnail**: The thumbnail depicts a formal setting with a man signing a document, accompanied by a woman in a black outfit and hat standing nearby. The setting appears to be an official ceremony, which aligns with the description of a behind-the-scenes look at an official signing ceremony involving British royalty or high-ranking officials.

2. **Read through the video subtitles and content description**: The subtitles are not available, but the video description provides context about the scene being a behind-the-scenes look at an official signing ceremony involving British royalty or high-ranking officials. The video captures moments of frustration and error during the signing process, which is not immediately apparent from the thumbnail alone.

3. **Compare the thumbnail to the actual video content**: The thumbnail accurately represents the setting of the video, which is an official ceremony involving a man signing a document. However, the thumbnail does not convey the underlying tension and frustration that arise during the signing process.

4. **Determine if the thumbnail accurately represents the video's main topic or content**: While the thumbnail correctly identifies the setting as an official ceremony, it fails to capture the essence of the video content, which includes moments of frustration and error during the signing process.

5. **Assess whether the thumbnail uses exaggeration, false promises, or clickbait tactics**: The thumbnail does not use any exaggerated claims or false promises. It simply depicts the setting of the video without any misleading elements.

6. **Categorize the thumbnail as either ""Misleading"" or ""Not Misleading""**: Given that the thumbnail accurately represents the setting but fails to convey the underlying tension and frustration present in the video, it can be considered misleading.

7. **Provide a brief explanation for your decision**: The thumbnail accurately depicts the setting of the video but fails to convey the underlying tension and frustration that arises during the signing process. This omission makes the thumbnail misleading because it does not fully represent the content of the video.

**Categorization**: Misleading

**Explanation**: The thumbnail accurately represents the setting of the video but fails to convey the underlying tension and frustration that arises during the signing process, making it misleading."
h4obVdAaVgc,"### Analysis:

1. **Examine the thumbnail**: The thumbnail features a player in an England jersey celebrating, with the text ""HIGHLIGHTS Ireland vs England"" and the ITV Sport logo. It suggests a highlight reel of a match between Ireland and England.

2. **Read through the video content**: The video description provides a detailed account of an international soccer match between Ireland and England, focusing on the gameplay, player actions, and the overall atmosphere of the match.

3. **Compare the thumbnail to the actual video content**:
   - The thumbnail shows a player celebrating, which could imply a goal or a significant moment in the match.
   - The video content describes a full match with various scenes of gameplay, including defensive efforts, attacking plays, and the overall high-stakes nature of the match.

4. **Determine if the thumbnail accurately represents the video's main topic or content**:
   - While the thumbnail does depict a player in an England jersey, it does not specify the context of the match or the outcome. It could be misleading because it does not clearly indicate that the video is a comprehensive highlight reel of the entire match rather than just a single moment.

5. **Assess whether the thumbnail uses exaggeration, false promises, or clickbait tactics**:
   - The thumbnail does not use exaggerated claims or false promises. It simply shows a player celebrating, which aligns with the content of a highlight reel but does not provide enough context to ensure viewers understand the full scope of the video.

6. **Categorize the thumbnail**:
   - **Misleading**

7. **Explanation**:
   - The thumbnail suggests a highlight reel of a specific moment, but the video content is a comprehensive depiction of the entire match. While the thumbnail does not explicitly state the duration or the full content, it could give viewers the impression that they are watching a short highlight reel instead of a full match summary. This lack of clarity makes the thumbnail misleading."
CqRJ7Eag18c,"### Analysis:

1. **Examine the thumbnail**: The thumbnail shows a group of children sitting at a table, seemingly engaged in an activity. There are no visual cues suggesting a transition from day to night or a birthday celebration.

2. **Read through the video subtitles and content description**: The subtitles include phrases like ""united by a kiss,"" ""Let the party come,"" ""Feliz,"" ""Happy you,"" and ""We wish all."" These suggest a celebratory context, likely related to a birthday.

3. **Compare the thumbnail to the actual video content**: The thumbnail does not visually represent the transition from day to night or the birthday celebration described in the video description.

4. **Determine if the thumbnail accurately represents the video's main topic or content**: The thumbnail fails to convey the key elements of the video, such as the transition from day to night and the birthday celebration.

5. **Assess whether the thumbnail uses exaggeration, false promises, or clickbait tactics**: The thumbnail does not use any exaggerated claims or false promises but instead fails to accurately represent the content due to a lack of visual context.

6. **Categorize the thumbnail as either ""Misleading"" or ""Not Misleading""**: Based on the analysis, the thumbnail is misleading because it does not accurately represent the main topic or content of the video.

7. **Provide a brief explanation for your decision**: The thumbnail fails to visually communicate the transition from day to night and the birthday celebration, which are central themes of the video. It lacks the necessary context to inform viewers about the content, leading to a misleading impression.

**Categorization**: Misleading

**Explanation**: The thumbnail does not accurately represent the video's main topic or content, failing to convey the transition from day to night and the birthday celebration, which are key elements of the video."
e8D6Nhrhsxs,"### Analysis:

1. **Examine the thumbnail**: The thumbnail shows two individuals sitting on a red couch against a vibrant background with the BBC logo visible. There are no specific elements indicating the content of the video or any particular segment within the show.

2. **Read through the video subtitles and content description**: The subtitles suggest a humorous and light-hearted conversation involving music and possibly a song reference. The content description indicates a typical talk show format with a charismatic host and engaging guests discussing various topics, including music and potentially humorous anecdotes.

3. **Compare the thumbnail to the actual video content**: The thumbnail does not provide any visual cues about the specific content of the video. It simply shows two individuals sitting on a couch, which could represent any segment of the show.

4. **Determine if the thumbnail accurately represents the video's main topic or content**: Since the thumbnail does not provide any specific context or indication of the content discussed in the video, it fails to accurately represent the actual topic or content being shown.

5. **Assess whether the thumbnail uses exaggeration, false promises, or clickbait tactics**: The thumbnail does not use any exaggerated claims or false promises. It merely shows two individuals, which is a common setup for a talk show segment.

6. **Categorize the thumbnail as either ""Misleading"" or ""Not Misleading""**: Given that the thumbnail does not provide any specific information about the content of the video, it can be considered misleading.

7. **Brief explanation for the decision**: The thumbnail lacks any specific details about the content of the video, which could mislead viewers into expecting a different type of segment or topic than what is actually shown. Therefore, the thumbnail is misleading.

**Categorization**: Misleading"
4cJfxdL6llE,"### Analysis:

**Step 1: Examine the thumbnail**
The thumbnail features a man speaking into a Sky Sports microphone, suggesting a sports broadcast or analysis segment. It does not depict any specific match or game footage, nor does it show the panel of pundits or the ""Super Sunday"" branding.

**Step 2: Read through the video subtitles and content description**
The subtitles and content description describe a Sky Sports broadcast analyzing a match between Manchester United and Liverpool, focusing on the manager's pressure, team performance, and recent transfers. The discussion includes analysis of the match result, team setup, and player performances.

**Step 3: Compare the thumbnail to the actual video content**
The thumbnail does not accurately represent the video content. It shows a single presenter speaking into a microphone, which is not consistent with the wide shots of the panel of pundits and the ""Super Sunday"" branding visible in the video.

**Step 4: Determine if the thumbnail accurately represents the video's main topic or content**
The thumbnail fails to capture the essence of the video content, which involves a panel discussion and analysis of a football match. It does not provide any visual cues about the match itself or the analysis being conducted.

**Step 5: Assess whether the thumbnail uses exaggeration, false promises, or clickbait tactics**
The thumbnail does not use any exaggerated claims or false promises. However, it does not accurately reflect the content of the video, which could mislead viewers into expecting a different type of broadcast or analysis.

**Step 6: Categorize the thumbnail**
Based on the analysis, the thumbnail is misleading.

**Step 7: Provide a brief explanation for the decision**
The thumbnail depicts a single presenter speaking into a microphone, which does not align with the actual content of the video, which features a panel of pundits discussing a match. This mismatch between the thumbnail and the video content could mislead viewers into expecting a different type of broadcast or analysis, thus making the thumbnail misleading."
rBQQZ30w94w,"### Analysis of the Provided Information

#### Step 1: Examine the Thumbnail
The thumbnail shows a young boy and an adult in a room, with the boy making a ""shh"" gesture. The background includes a dresser and some shelves with items on them.

#### Step 2: Read Through the Video Subtitles and Content Description
- **Subtitles:** The subtitles indicate that the video involves hide-and-seek, specifically mentioning ""hide and seek two,"" ""skateboarding,"" and ""hallways."" The dialogue suggests a playful interaction between the adult (Caleb McCoy) and the child (Dennis Caleb McCoy).
- **Content Description:** The video appears to document a hide-and-seek game within a skateboarding facility, involving both the adult and the child. The setting transitions from outside to inside the building, with scenes of exploration and interaction within the facility.

#### Step 3: Compare the Thumbnail to the Actual Video Content
- **Thumbnail:** Depicts a quiet, indoor setting with a ""shh"" gesture, suggesting a calm or secretive atmosphere.
- **Video Content:** The video depicts a lively hide-and-seek game involving running, searching, and playful interactions, which contrasts sharply with the calm, secretive vibe suggested by the thumbnail.

#### Step 4: Determine if the Thumbnail Accurately Represents the Video's Main Topic or Content
The thumbnail does not accurately represent the energetic and playful nature of the hide-and-seek game depicted in the video. It fails to convey the dynamic and active elements of the game.

#### Step 5: Assess Whether the Thumbnail Uses Exaggeration, False Promises, or Clickbait Tactics
The thumbnail uses a misleading visual by depicting a quiet, secretive environment when the actual video content is full of movement and excitement.

#### Step 6: Categorize the Thumbnail
**Categorization:** Misleading

#### Step 7: Provide a Brief Explanation for the Decision
The thumbnail incorrectly portrays a calm, secretive setting, which does not match the lively and active hide-and-seek game shown in the video. This misleads viewers into expecting a different type of content than what is actually presented."
ZutmqaiGRrk,"### Analysis:

**Step 1: Examine the thumbnail**
The thumbnail shows a family portrait featuring a man, a woman, and a baby. The baby appears to be interacting with something off-camera, possibly a butterfly or a similar object. The image conveys a sense of warmth and familial joy.

**Step 2: Read through the video subtitles and content description**
The subtitles and content description indicate that the video is about the arrival and early days of a royal baby, specifically Prince George of Cambridge. It covers the public announcement, the birth, and the family's reactions and activities surrounding the royal event.

**Step 3: Compare the thumbnail to the actual video content**
The thumbnail depicts a family moment, which aligns closely with the content described in the video. The video indeed shows intimate family moments, including the parents with the baby, and the baby interacting with objects, which matches the image in the thumbnail.

**Step 4: Determine if the thumbnail accurately represents the video's main topic or content**
The thumbnail accurately represents the main topic of the video, which is the arrival and early days of a royal baby. It captures a family moment, which is a key element of the video content.

**Step 5: Assess whether the thumbnail uses exaggeration, false promises, or clickbait tactics**
There are no elements in the thumbnail that suggest exaggeration, false promises, or clickbait tactics. The image is straightforward and representative of the content.

**Step 6: Categorize the thumbnail**
Based on the analysis, the thumbnail is **Not Misleading**.

**Explanation:**
The thumbnail accurately reflects the content of the video, which focuses on the family moments surrounding the arrival of a royal baby. It does not use any exaggerated claims or misleading elements. Therefore, it effectively communicates the essence of the video without misleading viewers."
VcNCBP2IRUc,"### Analysis:

1. **Examine the thumbnail**: The provided thumbnail does not exist in the given information. However, based on the video description, the thumbnail would likely depict a formal royal ceremony with key figures involved in signing documents, as described in the video content.

2. **Read through the video subtitles and content description**: Since subtitles are not available, we rely on the video description for details.

3. **Compare the thumbnail to the actual video content**: Without a specific thumbnail image, we cannot directly compare it to the video content. However, the video description clearly outlines a significant royal ceremony involving the signing of documents.

4. **Determine if the thumbnail accurately represents the video's main topic or content**: Since the thumbnail is not provided, we cannot assess its accuracy against the video content.

5. **Assess whether the thumbnail uses exaggeration, false promises, or clickbait tactics**: As there is no thumbnail to evaluate, this step is not applicable.

6. **Categorize the thumbnail as either ""Misleading"" or ""Not Misleading""**: Given the lack of a thumbnail to analyze, we cannot make a determination.

7. **Provide a brief explanation for your decision**: Since there is no thumbnail to evaluate, we cannot provide an explanation for categorization.

### Conclusion:
The analysis cannot be completed due to the absence of a provided thumbnail. Therefore, the thumbnail cannot be categorized as either ""Misleading"" or ""Not Misleading."""
uxbQATBAXf8,"### Analysis:

1. **Examine the thumbnail**: The thumbnail shows two individuals sitting on a couch. One is dressed as Deadpool, the iconic Marvel character, and the other is a well-known celebrity (David Beckham). The background suggests a modern, stylish living room. The title ""DEADPOOL 2"" is prominently displayed.

2. **Read through the video subtitles and content description**: Since subtitles are not available, we rely on the video description for context. The video is described as a humorous promotional clip for the Deadpool movie franchise, featuring an unexpected interaction between Deadpool and a celebrity.

3. **Compare the thumbnail to the actual video content**: The thumbnail depicts a calm and relaxed setting with Deadpool and a celebrity sitting on a couch. However, the video content describes a series of humorous and chaotic interactions involving Deadpool entering a house unexpectedly, a mariachi band, and various expressions of surprise and discomfort from the ordinary man.

4. **Determine if the thumbnail accurately represents the video's main topic or content**: The thumbnail does not accurately represent the chaotic and humorous nature of the interactions shown in the video. It gives a misleading impression of a calm and relaxed setting rather than the comedic and unexpected events depicted.

5. **Assess whether the thumbnail uses exaggeration, false promises, or clickbait tactics**: The thumbnail uses exaggerated imagery by showing a calm and relaxed setting with a well-known celebrity, which contrasts sharply with the chaotic and humorous content of the video.

6. **Categorize the thumbnail as either ""Misleading"" or ""Not Misleading""**: Based on the analysis, the thumbnail is misleading.

7. **Provide a brief explanation for your decision**: The thumbnail inaccurately portrays a calm and relaxed setting with a celebrity, which contrasts with the chaotic and humorous interactions depicted in the video. This creates a misleading expectation for the viewer, as the thumbnail does not reflect the actual content of the video.

**Categorization**: Misleading

**Explanation**: The thumbnail uses exaggerated imagery to portray a calm and relaxed setting with a celebrity, which contrasts sharply with the chaotic and humorous content of the video. This creates a misleading expectation for the viewer."
YZK5J4PN67E,"### Analysis:

1. **Examine the thumbnail**: The provided thumbnail does not exist in the given information. Therefore, there is no visual representation to compare against the video content.

2. **Read through the video subtitles and content description**: Since subtitles are not available, we rely solely on the video description for context.

3. **Compare the thumbnail to the actual video content**: As there is no thumbnail to compare, this step is not applicable.

4. **Determine if the thumbnail accurately represents the video's main topic or content**: Since there is no thumbnail to assess, this step cannot be completed.

5. **Assess whether the thumbnail uses exaggeration, false promises, or clickbait tactics**: Similarly, since there is no thumbnail to evaluate, this assessment cannot be performed.

6. **Categorize the thumbnail as either ""Misleading"" or ""Not Misleading""**: Given the lack of a thumbnail to analyze, this categorization cannot be determined.

7. **Provide a brief explanation for your decision**: Without a thumbnail to evaluate, any analysis would be speculative and not based on factual evidence.

### Conclusion:
Since there is no thumbnail provided, the analysis cannot be completed according to the given steps. Therefore, the thumbnail cannot be categorized as either ""Misleading"" or ""Not Misleading."""
nrcrGIf0M98,"### Analysis:

1. **Examine the thumbnail**: The thumbnail shows a group of individuals, including a person with dreadlocks and sunglasses, which aligns with the description of the video content featuring a musician with similar characteristics.

2. **Read the subtitles and video content**: The subtitles and video content describe a celebration of a musician's 60th birthday, mentioning exes and friends, and discussing the musician's latest album release. The video includes scenes of the musician at events, interviews, and personal content.

3. **Compare the thumbnail to the actual video content**: The thumbnail accurately depicts the main subject of the video, which is a musician with dreadlocks and sunglasses, appearing in various settings related to their career and personal life.

4. **Determine if the thumbnail accurately represents the video's main topic or content**: The thumbnail effectively represents the main topic of the video, which is the musician's career and personal life.

5. **Assess whether the thumbnail uses exaggeration, false promises, or clickbait tactics**: The thumbnail does not use any exaggerated claims or false promises. It simply shows the subject in a typical setting, which matches the content described in the video.

6. **Categorize the thumbnail**: Based on the analysis, the thumbnail is not misleading.

7. **Explanation**: The thumbnail accurately represents the main topic of the video, which is the musician's career and personal life. It does not use any exaggerated claims or false promises. Therefore, it is categorized as ""Not Misleading.""

### Final Decision:
**Categorization:** Not Misleading

**Explanation:** The thumbnail accurately depicts the main subject of the video, which is a musician with dreadlocks and sunglasses, appearing in various settings related to their career and personal life. It does not use any exaggerated claims or false promises."
JFj1tk1vMN4,"### Analysis of the Provided Information

#### Step 1: Examine the Thumbnail
The thumbnail features two images:
1. A man in a suit, likely the same individual mentioned in the video description.
2. A photograph of the man alongside Queen Elizabeth II during a formal meeting.

#### Step 2: Read Through the Video Subtitles and Content Description
The subtitles and video content describe a series of interactions between the speaker (presumably Barack Obama) and Queen Elizabeth II, including a visit to Buckingham Palace, a tea party invitation, a state dinner, and the speaker's reflections on the Queen's personality and interactions.

#### Step 3: Compare the Thumbnail to the Actual Video Content
The thumbnail accurately depicts the main subject (Barack Obama) and includes a relevant image of him interacting with the Queen. It does not exaggerate or misrepresent any aspect of the video content.

#### Step 4: Determine if the Thumbnail Accurately Represents the Video's Main Topic or Content
The thumbnail effectively represents the main topic of the video, which is Obama's reflections on his interactions with the Queen of England and the significance of those interactions.

#### Step 5: Assess Whether the Thumbnail Uses Exaggeration, False Promises, or Clickbait Tactics
There is no indication of exaggeration, false promises, or clickbait tactics in the thumbnail. It simply presents a factual representation of the video content.

#### Step 6: Categorize the Thumbnail
Based on the analysis above, the thumbnail is accurate and does not use any misleading elements.

#### Step 7: Provide a Brief Explanation for the Decision
The thumbnail accurately reflects the content of the video, which focuses on Obama's interactions with the Queen of England and his reflections on those experiences. It does not use any exaggerated claims or misleading elements.

**Categorization:** Not Misleading

**Explanation:** The thumbnail accurately represents the main topic of the video, which is Obama's reflections on his interactions with the Queen of England, without any misleading elements."
RpkbKSKhXTY,"### Analysis:

1. **Examine the thumbnail**: The thumbnail shows a group of people seated in what looks like a stadium setting, with a focus on a few individuals. The text overlay includes the word ""Fabulous,"" which suggests a positive and celebratory tone.

2. **Read the subtitles and content description**: The subtitles mention a young prince named Louis asking to sit on his grandfather's knee during a royal celebration. The content description confirms this, detailing the interactions between the young prince and his family members, including his grandfather and grandmother.

3. **Compare the thumbnail to the actual video content**: The thumbnail depicts a general scene from a royal event, which aligns with the content description. However, the thumbnail does not specifically highlight the interaction between the young prince and his grandfather, which is a key element of the video.

4. **Determine if the thumbnail accurately represents the video's main topic or content**: While the thumbnail captures the essence of a royal event, it does not emphasize the specific moment described in the subtitles and content description, which is the young prince asking to sit on his grandfather's knee.

5. **Assess whether the thumbnail uses exaggeration, false promises, or clickbait tactics**: The thumbnail does not use exaggerated language or false promises. It simply presents a general scene from a royal event, which is accurate but lacks the specific detail of the interaction described in the subtitles.

6. **Categorize the thumbnail**: Based on the analysis, the thumbnail is not misleading because it accurately represents the setting of a royal event but fails to highlight the specific interaction described in the subtitles.

7. **Explanation**: The thumbnail provides a general representation of the event without focusing on the specific moment highlighted in the subtitles. While it accurately depicts the setting, it does not fully convey the main point of interest in the video, which is the interaction between the young prince and his grandfather.

### Final Decision:
**Not Misleading**

**Explanation**: The thumbnail accurately represents the setting of a royal event but does not emphasize the specific interaction described in the subtitles. It does not use exaggeration, false promises, or clickbait tactics."
FOlmTg8mKPk,"### Analysis:

1. **Examine the thumbnail**: The thumbnail shows a town crier dressed in traditional attire, holding a bell and a scroll, standing in front of a brick building. The image suggests a formal and ceremonial event.

2. **Read the subtitles and video content**: The subtitles indicate that the video is about welcoming the second child of the Duke and Duchess of Cambridge, which is a significant royal event. The video content describes a traditional British town crier making an announcement, which aligns with the royal event being celebrated.

3. **Compare the thumbnail to the actual video content**: The thumbnail accurately depicts the scene described in the video. It shows a town crier performing a ceremonial action, which matches the description of the royal announcement.

4. **Determine if the thumbnail accurately represents the video's main topic or content**: The thumbnail correctly represents the main topic of the video, which is a traditional British town crier making an announcement related to a royal event.

5. **Assess for exaggeration, false promises, or clickbait tactics**: There are no exaggerated claims or misleading elements in the thumbnail. It accurately reflects the content of the video.

6. **Categorize the thumbnail**: Based on the analysis, the thumbnail is not misleading.

7. **Explanation**: The thumbnail accurately portrays the scene of a town crier making an announcement, which is consistent with the royal event being celebrated. There are no misleading elements or exaggerated claims present in the thumbnail.

**Categorization**: Not Misleading

**Explanation**: The thumbnail accurately represents the video content, showing a town crier performing a ceremonial action related to a royal event, without any misleading elements."
hDNSeob7_rA,"### Analysis:

**Step 1: Examine the thumbnail**
The thumbnail shows a man wearing headphones, presumably a sports commentator, alongside an image of Cristiano Ronaldo celebrating a goal. The text overlay reads, ""ONCE IN A GENERATION TALENT!""

**Step 2: Read through the video subtitles and content description**
The subtitles discuss Cristiano Ronaldo's achievements, particularly his 900th career goal. The hosts express admiration for his talent and discuss his impact on the sport. The content description confirms that the video covers various football-related topics, including Ronaldo's milestone achievement and a match between Scotland and Poland.

**Step 3: Compare the thumbnail to the actual video content**
The thumbnail accurately represents the main topic of the video, which is Cristiano Ronaldo's 900th career goal and related discussions about his talent and impact on football. The hosts' comments about Ronaldo being a ""once-in-a-generation talent"" align with the text overlay on the thumbnail.

**Step 4: Determine if the thumbnail accurately represents the video's main topic or content**
The thumbnail effectively conveys the main topic of the video, which is Ronaldo's achievement and the hosts' admiration for his talent. It does not exaggerate or misrepresent the content.

**Step 5: Assess whether the thumbnail uses exaggeration, false promises, or clickbait tactics**
There is no exaggeration or clickbait tactics used in the thumbnail. It accurately reflects the content of the video.

**Step 6: Categorize the thumbnail**
The thumbnail is **Not Misleading**.

**Explanation:**
The thumbnail accurately represents the main topic of the video, which is Cristiano Ronaldo's 900th career goal and the hosts' admiration for his talent. It does not use any exaggerated claims or clickbait tactics. Therefore, it is not misleading."
1QCuCbccSiU,"### Analysis:

1. **Examine the thumbnail**: The thumbnail shows a group of players celebrating, with the text ""HIGHLIGHTS ENGLAND V SWITZERLAND ITV SPORT"". It suggests a highlight reel of a match between England and Switzerland.

2. **Read through the video content**: The video content describes a high-stakes international soccer match between England and Switzerland, likely part of the UEFA Euro 2024 tournament. It covers various aspects of the match including gameplay, player actions, and the crowd's reaction.

3. **Compare the thumbnail to the actual video content**: The thumbnail depicts a celebratory moment, which aligns with the content of the video as it shows highlights of the match. However, the thumbnail does not provide specific details about the gameplay or the intensity of the match.

4. **Determine if the thumbnail accurately represents the video's main topic or content**: While the thumbnail shows a celebratory moment, it does not convey the high-stakes nature of the match or the detailed gameplay described in the video. It lacks specifics about the match's intensity or the various game situations mentioned.

5. **Assess whether the thumbnail uses exaggeration, false promises, or clickbait tactics**: The thumbnail does not use exaggerated claims or false promises. It simply shows a celebratory moment, which is a common feature in sports highlights videos.

6. **Categorize the thumbnail as either ""Misleading"" or ""Not Misleading""**: Given that the thumbnail does not provide enough detail about the match's content and focuses on a celebratory moment rather than the overall intensity and gameplay, it can be considered misleading.

7. **Brief explanation for the decision**: The thumbnail fails to represent the high-stakes nature of the match and the detailed gameplay described in the video. It only shows a celebratory moment without providing context or highlighting the intense and varied aspects of the match.

**Categorization**: Misleading

**Explanation**: The thumbnail inaccurately represents the video's content by focusing on a celebratory moment rather than the high-stakes and varied gameplay described in the video."
nwtZG78DXEY,"### Analysis:

1. **Examine the thumbnail**: The thumbnail shows a close-up of two individuals dressed formally, likely members of the royal family, with a large audience in the background. The text overlay says ""WATCH THE VIDEO.""

2. **Read through the video subtitles and content description**: The video description does not provide any subtitles, but it describes a series of scenes from a royal event, specifically the Platinum Jubilee celebrations for Queen Elizabeth II at St. Paul's Cathedral. It highlights the grandeur of the occasion, the formal attire of attendees, and the interactions between them.

3. **Compare the thumbnail to the actual video content**: The thumbnail depicts a close-up of two individuals, which aligns with the video content that includes close-ups of attendees. However, the thumbnail does not provide any specific details about the event or the reactions mentioned in the video description.

4. **Determine if the thumbnail accurately represents the video's main topic or content**: While the thumbnail captures a moment from the event, it does not convey the broader context or the specific details mentioned in the video description, such as the solemn yet celebratory atmosphere, the interactions between attendees, and the departure of guests.

5. **Assess whether the thumbnail uses exaggeration, false promises, or clickbait tactics**: The thumbnail does not use exaggerated claims or false promises. It simply shows a moment from the event, which is accurate but lacks the specific details that would give viewers a clear idea of the content.

6. **Categorize the thumbnail as either ""Misleading"" or ""Not Misleading""**: Given that the thumbnail provides a general representation of the event but lacks the specific details mentioned in the video description, it can be considered misleading because it does not fully convey the essence of the video content.

7. **Brief explanation for the decision**: The thumbnail accurately captures a moment from the event but fails to provide the specific details about the atmosphere, interactions, and reactions described in the video. This omission makes the thumbnail misleading as it does not fully represent the content of the video.

**Categorization**: Misleading

**Explanation**: The thumbnail accurately captures a moment from the event but lacks the specific details mentioned in the video description, making it misleading."
HI52nXTLmb8,"### Analysis:

**Step 1: Examine the thumbnail**
- The thumbnail features a man with red hair and a beard, wearing a navy jacket and blue shirt. It appears to be from an interview setting.

**Step 2: Read through the video subtitles and content description**
- The subtitles indicate that the video contains interviews and public appearances involving a high-profile couple, likely discussing family dynamics and personal revelations related to the British royal family.
- The content description mentions interviews with Prince Harry, discussions about family dynamics, and the departure of the Sussexes from the royal family.

**Step 3: Compare the thumbnail to the actual video content**
- The thumbnail shows a man in an interview setting, which aligns with the content described in the subtitles and video description.
- The video content includes interviews with Prince Harry, discussing family dynamics and personal revelations, which matches the theme suggested by the thumbnail.

**Step 4: Determine if the thumbnail accurately represents the video's main topic or content**
- The thumbnail accurately represents the main topic of the video, which involves interviews and discussions about family dynamics and personal revelations related to the royal family.

**Step 5: Assess whether the thumbnail uses exaggeration, false promises, or clickbait tactics**
- The thumbnail does not use any exaggerated claims or false promises. It simply shows a man in an interview setting, which is consistent with the content described in the subtitles and video description.

**Step 6: Categorize the thumbnail**
- **Categorization:** Not Misleading

**Explanation:**
- The thumbnail accurately represents the main topic of the video, which involves interviews and discussions about family dynamics and personal revelations related to the royal family. There are no exaggerated claims or false promises in the thumbnail, and it effectively sets the viewer's expectations based on the content described in the subtitles and video description. Therefore, the thumbnail is not misleading."
mkWEFpSzDuQ,"### Analysis:

1. **Examine the thumbnail**: The thumbnail features Prince Harry and Meghan Markle with the text ""HARRY TO 'RECEIVE MILLIONS'"". 

2. **Read through the video content**:
   - The video discusses the royal inheritance situation involving Prince Harry and the royal family.
   - It mentions that Prince Harry is set to inherit millions from a trust established by the late Queen Mother.
   - The video provides historical context and details about the trust and its structure.

3. **Compare the thumbnail to the actual video content**:
   - The thumbnail accurately reflects the main topic discussed in the video, which is Prince Harry receiving millions from a royal trust.
   - The text ""HARRY TO 'RECEIVE MILLIONS'"" directly corresponds to the content described in the video.

4. **Determine if the thumbnail accurately represents the video's main topic or content**:
   - The thumbnail accurately represents the main topic of the video, which is Prince Harry inheriting money from a royal trust.

5. **Assess whether the thumbnail uses exaggeration, false promises, or clickbait tactics**:
   - There is no exaggeration or false promise in the thumbnail. It simply states the fact that Prince Harry is expected to receive millions from a trust.

6. **Categorize the thumbnail**:
   - The thumbnail is not misleading.

7. **Explanation**:
   - The thumbnail accurately represents the main topic of the video without any exaggeration or misleading elements. It clearly communicates the key point that Prince Harry is expected to inherit millions from a royal trust, which aligns perfectly with the content of the video.

### Final Categorization:
**Not Misleading**

**Explanation**: The thumbnail accurately represents the main topic of the video without any exaggeration or misleading elements."
Ie3w5uvj-Eo,"### Analysis:

1. **Examine the thumbnail**: The provided thumbnail does not appear to be included in the given information. Therefore, there is no thumbnail to evaluate against the video content.

2. **Read through the video subtitles and content description**: The subtitles provided do not seem to correspond directly to the video content described. Instead, they appear to be a snippet of dialogue from the video itself, which does not provide any context about the content or purpose of the video.

3. **Compare the thumbnail to the actual video content**: Since there is no thumbnail available, this step cannot be performed.

4. **Determine if the thumbnail accurately represents the video's main topic or content**: As there is no thumbnail to assess, this step cannot be completed.

5. **Assess whether the thumbnail uses exaggeration, false promises, or clickbait tactics**: Since there is no thumbnail to assess, this step cannot be performed.

6. **Categorize the thumbnail as either ""Misleading"" or ""Not Misleading""**: Given the lack of a thumbnail to evaluate, this categorization cannot be determined.

7. **Provide a brief explanation for your decision**: Without a thumbnail to analyze, it is impossible to make a determination regarding the thumbnail's accuracy or misleading nature.

### Conclusion:
Since the provided information does not include a thumbnail, the analysis cannot be completed according to the outlined steps. Therefore, the thumbnail cannot be categorized as either ""Misleading"" or ""Not Misleading."""
bbEbBHFBAkY,"### Analysis:

1. **Examine the thumbnail**: The thumbnail shows a man in a suit, seemingly in a formal setting, but no specific details about the event or the context are provided.

2. **Read through the video subtitles and content description**: The subtitles are not available, so we rely solely on the video description for context.

3. **Compare the thumbnail to the actual video content**:
   - The thumbnail depicts a man in a suit, which aligns with the formal setting described in the video description.
   - However, the thumbnail does not provide any specific details about the event being a graduation or honorary degree conferral, nor does it indicate the presence of royalty or high-ranking officials.

4. **Determine if the thumbnail accurately represents the video's main topic or content**:
   - The thumbnail accurately represents the formal setting but lacks crucial details about the specific event (graduation, honorary degree, presence of royalty).

5. **Assess whether the thumbnail uses exaggeration, false promises, or clickbait tactics**:
   - The thumbnail does not use exaggerated claims or false promises. It simply shows a man in a suit, which is consistent with the formal setting described in the video.

6. **Categorize the thumbnail as either ""Misleading"" or ""Not Misleading""**:
   - Given that the thumbnail provides a general impression of a formal event but lacks specific details about the nature of the ceremony, it can be considered misleading because it does not fully convey the specific context of the event.

7. **Brief explanation for the decision**:
   - The thumbnail accurately portrays a formal setting but fails to inform viewers about the specific type of ceremony (graduation, honorary degree) or the presence of royalty, which are key elements of the event depicted in the video. This omission makes the thumbnail misleading as it does not fully represent the content of the video.

### Conclusion:
**Categorization: Misleading**

**Explanation:** The thumbnail accurately depicts a formal setting but lacks crucial details about the specific nature of the ceremony and the presence of royalty, making it misleading."
1JsRIZQpkRU,"### Analysis and Categorization

#### Step 1: Examine the thumbnail
The thumbnail features a presenter standing in front of a backdrop of Earth, which is partially visible. The Earth is shown with a clear view of continents and oceans, and the BBC logo is present in the top right corner.

#### Step 2: Read through the video subtitles and content description
The subtitles and video content describe a BBC production focused on global environmental issues, including discussions on biodiversity, industrial pollution, natural disasters, refugee camps, and the impact of climate change. The presenter emphasizes the urgency of addressing these issues and the potential for human ingenuity to solve them.

#### Step 3: Compare the thumbnail to the actual video content
The thumbnail effectively captures the essence of the video content, which revolves around the global environment and its challenges. The presence of Earth in the background reinforces the theme of the video, which is clearly about environmental issues affecting the entire planet.

#### Step 4: Determine if the thumbnail accurately represents the video's main topic or content
The thumbnail accurately represents the main topic of the video, which is the global environmental issues and their impacts. It does not mislead viewers about the content of the video.

#### Step 5: Assess whether the thumbnail uses exaggeration, false promises, or clickbait tactics
There are no elements in the thumbnail that suggest exaggeration, false promises, or clickbait tactics. The thumbnail is straightforward and informative, providing a clear visual cue about the subject matter.

#### Step 6: Categorize the thumbnail
Based on the analysis, the thumbnail is **Not Misleading**.

#### Step 7: Provide a brief explanation for the decision
The thumbnail accurately depicts the main topic of the video, which is the global environmental issues and their impacts. It does not use any exaggerated claims or misleading elements. Therefore, it is categorized as **Not Misleading**."
jqWJ7xAbPnA,"### Analysis of the Provided Information

#### Step 1: Examine the Thumbnail
The thumbnail features a woman with long blonde hair, looking serious or emotional. The NBC News logo and the ""TODAY"" show logo are present, indicating that this is an exclusive interview segment.

#### Step 2: Read Through the Video Subtitles and Content Description
The subtitles and content description indicate that this is an interview with Amber Heard, discussing a legal proceeding involving allegations of domestic and sexual abuse. The video seems to cover various aspects of the case, including courtroom settings and reactions from both Amber Heard and the interviewer.

#### Step 3: Compare the Thumbnail to the Actual Video Content
The thumbnail shows a woman who appears to be Amber Heard, which aligns with the content described in the video. However, the thumbnail does not provide any specific details about the legal proceedings or the nature of the interview.

#### Step 4: Determine if the Thumbnail Accurately Represents the Video's Main Topic or Content
The thumbnail accurately represents the main topic of the video, which is an interview with Amber Heard. It does not provide any misleading information about the content of the interview itself.

#### Step 5: Assess Whether the Thumbnail Uses Exaggeration, False Promises, or Clickbait Tactics
The thumbnail does not use any exaggerated claims or false promises. It simply shows a woman who is likely Amber Heard, which is appropriate for an interview segment.

#### Step 6: Categorize the Thumbnail as Either ""Misleading"" or ""Not Misleading""
Based on the analysis, the thumbnail is **Not Misleading**.

#### Step 7: Provide a Brief Explanation for Your Decision
The thumbnail accurately depicts the subject of the video (Amber Heard) and the context (an interview). It does not contain any misleading information or use clickbait tactics. The thumbnail effectively sets the expectation for viewers that they will be watching an interview with Amber Heard discussing a legal case."
lQLzQsYH7z8,"### Analysis:

**Step 1:** Examine the thumbnail.
- The thumbnail depicts a character in a vibrant, stylized animation style, holding a shield and a sword, standing amidst ancient Greek architecture. The color palette is bright and the character design is simplified yet expressive.

**Step 2:** Read through the video subtitles and content description.
- The subtitles describe the story of Perseus and Medusa, a well-known Greek myth. The video explains the quest of Perseus to obtain Medusa's head, the role of Athena and Hermes in providing Perseus with necessary items, and the eventual outcome where Perseus defeats Medusa and saves Danae from Polydectes.

**Step 3:** Compare the thumbnail to the actual video content.
- The thumbnail shows a character in a dynamic pose, holding a shield and sword, which aligns with the depiction of Perseus in the video. However, the specific elements like the shield and sword are not explicitly mentioned in the video description.

**Step 4:** Determine if the thumbnail accurately represents the video's main topic or content.
- The thumbnail accurately represents the main topic of the video, which is the myth of Perseus and Medusa. It captures the essence of the hero and the quest, which are central themes in the story.

**Step 5:** Assess whether the thumbnail uses exaggeration, false promises, or clickbait tactics.
- There is no indication of exaggeration, false promises, or clickbait tactics in the thumbnail. It simply presents the character in a heroic stance, which is appropriate for the subject matter.

**Step 6:** Categorize the thumbnail as either ""Misleading"" or ""Not Misleading"".
- **Categorization:** Not Misleading

**Explanation:** The thumbnail accurately represents the main theme of the video, which is the myth of Perseus and Medusa. It does not use any exaggerated claims or misleading elements. The image effectively conveys the heroic nature of the character and the quest, which are key components of the story being told. Therefore, the thumbnail is not misleading."
cHylAeteEyI,"### Analysis:

1. **Thumbnail Examination**:
   - The thumbnail features three individuals, presumably hosts or guests, smiling and appearing to be part of a talk show or interview format.
   - The text ""FULL EPISODE"" suggests that the thumbnail is promoting a complete episode of a show.

2. **Video Subtitles and Content Description**:
   - The subtitles indicate that the video is a compilation of scenes from a talk show or similar television program.
   - The content includes various segments such as interviews, audience interaction, and potentially some field reporting.
   - The overall tone is described as upbeat and entertaining.

3. **Comparison**:
   - The thumbnail shows a talk show format with multiple individuals, which aligns with the description of a talk show or interview series.
   - The text ""FULL EPISODE"" implies that the thumbnail is promoting a full episode, which matches the content described in the video.

4. **Accuracy**:
   - The thumbnail accurately represents the type of content shown in the video (a talk show or interview series).
   - There are no exaggerated claims or misleading elements in the thumbnail.

5. **Assessment**:
   - The thumbnail does not use any clickbait tactics or false promises.
   - It accurately reflects the content of the video.

### Conclusion:

The thumbnail is **Not Misleading**.

**Explanation**: The thumbnail accurately depicts the type of content shown in the video, which is a talk show or interview series. It does not exaggerate or misrepresent the nature of the content. Therefore, it is not misleading."
QAJoFps0OgA,"### Analysis:

1. **Examine the thumbnail**: The provided thumbnail does not exist in the given information. Therefore, we cannot assess the thumbnail against the video content directly.

2. **Read through the video subtitles and content description**: Since subtitles are not available, we rely solely on the video description for analysis.

3. **Compare the thumbnail to the actual video content**: As the thumbnail is missing, we compare the video content directly to the provided description.

4. **Determine if the thumbnail accurately represents the video's main topic or content**: Since there is no thumbnail to evaluate, we focus on the video content itself.

5. **Assess whether the thumbnail uses exaggeration, false promises, or clickbait tactics**: There is no thumbnail to assess here.

6. **Categorize the thumbnail as either ""Misleading"" or ""Not Misleading""**: Given the lack of a thumbnail, we cannot categorize it as either misleading or not misleading.

7. **Provide a brief explanation for your decision**: Without a thumbnail to evaluate, we cannot make a determination based on the provided information.

### Conclusion:
The thumbnail is missing, so it cannot be assessed for misleading or not misleading purposes."
NQMicLluWfs,"### Analysis:

1. **Examine the thumbnail**: The thumbnail shows a person dressed in elaborate royal attire, seated on a throne, wearing a crown, scepter, and orb. The image conveys a sense of grandeur and solemnity associated with a royal coronation ceremony.

2. **Read the subtitles and video content**: The subtitles describe the various elements of the coronation ceremony, including the crowning moment, the presentation of regalia, and the solemn atmosphere. The video content confirms these elements, depicting a traditional royal coronation with religious figures, dignitaries, and the new monarch in ceremonial attire.

3. **Compare the thumbnail to the actual video content**: The thumbnail accurately represents the main topic of the video, which is a royal coronation ceremony. It captures the essence of the event, showing the monarch in regal attire and the ceremonial elements involved.

4. **Determine if the thumbnail accurately represents the video's main topic or content**: The thumbnail effectively communicates the theme of the video without any exaggeration or misleading elements.

5. **Assess whether the thumbnail uses exaggeration, false promises, or clickbait tactics**: The thumbnail does not use any exaggerated claims or false promises. It simply depicts the visual elements of a royal coronation, which aligns perfectly with the content described in the video.

6. **Categorize the thumbnail**: Based on the analysis, the thumbnail is not misleading.

7. **Explanation**: The thumbnail accurately represents the main topic of the video, which is a royal coronation ceremony. It does not use any misleading elements or clickbait tactics. Therefore, the thumbnail is categorized as ""Not Misleading.""

### Final Decision:
**Categorization:** Not Misleading  
**Explanation:** The thumbnail accurately represents the main topic of the video, which is a royal coronation ceremony, without any misleading elements or clickbait tactics."
TzNCqZsFdKE,"### Analysis:

1. **Examine the thumbnail**: The provided thumbnail does not exist in the given information. Therefore, there is no visual representation to compare against the video content.

2. **Read through the video subtitles and content description**: Since subtitles are not available, we rely solely on the video description for analysis.

3. **Compare the thumbnail to the actual video content**: As there is no thumbnail to compare, this step is not applicable.

4. **Determine if the thumbnail accurately represents the video's main topic or content**: Since there is no thumbnail to assess, this step cannot be performed.

5. **Assess whether the thumbnail uses exaggeration, false promises, or clickbait tactics**: Since there is no thumbnail to evaluate, this step is also not applicable.

6. **Categorize the thumbnail as either ""Misleading"" or ""Not Misleading""**: Given the lack of a thumbnail to analyze, this categorization cannot be determined.

7. **Provide a brief explanation for your decision**: Without a thumbnail to evaluate, it is impossible to make a determination regarding misleading or not misleading.

### Conclusion:
The provided information does not include a thumbnail to analyze. Therefore, the thumbnail cannot be categorized as either ""Misleading"" or ""Not Misleading."""
erbk87CRLeA,"### Analysis:

1. **Examine the thumbnail**: The thumbnail depicts a person holding a flag, which suggests a formal or official event, possibly involving a leader or a significant figure.
   
2. **Read the subtitles and video content**: The subtitles and video content describe a papal visit to a Pacific island nation, specifically Papua New Guinea. The presence of religious figures, traditional attire, and the mention of the ""Wewak Diocese"" further support this context.

3. **Compare the thumbnail to the actual video content**: The thumbnail does not explicitly depict the Pope or any religious figure, but rather a person holding a flag. While the event is indeed a significant religious occasion, the thumbnail does not accurately represent the main topic or content of the video.

4. **Determine if the thumbnail accurately represents the video's main topic or content**: The thumbnail fails to convey the specific nature of the event (a papal visit) and instead suggests a more general formal event. This misleads viewers into expecting a different type of content.

5. **Assess whether the thumbnail uses exaggeration, false promises, or clickbait tactics**: The thumbnail does not use exaggerated claims or false promises but rather a generic depiction that could lead viewers to believe the content is about a different event.

6. **Categorize the thumbnail**: Based on the analysis, the thumbnail is misleading because it does not accurately represent the main topic or content of the video.

7. **Explanation**: The thumbnail fails to communicate the specific nature of the event being depicted in the video. It suggests a more general formal event without specifying the religious significance or the presence of the Pope, which is the central theme of the video.

**Categorization**: Misleading

**Explanation**: The thumbnail inaccurately represents the main topic of the video by failing to convey the specific nature of a papal visit, leading viewers to expect a different type of content."
WBpVPpc-Uus,"### Analysis:

1. **Thumbnail**: The thumbnail shows a cricket player in a blue uniform, likely an Indian batsman, preparing to face a delivery. The image captures a moment of concentration and readiness during a match.

2. **Video Subtitles**: The subtitles provide commentary on the player's performance, highlighting his skills and the excitement of the match. They mention specific shots and the player's record, emphasizing his talent and the importance of the match.

3. **Video Content Description**: The video is a compilation of cricket highlights featuring an Indian batsman in action. It showcases various shots, the player's skill, and the crowd's reaction. The video also includes commentary on the player's performance and the match's progress.

### Comparison:

- **Thumbnail vs. Video Content**: The thumbnail accurately depicts a cricket player in action, which aligns with the content of the video. The video itself is a compilation of highlights, focusing on the player's performance and the match's atmosphere.

### Assessment:

- **Exaggeration/Clickbait Tactics**: The thumbnail does not use any exaggerated claims or clickbait tactics. It simply shows a player in action, which is consistent with the video content.
  
- **Accuracy Representation**: The thumbnail accurately represents the video content by showing a cricket player in action, which is the central theme of the video.

### Conclusion:

**Categorization**: Not Misleading

**Explanation**: The thumbnail accurately represents the video content by showing a cricket player in action, which is consistent with the video's focus on the player's performance and the match's atmosphere. There are no exaggerated claims or clickbait tactics used in the thumbnail."
v6rKIGxAz7c,"### Analysis:

1. **Examine the thumbnail**: The thumbnail features Jamie Foxx and Denzel Washington smiling and laughing together. The text overlay reads ""JAMIE FOXX + DENZEL WASHINGTON.""

2. **Read the subtitles and content description**: The subtitles include a mix of casual conversation and humorous exchanges between the two actors. The content description describes a behind-the-scenes or interview segment featuring a dynamic and engaging conversation between the two actors in a stylish setting.

3. **Compare the thumbnail to the actual video content**:
   - The thumbnail shows Jamie Foxx and Denzel Washington smiling and laughing, which aligns with the content description mentioning a ""dynamic, engaging conversation.""
   - However, the thumbnail does not provide any specific context about the nature of the conversation or the topics discussed, which could be misleading if viewers expect a more serious or formal interview.

4. **Determine if the thumbnail accurately represents the video's main topic or content**:
   - While the thumbnail accurately depicts the actors smiling and laughing, it does not convey the specific nature of the conversation or the topics discussed.
   - The thumbnail suggests a light-hearted and enjoyable interaction, which may not fully represent the depth and seriousness of the discussion as implied by the subtitles and content description.

5. **Assess whether the thumbnail uses exaggeration, false promises, or clickbait tactics**:
   - The thumbnail does not use exaggerated claims or false promises. It simply shows the actors in a positive light, which is appropriate for a behind-the-scenes or interview segment.

6. **Categorize the thumbnail**:
   - Given that the thumbnail accurately depicts the actors smiling and laughing, but does not provide enough context about the content of the conversation, it can be considered slightly misleading.

### Final Decision:
**Misleading**

**Explanation**: The thumbnail accurately portrays Jamie Foxx and Denzel Washington smiling and laughing, which aligns with the overall tone of the video. However, it does not provide sufficient context about the specific topics discussed or the depth of the conversation, which could mislead viewers expecting a more serious or formal interview."
V7b_kGNQF90,"### Analysis:

1. **Examine the thumbnail**: The thumbnail features a player in a red and white jersey celebrating a goal. The text reads ""HARRY KANE 2024.""

2. **Read through the video subtitles and content description**: Since there are no subtitles, we rely on the video description for context.

3. **Compare the thumbnail to the actual video content**:
   - The thumbnail shows a player celebrating a goal, which aligns with the video content as it includes scenes of goal celebrations.
   - However, the thumbnail does not explicitly mention that the video is a compilation of soccer highlights or that it features multiple matches and players.
   - The thumbnail focuses solely on Harry Kane, suggesting that the entire video revolves around him, which may not be accurate based on the video description.

4. **Determine if the thumbnail accurately represents the video's main topic or content**:
   - While the thumbnail accurately depicts a goal celebration, it does not convey the broader nature of the video as a compilation of soccer highlights featuring multiple matches and players.
   - The thumbnail might give viewers the impression that the video is primarily about Harry Kane when it actually showcases a variety of matches and players.

5. **Assess whether the thumbnail uses exaggeration, false promises, or clickbait tactics**:
   - The thumbnail does not use exaggerated claims or false promises but rather focuses on a specific moment that could be misleading.
   - It does not use clickbait tactics but might mislead viewers into expecting a video focused entirely on Harry Kane when it is a compilation of soccer highlights.

6. **Categorize the thumbnail**:
   - **Misleading**

7. **Explanation**:
   - The thumbnail effectively captures a key moment from the video but fails to communicate the comprehensive nature of the content. It suggests that the video is primarily about Harry Kane, which is not necessarily true based on the video description. This could lead viewers to expect a video focused on just one player when it is a broader compilation of soccer highlights featuring multiple matches and players."
HNwoRxZzbjM,"Categorization: Not Misleading

Explanation: The thumbnail features Amber Heard on a talk show set with the text ""Amber Heard."" The video content confirms that it is indeed from ""The Tonight Show Starring Jimmy Fallon,"" which aligns with the thumbnail. There are no exaggerated claims or misleading elements present in the thumbnail. The thumbnail accurately represents the video content, showing the host interviewing Amber Heard, which matches the video description."
o88is6MRXko,"### Analysis of the Provided Information

#### Step 1: Examine the Thumbnail
The thumbnail features Erling Haaland, a professional soccer player, with a search bar overlay containing questions related to him. The text ""Saturday Social"" is prominently displayed, suggesting a social media or interview format.

#### Step 2: Read Through the Video Subtitles and Content Description
The subtitles indicate that the video is a compilation of scenes from a soccer video game and interviews with Erling Haaland. The content includes discussions about his career, achievements, and personal preferences, such as playing for England and his favorite goals.

#### Step 3: Compare the Thumbnail to the Actual Video Content
The thumbnail shows Erling Haaland being interviewed, which aligns with the content described in the video description. However, the thumbnail does not explicitly mention the video game aspect or the interview format.

#### Step 4: Determine if the Thumbnail Accurately Represents the Video's Main Topic or Content
The thumbnail accurately represents the main topic of the video, which is an interview with Erling Haaland discussing his career and personal preferences. The search bar with questions further suggests that the video involves viewer interaction or commonly asked questions about the player.

#### Step 5: Assess Whether the Thumbnail Uses Exaggeration, False Promises, or Clickbait Tactics
The thumbnail does not use exaggerated claims or false promises. It accurately reflects the content of the video, which is an interview with Erling Haaland.

#### Step 6: Categorize the Thumbnail
Based on the analysis, the thumbnail is not misleading.

#### Step 7: Provide a Brief Explanation for the Decision
The thumbnail accurately represents the content of the video, which is an interview with Erling Haaland discussing his career and personal preferences. There are no exaggerated claims or false promises used in the thumbnail. Therefore, the thumbnail is categorized as ""Not Misleading.""

### Final Answer
**Categorization:** Not Misleading  
**Explanation:** The thumbnail accurately represents the content of the video, which is an interview with Erling Haaland discussing his career and personal preferences. There are no exaggerated claims or false promises used in the thumbnail."
ApPkdTNbcY8,"### Analysis:

1. **Examine the thumbnail**: The thumbnail shows a young boy in a plaid shirt holding a red spherical object, likely a ball or a globe, on an airplane. There is no visible text or additional imagery that suggests the video is about Turkish Airlines or any specific airline-related content.

2. **Read through the subtitles and content description**: The subtitles mention a young boy and a man interacting playfully on an airplane, with activities like building a house of cards, creating balloon animals, and stacking playing cards. The content description emphasizes the airline's in-flight entertainment and service, highlighting a fun and engaging atmosphere for passengers.

3. **Compare the thumbnail to the actual video content**: The thumbnail does not provide any indication of the airline or the playful interactions described in the video. It simply shows a boy holding a red object on an airplane.

4. **Determine if the thumbnail accurately represents the video's main topic or content**: The thumbnail fails to represent the main topic or content of the video, which revolves around the airline's services and the fun activities onboard.

5. **Assess whether the thumbnail uses exaggeration, false promises, or clickbait tactics**: The thumbnail does not use any exaggerated claims or false promises. However, it does not accurately reflect the content of the video.

6. **Categorize the thumbnail as either ""Misleading"" or ""Not Misleading""**: Given that the thumbnail does not accurately represent the content of the video, it can be considered misleading.

7. **Brief explanation for the decision**: The thumbnail fails to convey the airline-specific content or the playful interactions described in the video. It merely shows a boy holding a red object on an airplane, which does not align with the airline-focused and fun-filled theme of the video.

### Final Categorization: Misleading"
hmFQqjMF_f0,"### Analysis and Categorization

#### Step 1: Examine the Thumbnail
The thumbnail features a cartoon illustration of a girl holding a tennis racket with the text ""HOW PLAYING SPORTS BENEFITS YOUR BODY AND YOUR BRAIN."" The image is bright and engaging, with a clear focus on sports and physical activity.

#### Step 2: Read Through the Video Subtitles and Content Description
The subtitles and video content describe the benefits of sports participation, including physical health improvements (like bone strength and reduced risk of diseases), mental health benefits (such as improved mood and memory), and social benefits (like learning teamwork and self-confidence). The video emphasizes the holistic benefits of sports, including both physical and mental advantages.

#### Step 3: Compare the Thumbnail to the Actual Video Content
The thumbnail effectively captures the essence of the video content by highlighting the dual benefits of sports—both physical and mental. It aligns well with the video’s focus on the comprehensive advantages of participating in sports.

#### Step 4: Determine if the Thumbnail Accurately Represents the Video's Main Topic or Content
The thumbnail accurately represents the main topic of the video, which is the multifaceted benefits of sports participation. It does not oversimplify or misrepresent the content.

#### Step 5: Assess Whether the Thumbnail Uses Exaggeration, False Promises, or Clickbait Tactics
The thumbnail does not use any exaggerated claims or false promises. It clearly communicates the main theme without misleading viewers into expecting a narrow or misleading focus.

#### Step 6: Categorize the Thumbnail
Based on the analysis above, the thumbnail is **Not Misleading**.

#### Step 7: Provide a Brief Explanation for the Decision
The thumbnail accurately reflects the video's content by emphasizing the dual benefits of sports participation—both physical and mental. It does not use any misleading elements or clickbait tactics. Therefore, it is categorized as **Not Misleading**."
3jL6LlUL5wE,"### Analysis:

1. **Examine the thumbnail**: The thumbnail shows a lighthouse with the text ""I Live Here"" pointing towards the structure. It suggests that the video is about someone living in a lighthouse.

2. **Read the subtitles and video content**:
   - The subtitles indicate that the video is about Sheila Consaul, who lives in a lighthouse she purchased from the federal government.
   - The video describes her experience living in the lighthouse, including the challenges and benefits of her unique living situation.

3. **Compare the thumbnail to the actual video content**:
   - The thumbnail accurately represents the main topic of the video, which is about living in a lighthouse.
   - The subtitles and video content confirm that the video is indeed about Sheila Consaul living in a lighthouse.

4. **Determine if the thumbnail accurately represents the video's main topic or content**:
   - The thumbnail correctly conveys that the video is about living in a lighthouse.
   - There are no exaggerated claims or misleading elements in the thumbnail.

5. **Assess whether the thumbnail uses exaggeration, false promises, or clickbait tactics**:
   - The thumbnail does not use any exaggerated claims or false promises.
   - There is no clickbait element in the thumbnail.

6. **Categorize the thumbnail**:
   - The thumbnail is not misleading.

7. **Explanation**:
   - The thumbnail accurately represents the main topic of the video, which is about living in a lighthouse. It does not use any exaggerated claims or false promises. Therefore, it is not misleading.

### Final Decision:
**Categorization: Not Misleading**

**Explanation:** The thumbnail accurately represents the main topic of the video, which is about living in a lighthouse. It does not use any exaggerated claims or false promises."
qOU2xzJiXNU,"### Analysis:

1. **Examine the thumbnail**:
   - The thumbnail features a player in a white jersey with the number 19, celebrating. The text reads ""HIGHLIGHTS NETHERLANDS V ENGLAND ITV SPORT.""

2. **Read through the video subtitles and content description**:
   - There are no subtitles provided in the video description.
   - The video content description describes a series of key moments from an international soccer match between the Netherlands and England, including goals scored, celebrations, and the overall competitive nature of the game.

3. **Compare the thumbnail to the actual video content**:
   - The thumbnail shows a player celebrating, which aligns with the content of the video where players celebrate after scoring goals.
   - However, the thumbnail does not provide any specific details about the match results or the sequence of events within the game.

4. **Determine if the thumbnail accurately represents the video's main topic or content**:
   - The thumbnail accurately depicts a celebratory moment from the match but does not convey the full scope of the video content, which includes multiple goals, celebrations, and the overall competitive nature of the game.

5. **Assess whether the thumbnail uses exaggeration, false promises, or clickbait tactics**:
   - The thumbnail does not use exaggerated claims or false promises. It simply shows a celebratory moment, which is a common highlight in sports videos.

6. **Categorize the thumbnail as either ""Misleading"" or ""Not Misleading""**:
   - **Misleading**

7. **Brief explanation for the decision**:
   - While the thumbnail accurately depicts a celebratory moment from the match, it fails to convey the full range of events and the competitive nature of the game. The thumbnail does not provide enough context to give viewers a comprehensive understanding of the video's content, making it misleading."
_BCfN5vSMHw,"### Analysis:

1. **Examine the thumbnail**: The thumbnail does not appear to be provided in the given information. Therefore, there is no visual reference to compare against the video content.

2. **Read through the video subtitles and content description**: Since subtitles are not available, we rely on the video description for context.

3. **Compare the thumbnail to the actual video content**: As there is no thumbnail to compare, this step is not applicable.

4. **Determine if the thumbnail accurately represents the video's main topic or content**: Since there is no thumbnail to assess, this step cannot be performed.

5. **Assess whether the thumbnail uses exaggeration, false promises, or clickbait tactics**: Similarly, since there is no thumbnail to evaluate, this step is also not applicable.

6. **Categorize the thumbnail as either ""Misleading"" or ""Not Misleading""**: Given the lack of a thumbnail to analyze, this categorization cannot be determined.

7. **Provide a brief explanation for your decision**: Without a thumbnail to evaluate, it is impossible to make a determination regarding the thumbnail's accuracy or misleading nature.

### Conclusion:
Since the thumbnail is not provided, the analysis cannot be completed according to the given criteria. Therefore, the thumbnail cannot be categorized as either ""Misleading"" or ""Not Misleading."""
