video_id,classification
LtC4I9tKVMs,"### Analysis:

1. **Examine the thumbnail**: The thumbnail shows a group of people running away from a large explosion with thick black smoke billowing into the sky. The image is dramatic and captures a moment of urgency and danger.

2. **Read through the video subtitles and content description**: The subtitles simply ask viewers to like and subscribe, which is standard for any video content. The content description describes a military operation involving helicopters, missiles, and explosions, but does not mention anything about civilians running away from an explosion.

3. **Compare the thumbnail to the actual video content**: The thumbnail depicts a scene of civilians running away from a large explosion, which is not mentioned in the video description. The video content focuses on military operations, including aerial views, targeting systems, and explosions, but does not feature civilians running away from an explosion.

4. **Determine if the thumbnail accurately represents the video's main topic or content**: The thumbnail does not accurately represent the main topic or content of the video. It misleads viewers by suggesting that the video is about civilians fleeing a dangerous situation when it actually depicts a military operation.

5. **Assess whether the thumbnail uses exaggeration, false promises, or clickbait tactics**: The thumbnail uses exaggerated imagery (people running away from a large explosion) to attract attention, which is a common tactic used in clickbait videos. However, the thumbnail does not explicitly promise or suggest that the video contains content about civilians running away from an explosion; it merely depicts a dramatic scene that could be misleading.

6. **Categorize the thumbnail as either ""Misleading"" or ""Not Misleading""**: Based on the analysis, the thumbnail is misleading because it does not accurately represent the content of the video and may lead viewers to expect a different type of content than what they will find.

7. **Brief explanation for the decision**: The thumbnail uses dramatic imagery to attract viewers' attention but fails to provide accurate information about the video's content. While the imagery is visually striking, it does not reflect the actual subject matter of the video, which is a military operation rather than a scene of civilians running away from an explosion. Therefore, the thumbnail is misleading."
25N0R1KnXVs,"### Analysis of the Thumbnail and Content Comparison

#### Step 1: Examine the Thumbnail
The thumbnail features a man standing in front of two boats. One boat is emitting green laser beams, while the other is engulfed in flames. The background shows a serene coastal landscape, which contrasts sharply with the dramatic imagery of the boats.

#### Step 2: Read Through the Video Subtitles and Content Description
The subtitles mention a comparison between the destructive power of lava and a laser. The video describes various experiments involving different elements, such as glass containers, popcorn kernels, a metal maze, a can of beans, a butane gas can, and a real boat. The video also mentions a ""X"" factor, which seems to be a unique element introduced by the host.

#### Step 3: Compare the Thumbnail to the Actual Video Content
The thumbnail prominently displays two boats, one with a laser beam and the other on fire. However, the video content does not focus on these specific boats. Instead, it discusses a series of experiments involving various elements and a ""X"" factor, which is not visually represented in the thumbnail.

#### Step 4: Determine if the Thumbnail Accurately Represents the Video's Main Topic or Content
The thumbnail does not accurately represent the main topic or content of the video. While the video does involve boats, the focus is on experiments and challenges rather than the boats themselves. The thumbnail creates a misleading impression by highlighting the boats as the central elements of the video.

#### Step 5: Assess Whether the Thumbnail Uses Exaggeration, False Promises, or Clickbait Tactics
The thumbnail uses exaggerated imagery (laser beams and flames) to attract attention, which could mislead viewers into expecting a video focused on these specific elements. The thumbnail does not provide accurate information about the video's content.

#### Step 6: Categorize the Thumbnail as Either ""Misleading"" or ""Not Misleading""
Based on the analysis, the thumbnail is **misleading** because it does not accurately represent the main topic or content of the video. The focus of the video is on experiments and challenges, not the boats depicted in the thumbnail.

#### Explanation
The thumbnail creates a misleading impression by highlighting the boats as the central elements of the video, which are not the primary focus. The video content involves a series of experiments and challenges, and the boats are only mentioned as part of the background context. Therefore, the thumbnail is misleading."
sGxw7ipTrq8,"### Analysis of the Provided Information

#### Step 1: Examine the Thumbnail
The thumbnail shows a cow running alongside cyclists on a rural road. The image suggests a humorous or unexpected scenario involving animals and humans.

#### Step 2: Read Through the Video Subtitles and Content Description
The video description mentions a variety of scenes, including animals, everyday moments, and humorous situations. However, none of these scenes involve cows running alongside cyclists.

#### Step 3: Compare the Thumbnail to the Actual Video Content
The thumbnail depicts a cow running next to cyclists, which is not mentioned in the video description. The video content includes scenes such as goats in a field, a veterinary appointment, and a cat lying on a floor, but nothing resembling the cow and cyclists scenario.

#### Step 4: Determine if the Thumbnail Accurately Represents the Video's Main Topic or Content
The thumbnail does not accurately represent the video's main topics or content. It misleads viewers by suggesting a specific scenario that is not present in the video.

#### Step 5: Assess Whether the Thumbnail Uses Exaggeration, False Promises, or Clickbait Tactics
The thumbnail uses exaggerated imagery to attract viewers, promising a humorous or surprising moment that is not actually depicted in the video.

#### Step 6: Categorize the Thumbnail as Either ""Misleading"" or ""Not Misleading""
The thumbnail is **Misleading**.

#### Explanation for Decision
The thumbnail creates an expectation based on the image shown, which is not fulfilled by the video content. It uses a visual cue (a cow running next to cyclists) that is not part of the actual video, leading viewers to believe they will see something specific when they watch the video. This misleads viewers and does not accurately represent the video's content."
53q2qMvJjxQ,"### Analysis of the Provided Information

#### Step 1: Examine the Thumbnail
The thumbnail depicts two individuals in a backyard setting, one of whom appears to be a muscular individual and the other a smaller person. The image suggests a physical confrontation or a demonstration of strength, which aligns with the theme of athleticism and physical prowess.

#### Step 2: Read Through the Video Subtitles and Content Description
The video content description outlines a series of clips showcasing various sports and athletic activities, including gymnastics, basketball, soccer, and other physical feats. The subtitles mention jaw-dropping stunts, mind-blowing feats, and impressive physical abilities, which are consistent with the theme of athletic prowess.

#### Step 3: Compare the Thumbnail to the Actual Video Content
The thumbnail shows a scene that could be interpreted as a demonstration of strength or a physical confrontation between two individuals. However, the video content primarily focuses on various athletic activities and performances, which do not necessarily involve a physical confrontation or a direct comparison of strength between two individuals.

#### Step 4: Determine if the Thumbnail Accurately Represents the Video's Main Topic or Content
The thumbnail does not accurately represent the main topic or content of the video. While the video does showcase impressive physical feats and athletic activities, the thumbnail suggests a more dramatic and confrontational scenario that is not depicted in the video.

#### Step 5: Assess Whether the Thumbnail Uses Exaggeration, False Promises, or Clickbait Tactics
The thumbnail uses exaggerated imagery to attract viewers, suggesting a more intense and confrontational scenario than what is actually shown in the video. This can be considered clickbait as it misleads viewers into expecting a different type of content.

#### Step 6: Categorize the Thumbnail as Either ""Misleading"" or ""Not Misleading""
Based on the analysis, the thumbnail is **misleading** because it suggests a more dramatic and confrontational scenario that is not depicted in the video. The thumbnail uses exaggerated imagery to attract viewers, which is a common tactic used in clickbait videos.

#### Explanation
The thumbnail creates an expectation of a physical confrontation or a direct comparison of strength between two individuals, which is not the focus of the video. Instead, the video showcases a variety of athletic activities and performances. Therefore, the thumbnail is misleading as it does not accurately represent the content of the video."
WHjITn_bFuM,"### Analysis of the Thumbnail and Video Content

1. **Examine the thumbnail**: The thumbnail shows a hand holding a small brush with nails attached to it. The brush has orange bristles, and the nails appear to be part of the brush handle.

2. **Read the video subtitles and content description**: The video content description outlines a series of DIY tutorials involving various tools and techniques, such as lock-picking, woodworking, and home improvement projects. The subtitles seem to be random and do not provide any relevant context to the video content.

3. **Compare the thumbnail to the actual video content**: The thumbnail depicts a DIY project that involves a brush with nails, which is not directly related to the woodworking or home improvement techniques mentioned in the video description.

4. **Determine if the thumbnail accurately represents the video's main topic or content**: The thumbnail does not accurately represent the main topics discussed in the video, which include lock-picking, woodworking, and home improvement projects.

5. **Assess whether the thumbnail uses exaggeration, false promises, or clickbait tactics**: The thumbnail does not use exaggerated claims or false promises but rather seems to mislead viewers by showing a seemingly unrelated DIY project.

6. **Categorize the thumbnail as either ""Misleading"" or ""Not Misleading""**: Based on the analysis, the thumbnail is misleading because it does not accurately represent the main topics discussed in the video.

7. **Provide a brief explanation for your decision**: The thumbnail shows a DIY project involving a brush with nails, which is not related to the woodworking or home improvement techniques demonstrated in the video. This misleads viewers into expecting a different type of content than what is actually presented in the video.

**Final Decision**: The thumbnail is **Misleading**."
G0cF0fZgkDo,"### Analysis of the Provided Information

#### Step 1: Examine the Thumbnail
The thumbnail depicts two workers in high-visibility vests running away from a large yellow concrete mixer that has tipped over and spilled concrete. The image suggests a humorous or exaggerated mishap involving construction workers.

#### Step 2: Read Through the Video Subtitles and Content Description
The video description mentions a compilation of various accident, mishap, and unusual incident scenes, including construction-related mishaps. However, the subtitles and the video content seem to focus on humorous or exaggerated scenarios rather than real-life accidents or mishaps.

#### Step 3: Compare the Thumbnail to the Actual Video Content
The thumbnail shows a dramatic and humorous scenario where workers are running away from a concrete mixer that has spilled concrete. In contrast, the video content includes a mix of serious and humorous incidents, but the thumbnail does not accurately represent the typical content of the video.

#### Step 4: Determine if the Thumbnail Accurately Represents the Video's Main Topic or Content
The thumbnail does not accurately represent the typical content of the video, which includes serious and humorous incidents. It seems to be designed to attract viewers with a humorous or exaggerated mishap, which may not align with the actual content of the video.

#### Step 5: Assess Whether the Thumbnail Uses Exaggeration, False Promises, or Clickbait Tactics
The thumbnail uses exaggeration by depicting a dramatic and humorous mishap that is not necessarily representative of the typical content of the video. It may be designed to attract viewers with a clickbait approach.

#### Step 6: Categorize the Thumbnail as Either ""Misleading"" or ""Not Misleading""
Based on the analysis, the thumbnail is misleading because it does not accurately represent the typical content of the video.

#### Step 7: Provide a Brief Explanation for Your Decision
The thumbnail depicts a humorous and exaggerated mishap involving construction workers, which may not accurately reflect the typical content of the video. While the video itself contains a mix of serious and humorous incidents, the thumbnail's depiction of a dramatic mishap may mislead viewers into expecting a different type of content. Therefore, the thumbnail is considered misleading."
23ZHK6lvsHs,"### Analysis of the Thumbnail and Video Content

#### Step 1: Examine the Thumbnail
The thumbnail features two soccer players, Neymar (PSG) and Lionel Messi (Barcelona), in what appears to be a heated interaction during a match. The image suggests a confrontation or argument between the two players, which aligns with the theme of intense and controversial moments in soccer matches.

#### Step 2: Read Through the Video Subtitles and Content Description
The video content description highlights various controversial moments involving Neymar, including physical altercations, heated exchanges, and confrontations with referees and opponents. The subtitles provide specific examples of Neymar's involvement in fights and incidents, emphasizing the intensity and drama of these moments.

#### Step 3: Compare the Thumbnail to the Actual Video Content
The thumbnail depicts a direct interaction between Neymar and Messi, which is consistent with the video content that includes moments of confrontation and disagreement between players. However, the thumbnail does not capture the broader range of incidents described in the video, such as fights with fans, confrontations with referees, and interactions with other players.

#### Step 4: Determine if the Thumbnail Accurately Represents the Video's Main Topic or Content
While the thumbnail captures a significant element of the video content (the interaction between Neymar and Messi), it fails to represent the full scope of the video's content. The video contains numerous other incidents that are not depicted in the thumbnail.

#### Step 5: Assess Whether the Thumbnail Uses Exaggeration, False Promises, or Clickbait Tactics
The thumbnail does not use exaggerated imagery or false promises. Instead, it accurately reflects a key moment from the video content, albeit a limited one.

#### Step 6: Categorize the Thumbnail as Either ""Misleading"" or ""Not Misleading""
Given that the thumbnail accurately represents a significant part of the video content but fails to convey the full range of incidents depicted in the video, it can be considered **misleading**.

#### Explanation for Decision
The thumbnail effectively captures a moment of tension between Neymar and Messi, which is a central theme in the video. However, it does not reflect the broader context of the video, which includes numerous other controversial moments involving Neymar. Therefore, while the thumbnail is not entirely misleading, it is incomplete and could mislead viewers into expecting a video that focuses solely on this interaction, rather than the comprehensive collection of controversial moments featured in the video."
XxMmWxwt14M,"### Analysis of the Thumbnail and Video Content

#### Step 1: Examine the Thumbnail
The thumbnail features a person with a distressed expression, surrounded by what appears to be feces or similar objects. The overall tone seems exaggerated and potentially disturbing.

#### Step 2: Read Through the Video Subtitles and Content Description
The video's subtitle suggests that it will ""bust 100 School myths in 24 hours."" It mentions various scenarios such as being late for the bus, fire drills, football helmets, wrestling, school lunches, and more. The content appears to be a mix of practical jokes, experiments, and humorous scenarios typical of a school setting.

#### Step 3: Compare the Thumbnail to the Actual Video Content
The thumbnail depicts a scene that is not directly related to the video's content. While the video does include some humorous and exaggerated scenarios, the thumbnail does not accurately represent any specific scene from the video.

#### Step 4: Determine if the Thumbnail Accurately Represents the Video's Main Topic or Content
The thumbnail does not accurately represent the video's main topics or content. It introduces a completely different scenario (feces and distress) that has no direct connection to the school myths being discussed.

#### Step 5: Assess Whether the Thumbnail Uses Exaggeration, False Promises, or Clickbait Tactics
The thumbnail uses exaggerated imagery and a misleading context to attract viewers. It creates a sense of shock or horror that is not aligned with the video's actual content.

#### Step 6: Categorize the Thumbnail as Either ""Misleading"" or ""Not Misleading""
Based on the analysis, the thumbnail is clearly misleading.

#### Explanation for Decision
The thumbnail introduces a scenario involving feces and distress, which is unrelated to the school myths being discussed in the video. This creates a misleading impression that the video contains content involving bodily functions or extreme scenarios, which is not true. The thumbnail uses exaggerated imagery to attract viewers, which is a common tactic used in clickbait videos, but this particular thumbnail is misleading because it does not reflect the actual content of the video.

Therefore, the thumbnail should be categorized as **Misleading**."
kmAWR8an6Fk,"### Analysis of the Thumbnail and Video Content

#### Step 1: Examine the Thumbnail
The thumbnail features a young athlete in a France national team jersey, holding a burning soccer ball. There is a tweet from Kylian Mbappé with the message, ""Please don't tell anyone..."" The background suggests a soccer field setting.

#### Step 2: Read Through the Video Subtitles and Content Description
The video content appears to be a compilation of soccer-related scenes featuring a young athlete demonstrating various skills and equipment. The scenes include practice sessions, demonstrations of soccer techniques, and interactions with soccer gear. The video does not feature any mention of Kylian Mbappé or a burning soccer ball.

#### Step 3: Compare the Thumbnail to the Actual Video Content
The thumbnail depicts a burning soccer ball and a tweet from Kylian Mbappé, which are not present in the video content. The video focuses on soccer-related activities and equipment demonstrations, which are not related to the burning soccer ball or the tweet.

#### Step 4: Determine if the Thumbnail Accurately Represents the Video's Main Topic or Content
The thumbnail does not accurately represent the video's main topic or content. It introduces elements (burning soccer ball, tweet from Mbappé) that are not part of the actual video.

#### Step 5: Assess Whether the Thumbnail Uses Exaggeration, False Promises, or Clickbait Tactics
The thumbnail uses exaggerated imagery (burning soccer ball) and introduces a tweet from a famous player, which are not relevant to the video content. This creates a misleading impression.

#### Step 6: Categorize the Thumbnail as Either ""Misleading"" or ""Not Misleading""
The thumbnail is categorized as ""Misleading.""

#### Explanation for Decision
The thumbnail introduces elements (burning soccer ball, tweet from Mbappé) that are not present in the actual video content. It uses exaggerated imagery and introduces irrelevant content, which misleads viewers about the video's main topic or content. Therefore, the thumbnail is misleading."
3zrLm_N2tnU,"### Analysis of the Thumbnail and Video Content

#### Step 1: Examine the Thumbnail
The thumbnail shows a referee showing a yellow card to a player, with milk being splashed onto the referee. There is a laughing emoji overlaid on the image.

#### Step 2: Read Through the Video Subtitles and Content Description
The video content description mentions various football matches and incidents, including players interacting, disputes, injuries, and unexpected events like pigeons on the pitch. The subtitles include references to specific matches and players, such as Manchester United, Liverpool, and Manchester City, along with commentary on the matches and players' performances.

#### Step 3: Compare the Thumbnail to the Actual Video Content
The thumbnail depicts a humorous and exaggerated moment involving a referee and a player, which is not directly related to the content described in the video. The video content focuses on various football matches and incidents without any reference to a referee being splashed with milk.

#### Step 4: Determine if the Thumbnail Accurately Represents the Video's Main Topic or Content
The thumbnail does not accurately represent the main topics or content of the video. It is unrelated to the football matches and incidents described in the video.

#### Step 5: Assess Whether the Thumbnail Uses Exaggeration, False Promises, or Clickbait Tactics
The thumbnail uses exaggerated imagery and humor, which might mislead viewers into expecting a video full of similar humorous moments rather than the actual content of football matches and incidents.

#### Step 6: Categorize the Thumbnail as Either ""Misleading"" or ""Not Misleading""
Based on the analysis, the thumbnail is **misleading** because it does not accurately represent the content of the video and may lead viewers to expect a different type of video.

#### Explanation
The thumbnail uses humor and exaggeration to attract attention, which is not reflective of the actual content of the video. The video itself contains serious and dramatic moments from football matches, which are not depicted in the thumbnail. Therefore, the thumbnail is misleading."
6qpXk-6kgxM,"### Analysis of the YouTube Video Thumbnail and Content

#### Step 1: Examine the Thumbnail
The thumbnail features two hands performing a trick, with the word ""MAGIC"" prominently displayed. There is also a red moon and a handprint in the background, which might suggest a mysterious or supernatural theme.

#### Step 2: Read Through the Video Subtitles and Content Description
Since there are no subtitles, we rely on the video content description provided.

#### Step 3: Compare the Thumbnail to the Actual Video Content
The thumbnail depicts a hand trick with the word ""MAGIC,"" which aligns with the video's theme of magic tricks. However, the video content involves a series of comedic demonstrations rather than traditional magic tricks. The person performs various actions such as blowing up balloons, pouring liquids, and making exaggerated gestures, all of which are part of a comedic routine rather than genuine magic.

#### Step 4: Determine if the Thumbnail Accurately Represents the Video's Main Topic or Content
The thumbnail suggests that the video is about magic tricks, but the actual content is a comedic performance involving everyday objects and actions. The thumbnail does not accurately represent the video's main topic or content.

#### Step 5: Assess Whether the Thumbnail Uses Exaggeration, False Promises, or Clickbait Tactics
The thumbnail uses the word ""MAGIC"" to attract viewers' attention, which could be considered clickbait. However, the exaggerated elements in the thumbnail (like the red moon and handprint) do not match the actual content of the video.

#### Step 6: Categorize the Thumbnail as Either ""Misleading"" or ""Not Misleading""
Given that the thumbnail suggests a magical performance when the video is actually a comedic routine, the thumbnail is misleading.

#### Step 7: Provide a Brief Explanation for Your Decision
The thumbnail uses the word ""MAGIC"" and includes imagery that suggests a mysterious or supernatural theme, which does not align with the actual content of the video. The video is a comedic performance involving everyday objects and actions, not traditional magic tricks. Therefore, the thumbnail is misleading."
G-Gv94bQaS0,"### Analysis:

1. **Examine the thumbnail**: The thumbnail shows two images side-by-side. On the left, there is a young soccer player in a Real Madrid jersey, appearing to be in a celebratory mood. On the right, the same player is shown kneeling on the field, possibly after scoring a goal or celebrating a victory.

2. **Read through the video subtitles and content description**: Since the subtitles are not available, we rely on the video description for context. The video seems to be a compilation of scenes from the player's career with Real Madrid and the Brazilian national team, showcasing various moments of his journey, including celebrations, contemplative moments, gameplay, and social media reactions.

3. **Compare the thumbnail to the actual video content**: The thumbnail captures a celebratory moment and a reflective moment of the player, which aligns well with the video's content that includes both celebratory and reflective scenes.

4. **Determine if the thumbnail accurately represents the video's main topic or content**: The thumbnail accurately represents the video's content by showing the player in celebratory and reflective moments, which are indeed part of the video's narrative.

5. **Assess whether the thumbnail uses exaggeration, false promises, or clickbait tactics**: The thumbnail does not use any exaggerated elements or false promises. It simply presents a snapshot of the player's journey, which is consistent with the video's content.

6. **Categorize the thumbnail as either ""Misleading"" or ""Not Misleading""**: Based on the analysis, the thumbnail is not misleading because it accurately reflects the content of the video.

7. **Brief explanation for the decision**: The thumbnail effectively captures the essence of the video, showing both celebratory and reflective moments of the player's career. It does not overpromise or underrepresent the content, thus it is not misleading.

**Conclusion**: The thumbnail is **Not Misleading**."
fxa_BO3XpE0,"### Analysis of the Thumbnail and Video Content

1. **Examine the thumbnail**: The thumbnail shows a soccer player with a noticeable injury on his head, which appears to be a cut or bruise. The image suggests a dramatic or serious incident involving physical harm during the game.

2. **Read through the video subtitles and content description**: The video content description focuses on exciting soccer moments, including highlights of a prominent French player's skills and actions on the field. It does not mention any injuries or incidents involving physical harm.

3. **Compare the thumbnail to the actual video content**: The thumbnail depicts a player with a significant injury, while the video content primarily showcases soccer action without any emphasis on injuries or physical harm.

4. **Determine if the thumbnail accurately represents the video's main topic or content**: The thumbnail misleads viewers into expecting a video focused on a player's injury or a dramatic incident, when the video actually features exciting soccer moments and skills.

5. **Assess whether the thumbnail uses exaggeration, false promises, or clickbait tactics**: The thumbnail uses exaggerated imagery to attract viewers, promising a dramatic or shocking incident that is not present in the actual video content.

6. **Categorize the thumbnail as either ""Misleading"" or ""Not Misleading""**: Based on the analysis, the thumbnail is misleading.

7. **Provide a brief explanation for your decision**: The thumbnail incorrectly suggests that the video will feature a player with a severe injury, which is not the case. Instead, the video content is focused on showcasing soccer skills and exciting moments, without any emphasis on injuries or physical harm. This creates a misleading expectation for the viewer.

**Final Decision**: The thumbnail is **Misleading**."
CY-6vZd6iR0,"### Analysis of the Thumbnail and Video Content

#### Step 1: Examine the Thumbnail
The thumbnail features a soccer player in a Barcelona jersey reaching up to head the ball, with a laughing emoji and a large arrow pointing to the player. The image suggests a humorous or comedic moment involving the player.

#### Step 2: Read Through the Video Subtitles and Content Description
The video content description mentions various soccer moments, including skills, plays, and humorous situations. However, the subtitles include phrases like ""no no no,"" ""what,"" ""[Laughter],"" ""[Applause],"" and ""boom bam bop B bop boom."" These suggest that the video includes moments of laughter and humor, but they do not necessarily indicate a specific comedic moment related to the player in the thumbnail.

#### Step 3: Compare the Thumbnail to the Actual Video Content
The thumbnail depicts a player in a Barcelona jersey reaching up to head the ball, which aligns with the soccer theme mentioned in the video description. However, the subtitles and the overall content of the video do not explicitly focus on this particular player or moment.

#### Step 4: Determine if the Thumbnail Accurately Represents the Video's Main Topic or Content
The thumbnail does not accurately represent the main topic or content of the video. While the video does feature soccer moments, the thumbnail specifically highlights a player in a Barcelona jersey, which may not be the primary focus of the video content.

#### Step 5: Assess Whether the Thumbnail Uses Exaggeration, False Promises, or Clickbait Tactics
The thumbnail uses exaggerated imagery (a laughing emoji) and a large arrow pointing to the player, which could be seen as clickbait tactics designed to attract viewers' attention. However, the thumbnail does not promise a specific comedic moment or highlight a particular player, which makes it less likely to be misleading in terms of clickbait.

#### Step 6: Categorize the Thumbnail as Either ""Misleading"" or ""Not Misleading""
Given the analysis above, the thumbnail is **misleading** because it suggests a specific comedic moment involving a particular player, which is not necessarily the main focus of the video content.

#### Explanation
The thumbnail uses exaggerated imagery and a large arrow to draw attention to a specific player, which may mislead viewers into expecting a particular comedic moment. While the video does contain humorous elements, the thumbnail does not accurately reflect the overall content, making it misleading."
8ItvSeKbPUo,"### Analysis of the Thumbnail and Video Content

#### Step 1: Examine the Thumbnail
The thumbnail depicts a protestor running onto a soccer pitch while holding a burning flag. The text overlay reads ""PROTESTOR INVADES THE PITCH DURING.""

#### Step 2: Read Through the Video Subtitles and Content Description
The video content description provides a mix of professional matches, training sessions, interviews, and behind-the-scenes moments related to soccer. It does not mention any protests or incidents involving a protestor invading a pitch.

#### Step 3: Compare the Thumbnail to the Actual Video Content
The thumbnail shows a protestor running onto a pitch with a burning flag, which is not depicted in the video content described. The video content focuses on various soccer-related scenes and moments without any reference to a protest or pitch invasion.

#### Step 4: Determine if the Thumbnail Accurately Represents the Video's Main Topic or Content
The thumbnail does not accurately represent the video's main topic or content. It suggests a dramatic and controversial event (a protestor invading a pitch) that is not present in the video.

#### Step 5: Assess Whether the Thumbnail Uses Exaggeration, False Promises, or Clickbait Tactics
The thumbnail uses exaggerated imagery and text to attract viewers' attention, which could be considered clickbait. It implies a significant and impactful event that is not actually depicted in the video.

#### Step 6: Categorize the Thumbnail as Either ""Misleading"" or ""Not Misleading""
Based on the analysis, the thumbnail is **misleading** because it suggests a protestor invading a pitch, which is not depicted in the video content.

#### Explanation
The thumbnail uses dramatic imagery and text to create a sense of urgency and importance, which is not supported by the actual video content. This type of imagery is often used to attract viewers by promising a significant event, which is not the case here. Therefore, the thumbnail is misleading."
6ByB00sweDk,"### Analysis of the YouTube Video Thumbnail

#### Step 1: Examine the thumbnail
The thumbnail features a man in the foreground with a serious expression, overlaid onto a background image of a burning tent in a homeless encampment. The setting includes palm trees and appears to be a beachside location, likely Santa Monica.

#### Step 2: Read through the video subtitles and content description
The subtitles and content description indicate a video focused on issues such as homelessness, crime, and the state of businesses in Santa Monica. The video discusses recent violent attacks, high-profile crimes, and the growing homeless population, which have affected the city.

#### Step 3: Compare the thumbnail to the actual video content
The thumbnail depicts a burning tent in a homeless encampment, which aligns with the theme of homelessness mentioned in the subtitles and content description. However, the thumbnail does not explicitly show the burning tent itself; instead, it shows a general image of a homeless encampment.

#### Step 4: Determine if the thumbnail accurately represents the video's main topic or content
The thumbnail accurately represents the main topic of homelessness and the deteriorating conditions in Santa Monica. It sets the viewer's expectations correctly by showing a visual representation of the issue discussed in the video.

#### Step 5: Assess whether the thumbnail uses exaggeration, false promises, or clickbait tactics
The thumbnail does not use exaggerated visuals or false promises. It accurately reflects the content described in the video, which focuses on the challenges faced by the homeless population in Santa Monica.

#### Step 6: Categorize the thumbnail as either ""Misleading"" or ""Not Misleading""
Based on the analysis, the thumbnail is **Not Misleading**.

#### Explanation
The thumbnail effectively communicates the main topic of the video—homelessness and the challenges faced by the community in Santa Monica. It does not use exaggerated visuals or false promises, and it accurately represents the content described in the video. Therefore, it serves its purpose well without misleading viewers."
04OAZ-NBXkk,"### Analysis of the Thumbnail and Video Content

#### Step 1: Examine the Thumbnail
The thumbnail features two images side by side:
- On the left, there is a person with a surprised or confused expression.
- On the right, there is a person wearing a Real Madrid jersey, smiling.

The text above the left image says, ""tão pegando pesado comigo!"" which translates to ""so hard hitting me!"" in English.

#### Step 2: Read Through the Video Subtitles and Content Description
The subtitles and content description indicate that the video involves a reaction to social media posts and images related to soccer players, particularly focusing on Real Madrid and its players. The host discusses various memes, reactions, and social media interactions surrounding these players.

#### Step 3: Compare the Thumbnail to the Actual Video Content
The thumbnail suggests a humorous or exaggerated scenario where someone is reacting strongly to content involving soccer players. However, the video content primarily focuses on the host's reactions to social media posts and memes related to Real Madrid players, rather than depicting a physical confrontation or intense reaction.

#### Step 4: Determine if the Thumbnail Accurately Represents the Video's Main Topic or Content
The thumbnail does not accurately represent the main topic or content of the video. While the video does involve reactions to social media content, the thumbnail implies a more dramatic or exaggerated scenario that is not present in the actual video.

#### Step 5: Assess Whether the Thumbnail Uses Exaggeration, False Promises, or Clickbait Tactics
The thumbnail uses exaggeration by suggesting a strong emotional reaction that is not depicted in the video. It implies a more intense interaction than what is actually shown.

#### Step 6: Categorize the Thumbnail as Either ""Misleading"" or ""Not Misleading""
Based on the analysis, the thumbnail is **misleading**.

#### Explanation
The thumbnail creates an expectation of a more intense or dramatic reaction than what the video actually delivers. It uses exaggerated language (""so hard hitting me!"") and imagery that does not align with the actual content of the video, which is a reaction to social media posts and memes. This misleads viewers into expecting a different type of content than what they receive."
Sf5yOKjxggA,"### Analysis of the Thumbnail and Video Content

1. **Examine the Thumbnail**:
   - The thumbnail shows two individuals: one appears to be a woman with long hair, and the other is a man wearing a yellow jersey labeled ""RONALDO."" They are interacting closely, with the woman appearing to be speaking or gesturing towards the man.

2. **Read Through the Video Subtitles and Content Description**:
   - The video content description mentions various soccer match moments and referee interactions, including scenes of players speaking to referees, referees making calls, and players reacting to decisions.
   - The subtitles seem to be random and do not provide any context related to the video content.

3. **Compare the Thumbnail to the Actual Video Content**:
   - The thumbnail depicts a scene that is not directly related to the video content described. It does not show any interaction between a player and a referee that would be typical of the video's content.
   - The thumbnail suggests a more personal or behind-the-scenes interaction, which is not aligned with the general theme of the video focusing on match moments and referee interactions.

4. **Determine if the Thumbnail Accurately Represents the Video's Main Topic or Content**:
   - The thumbnail does not accurately represent the main topic or content of the video. It does not depict any of the scenes mentioned in the video description, such as players interacting with referees or key moments in the match.

5. **Assess Whether the Thumbnail Uses Exaggeration, False Promises, or Clickbait Tactics**:
   - The thumbnail does not use exaggeration or false promises. However, it does appear to be misleading because it does not reflect the actual content of the video.

6. **Categorize the Thumbnail as Either ""Misleading"" or ""Not Misleading""**:
   - Based on the analysis, the thumbnail is misleading.

7. **Brief Explanation for the Decision**:
   - The thumbnail shows a scene that is not representative of the video's content, which focuses on various soccer match moments and referee interactions. The thumbnail suggests a more personal or behind-the-scenes interaction, which is not depicted in the video. Therefore, it misleads viewers into expecting a different type of content than what is actually shown in the video.

### Conclusion:
The thumbnail is **misleading** because it does not accurately represent the main topic or content of the video."
eZ_u6fIPzb4,"### Analysis of the Thumbnail and Subtitles

#### Step 1: Examine the Thumbnail
The thumbnail features a dramatic image of a helicopter crashing onto a football field, with flames and smoke billowing around it. The text overlay reads ""BREAKING NEWS HELICOPTER CRASHES ONTO FIELD DURING NFL.""

#### Step 2: Read Through the Subtitles and Content Description
The subtitles describe various scary moments in NFL history, including a player losing jewelry, a power outage during the Super Bowl, a player losing a finger due to a tackle, and a player getting hit by a dump truck. These events are unrelated to the thumbnail imagery.

#### Step 3: Compare the Thumbnail to the Actual Video Content
The thumbnail depicts a helicopter crash, which is not mentioned in the subtitles or the content description. The video content focuses on various scary moments in NFL history, such as injuries and accidents, but does not include any footage of a helicopter crash.

#### Step 4: Determine if the Thumbnail Accurately Represents the Video's Main Topic or Content
The thumbnail does not accurately represent the video's main topic or content. It misleads viewers by suggesting that the video is about a helicopter crash, which is not the case.

#### Step 5: Assess Whether the Thumbnail Uses Exaggeration, False Promises, or Clickbait Tactics
The thumbnail uses exaggerated imagery (a helicopter crash) and false promises (suggesting a breaking news event) to attract viewers' attention. This is a classic example of clickbait.

#### Step 6: Categorize the Thumbnail
The thumbnail is **Misleading**.

#### Explanation
The thumbnail is misleading because it presents a dramatic and sensational image that does not match the actual content of the video. The video is about scary moments in NFL history, while the thumbnail suggests a breaking news event involving a helicopter crash. This creates a false expectation and misleads viewers into watching a video that does not deliver on the promise suggested by the thumbnail."
3wKm3087UHs,"### Analysis of the Thumbnail and Video Content

1. **Examine the Thumbnail**: The thumbnail shows a player in a dark blue jersey pointing at a referee in a bright yellow uniform. The player appears to be in a heated discussion or argument with the referee.

2. **Read the Subtitles and Content Description**: The subtitles indicate that the video includes various moments of intense interactions between players and referees during soccer matches. The content description mentions scenes of players arguing with referees, showing red cards, and other dramatic moments.

3. **Compare the Thumbnail to the Actual Video Content**: The thumbnail accurately depicts a scene where a player is interacting with a referee, which aligns with the content described in the video. The video indeed features numerous instances of players arguing with referees, which is a common theme throughout the compilation.

4. **Determine Accuracy Representation**: The thumbnail correctly represents the main topic of the video, which is the intense interactions between players and referees during soccer matches.

5. **Assess for Exaggeration, False Promises, or Clickbait Tactics**: There is no indication of exaggeration, false promises, or clickbait tactics in the thumbnail. It simply shows a typical scene from the video content.

6. **Categorize the Thumbnail**: Based on the analysis, the thumbnail is not misleading because it accurately reflects the content of the video.

7. **Explanation**: The thumbnail effectively captures a moment of interaction between a player and a referee, which is a recurring theme in the video. It does not use any exaggerated elements or false promises but instead provides a realistic preview of the video's content.

**Conclusion**: The thumbnail is **Not Misleading**."
LtOya4_iND0,"### Analysis of the Thumbnail and Video Content

#### Step 1: Examine the Thumbnail
The thumbnail depicts a woman interacting with a car that has been wrapped in gold foil. The image suggests a luxurious or attention-grabbing scenario, likely intended to attract viewers.

#### Step 2: Read Through the Video Subtitles and Content Description
The video content description outlines a series of dangerous and risky situations, including plane landings, flooding, construction sites, boats, helicopters, and various accidents. The subtitles mention specific incidents such as a truck causing a bridge collapse, a Rolls-Royce involved in a collision, and a shipwreck involving a cargo ship.

#### Step 3: Compare the Thumbnail to the Actual Video Content
The thumbnail shows a glamorous and seemingly unrelated scene (a woman with a gold-wrapped car) compared to the video content, which focuses on dangerous and risky situations.

#### Step 4: Determine if the Thumbnail Accurately Represents the Video's Main Topic or Content
The thumbnail does not accurately represent the video's main topic or content. It does not depict any of the dangerous or risky situations mentioned in the video description.

#### Step 5: Assess Whether the Thumbnail Uses Exaggeration, False Promises, or Clickbait Tactics
The thumbnail uses exaggerated imagery (gold-wrapped car) to attract viewers, which is misleading. It does not align with the content of the video, which is focused on real-life dangerous situations.

#### Step 6: Categorize the Thumbnail as Either ""Misleading"" or ""Not Misleading""
The thumbnail is clearly misleading.

#### Step 7: Provide a Brief Explanation for Your Decision
The thumbnail depicts a glamorous and unrelated scene (a woman with a gold-wrapped car) that has no connection to the dangerous and risky situations described in the video content. This creates a significant misrepresentation of the video's actual subject matter, making it misleading."
SKQTtsGOT7M,"### Analysis:

1. **Examine the thumbnail**: The thumbnail shows two individuals sitting at a table with a steam iron. One person is speaking, and there is a speech bubble saying ""QUER VOLTAR COMIGO?"" which translates to ""Do you want to come back with me?"" There is also a red arrow pointing to the individual on the right.

2. **Read the video subtitles**: The subtitles indicate a conversation about someone wanting to return with someone named Zanela and a lie detector being used to reveal truths. The dialogue suggests a playful and somewhat competitive interaction, possibly involving a game or challenge.

3. **Compare the thumbnail to the actual video content**:
   - The thumbnail depicts a scene with a steam iron, which does not align with the content described in the subtitles. The subtitles mention a lie detector and a playful interaction, not a steam iron.
   - The setting in the thumbnail (two individuals at a table with a steam iron) is completely different from the described video content (a group of young people gathered around a table, interacting casually).

4. **Assess the accuracy of the thumbnail**:
   - The thumbnail does not accurately represent the video's main topic or content. It misleads viewers into expecting a scene involving a steam iron when the actual video content involves a group of young people interacting in a casual setting with a lie detector.

5. **Determine if the thumbnail uses exaggerated or misleading tactics**:
   - The thumbnail uses misleading tactics by depicting a scene that is entirely unrelated to the actual video content. It does not provide any accurate representation of the video's theme or setting.

### Conclusion:

The thumbnail is **misleading** because it depicts a scene involving a steam iron, which is completely unrelated to the actual video content that involves a group of young people interacting with a lie detector. The thumbnail uses exaggerated tactics by presenting a scene that is not representative of the video's main topic or content."
BJJuqNdL-HM,"### Analysis of the Provided Information

#### Step 1: Examine the Thumbnail
The thumbnail shows a dog with a wig, which gives the impression that the video might involve animals dressed up or performing in some way.

#### Step 2: Read Through the Video Subtitles and Content Description
The video description mentions a series of adorable and amusing animal moments, including playful interactions between different animals. The subtitles appear to be random phrases and music cues, suggesting that the video is likely a compilation of animal footage rather than a performance involving animals.

#### Step 3: Compare the Thumbnail to the Actual Video Content
The thumbnail depicts a dog with a wig, which does not align with the content described in the video description. The video seems to be a collection of animal moments without any indication of animals being dressed up or performing.

#### Step 4: Determine if the Thumbnail Accurately Represents the Video's Main Topic or Content
The thumbnail does not accurately represent the video's main topic or content. It suggests a performance or dressing-up scenario that is not present in the actual video.

#### Step 5: Assess Whether the Thumbnail Uses Exaggeration, False Promises, or Clickbait Tactics
The thumbnail uses exaggerated imagery (a dog with a wig) to attract viewers, which could be considered clickbait as it does not match the actual content of the video.

#### Step 6: Categorize the Thumbnail as Either ""Misleading"" or ""Not Misleading""
Based on the analysis, the thumbnail is misleading because it does not accurately represent the content of the video.

#### Step 7: Provide a Brief Explanation for Your Decision
The thumbnail shows a dog with a wig, which is not depicted in the video content. The video is a compilation of animal moments without any indication of animals being dressed up or performing. Therefore, the thumbnail uses exaggerated imagery to attract viewers, which is misleading."
XKz8pKVZfeM,"### Analysis:

1. **Examine the Thumbnail**:
   - The thumbnail depicts a scene where a Brazilian soccer player is helping another player who is sitting on the ground, appearing injured. The Brazilian player is holding a soccer ball, suggesting a moment of sportsmanship or concern.

2. **Read Through the Video Subtitles and Content Description**:
   - The video content includes various scenes of the Brazilian player, including moments of injury, celebrations, personal reflections, and interactions with fans. However, there are no subtitles provided in the given information.

3. **Compare the Thumbnail to the Actual Video Content**:
   - The thumbnail shows a moment of sportsmanship or concern between two players, which aligns with one of the scenes described in the video content (the player receiving medical attention).

4. **Determine if the Thumbnail Accurately Represents the Video's Main Topic or Content**:
   - The thumbnail accurately represents a significant part of the video content, specifically the moment of sportsmanship or concern between players.

5. **Assess Whether the Thumbnail Uses Exaggeration, False Promises, or Clickbait Tactics**:
   - There is no indication of exaggeration, false promises, or clickbait tactics in the thumbnail. It accurately reflects a moment from the video.

6. **Categorize the Thumbnail**:
   - Based on the analysis, the thumbnail does not appear to be misleading.

7. **Brief Explanation**:
   - The thumbnail accurately captures a moment of sportsmanship or concern between players, which is a significant part of the video content. There are no elements of exaggeration or clickbait tactics present in the thumbnail.

### Conclusion:
The thumbnail is **Not Misleading**."
Tb6dciVa1T0,"### Analysis of the Thumbnail and Video Content

#### Step 1: Examine the Thumbnail
The thumbnail features a hamster with glowing eyes and a tongue sticking out, held in someone's hand. The Amazon logo is prominently displayed above the image. The overall tone suggests a humorous or exaggerated scenario involving the hamster.

#### Step 2: Read Through the Video Subtitles and Content Description
The video subtitles mention buying various banned Amazon products, including a giant blob, an invisible chair, a super-powered T-shirt launcher, a real cop car, and other dangerous or unusual items. The content description outlines a series of challenges and stunts performed by a group of young men, which include unboxing, interacting with various objects, and performing physical activities.

#### Step 3: Compare the Thumbnail to the Actual Video Content
The thumbnail depicts a hamster, which is not mentioned in the video subtitles or content description. The video focuses on a series of challenges involving various objects purchased from Amazon, none of which are related to a hamster.

#### Step 4: Determine if the Thumbnail Accurately Represents the Video's Main Topic or Content
The thumbnail does not accurately represent the video's main topic or content. It introduces a completely unrelated element (a hamster) that has no connection to the actual video content.

#### Step 5: Assess Whether the Thumbnail Uses Exaggeration, False Promises, or Clickbait Tactics
The thumbnail uses exaggerated imagery (a hamster with glowing eyes and a tongue sticking out) to attract attention, which is misleading because it does not reflect the actual content of the video.

#### Step 6: Categorize the Thumbnail as Either ""Misleading"" or ""Not Misleading""
The thumbnail is clearly misleading.

#### Step 7: Provide a Brief Explanation for Your Decision
The thumbnail introduces a hamster as the central focus, which is entirely unrelated to the video content. The video is about purchasing and testing various banned Amazon products, and there is no indication of any hamster-related activity in the video. Therefore, the thumbnail is misleading as it does not accurately represent the video's main topic or content."
uGBjK8Cu8H4,"### Analysis of the Thumbnail and Video Content

#### Step 1: Examine the Thumbnail
The thumbnail features a split image:
- On the left side, there is a photo of a child in a hospital bed connected to medical equipment, suggesting a serious health condition.
- On the right side, there is a photo of a man, presumably Cristiano Ronaldo, looking distressed or worried.

Below these images, the text reads ""PLEASE SURVIVE.""

#### Step 2: Read Through the Video Subtitles and Content Description
The video content appears to be a mix of personal and professional moments of Cristiano Ronaldo and his family. It does not explicitly mention any health issues or hospital stays involving a child.

#### Step 3: Compare the Thumbnail to the Actual Video Content
The thumbnail suggests a serious health issue involving a child, which is not mentioned in the video content. The video primarily focuses on Ronaldo's personal and professional life, including family moments and public appearances.

#### Step 4: Determine if the Thumbnail Accurately Represents the Video's Main Topic or Content
The thumbnail significantly misrepresents the video's content. It implies a serious health crisis involving a child, which is not depicted in the video.

#### Step 5: Assess Whether the Thumbnail Uses Exaggeration, False Promises, or Clickbait Tactics
The thumbnail uses exaggerated imagery and text to create a sense of urgency and concern, which is not aligned with the actual content of the video.

#### Step 6: Categorize the Thumbnail as Either ""Misleading"" or ""Not Misleading""
The thumbnail is clearly misleading.

#### Step 7: Provide a Brief Explanation for Your Decision
The thumbnail uses a dramatic image of a child in a hospital bed and the text ""PLEASE SURVIVE,"" which strongly suggests a serious health issue. However, the video content does not contain any such information. Instead, it focuses on Ronaldo's personal and professional life, making the thumbnail misleading by implying a situation that is not present in the video."
rvl6qhBGHAY,"### Analysis of the Provided Information

#### Step 1: Examine the Thumbnail
The thumbnail depicts a scene from a mixed martial arts (MMA) event, showing two individuals in a fighting ring. One appears to be a fighter, and the other seems to be a monk or someone in traditional attire, possibly engaging in a ceremonial or respectful interaction.

#### Step 2: Read Through the Video Subtitles and Content Description
The video compilation showcases a variety of athletic and skilled performances across different sports and activities. The content includes diverse scenes such as soccer practice, BMX stunts, martial arts demonstrations, and more. The video does not specifically focus on MMA or any specific martial arts event depicted in the thumbnail.

#### Step 3: Compare the Thumbnail to the Actual Video Content
The thumbnail suggests a scene from an MMA event, whereas the video content is a compilation of various athletic and skilled performances across different sports and activities. There is no direct correlation between the thumbnail and the video content.

#### Step 4: Determine if the Thumbnail Accurately Represents the Video's Main Topic or Content
The thumbnail does not accurately represent the video's main topic or content. The video is a compilation of various athletic performances, not a specific MMA event.

#### Step 5: Assess Whether the Thumbnail Uses Exaggeration, False Promises, or Clickbait Tactics
The thumbnail does not use exaggeration, false promises, or clickbait tactics. It simply shows a scene that might be related to the theme of athletic performance but does not mislead viewers into expecting a specific type of content.

#### Step 6: Categorize the Thumbnail as Either ""Misleading"" or ""Not Misleading""
Based on the analysis, the thumbnail is **misleading** because it suggests a specific type of content (an MMA event) that is not represented in the actual video content.

#### Explanation
The thumbnail incorrectly implies that the video is about an MMA event, which is not the case. The video is a compilation of various athletic performances across different sports and activities. Therefore, the thumbnail is misleading as it does not accurately represent the video's main topic or content."
7N70RcxxKsk,"### Analysis of the Provided Information

#### Step 1: Examine the Thumbnail
The thumbnail shows three individuals in a tropical setting. One individual is holding what appears to be a large, bloody fish, while the other two are shirtless, one appearing muscular and the other overweight. An arrow points from the overweight individual to the muscular individual, suggesting a transformation or comparison.

#### Step 2: Read Through the Video Subtitles and Content Description
The video description and subtitles indicate that the video is a compilation of various life hacks and pranks. It does not mention any transformation or fitness-related content.

#### Step 3: Compare the Thumbnail to the Actual Video Content
The thumbnail suggests a transformation or fitness journey, which is not reflected in the video content described. The video focuses on life hacks and pranks rather than a fitness transformation.

#### Step 4: Determine if the Thumbnail Accurately Represents the Video's Main Topic or Content
The thumbnail does not accurately represent the video's main topic or content. It misleads viewers into expecting a fitness transformation when the video is actually a compilation of life hacks and pranks.

#### Step 5: Assess Whether the Thumbnail Uses Exaggeration, False Promises, or Clickbait Tactics
The thumbnail uses exaggerated imagery (a large, bloody fish) and a misleading arrow pointing towards a transformation, which are clickbait tactics designed to attract viewers' attention.

#### Step 6: Categorize the Thumbnail as Either ""Misleading"" or ""Not Misleading""
Based on the analysis, the thumbnail is **Misleading**.

#### Explanation
The thumbnail creates an expectation of a fitness transformation or a dramatic change in appearance, which is not supported by the video content. The use of exaggerated imagery and a misleading arrow are clear indicators of clickbait tactics, leading viewers to expect a different type of content than what is actually presented. Therefore, the thumbnail is misleading."
oN0iK-cClQI,"### Analysis of the Thumbnail and Content Comparison

#### Step 1: Examine the thumbnail
The thumbnail shows three individuals suspended in mid-air, holding onto a surfboard, with a coastal landscape in the background. The text overlay reads ""DARE #99.""

#### Step 2: Read through the video subtitles and content description
The video content describes a series of dares involving various activities such as breath-holding underwater, pranks, physical challenges, and reactions to these dares. The activities range from simple tasks like hiding something scary in an attic to more extreme scenarios like jumping off a rooftop.

#### Step 3: Compare the thumbnail to the actual video content
The thumbnail depicts a scene where participants appear to be skydiving or performing a similar high-adrenaline activity. However, the video content does not show any individuals skydiving or performing a similar activity. Instead, the video focuses on a series of dares and challenges that are less physically demanding and more situational.

#### Step 4: Determine if the thumbnail accurately represents the video's main topic or content
The thumbnail significantly misrepresents the content of the video. It suggests a high-risk, adrenaline-pumping activity when the video primarily consists of dares and challenges that are more situational and less physically demanding.

#### Step 5: Assess whether the thumbnail uses exaggeration, false promises, or clickbait tactics
The thumbnail uses exaggerated imagery to attract viewers, promising an exciting and thrilling experience that is not reflected in the actual video content. This creates a misleading expectation.

#### Step 6: Categorize the thumbnail as either ""Misleading"" or ""Not Misleading""
Based on the analysis, the thumbnail is clearly ""Misleading.""

#### Explanation for the Decision
The thumbnail depicts a scene that is entirely different from the actual content of the video. It suggests a high-risk, adrenaline-pumping activity (skydiving) when the video primarily consists of dares and challenges that are more situational and less physically demanding. This creates a misleading expectation for viewers, as the thumbnail does not accurately represent the video's main topic or content. Therefore, the thumbnail is misleading."
UsKGD8dQBYw,"### Analysis of the Provided Information

#### Step 1: Examine the Thumbnail
The thumbnail shows a pair of boots equipped with crampons, which are typically used for climbing or walking on snow or ice. The image suggests a focus on outdoor gear and adventure activities.

#### Step 2: Read Through the Video Subtitles and Content Description
The video subtitles and content description mention a wide range of innovative technologies and unique scenarios, including flying cars, moving buildings, personal transportation devices, and various other gadgets and inventions. The video does not specifically focus on crampons or outdoor gear.

#### Step 3: Compare the Thumbnail to the Actual Video Content
The thumbnail depicts crampons, which are not mentioned in the video content. The video content is a montage of various technological innovations and scenarios, none of which relate directly to crampons.

#### Step 4: Determine if the Thumbnail Accurately Represents the Video's Main Topic or Content
The thumbnail does not accurately represent the video's main topic or content. The video is about a variety of technological innovations, not about crampons or outdoor gear.

#### Step 5: Assess Whether the Thumbnail Uses Exaggeration, False Promises, or Clickbait Tactics
The thumbnail does not use exaggeration, false promises, or clickbait tactics. It simply shows a pair of boots with crampons, which is a realistic depiction of the subject matter.

#### Step 6: Categorize the Thumbnail as Either ""Misleading"" or ""Not Misleading""
Based on the analysis, the thumbnail is **misleading** because it does not accurately represent the video's main topic or content. The video is about a variety of technological innovations, not about crampons or outdoor gear.

#### Explanation
The thumbnail is misleading because it shows crampons, which are not the focus of the video. The video content is a montage of various technological innovations and scenarios, none of which relate directly to crampons. Therefore, the thumbnail does not accurately represent the video's main topic or content."
JfYEmhHkCZQ,"### Analysis of the Thumbnail and Video Content

1. **Examine the Thumbnail**: The thumbnail features a soccer player in a red jersey, a large bear, and a referee in a yellow uniform. The image suggests a humorous or unexpected event involving a bear on the soccer field.

2. **Read Through the Subtitles and Content Description**: The video is described as a compilation of unusual and amusing incidents that have occurred during soccer matches. It includes various scenarios such as weather challenges, animal interruptions, and other unpredictable events.

3. **Compare the Thumbnail to the Actual Video Content**:
   - The thumbnail depicts a bear on the soccer field, which aligns with one of the scenarios mentioned in the video description (a small animal interrupting the game).
   - However, the video does not feature a bear; instead, it includes various other scenarios like weather challenges, animal interruptions, and other unpredictable events.

4. **Determine if the Thumbnail Accurately Represents the Video's Main Topic or Content**:
   - The thumbnail accurately represents one of the scenarios in the video, specifically the animal interruptions.
   - However, the thumbnail also includes elements that are not present in the video, such as the bear and the referee, which could mislead viewers into expecting a different type of content.

5. **Assess Whether the Thumbnail Uses Exaggeration, False Promises, or Clickbait Tactics**:
   - The thumbnail uses exaggeration by including a bear, which is not part of the actual video content.
   - There is a risk of misleading viewers because the thumbnail suggests a specific scenario (a bear on the field) that is not actually depicted in the video.

6. **Categorize the Thumbnail**:
   - Given that the thumbnail includes elements that are not part of the actual video content and exaggerates the scenario, it can be considered misleading.

### Final Decision
**Misleading**

**Explanation**: The thumbnail includes elements that are not part of the actual video content and exaggerates the scenario by featuring a bear, which is not depicted in the video. This can mislead viewers into expecting a different type of content."
GWY8ArsCHxA,"### Analysis:

1. **Examine the Thumbnail**:
   - The thumbnail features three images: a player in distress, a player with visible injuries, and a woman crying. These images suggest a dramatic and emotional event, likely related to a sports injury.

2. **Read Through the Video Content Description**:
   - The video describes a soccer match involving Cristiano Ronaldo, focusing on a specific incident where he sustained an injury but continued to play. The content emphasizes his resilience and the team's eventual victory.

3. **Compare the Thumbnail to the Actual Video Content**:
   - The thumbnail depicts a player in distress and a woman crying, which aligns with the emotional tone described in the video content. However, the image of the woman crying might be less directly relevant to the main narrative of the video.

4. **Determine Accuracy Representation**:
   - The thumbnail accurately captures the emotional aspect of the incident, which is a significant part of the story. However, the image of the woman crying may not be directly connected to the main narrative of Ronaldo's performance and the team's victory.

5. **Assess for Exaggeration, False Promises, or Clickbait Tactics**:
   - The thumbnail does not appear to use exaggerated imagery or false promises. It accurately reflects the emotional impact of the incident, which is a key element of the video's narrative.

6. **Categorize the Thumbnail**:
   - Given that the thumbnail effectively conveys the emotional tone of the incident without misleading viewers about the main content, it can be categorized as ""Not Misleading.""

7. **Explanation**:
   - The thumbnail accurately represents the emotional aspect of the incident, which is a crucial part of the video's narrative. While the image of the woman crying might not be directly related to the main content, it does not mislead viewers about the primary focus of the video, which is Ronaldo's performance and the team's victory despite the injury.

### Conclusion:
The thumbnail is **Not Misleading**. It effectively conveys the emotional impact of the incident while accurately representing the main narrative of the video."
WhrekQumlKY,"### Analysis of the Thumbnail and Video Content

#### Step 1: Examine the Thumbnail
The thumbnail shows two distinct scenes:
1. A player in a red jersey being pushed by another player in a white jersey.
2. A player in a white jersey holding a dog while wearing a jersey with the number ""4"".

#### Step 2: Read Through the Video Subtitles and Content Description
The video content description and subtitles describe a variety of soccer scenes, including:
- Referees making calls.
- Interviews with players.
- Game moments like corner kicks, midfield play, and goal attempts.
- Dramatic moments such as players being checked on after injuries.
- Celebrations and reactions from players.
- Various game situations and team dynamics.

#### Step 3: Compare the Thumbnail to the Actual Video Content
The thumbnail depicts a physical altercation between players and a player holding a dog, which are not typical elements of a standard soccer match compilation. The content described in the video includes referee decisions, interviews, and game moments, none of which involve physical altercations or a player holding a dog.

#### Step 4: Determine if the Thumbnail Accurately Represents the Video's Main Topic or Content
The thumbnail does not accurately represent the main topics or content of the video. It suggests a focus on physical altercations and a player holding a dog, which are not present in the video content.

#### Step 5: Assess Whether the Thumbnail Uses Exaggeration, False Promises, or Clickbait Tactics
The thumbnail uses exaggerated imagery to attract viewers, which is misleading because it does not reflect the actual content of the video.

#### Step 6: Categorize the Thumbnail as Either ""Misleading"" or ""Not Misleading""
The thumbnail is clearly misleading.

#### Step 7: Provide a Brief Explanation for Your Decision
The thumbnail shows a physical altercation and a player holding a dog, which are not elements of the video content. The video primarily consists of soccer scenes, interviews, and game moments, none of which involve the imagery shown in the thumbnail. Therefore, the thumbnail is misleading."
AsFQ3Oe3hYQ,"### Analysis of the Provided Information

#### Step 1: Examine the Thumbnail
The thumbnail shows a truck loaded with a large quantity of bananas. The image is clear and straightforward, depicting a truck carrying a substantial amount of produce.

#### Step 2: Read Through the Video Subtitles and Content Description
The video subtitles and content description indicate that the video showcases a variety of innovative tools, techniques, and solutions across different fields, including home improvement, construction, and transportation. The video does not mention bananas or trucks carrying produce.

#### Step 3: Compare the Thumbnail to the Actual Video Content
The thumbnail depicts a truck loaded with bananas, which is completely unrelated to the content described in the video. The video content focuses on various innovative tools and techniques used in different industries.

#### Step 4: Determine if the Thumbnail Accurately Represents the Video's Main Topic or Content
The thumbnail does not accurately represent the video's main topic or content. It suggests that the video is about transporting bananas, which is not mentioned in the video description or subtitles.

#### Step 5: Assess Whether the Thumbnail Uses Exaggeration, False Promises, or Clickbait Tactics
The thumbnail uses exaggerated imagery (a truck full of bananas) to attract viewers, which is misleading because the video content does not involve bananas at all.

#### Step 6: Categorize the Thumbnail as Either ""Misleading"" or ""Not Misleading""
The thumbnail is clearly misleading.

#### Step 7: Provide a Brief Explanation for Your Decision
The thumbnail depicts a truck full of bananas, which is entirely unrelated to the content of the video. The video is about showcasing innovative tools and techniques across various fields, not about transporting bananas. Therefore, the thumbnail is misleading as it does not accurately represent the video's main topic or content."
FyJcI4UkAzs,"### Analysis of the Provided Information

#### Step 1: Examine the Thumbnail
The thumbnail shows a person dressed in a costume resembling the Joker character from the Batman series, riding a jet ski in a body of water. The image suggests a humorous or action-packed scenario, which aligns with the typical style of fail or blooper videos.

#### Step 2: Read Through the Video Subtitles and Content Description
The video content description mentions a variety of mishaps, accidents, and unusual situations, which are typical for fail or blooper videos. The subtitles include phrases like ""good job,"" ""oh my God,"" and ""oh no,"" indicating reactions to unexpected events. These elements suggest that the video contains humorous or surprising moments rather than a serious or dramatic narrative.

#### Step 3: Compare the Thumbnail to the Actual Video Content
The thumbnail depicts a person in a costume riding a jet ski, which is a playful and exaggerated image. However, the video content description does not mention any scenes involving a jet ski or a person in a costume resembling the Joker. Instead, it focuses on various mishaps and accidents.

#### Step 4: Determine if the Thumbnail Accurately Represents the Video's Main Topic or Content
The thumbnail does not accurately represent the video's main topic or content. It suggests a specific scenario (a person in a costume riding a jet ski) that is not present in the video content described.

#### Step 5: Assess Whether the Thumbnail Uses Exaggeration, False Promises, or Clickbait Tactics
The thumbnail uses exaggeration by depicting a person in a costume riding a jet ski, which is not mentioned in the video content description. This creates a misleading expectation for viewers.

#### Step 6: Categorize the Thumbnail as Either ""Misleading"" or ""Not Misleading""
Based on the analysis, the thumbnail is misleading because it suggests a specific scenario (a person in a costume riding a jet ski) that is not present in the video content described.

#### Step 7: Provide a Brief Explanation for Your Decision
The thumbnail uses exaggerated imagery (a person in a costume riding a jet ski) that does not match the actual content of the video, which consists of various mishaps, accidents, and unexpected situations. This creates a misleading expectation for viewers, making the thumbnail misleading."
mMCjWTAtdyk,"### Analysis of the Thumbnail and Video Content

#### Step 1: Examine the Thumbnail
The thumbnail features a close-up of a baseball embedded in a red baseball helmet, which is part of a catcher's gear. The image is highly stylized, with a cracked effect that makes the baseball appear to be protruding from the helmet. This creates a dramatic and attention-grabbing visual.

#### Step 2: Read Through the Video Subtitles and Content Description
The video content is a compilation of various baseball moments, including rare and unusual events such as a ball getting stuck in a helmet, a player catching a ball with one hand while holding a child, and a pitcher throwing a pitch that almost causes a fight. These moments are described as ""one-in-a-million"" and highlight the unpredictable nature of baseball.

#### Step 3: Compare the Thumbnail to the Actual Video Content
The thumbnail depicts a dramatic and unusual event—a baseball stuck in a helmet—while the video content includes a variety of other unique and rare moments in baseball.

#### Step 4: Determine if the Thumbnail Accurately Represents the Video's Main Topic or Content
The thumbnail effectively captures a key element of the video content—the unusual event of a baseball getting stuck in a helmet. However, the thumbnail is highly stylized and exaggerated, which might lead viewers to expect a similar level of drama throughout the video.

#### Step 5: Assess Whether the Thumbnail Uses Exaggeration, False Promises, or Clickbait Tactics
While the thumbnail does depict a dramatic event, it is not misleading in the sense that it accurately represents the content of the video. The video indeed contains a moment where a baseball gets stuck in a helmet, but it also includes many other unique and rare moments that are not depicted in the thumbnail.

#### Step 6: Categorize the Thumbnail as Either ""Misleading"" or ""Not Misleading""
Given that the thumbnail accurately represents a key element of the video content and does not use exaggerated or misleading imagery, it can be categorized as **Not Misleading**.

#### Explanation
The thumbnail effectively highlights a dramatic and unusual event that occurs in the video, which is a central theme of the content. While the image is stylized and exaggerated, it does not mislead viewers about the overall content of the video. The video itself contains a variety of unique and rare moments, but the thumbnail accurately reflects one of these moments. Therefore, the thumbnail is not misleading."
dainpKoDlAE,"### Analysis and Categorization:

**Step 1:** Examine the thumbnail.
The thumbnail features two images:
1. A photo of Lionel Messi with a caption that reads, ""What a terrible accident.""
2. An image of a damaged red sports car with a person in a prayer-like gesture.

**Step 2:** Read through the video subtitles and content description.
The subtitles mention a car accident involving Lionel Messi, stating that he has died in a tragic car crash. The video denies these claims, clarifying that they are fake news.

**Step 3:** Compare the thumbnail to the actual video content.
The thumbnail prominently displays a car accident and a death headline, which contrasts sharply with the actual video content that denies the claims of Messi's death and focuses on a training session.

**Step 4:** Determine if the thumbnail accurately represents the video's main topic or content.
The thumbnail misleads viewers by suggesting that the video contains content about Lionel Messi dying in a car accident, when the video actually denies such claims and shows a training session instead.

**Step 5:** Assess whether the thumbnail uses exaggeration, false promises, or clickbait tactics.
The thumbnail uses exaggerated language (""What a terrible accident"") and misleading imagery (a damaged car and a person in a prayer-like gesture) to attract viewers' attention, which is clickbait.

**Step 6:** Categorize the thumbnail as either ""Misleading"" or ""Not Misleading"".
Based on the analysis, the thumbnail is clearly misleading.

**Step 7:** Provide a brief explanation for the decision.
The thumbnail uses misleading imagery and exaggerated language to attract viewers, which is clickbait. It suggests that the video contains content about Lionel Messi dying in a car accident, which is not the case. The video actually denies these claims and shows a training session instead. Therefore, the thumbnail is misleading."
HsLg6lCCaLg,"### Analysis:

**Step 1: Examine the thumbnail**
The thumbnail shows a person lying on a bed with the word ""zZZ"" above them, suggesting they are sleeping. Another person is kneeling in front of the bed, holding up their finger to their lips, indicating silence or secrecy.

**Step 2: Read through the video subtitles and content description**
The subtitles and content description indicate a series of scenes involving two young people in a home setting, documenting a developing relationship or significant events. The video includes various settings within the house, emotional exchanges, and a sense of progression over time.

**Step 3: Compare the thumbnail to the actual video content**
The thumbnail depicts a scene of someone sleeping, which does not align with the content described in the video. The video involves multiple scenes and settings, including conversations and interactions between the two characters, rather than a single scene of someone sleeping.

**Step 4: Determine if the thumbnail accurately represents the video's main topic or content**
The thumbnail does not accurately represent the main topics or content of the video. It suggests a scene of someone sleeping, which is not depicted in the video.

**Step 5: Assess whether the thumbnail uses exaggeration, false promises, or clickbait tactics**
The thumbnail uses a misleading image that does not reflect the actual content of the video. It creates an expectation that is not met, which could mislead viewers into thinking the video is about someone sleeping when it is not.

**Step 6: Categorize the thumbnail as either ""Misleading"" or ""Not Misleading""**
Based on the analysis, the thumbnail is **Misleading**.

**Explanation:**
The thumbnail creates an expectation that the video is about someone sleeping, which is not the case. The video content involves multiple scenes and settings, focusing on the interactions and progression of a relationship between two characters. The thumbnail does not accurately represent the main topics or content of the video, leading to potential viewer confusion and disappointment."
kwuIWZ9wRmw,"### Analysis of the Thumbnail and Video Content

The provided video description indicates that the video is a compilation of various sports scenes, primarily featuring American football, baseball, and basketball. The thumbnail, however, does not explicitly indicate any specific sports or context related to the content described in the video description.

### Steps Followed:
1. **Examine the thumbnail**: The thumbnail shows a baseball player giving a high-five to an umpire. There is no indication of the sports featured in the video.
2. **Read the subtitles and content description**: The subtitles and content description mention multiple sports including football, baseball, and basketball, with various scenes from different games.
3. **Compare the thumbnail to the actual video content**: The thumbnail depicts a baseball scene, which aligns somewhat with the content description mentioning baseball games.
4. **Determine if the thumbnail accurately represents the video's main topic or content**: While the thumbnail shows a baseball-related scene, it does not provide enough detail to accurately represent the diverse range of sports mentioned in the video description.
5. **Assess whether the thumbnail uses exaggeration, false promises, or clickbait tactics**: The thumbnail does not use exaggerated or misleading elements; it simply shows a scene that could be related to the content.
6. **Categorize the thumbnail as either ""Misleading"" or ""Not Misleading""**: Given that the thumbnail does not clearly indicate the variety of sports shown in the video, it can be considered misleading because it does not fully represent the content.

### Conclusion:
The thumbnail is **misleading** because it does not accurately reflect the diverse range of sports featured in the video. It only shows a single sport (baseball) and does not convey the multifaceted nature of the content described in the video description."
FvDEeIB-FgY,"### Analysis of the Provided Information

#### Step 1: Examine the Thumbnail
The thumbnail shows a person holding a sparkler, which is a common object used during celebrations or parties. The image is bright and eye-catching, suggesting a festive or celebratory theme.

#### Step 2: Read Through the Video Subtitles and Content Description
The video content description mentions a variety of unrelated short clips, including interactions with animals, people in different settings (like airplanes, public restrooms, cars), and various activities. The subtitles include humorous and light-hearted commentary, often involving anecdotes or reactions to everyday situations.

#### Step 3: Compare the Thumbnail to the Actual Video Content
The thumbnail depicts a sparkler, which is typically associated with celebrations and fun events. However, the video content described includes a wide range of unrelated short clips, many of which are mundane or humorous in nature but do not inherently suggest a celebratory context.

#### Step 4: Determine if the Thumbnail Accurately Represents the Video's Main Topic or Content
The thumbnail does not accurately represent the video's main topic or content. While the video may contain celebratory elements, the thumbnail suggests a specific event (holding a sparkler) that is not necessarily reflected in the diverse content of the video.

#### Step 5: Assess Whether the Thumbnail Uses Exaggeration, False Promises, or Clickbait Tactics
The thumbnail does not use exaggeration, false promises, or clickbait tactics. It simply shows a sparkler, which could be misleading because the video content does not focus on a single celebratory event.

#### Step 6: Categorize the Thumbnail as Either ""Misleading"" or ""Not Misleading""
Based on the analysis, the thumbnail is **misleading** because it suggests a specific celebratory context that is not necessarily reflected in the diverse content of the video.

#### Explanation for Decision
The thumbnail effectively captures the viewer's attention with a sparkler, which is commonly associated with celebrations. However, the video content is a compilation of unrelated short clips, many of which are mundane or humorous in nature. This mismatch between the thumbnail and the video content makes the thumbnail misleading, as it does not accurately represent the overall theme of the video."
UuAhXrHAfZg,"### Analysis of the YouTube Video Thumbnail

#### Step 1: Examine the Thumbnail
The thumbnail features a young man wearing a Portugal national team jersey, holding a bottle labeled ""SLIME."" There are also images of soccer cleats and a Nike duffel bag prominently displayed. The text overlay includes a tweet from Cristiano Ronaldo advising viewers not to buy the slime.

#### Step 2: Read Through the Video Subtitles and Content Description
The video content appears to be a mix of soccer-related activities, product demonstrations, and humorous elements. It includes scenes of soccer drills, jersey comparisons, and product placements. The video does not explicitly mention slime or any advice from Cristiano Ronaldo regarding purchasing decisions.

#### Step 3: Compare the Thumbnail to the Actual Video Content
The thumbnail suggests that the video is about a product review or recommendation, specifically about a slime product. However, the video content does not focus on slime; instead, it is primarily about soccer-related activities and product demonstrations.

#### Step 4: Determine if the Thumbnail Accurately Represents the Video's Main Topic or Content
The thumbnail misleads viewers by implying that the video is about a product review or recommendation for slime, when the actual content is about soccer-related activities and product demonstrations.

#### Step 5: Assess Whether the Thumbnail Uses Exaggeration, False Promises, or Clickbait Tactics
The thumbnail uses clickbait tactics by suggesting that the video is about a product review or recommendation for slime, which is not the case. It does not use exaggerated claims or false promises.

#### Step 6: Categorize the Thumbnail as Either ""Misleading"" or ""Not Misleading""
Based on the analysis, the thumbnail is **Misleading**.

#### Explanation
The thumbnail creates an expectation that the video is about a product review or recommendation for slime, which is not the case. Instead, the video focuses on soccer-related activities and product demonstrations. This misleads viewers into expecting content that is not present in the video, making the thumbnail misleading."
RL_e5QO9S2M,"### Analysis:

1. **Examine the Thumbnail**:
   - The thumbnail prominently displays the text ""FORTNITE ITEM SHOP RESET 21st AUGUST 2024.""
   - It features an image of a character wearing a ""Ghost Enforcer"" outfit, which is mentioned as one of the items available in the shop reset.

2. **Read Through the Video Content**:
   - The video showcases a variety of in-game items and character skins from Fortnite.
   - It includes items from different themes like Deadpool, Wolverine, pop culture icons, and Formula 1 racing.
   - The video does not specifically mention a shop reset date or any specific event related to a shop reset.

3. **Compare the Thumbnail to the Actual Video Content**:
   - The thumbnail suggests that the video focuses on a shop reset event happening on August 21, 2024.
   - However, the video content does not explicitly mention or highlight a shop reset event or date.

4. **Determine Accuracy Representation**:
   - The thumbnail implies a specific event (shop reset) that is not clearly indicated in the video content.
   - The video primarily showcases a variety of items without focusing on a specific shop reset event.

5. **Assess Exaggeration, False Promises, or Clickbait Tactics**:
   - The thumbnail uses a specific date (""21st AUGUST 2024"") which could be misleading if the video does not cover the shop reset event.
   - There is no indication in the video content that supports the claim made in the thumbnail.

6. **Categorize the Thumbnail**:
   - Given that the thumbnail makes a specific claim about a shop reset event that is not supported by the video content, it can be considered misleading.

### Conclusion:
The thumbnail is **misleading** because it suggests a specific shop reset event on a particular date (August 21, 2024), which is not addressed or highlighted in the video content. The thumbnail creates an expectation that is not fulfilled, leading viewers to believe they will find relevant information about the shop reset when they watch the video."
epbqAe76SLM,"### Analysis:

1. **Examine the Thumbnail**:
   - The thumbnail shows two players on a soccer field, one with visible blood on his face and jersey. One player appears to be comforting or assisting the other.

2. **Read Through the Video Content Description**:
   - The video is described as a compilation of soccer highlights featuring a player wearing jersey number 10 for PSG and the Brazilian national team.
   - It includes various scenes of matches, interactions between players, and physical confrontations typical of high-level soccer matches.

3. **Compare the Thumbnail to the Actual Video Content**:
   - The thumbnail depicts a dramatic moment involving blood, which is not explicitly mentioned in the video description.
   - The video content focuses more on general soccer highlights rather than a specific incident involving blood.

4. **Determine if the Thumbnail Accurately Represents the Video's Main Topic or Content**:
   - The thumbnail suggests a serious injury or confrontation, which is not necessarily depicted in the video content.
   - The video content is more about skillful plays and interactions between players, without any emphasis on injuries or confrontations involving blood.

5. **Assess Whether the Thumbnail Uses Exaggeration, False Promises, or Clickbait Tactics**:
   - The thumbnail uses exaggerated imagery to attract viewers, suggesting a dramatic event that may not be present in the actual video content.
   - This could mislead viewers into expecting a specific type of content that is not included.

6. **Categorize the Thumbnail**:
   - Based on the analysis, the thumbnail is misleading because it suggests a dramatic and potentially disturbing incident involving blood, which is not supported by the video content.

7. **Brief Explanation**:
   - The thumbnail uses exaggerated imagery to attract viewers, promising a dramatic and intense moment that is not actually depicted in the video. This can mislead viewers into expecting a specific type of content that is not included, thus making the thumbnail misleading.

### Conclusion:
The thumbnail is **Misleading**."
QSW2uW9eFn4,"### Analysis of the Thumbnail and Video Content

#### Step 1: Examine the Thumbnail
The thumbnail shows two basketball players in water, seemingly in a playful or humorous interaction. One player is wearing a Golden State Warriors jersey, and the other is wearing a Los Angeles Lakers jersey. The image suggests a light-hearted or comedic moment, which contrasts with the serious nature of the video content described in the subtitles.

#### Step 2: Read Through the Video Subtitles and Content Description
The subtitles describe a compilation of the ""Weirdest NBA Moments of All Time,"" which includes various bizarre and humorous incidents involving players, fans, and officials. The content is described as a mix of intense game moments, lighthearted entertainment, and behind-the-scenes glimpses, but the focus is clearly on unusual and often comical events.

#### Step 3: Compare the Thumbnail to the Actual Video Content
The thumbnail depicts a playful interaction between two basketball players, which aligns somewhat with the theme of ""weird moments."" However, the thumbnail does not accurately represent the majority of the video content, which is centered around serious and often dramatic game moments rather than light-hearted interactions.

#### Step 4: Determine if the Thumbnail Accurately Represents the Video's Main Topic or Content
The thumbnail does not accurately represent the main topic or content of the video. While it captures a humorous element, it fails to convey the serious and dramatic nature of many of the moments described in the subtitles.

#### Step 5: Assess Whether the Thumbnail Uses Exaggeration, False Promises, or Clickbait Tactics
The thumbnail uses exaggerated imagery to attract viewers, which could be considered clickbait. It suggests a playful and humorous interaction, which may mislead viewers into expecting a video filled with light-hearted content rather than the serious and dramatic moments described in the subtitles.

#### Step 6: Categorize the Thumbnail as Either ""Misleading"" or ""Not Misleading""
Based on the analysis, the thumbnail is **misleading** because it does not accurately represent the serious and dramatic nature of the video content. It uses exaggerated imagery to attract viewers, which could lead them to expect a video filled with light-hearted content rather than the serious and dramatic moments described in the subtitles.

#### Explanation
The thumbnail effectively captures a humorous moment between two basketball players, which might attract viewers interested in light-hearted content. However, the video itself is a compilation of serious and dramatic NBA moments, which are described in the subtitles. The contrast between the thumbnail and the video content creates a misleading impression, as the thumbnail does not reflect the serious tone of the video. Therefore, the thumbnail is misleading."
CAI02Pr3Iyg,"### Analysis of the Thumbnail and Video Content

#### Step 1: Examine the Thumbnail
The thumbnail features a soccer player in a pink jersey and a woman holding a sign that reads ""MESSI IS TRASH."" The image suggests a negative portrayal of Lionel Messi, a well-known soccer player.

#### Step 2: Read Through the Video Subtitles and Content Description
The video content appears to be a compilation of various soccer-related scenes and moments, showcasing different aspects of the sport and its culture. The subtitles mention disrespectful moments in football history, including instances involving Lionel Messi, such as ""Messi made all MLS players look like amateurs"" and ""Messi made it look easy.""

#### Step 3: Compare the Thumbnail to the Actual Video Content
The thumbnail depicts a negative portrayal of Messi, while the video content focuses on various soccer-related moments, including some that might be considered disrespectful. However, the thumbnail does not specifically highlight any particular incident involving Messi that would align with the content described in the subtitles.

#### Step 4: Determine if the Thumbnail Accurately Represents the Video's Main Topic or Content
The thumbnail does not accurately represent the video's main topic or content. While the video does include content related to Messi, the thumbnail's focus on ""MESSI IS TRASH"" is exaggerated and misleading.

#### Step 5: Assess Whether the Thumbnail Uses Exaggeration, False Promises, or Clickbait Tactics
The thumbnail uses exaggerated language (""MESSI IS TRASH"") to attract viewers, which is misleading. It does not provide context or specific examples of the incidents mentioned in the subtitles.

#### Step 6: Categorize the Thumbnail as Either ""Misleading"" or ""Not Misleading""
Based on the analysis, the thumbnail is **misleading**.

#### Explanation for Decision
The thumbnail uses exaggerated language (""MESSI IS TRASH"") to attract viewers without providing context or specific examples of the incidents mentioned in the subtitles. While the video content includes content related to Messi, the thumbnail's focus on a negative portrayal of Messi is misleading and does not accurately represent the video's main topic or content."
oODreucZqmM,"### Analysis of the Thumbnail and Video Content

#### Step 1: Examine the Thumbnail
The thumbnail features a split image of a person before and after what appears to be a significant transformation. The left side shows the individual with a normal physique, holding dumbbells, while the right side displays a muscular, well-defined physique, also holding dumbbells. The words ""BEFORE"" and ""AFTER"" are prominently displayed, suggesting a dramatic change in appearance.

#### Step 2: Read Through the Video Subtitles and Content Description
The video subtitles indicate a 24-hour fitness challenge involving various exercises and activities, including running, weightlifting, and even a wrestling match. The content description mentions a mix of serious workout moments and humorous interactions, but does not explicitly mention any transformation or before-and-after comparison.

#### Step 3: Compare the Thumbnail to the Actual Video Content
The thumbnail depicts a significant transformation in physique, which is not directly addressed in the video content. The video focuses on a 24-hour fitness challenge without emphasizing any before-and-after comparison.

#### Step 4: Determine if the Thumbnail Accurately Represents the Video's Main Topic or Content
The thumbnail does not accurately represent the main topic of the video, which is a 24-hour fitness challenge rather than a transformation narrative.

#### Step 5: Assess Whether the Thumbnail Uses Exaggeration, False Promises, or Clickbait Tactics
The thumbnail uses exaggerated imagery to suggest a significant transformation, which is not supported by the video content. This creates a misleading expectation.

#### Step 6: Categorize the Thumbnail as Either ""Misleading"" or ""Not Misleading""
The thumbnail is **misleading** because it implies a significant transformation that is not substantiated by the video content.

#### Explanation
The thumbnail sets up an expectation of a dramatic physical transformation, which is not the focus of the video. Instead, the video is about a 24-hour fitness challenge involving various activities. The use of the ""BEFORE"" and ""AFTER"" labels in the thumbnail creates a misleading impression that the video will showcase a transformation, which is not the case. Therefore, the thumbnail is misleading."
P8gXGWH49ao,"### Analysis:

1. **Examine the thumbnail**: The thumbnail features a young man in formal attire with tears streaming down his face, standing next to a casket labeled ""R.I.P. Alan."" The background includes a grassy field and a tombstone.

2. **Read through the video subtitles and content description**: Since subtitles are not available, we rely on the video description provided.

3. **Compare the thumbnail to the actual video content**:
   - The thumbnail depicts a somber and emotional scene involving a death.
   - The video description, however, outlines a staged crime scene, mock murder mystery, and various activities that do not involve real death or mourning.

4. **Determine if the thumbnail accurately represents the video's main topic or content**:
   - The thumbnail suggests a serious and tragic event, which contrasts sharply with the playful and humorous nature described in the video content.

5. **Assess whether the thumbnail uses exaggeration, false promises, or clickbait tactics**:
   - The thumbnail uses exaggerated imagery to evoke strong emotions, which could mislead viewers into expecting a serious or sad narrative when the video is actually a staged, entertaining production.

6. **Categorize the thumbnail as either ""Misleading"" or ""Not Misleading""**:
   - Based on the comparison, the thumbnail is misleading because it does not accurately represent the content of the video.

7. **Brief explanation for the decision**:
   - The thumbnail creates a false expectation by depicting a serious and emotional scene, which is not reflective of the video's actual content. It uses exaggerated imagery to attract viewers, leading them to believe they are watching a documentary or a serious drama when in fact, it is a staged entertainment piece.

### Conclusion:
The thumbnail is **Misleading**."
qS3w6i6Robs,"### Analysis of the Thumbnail and Video Content

#### Step 1: Examine the Thumbnail
The thumbnail depicts a person performing a handstand on a basketball balanced on a stool, with a background showing an outdoor park setting. The image suggests a focus on strength, balance, and acrobatics.

#### Step 2: Read Through the Video Subtitles and Content Description
The video content includes a variety of scenes showcasing different physical feats, skills, and activities. These include running, backflips, horse riding, strength displays, and balancing acts. However, the thumbnail specifically highlights a handstand on a basketball, which is a specific and visually striking element.

#### Step 3: Compare the Thumbnail to the Actual Video Content
While the thumbnail does show a handstand, it does not necessarily represent the entirety of the video content. The video compilation includes a wide range of activities, many of which are not depicted in the thumbnail.

#### Step 4: Determine if the Thumbnail Accurately Represents the Video's Main Topic or Content
The thumbnail accurately represents a specific part of the video content, which is a handstand on a basketball. However, it does not provide a comprehensive representation of the entire video, which includes a variety of other activities.

#### Step 5: Assess Whether the Thumbnail Uses Exaggeration, False Promises, or Clickbait Tactics
The thumbnail does not use exaggerated claims or false promises. It accurately reflects a specific activity shown in the video.

#### Step 6: Categorize the Thumbnail as Either ""Misleading"" or ""Not Misleading""
Given that the thumbnail accurately represents a specific activity shown in the video but does not provide a comprehensive overview of the entire content, it can be considered **Not Misleading**.

#### Explanation
The thumbnail effectively captures a specific moment from the video, which is a handstand on a basketball. While it does not show all the diverse activities included in the video, it accurately represents a significant part of the content. Therefore, it does not mislead viewers about the overall nature of the video."
6_Py9INA4lE,"### Analysis of the Provided Information

1. **Thumbnail Examination**: The thumbnail depicts a person being restrained by a metal framework, which appears to be a gag or prank setup. The image suggests a humorous or comedic scenario involving physical restraint.

2. **Video Subtitles**: There are no subtitles available in the provided information.

3. **Video Content Description**: The video compilation showcases a series of mishaps, accidents, and humorous situations. It includes various scenes of unexpected events and mishaps, such as falls, falls into windows, and interactions with objects or animals that lead to humorous or surprising outcomes.

4. **Comparison**: The thumbnail shows a person being restrained, which aligns with the theme of mishaps and humorous situations. However, the specific context of the thumbnail does not match the broader theme of the video content, which is more varied and includes multiple unrelated scenarios.

5. **Assessment**:
   - The thumbnail uses a visual that could be associated with the theme of the video (humor and mishaps).
   - However, the thumbnail does not accurately represent the diverse range of content shown in the video. It focuses on one specific scenario that might be part of the video but does not capture the full spectrum of mishaps and humorous situations depicted throughout the video.
   - There is no exaggeration or false promise in the thumbnail; it simply presents a scene that could be part of the video's content.

6. **Categorization**: Given that the thumbnail does not fully represent the variety of content shown in the video, it can be considered misleading because it may give viewers an incomplete idea of what to expect from the video.

### Final Decision: Misleading

**Explanation**: The thumbnail shows a person being restrained, which could be part of the video's content but does not accurately reflect the diverse range of mishaps and humorous situations depicted throughout the video. This could mislead viewers into expecting a video that primarily revolves around this specific scenario rather than the broader collection of mishaps and humorous situations shown in the video."
lHriHbKaS0A,"### Analysis of the Provided Information

#### Step 1: Examine the Thumbnail
The thumbnail shows a person lifting a large watermelon, which is circled and highlighted with an arrow pointing towards it. The image suggests that the video might involve unusual or impressive feats related to lifting heavy objects.

#### Step 2: Read Through the Video Subtitles and Content Description
The video description mentions a wide range of athletic feats and activities, including traditional sports, unconventional physical feats, and creative exercises. However, none of these descriptions mention lifting a watermelon or any similar activity.

#### Step 3: Compare the Thumbnail to the Actual Video Content
The thumbnail depicts a person lifting a large watermelon, which is not mentioned in the video description. The video content focuses on various athletic activities such as gymnastics, BMX tricks, and other physical feats, but does not include lifting a watermelon.

#### Step 4: Determine if the Thumbnail Accurately Represents the Video's Main Topic or Content
The thumbnail does not accurately represent the video's main topic or content. It suggests a specific activity (lifting a watermelon) that is not present in the video.

#### Step 5: Assess Whether the Thumbnail Uses Exaggeration, False Promises, or Clickbait Tactics
The thumbnail uses exaggerated imagery to attract viewers, promising an unusual feat that is not actually depicted in the video. This can be considered clickbait.

#### Step 6: Categorize the Thumbnail as Either ""Misleading"" or ""Not Misleading""
The thumbnail is **misleading** because it suggests a specific activity (lifting a watermelon) that is not part of the video's content.

#### Explanation
The thumbnail uses an image of a person lifting a large watermelon to attract viewers, which is misleading because the video does not contain any content related to lifting a watermelon. Instead, it features a variety of athletic activities and exercises. This type of imagery is often used to generate interest and clicks, which can mislead viewers into watching a video that does not meet their expectations."
6P4jcvfqTto,"### Analysis of the Thumbnail and Video Content

#### Step 1: Examine the Thumbnail
The thumbnail features a soccer player with a green laser beam projected onto his face. The image suggests a dramatic or intense moment, likely related to a penalty kick or a similar high-pressure situation in soccer.

#### Step 2: Read Through the Video Subtitles and Content Description
The video content described includes a variety of soccer-related scenes, ranging from penalty shootouts, match highlights, fan reactions, studio analyses, and behind-the-scenes moments. The video does not explicitly mention any specific dramatic or intense moments involving a green laser beam.

#### Step 3: Compare the Thumbnail to the Actual Video Content
The thumbnail depicts a dramatic moment involving a green laser beam, which is not mentioned or depicted in the video content. The video focuses on various soccer-related scenes without any reference to a green laser beam.

#### Step 4: Determine if the Thumbnail Accurately Represents the Video's Main Topic or Content
The thumbnail does not accurately represent the video's main topics or content. It introduces a dramatic element (a green laser beam) that is not present in the video.

#### Step 5: Assess Whether the Thumbnail Uses Exaggeration, False Promises, or Clickbait Tactics
The thumbnail uses exaggerated imagery (a green laser beam) to attract viewers, which is not aligned with the actual content of the video. This can be considered clickbait.

#### Step 6: Categorize the Thumbnail as Either ""Misleading"" or ""Not Misleading""
Based on the analysis, the thumbnail is misleading.

#### Explanation for Decision
The thumbnail introduces a dramatic and visually striking element (a green laser beam) that is not present in the actual video content. This creates an expectation that is not met, leading viewers to believe they will see something exciting or intense that they do not. Therefore, the thumbnail is misleading."
1V1ZvMTFDvs,"### Analysis of the Thumbnail and Video Content

#### Step 1: Examine the Thumbnail
The thumbnail shows a soccer player in a red uniform lying on the ground near a goal net, appearing frustrated or disappointed. The image captures a moment of disappointment or frustration, which aligns with the theme of ""bad luck"" mentioned in the subtitles.

#### Step 2: Read Through the Video Subtitles and Content Description
The subtitles discuss various soccer moments where players experience bad luck, such as missing a goal, getting injured, or having their shots saved. The content description confirms that the video is a compilation of soccer moments, including both impressive plays and humorous blunders.

#### Step 3: Compare the Thumbnail to the Actual Video Content
The thumbnail depicts a player in a red uniform lying on the ground near a goal net, which aligns with the theme of disappointment or frustration discussed in the subtitles. However, the video content includes a variety of moments, not just one specific instance of disappointment.

#### Step 4: Determine if the Thumbnail Accurately Represents the Video's Main Topic or Content
While the thumbnail captures a moment of disappointment, the video content is a broader compilation of soccer moments, including both positive and negative experiences. The thumbnail does not fully represent the diversity of content in the video.

#### Step 5: Assess Whether the Thumbnail Uses Exaggeration, False Promises, or Clickbait Tactics
The thumbnail does not use exaggeration or false promises. It accurately reflects a moment of disappointment, which is part of the overall theme of the video.

#### Step 6: Categorize the Thumbnail as Either ""Misleading"" or ""Not Misleading""
Given that the thumbnail captures a moment of disappointment, which is part of the broader theme of the video, but does not fully represent the diverse content, it can be considered slightly misleading.

#### Step 7: Provide a Brief Explanation for Your Decision
The thumbnail accurately represents a moment of disappointment, which is part of the theme of the video. However, it does not fully capture the diversity of content, which includes both positive and negative experiences. Therefore, while not entirely misleading, it can be considered slightly misleading due to its narrow focus on a single moment.

### Conclusion
**Category:** Slightly Misleading  
**Explanation:** The thumbnail captures a moment of disappointment, which is part of the theme of the video, but it does not fully represent the diverse content, which includes both positive and negative experiences."
tn79OFbPwKE,"### Analysis of the Provided Information

#### Step 1: Examine the Thumbnail
The thumbnail features a person holding a lightsaber, with a plane in the background that appears to be on fire. The text ""MYTH #997"" is prominently displayed.

#### Step 2: Read Through the Video Subtitles and Content Description
The video subtitles indicate that the content involves busting movie myths, specifically focusing on scenarios like breathing underwater, flying with wings, and dodging bullets. The video description mentions various pop culture references and stunts, but does not include any scenes involving a lightsaber or a plane on fire.

#### Step 3: Compare the Thumbnail to the Actual Video Content
The thumbnail depicts a scenario involving a lightsaber and a plane on fire, which is not mentioned in the video subtitles or content description. The video focuses on busting movie myths related to various films, including Indiana Jones, Star Wars, and others, but does not feature any elements related to the thumbnail image.

#### Step 4: Determine if the Thumbnail Accurately Represents the Video's Main Topic or Content
The thumbnail does not accurately represent the video's main topic or content. It introduces elements (lightsaber and plane) that are not present in the video and suggest a different theme than the actual content.

#### Step 5: Assess Whether the Thumbnail Uses Exaggeration, False Promises, or Clickbait Tactics
The thumbnail uses exaggerated imagery (lightsaber and plane on fire) to attract viewers' attention, which is likely intended to be misleading. It suggests a dramatic and action-packed scene that is not present in the actual video content.

#### Step 6: Categorize the Thumbnail as Either ""Misleading"" or ""Not Misleading""
Based on the analysis, the thumbnail is clearly misleading.

#### Explanation for Decision
The thumbnail introduces elements (lightsaber and plane on fire) that are not part of the actual video content. It uses exaggerated imagery to attract viewers, which is likely intended to be misleading. The video content is focused on busting movie myths, which does not involve any of these elements. Therefore, the thumbnail is misleading."
LOfDW_96yV0,"### Analysis of the Provided Information

#### Step 1: Examine the Thumbnail
The thumbnail shows two images side-by-side:
- On the left, a cookie is being decorated with icing.
- On the right, a large, round object (possibly a cake or a similar baked good) is being cut into with a knife, revealing a red filling inside.

#### Step 2: Read Through the Video Subtitles and Content Description
The video content description includes a variety of activities and processes, such as walking on a reflective surface, petting a furry animal, working with clay, cutting into a cushion, and more. The subtitles include topics ranging from skateboarding to deep-dish pizza, and even mention a ""twisty candle.""

#### Step 3: Compare the Thumbnail to the Actual Video Content
The thumbnail depicts a cookie being decorated and a large object being cut open, which are not directly related to any of the activities described in the video content. The activities in the video range widely across different fields and do not involve food preparation or decoration.

#### Step 4: Determine if the Thumbnail Accurately Represents the Video's Main Topic or Content
The thumbnail does not accurately represent the video's main topic or content. It suggests a focus on food preparation or decoration, which is not evident from the video description.

#### Step 5: Assess Whether the Thumbnail Uses Exaggeration, False Promises, or Clickbait Tactics
The thumbnail does not use exaggeration, false promises, or clickbait tactics. However, it is misleading because it does not reflect the diverse range of activities shown in the video.

#### Step 6: Categorize the Thumbnail as Either ""Misleading"" or ""Not Misleading""
Based on the analysis, the thumbnail is **misleading**.

#### Explanation for Decision
The thumbnail incorrectly suggests that the video is about food preparation or decoration, which is not true based on the video content description. The video covers a wide array of activities and processes, including nature, sports, industrial processes, and artisanal crafts, none of which are related to the thumbnail imagery. Therefore, the thumbnail misleads viewers about the content of the video."
hfCTA7K22is,"### Analysis of the Thumbnail and Video Content

#### Step 1: Examine the Thumbnail
The thumbnail shows a soccer player lying on the ground, appearing to be in pain or injured, with another player's foot prominently placed near their face. The image conveys a sense of injury or distress.

#### Step 2: Read Through the Video Subtitles and Content Description
The video content includes various scenes related to soccer, including injuries, celebrations, and intense moments. However, the subtitles specifically focus on the most horrific fouls in football history, detailing incidents involving severe injuries and violent tackles.

#### Step 3: Compare the Thumbnail to the Actual Video Content
The thumbnail depicts a player lying on the ground, which aligns with the content of the video, as it includes multiple scenes of players being injured. However, the thumbnail does not explicitly mention or visually represent the specific nature of the injuries described in the subtitles (e.g., broken teeth, broken legs).

#### Step 4: Determine if the Thumbnail Accurately Represents the Video's Main Topic or Content
While the thumbnail accurately depicts a player being injured, it does not provide context about the severity or the specific nature of the injuries mentioned in the subtitles. The thumbnail is broad enough to represent the general theme of injuries in soccer but lacks specificity regarding the types of injuries discussed in the subtitles.

#### Step 5: Assess Whether the Thumbnail Uses Exaggeration, False Promises, or Clickbait Tactics
The thumbnail does not use exaggerated language or false promises. It simply shows a player being injured, which is a common and realistic depiction in soccer videos. However, it does not clearly communicate the specific focus on the most horrific fouls in football history.

#### Step 6: Categorize the Thumbnail as Either ""Misleading"" or ""Not Misleading""
Given that the thumbnail accurately depicts a player being injured but does not specify the type of injuries or the context of the most horrific fouls, it can be considered **not misleading**. It provides a general representation of the content without misleading viewers about the specific focus of the video.

#### Explanation
The thumbnail effectively captures the essence of the video content, which includes scenes of players being injured. However, it does not convey the specific focus on the most horrific fouls in football history, which is emphasized in the subtitles. Therefore, while the thumbnail is not misleading in terms of depicting injuries, it is somewhat incomplete in providing the viewer with the exact context of the video's content."
zD7p7FwvHvM,"### Analysis of the Thumbnail and Video Content

#### Step 1: Examine the Thumbnail
The thumbnail features a muscular figure with exaggerated muscles, a woman in a white outfit, and a man with a surprised expression. The text overlay reads, ""The miracle is talent KingMagicBoy.""

#### Step 2: Read Through the Video Subtitles and Content Description
The video content describes a performance involving a person making various unusual actions, such as drinking from a small object, pulling a string from their mouth, and eating a small pink object. The video also includes surreal elements like a monstrous figure and a flaming skull.

#### Step 3: Compare the Thumbnail to the Actual Video Content
The thumbnail depicts a muscular figure and a woman, which does not align with the video content that focuses on a person performing various actions on stage. The text ""The miracle is talent KingMagicBoy"" suggests a talent show context but does not match the actual performance described.

#### Step 4: Determine if the Thumbnail Accurately Represents the Video's Main Topic or Content
The thumbnail does not accurately represent the video's main topic or content. It misleads viewers into expecting a different type of performance than what is actually shown.

#### Step 5: Assess Whether the Thumbnail Uses Exaggeration, False Promises, or Clickbait Tactics
The thumbnail uses exaggerated imagery (muscular figure) and a misleading text overlay (""The miracle is talent"") that does not reflect the actual content of the video.

#### Step 6: Categorize the Thumbnail as Either ""Misleading"" or ""Not Misleading""
The thumbnail is **Misleading**.

#### Explanation for Decision
The thumbnail significantly misrepresents the video content by showing a muscular figure and a woman, which are not part of the actual performance. The text ""The miracle is talent KingMagicBoy"" suggests a talent show context but does not match the video's focus on a person performing various actions. This creates an expectation gap that misleads viewers into watching a different type of content than what is actually presented."
sUOziK6nCBA,"### Analysis of the Thumbnail and Video Content

#### Step 1: Examine the Thumbnail
The thumbnail depicts a group of people inside an elevator, with one individual appearing to be in distress or struggling against the others. The image suggests a physical altercation or a tense situation involving multiple individuals.

#### Step 2: Read Through the Video Subtitles and Content Description
The subtitles and the video content describe various heroic and dramatic situations, including rescue operations, emergency responses, and everyday life scenarios. The video does not depict a physical altercation or a tense situation involving multiple individuals in an elevator.

#### Step 3: Compare the Thumbnail to the Actual Video Content
The thumbnail shows a group of people in an elevator, which aligns with the subtitle mentioning a ""mother and child in a faulty elevator."" However, the thumbnail does not accurately represent the majority of the video content, which focuses on various heroic and dramatic situations rather than a physical altercation.

#### Step 4: Determine if the Thumbnail Accurately Represents the Video's Main Topic or Content
The thumbnail does not accurately represent the main topics or content of the video. While the video includes a scene involving a mother and child in an elevator, the overall theme of the video is a compilation of various intense and dramatic moments across different scenarios, ranging from rescue operations to everyday life situations.

#### Step 5: Assess Whether the Thumbnail Uses Exaggeration, False Promises, or Clickbait Tactics
The thumbnail uses exaggerated imagery to attract viewers, which may mislead them into expecting a different type of content than what is actually shown in the video. The image of a physical altercation in an elevator is not representative of the majority of the video's content.

#### Step 6: Categorize the Thumbnail as Either ""Misleading"" or ""Not Misleading""
Based on the analysis, the thumbnail is **misleading**.

#### Explanation for the Decision
The thumbnail uses exaggerated imagery (a physical altercation in an elevator) to attract viewers, which does not accurately represent the majority of the video's content. The video primarily features heroic and dramatic situations across various scenarios, and the thumbnail fails to convey this accurately. Therefore, the thumbnail is misleading."
ziJtUt85C2I,"### Analysis of the Provided Information

#### Step 1: Examine the Thumbnail
The thumbnail features two individuals. One is a muscular individual posing with a strong physique, leaning on a red bench. The other image shows a person performing a split against a wall, wearing casual clothing.

#### Step 2: Read Through the Video Subtitles and Content Description
The video description mentions a variety of unusual and daring activities, including balancing acts, gymnastics, and other physical stunts. The subtitles suggest that the video is a compilation of people performing extraordinary feats, which aligns with the theme described in the video content.

#### Step 3: Compare the Thumbnail to the Actual Video Content
The thumbnail depicts a muscular individual and a person performing a split, both of which are physically demanding activities. However, the video content includes a wide range of activities beyond just physical feats, such as balancing acts, gymnastics, and other unusual skills.

#### Step 4: Determine if the Thumbnail Accurately Represents the Video's Main Topic or Content
While the thumbnail does show individuals performing physical activities, it does not represent the full scope of the video content. The video includes a variety of activities that extend beyond just physical feats, making the thumbnail somewhat misleading.

#### Step 5: Assess Whether the Thumbnail Uses Exaggeration, False Promises, or Clickbait Tactics
The thumbnail does not appear to use exaggerated claims or false promises. Instead, it accurately reflects the physical nature of some of the activities shown in the video.

#### Step 6: Categorize the Thumbnail as Either ""Misleading"" or ""Not Misleading""
Given that the thumbnail does not fully represent the diverse range of activities depicted in the video, it can be considered **misleading**.

#### Explanation for Decision
The thumbnail focuses on two specific physical activities (muscular posing and a split) that are part of the video content but do not capture the full diversity of the activities shown. The video includes a wide array of unusual and daring activities, which are not fully represented by the thumbnail. Therefore, the thumbnail misleads viewers into expecting a video that primarily showcases physical feats when the content encompasses a broader range of skills and activities."
c7UtiZEiYKg,"### Analysis of the Provided Information

#### Step 1: Examine the Thumbnail
The thumbnail depicts a dramatic scene involving a large shark breaching the water near a pier, with people observing the event. The image suggests a thrilling or dangerous situation, likely related to marine life or a rescue operation.

#### Step 2: Read Through the Video Subtitles and Content Description
The video content described includes a variety of unusual, dangerous, or remarkable events, such as a tall water tower, a red truck, a rocky mountainside, an unusual mask, an extremely long snake, molten lava, an underwater diver, a large fire, a bright blue light, a construction vehicle, a tall apartment building, a portable toilet, a flooded or collapsing road, a large pool or tank with green water, and a person working under machinery with debris falling. The scenes range from natural phenomena to human stunts and accidents, but none of these align with the image of a shark breaching near a pier.

#### Step 3: Compare the Thumbnail to the Actual Video Content
The thumbnail shows a dramatic scene of a shark breaching near a pier, which is not depicted in any of the video descriptions provided. The video content focuses on various unrelated events, none of which involve a shark or a pier.

#### Step 4: Determine if the Thumbnail Accurately Represents the Video's Main Topic or Content
The thumbnail does not accurately represent the video's main topic or content. It misleads viewers by suggesting a specific event (a shark breaching near a pier) that is not present in the video.

#### Step 5: Assess Whether the Thumbnail Uses Exaggeration, False Promises, or Clickbait Tactics
The thumbnail uses exaggerated imagery to attract viewers, promising a thrilling or dangerous event that is not present in the video. This is a clear example of clickbait.

#### Step 6: Categorize the Thumbnail as Either ""Misleading"" or ""Not Misleading""
The thumbnail is clearly ""Misleading.""

#### Step 7: Provide a Brief Explanation for Your Decision
The thumbnail depicts a dramatic scene of a shark breaching near a pier, which is not present in the video content. Instead, the video contains a series of unrelated events, including a tall water tower, a red truck, a rocky mountainside, and other diverse scenes. The thumbnail uses exaggerated imagery to attract viewers, promising a thrilling or dangerous event that is not present in the video, thus misleading the audience."
mzHwYwmiRGs,"### Analysis of the Thumbnail and Video Content

#### Step 1: Examine the Thumbnail
The thumbnail depicts a person sitting on a subway or train, appearing distressed or agitated, with a hand reaching towards them holding a plastic bag. The overall tone suggests a confrontation or a tense situation.

#### Step 2: Read Through the Video Subtitles and Content Description
The subtitles and the video content description indicate a series of confrontational situations in various public spaces. The scenes include altercations in public transportation, restaurants, auditoriums, parks, and other locations. The descriptions emphasize the confrontational nature of the interactions, with strong language and a sense of chaos and tension.

#### Step 3: Compare the Thumbnail to the Actual Video Content
The thumbnail accurately represents one of the scenes described in the video content. It captures a moment of confrontation on public transportation, which aligns with the overall theme of the video.

#### Step 4: Determine if the Thumbnail Accurately Represents the Video's Main Topic or Content
The thumbnail effectively conveys the main topic of the video, which is a collection of confrontational situations in public spaces. It does not misrepresent the content by showing a different scenario or a less intense situation.

#### Step 5: Assess Whether the Thumbnail Uses Exaggeration, False Promises, or Clickbait Tactics
The thumbnail does not use any exaggerated elements or false promises. It simply depicts a scene from the video content, which is representative of the overall theme.

#### Step 6: Categorize the Thumbnail
Based on the analysis, the thumbnail is **Not Misleading**.

#### Explanation
The thumbnail accurately reflects the content of the video, which is a compilation of confrontational situations in public spaces. It does not use any misleading elements or clickbait tactics. Therefore, it is appropriate and truthful in representing the video's main topic."
t9GPp1DM6fI,"### Analysis of the YouTube Video Thumbnail and Content

#### Step 1: Examine the Thumbnail
The thumbnail features a circular pool with slides leading into it, surrounded by greenery. There are people lying on the ground near the pool, and flames are visible, suggesting a staged or dramatic scenario. The text overlay reads ""TOTALMENTE FALSO,"" which translates to ""Totally False.""

#### Step 2: Read Through the Video Subtitles and Content Description
The subtitles mention ""fake construction projects,"" ""personal dramas invented by the internet,"" and ""some shamefully fake videos exposed."" The content description discusses various social media trends, online personalities, and digital culture phenomena, including a focus on ""fake construction projects"" and ""personal dramas.""

#### Step 3: Compare the Thumbnail to the Actual Video Content
The thumbnail depicts a staged or dramatic scene involving a pool and people lying on the ground, which aligns with the theme of ""fake construction projects"" and ""personal dramas."" However, the video content does not appear to feature a pool or staged池塘场景. Instead, it focuses on various social media trends and personalities.

#### Step 4: Determine if the Thumbnail Accurately Represents the Video's Main Topic or Content
The thumbnail suggests a dramatic or staged scenario, which is misleading because the video content does not feature such a setting. The thumbnail implies a specific type of content (a pool with slides) that is not present in the actual video.

#### Step 5: Assess Whether the Thumbnail Uses Exaggeration, False Promises, or Clickbait Tactics
The thumbnail uses exaggerated imagery (a pool with slides) to attract viewers, which is misleading. It creates an expectation that is not fulfilled in the actual video content.

#### Step 6: Categorize the Thumbnail as Either ""Misleading"" or ""Not Misleading""
Based on the analysis, the thumbnail is **Misleading**.

#### Explanation for Decision
The thumbnail creates an expectation of a dramatic or staged scenario involving a pool and slides, which is not present in the actual video content. This misleads viewers into thinking they will see a specific type of content that is not delivered. The use of exaggerated imagery and the text ""TOTALMENTE FALSO"" further emphasizes the misleading nature of the thumbnail."
2PbNHVe5FYo,"### Analysis of the Thumbnail and Video Content

#### Step 1: Examine the Thumbnail
The thumbnail shows a close-up of a foot wearing a shoe with a unique, intricate design. The shoe appears to have a textured sole with a pattern resembling a 3D-printed structure.

#### Step 2: Read Through the Video Subtitles and Content Description
The video content description mentions a variety of innovative technologies and unusual scenarios, including a DIY project with bicycle wheels and an engine, a wingsuit flyer, a gaming controller, and a car's fuel port with an unusual nozzle. The subtitles discuss topics ranging from innovations in transportation and technology to creative solutions for everyday problems.

#### Step 3: Compare the Thumbnail to the Actual Video Content
The thumbnail depicts a shoe with a unique design, which aligns with the video content that includes a DIY project involving a vehicle with bicycle wheels and an engine. However, the shoe in the thumbnail does not directly relate to the DIY vehicle project mentioned in the video content.

#### Step 4: Determine if the Thumbnail Accurately Represents the Video's Main Topic or Content
The thumbnail does not accurately represent the main topic or content of the video. While the video does include a DIY project with bicycle wheels and an engine, the shoe depicted in the thumbnail is not directly related to this specific project.

#### Step 5: Assess Whether the Thumbnail Uses Exaggeration, False Promises, or Clickbait Tactics
The thumbnail does not use exaggeration, false promises, or clickbait tactics. It simply shows a close-up of a shoe, which could be part of the video content but does not mislead viewers into expecting a specific segment or topic.

#### Step 6: Categorize the Thumbnail as Either ""Misleading"" or ""Not Misleading""
Based on the analysis, the thumbnail is **Not Misleading**. Although the shoe in the thumbnail is not directly related to the DIY vehicle project mentioned in the video content, it does not mislead viewers into expecting a specific segment or topic that is not present in the video.

#### Explanation
The thumbnail shows a shoe with a unique design, which could be part of the video content but does not directly relate to the DIY vehicle project. Therefore, while the thumbnail does not fully represent the main topic of the video, it does not use exaggerated claims or misleading tactics."
U5oS6yi2g-w,"### Analysis of the Thumbnail and Video Content

#### Step 1: Examine the Thumbnail
The thumbnail shows a blue Range Rover driving over a yellow and black striped road barrier. The image suggests a focus on vehicle performance or a test drive scenario.

#### Step 2: Read Through the Video Subtitles and Content Description
The video content description and subtitles indicate that the video showcases various aspects of infrastructure and transportation technology, including road construction, maintenance, and innovative technologies aimed at improving urban and rural environments. The subtitles mention topics such as road markings, road technologies, and innovative road safety measures.

#### Step 3: Compare the Thumbnail to the Actual Video Content
The thumbnail depicts a vehicle driving over a road barrier, which aligns with the theme of road safety and infrastructure. However, the video content focuses on broader topics related to infrastructure and transportation technology rather than a specific vehicle demonstration.

#### Step 4: Determine if the Thumbnail Accurately Represents the Video's Main Topic or Content
While the thumbnail relates to road safety, the video content is much broader and covers a wide range of infrastructure and transportation technologies. The thumbnail does not accurately represent the full scope of the video's content.

#### Step 5: Assess Whether the Thumbnail Uses Exaggeration, False Promises, or Clickbait Tactics
The thumbnail does not use exaggerated claims or false promises. It accurately reflects the theme of road safety and infrastructure, which is a relevant aspect of the video content.

#### Step 6: Categorize the Thumbnail as Either ""Misleading"" or ""Not Misleading""
Based on the analysis, the thumbnail is **Not Misleading** because it accurately reflects a relevant aspect of the video's content (road safety) and does not misrepresent the broader themes discussed in the video.

#### Explanation
The thumbnail effectively captures a key element of the video's content—road safety and infrastructure. While it may not fully represent the entire breadth of the video's topics, it does not mislead viewers into expecting a different type of content. Therefore, the thumbnail is appropriate and not misleading."
RsuUvjMxTXg,"### Analysis:

1. **Examine the Thumbnail**: The thumbnail shows a dump truck on a highway, which appears to be involved in an accident or mishap. The image suggests a serious incident involving a vehicle.

2. **Read Through the Video Content Description**: The video compilation includes a variety of fail and accident scenes, but none of them specifically feature a dump truck or a similar vehicle involved in a significant mishap. Instead, the video showcases a range of other incidents including speedboats, cycling races, and various mishaps involving vehicles and people.

3. **Compare the Thumbnail to the Actual Video Content**: The thumbnail depicts a dump truck that seems to be stuck or involved in some kind of accident, which is not reflected in the video content described. The video does not contain any scenes resembling the thumbnail.

4. **Determine if the Thumbnail Accurately Represents the Video's Main Topic or Content**: The thumbnail does not accurately represent the video's main topic or content. It misleads viewers into expecting a specific type of incident (a dump truck mishap) that is not present in the video.

5. **Assess Whether the Thumbnail Uses Exaggeration, False Promises, or Clickbait Tactics**: The thumbnail uses exaggerated imagery to attract viewers, promising a specific type of incident that is not depicted in the video.

6. **Categorize the Thumbnail**: Based on the analysis, the thumbnail is misleading because it does not accurately represent the content of the video.

7. **Brief Explanation**: The thumbnail shows a dump truck involved in what appears to be a serious accident, which is not the case in the video. The video compilation features a variety of fail and accident scenes but does not include a dump truck mishap. Therefore, the thumbnail is misleading.

**Conclusion**: The thumbnail is **Misleading**."
k2aF2Qwb5io,"### Analysis of the Provided Information

#### Step 1: Examine the Thumbnail
The thumbnail shows workers handling a large, inflated object outdoors. The workers are wearing safety gear, which suggests they are engaged in some form of manual labor or construction work.

#### Step 2: Read Through the Video Subtitles and Content Description
The video content description mentions a wide range of skilled labor and DIY projects, including construction, woodworking, leatherworking, and maintenance tasks. The subtitles include phrases like ""classic lovers,"" ""leather becomes a work of art,"" ""aesthetic,"" ""transform into a work of art,"" and ""a perfect cleaning."" These suggest a focus on craftsmanship and artistic processes rather than the physical handling of a large inflatable object shown in the thumbnail.

#### Step 3: Compare the Thumbnail to the Actual Video Content
The thumbnail depicts workers interacting with a large, inflated object, which does not align with the detailed descriptions of various skilled labor and DIY projects mentioned in the video content description. The thumbnail suggests a different theme compared to the actual video content.

#### Step 4: Determine if the Thumbnail Accurately Represents the Video's Main Topic or Content
The thumbnail does not accurately represent the main topics discussed in the video content description. The video focuses on craftsmanship and artistic processes, while the thumbnail suggests a scene related to construction or maintenance work.

#### Step 5: Assess Whether the Thumbnail Uses Exaggeration, False Promises, or Clickbait Tactics
The thumbnail does not use exaggerated claims or false promises. However, it does not accurately reflect the content of the video, which could mislead viewers into expecting a different type of video.

#### Step 6: Categorize the Thumbnail as Either ""Misleading"" or ""Not Misleading""
Based on the analysis, the thumbnail is misleading because it does not accurately represent the main topics discussed in the video content description.

#### Explanation for Decision
The thumbnail shows workers handling a large, inflated object, which is not consistent with the detailed descriptions of various skilled labor and DIY projects mentioned in the video content description. This discrepancy suggests that the thumbnail may mislead viewers into expecting a different type of video, thus categorizing it as misleading."
UgnnVZK_M7w,"### Analysis of the YouTube Video Thumbnail

#### Step 1: Examine the thumbnail
The thumbnail features a man giving a thumbs-up gesture, with the California state flag prominently displayed behind him. The background includes imagery of a wildfire, suggesting a sense of urgency or crisis.

#### Step 2: Read through the video subtitles and content description
The subtitles and content description indicate that the video discusses issues in Santa Monica, California, specifically crime, homelessness, and local governance. The video seems to be an investigative piece or documentary focusing on these topics.

#### Step 3: Compare the thumbnail to the actual video content
The thumbnail depicts a positive and hopeful image (a thumbs-up) combined with a sense of urgency (wildfire). However, the video content focuses on serious issues such as crime, homelessness, and local governance problems.

#### Step 4: Determine if the thumbnail accurately represents the video's main topic or content
The thumbnail does not accurately represent the serious nature of the issues discussed in the video. While the wildfires may symbolize broader societal issues, the overall tone of the thumbnail is misleading as it gives a false impression of optimism or resolution.

#### Step 5: Assess whether the thumbnail uses exaggeration, false promises, or clickbait tactics
The thumbnail uses a combination of positive imagery (thumbs-up) and a sense of urgency (wildfire), which could be perceived as clickbait or misleading. It does not clearly communicate the serious nature of the issues discussed in the video.

#### Step 6: Categorize the thumbnail as either ""Misleading"" or ""Not Misleading""
Based on the analysis, the thumbnail is **misleading**.

#### Explanation for the Decision
The thumbnail uses a positive gesture combined with imagery of a wildfire to create a sense of urgency without clearly communicating the serious and negative content of the video. This combination can mislead viewers into expecting a more optimistic or less serious narrative than what the video actually delivers. Therefore, the thumbnail is misleading."
dW8J7_l8INY,"### Analysis of the Provided Information

#### Step 1: Examine the Thumbnail
The thumbnail shows a fan reaching out to catch a ball in a baseball stadium. The image is clear and depicts a typical moment at a sporting event where fans are actively participating.

#### Step 2: Read Through the Video Subtitles and Content Description
The video content description mentions various sports events including baseball, basketball, and football. It highlights moments of excitement and fan engagement during these games. The subtitles provide commentary on specific plays and fan reactions, emphasizing the energy and enthusiasm of the crowds.

#### Step 3: Compare the Thumbnail to the Actual Video Content
The thumbnail accurately represents a common scene from a baseball game where fans are reaching out to catch a ball. This aligns well with the content described in the video, which includes various sports events and fan reactions.

#### Step 4: Determine if the Thumbnail Accurately Represents the Video's Main Topic or Content
The thumbnail effectively captures a typical moment from a sports event, which matches the overall theme of the video. It does not misrepresent the content by showing an unrelated or exaggerated scenario.

#### Step 5: Assess Whether the Thumbnail Uses Exaggeration, False Promises, or Clickbait Tactics
There is no indication of exaggeration or clickbait tactics in the thumbnail. It simply shows a fan interacting with a ball, which is a realistic and common occurrence in sports events.

#### Step 6: Categorize the Thumbnail as Either ""Misleading"" or ""Not Misleading""
Based on the analysis, the thumbnail is not misleading. It accurately reflects the content of the video, which showcases various sports events and fan interactions.

#### Explanation
The thumbnail correctly depicts a fan reaching out to catch a ball, which is a typical and expected scene in a baseball game. This aligns perfectly with the video content, which features various sports events and fan reactions. Therefore, the thumbnail is not misleading and accurately represents the video's main topic or content."
mKdjycj-7eE,"### Analysis of the Thumbnail and Video Content

#### Step 1: Examine the Thumbnail
The thumbnail features a man inside a Lamborghini facing a large, menacing train equipped with sharp protrusions. The image is dramatic and visually striking, suggesting a high-stakes scenario involving danger and destruction.

#### Step 2: Read Through the Video Subtitles and Content Description
The subtitles and video content describe a series of events where a Lamborghini is threatened by a train, and the protagonist, Blake, must build defenses to protect the car from ten thousand bullets. The video involves a series of challenges, construction of protective barriers, and eventual destruction of the Lamborghini.

#### Step 3: Compare the Thumbnail to the Actual Video Content
The thumbnail depicts a Lamborghini facing a threatening train, which aligns closely with the video content where the Lamborghini is indeed threatened by a train. However, the thumbnail does not explicitly mention the bullet challenge or the construction of defenses, which are significant elements of the video.

#### Step 4: Determine if the Thumbnail Accurately Represents the Video's Main Topic or Content
While the thumbnail captures the essence of the Lamborghini being threatened by a train, it does not fully convey the complexity and multiple phases of the challenge described in the video. The thumbnail lacks details about the bullet challenge and the construction of defenses, which are crucial parts of the narrative.

#### Step 5: Assess Whether the Thumbnail Uses Exaggeration, False Promises, or Clickbait Tactics
The thumbnail uses exaggerated imagery to create a sense of danger and excitement. However, it does not mislead viewers into expecting a completely different type of content (e.g., a comedy sketch or a completely unrelated event). Instead, it sets the expectation for a thrilling and potentially dangerous scenario, which aligns with the actual content.

#### Step 6: Categorize the Thumbnail as Either ""Misleading"" or ""Not Misleading""
Given that the thumbnail accurately represents the core theme of the video—threatening a Lamborghini with a train—it should not be considered misleading. The thumbnail effectively captures the dramatic and exciting nature of the content without misleading viewers into expecting something entirely different.

#### Step 7: Provide a Brief Explanation for the Decision
The thumbnail accurately reflects the core theme of the video, which involves a Lamborghini being threatened by a train. While it does not explicitly mention the bullet challenge or the construction of defenses, these elements are integral to the narrative and are clearly depicted in the video. Therefore, the thumbnail is not misleading.

**Conclusion:** The thumbnail is **Not Misleading**."
fcgWYglHQZw,"### Analysis of the Thumbnail and Video Content

#### Step 1: Examine the Thumbnail
The thumbnail features a cheerleader with pom-poms and a soccer player in a light blue Manchester City jersey. The image suggests a lively and energetic scene typical of a soccer match.

#### Step 2: Read Through the Video Subtitles and Content Description
The video subtitles and content description focus on inappropriate moments in football history, including controversial fan behavior, player actions, and administrative issues. The video does not seem to be primarily about a soccer match or cheerleading performance.

#### Step 3: Compare the Thumbnail to the Actual Video Content
The thumbnail depicts a scene that aligns closely with the theme of a soccer match, which is a significant part of the video content. However, the video also includes numerous off-field moments and controversies that are not directly related to the thumbnail imagery.

#### Step 4: Determine if the Thumbnail Accurately Represents the Video's Main Topic or Content
While the thumbnail shows a soccer match, the video content is more diverse and includes various off-field events and controversies. The thumbnail does not fully represent the broad range of content in the video.

#### Step 5: Assess Whether the Thumbnail Uses Exaggeration, False Promises, or Clickbait Tactics
The thumbnail does not use exaggerated language or false promises. It simply shows a scene that is likely to be part of the video content, albeit not the entirety of it.

#### Step 6: Categorize the Thumbnail as Either ""Misleading"" or ""Not Misleading""
Given that the thumbnail shows a scene that is part of the video content but does not fully represent the broader range of topics discussed, it could be considered slightly misleading.

#### Step 7: Provide a Brief Explanation for Your Decision
The thumbnail accurately depicts a soccer match, which is a significant part of the video content. However, the video also includes numerous off-field moments and controversies that are not directly represented in the thumbnail. Therefore, while the thumbnail is not entirely misleading, it may give viewers an incomplete understanding of the full scope of the video content.

### Conclusion
**Categorization:** Slightly Misleading  
**Explanation:** The thumbnail shows a scene that is part of the video content but does not fully represent the broader range of topics discussed."
iwFuKsHAnK0,"### Analysis of the Thumbnail and Video Content

#### Step 1: Examine the Thumbnail
The thumbnail features two images side by side:
- On the left, there is a man wearing a cap and a dark polo shirt with the logo of São Paulo FC (SPFC).
- On the right, there is a dog wearing a blue vest, playing with a soccer ball on a grassy field.

#### Step 2: Read Through the Video Subtitles and Content Description
The subtitles and the content description suggest that the video is a compilation of various soccer-related scenes and incidents, including gameplay, behind-the-scenes moments, and reactions to events during matches. The video does not appear to feature any dog playing soccer, which is the primary focus of the thumbnail.

#### Step 3: Compare the Thumbnail to the Actual Video Content
The thumbnail depicts a dog playing soccer, which is not mentioned in the video description or subtitles. The video content focuses on soccer-related incidents and reactions, not a dog playing soccer.

#### Step 4: Determine if the Thumbnail Accurately Represents the Video's Main Topic or Content
The thumbnail does not accurately represent the main topic or content of the video. It suggests that the video is about a dog playing soccer, which is not the case.

#### Step 5: Assess Whether the Thumbnail Uses Exaggeration, False Promises, or Clickbait Tactics
The thumbnail uses exaggerated imagery by featuring a dog playing soccer, which is not part of the video content. This creates a misleading expectation for viewers.

#### Step 6: Categorize the Thumbnail as Either ""Misleading"" or ""Not Misleading""
The thumbnail is **misleading**.

#### Explanation
The thumbnail misleads viewers by suggesting that the video is about a dog playing soccer, which is not true based on the video content described. The thumbnail uses exaggerated imagery to attract attention, which is a common tactic used in clickbait videos. Since the thumbnail does not accurately represent the video's content, it is misleading."
bABseBbIiFk,"### Analysis of the Provided Information

#### Step 1: Examine the Thumbnail
The thumbnail features a person underwater with a large shark, accompanied by the text ""MYTH #199."" The image suggests a dramatic and potentially dangerous situation involving a shark.

#### Step 2: Read Through the Video Subtitles and Content Description
The video subtitles indicate that the content involves debunking myths, particularly those related to water activities and underwater scenarios. The video description mentions various myths being tested, including whether you can ride a motorcycle over water, use a pogo stick underwater, and whether you can train underwater to become stronger.

#### Step 3: Compare the Thumbnail to the Actual Video Content
The thumbnail depicts a person underwater with a shark, which aligns with the theme of water-related myths. However, the video content does not focus solely on underwater scenarios; it covers a wide range of myths, including those unrelated to water.

#### Step 4: Determine if the Thumbnail Accurately Represents the Video's Main Topic or Content
While the thumbnail relates to the general theme of debunking myths, it does not specifically represent the content of Myth #199. The video does not feature a shark or an underwater setting for Myth #199, which is about whether you can ride a motorcycle over water.

#### Step 5: Assess Whether the Thumbnail Uses Exaggeration, False Promises, or Clickbait Tactics
The thumbnail uses exaggerated imagery (a large shark) to attract attention, which could be seen as clickbait. However, the video content does not match the thumbnail's imagery, which might lead viewers to feel misled.

#### Step 6: Categorize the Thumbnail as Either ""Misleading"" or ""Not Misleading""
Given that the thumbnail does not accurately represent the specific content of Myth #199 and uses exaggerated imagery that does not align with the video's actual content, the thumbnail is misleading.

#### Explanation for Decision
The thumbnail creates a sense of danger and drama with the image of a shark, which is not directly related to the specific myth being tested in Myth #199. While the video does involve water-related myths, the thumbnail's exaggerated imagery and lack of specificity about the myth being tested contribute to a misleading impression."
88KPADTPPAo,"### Analysis of the Provided Information

#### Step 1: Examine the Thumbnail
The thumbnail depicts workers in red uniforms applying blue and yellow paint to a large surface, likely part of a ship or aircraft wing. The image suggests a focus on industrial painting or maintenance work.

#### Step 2: Read Through the Video Subtitles and Content Description
The subtitles and the video content description highlight a variety of skilled craftspeople performing different tasks across various industries. These include metal manipulation, construction, home improvement, amusement park maintenance, food preparation, jewelry making, and more. The video aims to showcase the expertise and precision involved in these tasks.

#### Step 3: Compare the Thumbnail to the Actual Video Content
The thumbnail shows workers painting a large surface, which aligns with one of the scenes described in the video content (painting). However, the thumbnail does not represent all the diverse activities shown in the video, such as metal manipulation, construction, food preparation, and others.

#### Step 4: Determine if the Thumbnail Accurately Represents the Video's Main Topic or Content
While the thumbnail does depict a scene involving painting, it fails to capture the full range of activities showcased in the video. The thumbnail is too narrow in scope and does not reflect the diversity of crafts and techniques demonstrated throughout the video.

#### Step 5: Assess Whether the Thumbnail Uses Exaggeration, False Promises, or Clickbait Tactics
The thumbnail does not use exaggerated claims or false promises. It simply shows a scene that is representative of one of the activities featured in the video. However, it does not provide a comprehensive representation of the entire video content.

#### Step 6: Categorize the Thumbnail as Either ""Misleading"" or ""Not Misleading""
Given that the thumbnail only represents a small fraction of the diverse activities shown in the video and does not give a complete picture of the content, it can be considered **misleading**.

#### Explanation for Decision
The thumbnail focuses on a single activity (painting) and does not convey the broad range of skilled crafts and techniques demonstrated in the video. While it accurately represents one aspect of the video content, it fails to provide a comprehensive overview of the diverse activities featured. Therefore, it misleads viewers about the full scope of the video's content."
vDgrnx_nkhI,"### Analysis of the Provided Information

#### Step 1: Examine the Thumbnail
The thumbnail shows a chef in a kitchen setting, holding a stack of potatoes, onions, and cucumbers. The chef appears to be preparing to chop them, suggesting a cooking demonstration or food preparation video.

#### Step 2: Read Through the Video Subtitles and Content Description
The video content description focuses on a variety of athletic and adventurous activities, including sports, physical stunts, and daring feats. The subtitles mention topics such as soccer, skateboarding, basketball, and other physical activities, but do not reference cooking or food preparation.

#### Step 3: Compare the Thumbnail to the Actual Video Content
The thumbnail depicts a chef preparing vegetables, which is completely unrelated to the content described in the video description. The video content is entirely focused on physical activities and sports, with no mention of cooking or food preparation.

#### Step 4: Determine if the Thumbnail Accurately Represents the Video's Main Topic or Content
The thumbnail does not accurately represent the video's main topic or content. It suggests a cooking or food preparation video, whereas the actual video is about athletic and adventurous activities.

#### Step 5: Assess Whether the Thumbnail Uses Exaggeration, False Promises, or Clickbait Tactics
The thumbnail uses exaggerated imagery (a chef with a stack of vegetables) to attract viewers, which is misleading because the video content is entirely unrelated to cooking.

#### Step 6: Categorize the Thumbnail as Either ""Misleading"" or ""Not Misleading""
The thumbnail is clearly misleading.

#### Step 7: Provide a Brief Explanation for Your Decision
The thumbnail depicts a chef preparing vegetables, which is completely unrelated to the content of the video. The video is about athletic and adventurous activities, not cooking. Therefore, the thumbnail misleads viewers by suggesting a cooking video when the actual content is about sports and physical activities."
iSb_fyChqLE,"### Analysis of the Thumbnail and Video Content

#### Step 1: Examine the Thumbnail
The thumbnail depicts two construction workers running away from a large yellow concrete mixer that is spilling concrete. The image suggests a humorous or exaggerated scenario involving a construction mishap.

#### Step 2: Read Through the Video Subtitles and Content Description
The video content description outlines a series of clips showcasing various accidents, mishaps, and unusual incidents across different settings. The subtitles indicate that the video is a compilation of ""epic fails"" and ""unexpected and often hazardous situations.""

#### Step 3: Compare the Thumbnail to the Actual Video Content
The thumbnail shows a humorous and exaggerated scenario of workers running away from a concrete mixer. However, the video content description indicates that the video is a compilation of various accidents and mishaps, which may not necessarily involve humor or exaggerated scenarios.

#### Step 4: Determine if the Thumbnail Accurately Represents the Video's Main Topic or Content
The thumbnail does not accurately represent the main topic or content of the video. While the video does include construction mishaps, the thumbnail suggests a humorous or exaggerated scenario that is not necessarily depicted in the video content.

#### Step 5: Assess Whether the Thumbnail Uses Exaggeration, False Promises, or Clickbait Tactics
The thumbnail uses exaggeration by depicting a humorous and exaggerated scenario that is not necessarily depicted in the video content. The thumbnail may be misleading because it suggests a more lighthearted or humorous context than the actual video content.

#### Step 6: Categorize the Thumbnail as Either ""Misleading"" or ""Not Misleading""
Based on the analysis, the thumbnail is **misleading**.

#### Explanation
The thumbnail suggests a humorous or exaggerated scenario involving workers running away from a concrete mixer, which is not necessarily depicted in the video content. The video content description indicates that the video is a compilation of various accidents and mishaps, which may not necessarily involve humor or exaggerated scenarios. Therefore, the thumbnail misleads viewers by suggesting a more lighthearted or humorous context than the actual video content."
4PaqJhHM9-s,"### Analysis of the Thumbnail and Video Content

#### Step 1: Examine the Thumbnail
The thumbnail features a close-up of a person with exaggerated makeup and a surprised expression. The background includes two individuals, one with a shocked expression and the other with a distressed look, holding a coffee cup. The text ""DAY #3"" is prominently displayed.

#### Step 2: Read Through the Video Subtitles and Content Description
The subtitles indicate a series of challenges or pranks involving a group of young men, likely for an online content creation channel. The video content includes various activities such as challenges, pranks, and physical activities, with a mix of excitement, distress, and humor. The participants appear to be engaging in energetic and chaotic activities, which aligns with the thumbnail's depiction of exaggerated reactions and expressions.

#### Step 3: Compare the Thumbnail to the Actual Video Content
The thumbnail shows a person with exaggerated makeup and a surprised expression, which aligns with the theme of the video content where participants are engaging in various challenges and pranks. The background individuals' expressions of shock and distress also match the chaotic and humorous tone suggested by the video content.

#### Step 4: Determine if the Thumbnail Accurately Represents the Video's Main Topic or Content
The thumbnail accurately represents the video's main topic and content. It captures the essence of the chaotic and humorous nature of the challenges and pranks depicted in the video.

#### Step 5: Assess Whether the Thumbnail Uses Exaggeration, False Promises, or Clickbait Tactics
The thumbnail does not use any exaggerated elements that mislead viewers about the content. Instead, it accurately reflects the chaotic and humorous tone of the video.

#### Step 6: Categorize the Thumbnail
The thumbnail is **Not Misleading**.

#### Explanation
The thumbnail effectively captures the chaotic and humorous nature of the video content without using any exaggerated elements that might mislead viewers. It accurately represents the main topic and tone of the video, ensuring that viewers understand what to expect from the content. Therefore, the thumbnail is not misleading."
lDjR8yD3Obs,"### Analysis of the Provided Information

#### Step 1: Examine the Thumbnail
The thumbnail depicts a person holding a sword and standing behind a line of lit candles. The image suggests a dramatic or dangerous scenario involving fire and weaponry.

#### Step 2: Read Through the Video Subtitles and Content Description
The video content description outlines a series of clips showcasing various extreme sports, stunts, and physical activities. These include boxing, baseball, racing, off-road truck stunts, skateboarding, motorcycling, paragliding, handstands, and other high-risk activities. The subtitles also mention topics like skateboarding on ice, snowboarding, and basketball on a trampoline.

#### Step 3: Compare the Thumbnail to the Actual Video Content
The thumbnail shows a person with a sword and lit candles, which strongly contrasts with the content described in the video. The video does not feature any sword-wielding or candle-related activities; instead, it focuses on a variety of extreme sports and stunts.

#### Step 4: Determine if the Thumbnail Accurately Represents the Video's Main Topic or Content
The thumbnail does not accurately represent the video's main topic or content. It misleads viewers by suggesting a dangerous or dramatic scene involving fire and weaponry, whereas the video primarily features a collection of extreme sports and stunts.

#### Step 5: Assess Whether the Thumbnail Uses Exaggeration, False Promises, or Clickbait Tactics
The thumbnail uses exaggerated imagery to attract viewers, promising a dangerous or thrilling experience that is not present in the actual video content. This is a classic example of clickbait.

#### Step 6: Categorize the Thumbnail as Either ""Misleading"" or ""Not Misleading""
Based on the analysis, the thumbnail is clearly **Misleading**.

#### Step 7: Provide a Brief Explanation for Your Decision
The thumbnail depicts a scene involving a sword and lit candles, which is completely unrelated to the content of the video. It uses exaggerated imagery to attract viewers, promising a dangerous or thrilling experience that is not present in the actual video. This misleads viewers and is a clear example of clickbait."
CSvPE21Seu4,"### Analysis of the Thumbnail and Video Content

#### Step 1: Examine the Thumbnail
The thumbnail shows a person kneeling on the ground, appearing distressed, with a red arrow pointing towards their feet. The image is zoomed in on the feet, which appear swollen and discolored, suggesting a medical condition or injury.

#### Step 2: Read Through the Video Subtitles and Content Description
The subtitles suggest that the video is about identifying fake beggars and scammers who pretend to be disabled or injured to deceive people into giving them money. The content description mentions various scenarios involving people in difficult situations, including homelessness, poverty, and disability, but does not explicitly mention the presence of fake beggars or scams.

#### Step 3: Compare the Thumbnail to the Actual Video Content
The thumbnail depicts a person with visibly swollen and discolored feet, which could be interpreted as a sign of a serious medical condition or injury. However, the video content, as described, focuses on identifying fake beggars rather than showing individuals with genuine medical conditions.

#### Step 4: Determine if the Thumbnail Accurately Represents the Video's Main Topic or Content
The thumbnail does not accurately represent the main topic of the video, which is about identifying fake beggars. Instead, it suggests a focus on individuals with genuine medical issues, which is not the primary theme of the video.

#### Step 5: Assess Whether the Thumbnail Uses Exaggeration, False Promises, or Clickbait Tactics
The thumbnail uses exaggerated imagery (swollen feet) to attract viewers' attention, which might lead them to believe the video is about medical issues rather than identifying fake beggars. This could be considered clickbait as it misleads viewers about the content.

#### Step 6: Categorize the Thumbnail as Either ""Misleading"" or ""Not Misleading""
Based on the analysis, the thumbnail is misleading because it suggests a focus on individuals with genuine medical issues when the video's main content is about identifying fake beggars.

#### Step 7: Provide a Brief Explanation for Your Decision
The thumbnail uses exaggerated imagery to attract viewers, which misleads them about the video's content. While the video does show individuals in difficult situations, the thumbnail does not accurately represent the main topic of identifying fake beggars. Therefore, the thumbnail is misleading."
f5o7_wPmuiE,"### Analysis of the Thumbnail and Video Content

#### Step 1: Examine the Thumbnail
The thumbnail features two individuals, one with a futuristic, robotic appearance and the other with a more human-like appearance. The text ""AI GIRLFRIEND"" is prominently displayed above them. The image suggests a futuristic relationship involving artificial intelligence.

#### Step 2: Read Through the Video Subtitles and Content Description
The subtitles and video content describe a series of futuristic gadgets and technologies, including an AI version of the speaker's self, an invisibility shield, a 3D printer capable of creating clones, and a driverless car. The video does not explicitly mention an ""AI girlfriend.""

#### Step 3: Compare the Thumbnail to the Actual Video Content
The thumbnail depicts a futuristic relationship scenario involving an AI version of the speaker's self, which aligns closely with the content described in the subtitles. However, the video content focuses on showcasing various futuristic gadgets rather than a relationship with an AI.

#### Step 4: Determine if the Thumbnail Accurately Represents the Video's Main Topic or Content
The thumbnail accurately represents the futuristic theme and the concept of an AI version of oneself, which is a key element discussed in the video. However, the thumbnail does not clearly convey the specific focus on the AI version being referred to as a ""girlfriend,"" which is a minor detail in the video content.

#### Step 5: Assess Whether the Thumbnail Uses Exaggeration, False Promises, or Clickbait Tactics
The thumbnail does not use exaggerated claims or false promises. It accurately reflects the futuristic theme and the concept of an AI version of oneself, which is a central theme in the video.

#### Step 6: Categorize the Thumbnail as Either ""Misleading"" or ""Not Misleading""
Given that the thumbnail accurately represents the futuristic theme and the concept of an AI version of oneself, but does not clearly convey the specific focus on the AI version being referred to as a ""girlfriend,"" the thumbnail is **not misleading**.

#### Explanation
The thumbnail effectively captures the futuristic theme and the concept of an AI version of oneself, which is a central theme in the video. While it does not explicitly state that the AI version is referred to as a ""girlfriend,"" the context provided in the video content clarifies that this is indeed the case. Therefore, the thumbnail does not mislead viewers into expecting a different type of content."
roUuy1xjits,"### Analysis of the YouTube Video Thumbnail and Content

#### Step 1: Examine the Thumbnail
The thumbnail shows two images side by side:
1. On the left, a baby is sitting in a toilet bowl, seemingly playing or exploring.
2. On the right, a baby is covered in a brown substance, possibly chocolate, with a distressed expression.

#### Step 2: Read Through the Video Subtitles and Content Description
The subtitles suggest a video that humorously captures children getting into mischief, often involving chocolate. The content description lists various unrelated scenes, including children interacting with objects, a bowling alley, a child in a bathtub, and other miscellaneous activities.

#### Step 3: Compare the Thumbnail to the Actual Video Content
The thumbnail depicts a baby in a toilet bowl and a baby covered in chocolate. However, the video content does not consistently show these specific scenes. Instead, it features a variety of unrelated scenarios, such as a child in a bathtub, a bowling alley, and a child interacting with objects.

#### Step 4: Determine if the Thumbnail Accurately Represents the Video's Main Topic or Content
The thumbnail does not accurately represent the video's main topic or content. It suggests a focus on children getting into mischief with chocolate, which is not evident in the video content described.

#### Step 5: Assess Whether the Thumbnail Uses Exaggeration, False Promises, or Clickbait Tactics
The thumbnail uses exaggerated imagery (a baby covered in chocolate) to attract viewers, which is misleading because the video content does not match the thumbnail's promise.

#### Step 6: Categorize the Thumbnail as Either ""Misleading"" or ""Not Misleading""
The thumbnail is **Misleading**.

#### Explanation
The thumbnail creates an expectation that the video will feature children getting into mischief with chocolate, which is not supported by the video content. The scenes depicted in the video are diverse and unrelated, and the thumbnail's imagery is misleading in terms of what viewers can expect from the video."
KItFw-9zqQQ,"### Analysis of the Thumbnail and Video Content

#### Step 1: Examine the Thumbnail
The thumbnail features a man in a suit leaning against a casket, set against a backdrop of a football field. The image suggests a somber and tragic event involving a footballer.

#### Step 2: Read Through the Video Subtitles and Content Description
The subtitles and the video content describe the tragic death of Emiliano Sala, a footballer, in a plane crash. The video includes various elements such as travel scenes, a football match, and a somber announcement of the death of a baby. The overall tone is one of tragedy and loss.

#### Step 3: Compare the Thumbnail to the Actual Video Content
The thumbnail accurately represents the main topic of the video, which is the tragic death of a footballer. The image of a man leaning against a casket aligns well with the somber theme of the video.

#### Step 4: Determine if the Thumbnail Accurately Represents the Video's Main Topic or Content
The thumbnail effectively conveys the main topic of the video, which is the tragic death of a footballer. It does not misrepresent the content by suggesting a different theme or event.

#### Step 5: Assess Whether the Thumbnail Uses Exaggeration, False Promises, or Clickbait Tactics
The thumbnail does not use exaggeration, false promises, or clickbait tactics. It clearly depicts the main theme of the video without misleading viewers.

#### Step 6: Categorize the Thumbnail
Based on the analysis, the thumbnail is **Not Misleading**.

#### Explanation
The thumbnail accurately reflects the main topic of the video, which is the tragic death of a footballer. It does not use any exaggerated elements or misleading tactics. The image of a man leaning against a casket, combined with the backdrop of a football field, effectively communicates the somber nature of the content without misleading viewers about the actual subject matter."
c7pkrdSvKXM,"### Analysis:

1. **Examine the Thumbnail**:
   - The thumbnail shows two soccer players, one wearing a Barcelona jersey and the other wearing a Paris Saint-Germain jersey. They appear to be engaged in a conversation or interaction on the field.

2. **Read Through the Subtitles and Content Description**:
   - The subtitles mention Neymar, a player known for his involvement in controversial incidents during matches.
   - The content description highlights a compilation of soccer match footage featuring PSG and their star player, with a focus on high-tension moments and disputes.

3. **Compare the Thumbnail to the Actual Video Content**:
   - The thumbnail depicts a moment of interaction between two players, which aligns with the content description mentioning high-tension moments and disputes.
   - However, the thumbnail does not explicitly highlight Neymar or any specific incident involving controversy or conflict.

4. **Determine if the Thumbnail Accurately Represents the Video's Main Topic or Content**:
   - While the thumbnail captures a moment of interaction, it does not convey the specific focus on Neymar or the controversies mentioned in the subtitles.
   - The thumbnail is somewhat generic and does not provide clear context about the specific content described in the video.

5. **Assess Whether the Thumbnail Uses Exaggeration, False Promises, or Clickbait Tactics**:
   - The thumbnail does not use exaggerated visuals or false promises.
   - However, it could be seen as misleading because it does not clearly indicate the specific focus on Neymar or the controversies mentioned in the subtitles.

6. **Categorize the Thumbnail**:
   - Given that the thumbnail does not clearly represent the specific focus on Neymar or the controversies mentioned in the subtitles, it can be considered misleading.

7. **Brief Explanation**:
   - The thumbnail shows a generic interaction between two players, which may not accurately reflect the specific focus on Neymar and the controversies mentioned in the subtitles. While the thumbnail captures a moment of interaction, it does not provide clear context about the specific content described in the video.

### Conclusion:
The thumbnail is **misleading** because it does not clearly represent the specific focus on Neymar or the controversies mentioned in the subtitles."
WU2hGpIGq3I,"### Analysis of the Provided Information

#### Step 1: Examine the Thumbnail
The thumbnail features a Labrador Retriever and a tiger on a wooden deck. The image is bright and colorful, suggesting a positive and heartwarming interaction between the two animals.

#### Step 2: Read Through the Video Subtitles and Content Description
The video subtitles indicate that the video is about moments when dogs bring friends home, which could include various animals such as cats, foxes, cows, and even a deer. The content description mentions a variety of interspecies interactions, including dogs interacting with horses, cows, ducks, and even a deer.

#### Step 3: Compare the Thumbnail to the Actual Video Content
The thumbnail depicts a Labrador Retriever and a tiger, which aligns with the theme of interspecies interactions. However, the thumbnail does not specifically highlight the theme of dogs bringing friends home, which is a key element mentioned in the subtitles.

#### Step 4: Determine if the Thumbnail Accurately Represents the Video's Main Topic or Content
While the thumbnail shows a tiger and a dog, which is part of the interspecies theme, it does not explicitly convey the specific focus on dogs bringing friends home. The thumbnail could be misleading because it does not clearly communicate the central theme of the video.

#### Step 5: Assess Whether the Thumbnail Uses Exaggeration, False Promises, or Clickbait Tactics
The thumbnail does not use exaggerated visuals or false promises. It simply shows a tiger and a dog, which is a natural and intriguing pairing but does not directly relate to the specific theme of the video.

#### Step 6: Categorize the Thumbnail as Either ""Misleading"" or ""Not Misleading""
Based on the analysis, the thumbnail is **misleading** because it does not clearly represent the main topic of the video, which is about dogs bringing friends home. While the image is visually appealing and intriguing, it does not effectively communicate the specific focus of the video content.

#### Explanation
The thumbnail is misleading because it does not accurately represent the main topic of the video. Although it shows a tiger and a dog, which are part of the interspecies theme, it does not explicitly convey the specific focus on dogs bringing friends home. This could mislead viewers into expecting a video that primarily features these animals rather than the interspecies interactions involving dogs bringing friends home."
1jj8tny5qVk,"### Analysis of the Provided Information

#### Step 1: Examine the Thumbnail
The thumbnail features two images:
1. A banana carved into the shape of a snake.
2. A snail shell painted with a design resembling Spider-Man.

#### Step 2: Read Through the Video Subtitles and Content Description
The video content description does not mention any banana, snake, snail, or Spider-Man. Instead, it describes a series of unrelated activities and scenes, including:
- Modeling sunglasses.
- Struggling with exercise equipment.
- Working at a recycling facility.
- Walking across hot coals.
- Creating geometric patterns with wires.
- Interacting with a circular kiosk.
- Balancing coins on a car window.
- Cutting metal pieces.
- Cooking food.
- Working on a Google-branded electronic device.
- Running or tumbling down a hill.
- Laying down roofing tiles.
- Standing in front of an industrial door.
- Intricate work with a small machine.
- Handling a colorful bowling ball.
- Struggling with a long cord or cable.
- A close-up of a toucan or similar bird.

#### Step 3: Compare the Thumbnail to the Actual Video Content
The thumbnail images show a banana carved into a snake and a snail shell painted with a Spider-Man design. These images are completely unrelated to the activities described in the video content.

#### Step 4: Determine if the Thumbnail Accurately Represents the Video's Main Topic or Content
The thumbnail does not represent any of the activities or scenes depicted in the video content. It is entirely misleading.

#### Step 5: Assess Whether the Thumbnail Uses Exaggeration, False Promises, or Clickbait Tactics
The thumbnail uses exaggerated and misleading imagery to attract viewers, promising them content that is entirely different from what the video actually contains.

#### Step 6: Categorize the Thumbnail as Either ""Misleading"" or ""Not Misleading""
The thumbnail is clearly ""Misleading.""

#### Step 7: Provide a Brief Explanation for Your Decision
The thumbnail features images of a banana carved into a snake and a snail shell painted with a Spider-Man design, which are completely unrelated to the activities described in the video content. This creates a misleading impression that the video will contain content related to these images, when in reality, it does not. Therefore, the thumbnail is misleading."
zeyQOw7mIhc,"### Analysis of the Provided Information

#### Step 1: Examine the Thumbnail
The thumbnail shows two images side by side:
1. On the left, there is a circular arrangement of small objects resembling coins or tiles, with children standing around it.
2. On the right, there is a person working on a tile floor, possibly grouting or cleaning it.

#### Step 2: Read the Video Subtitles and Content Description
The subtitles suggest that the video is about showcasing the skills of workers worldwide, focusing on precision and craftsmanship in various tasks such as cleaning countertops, pouring concrete, and working on tile floors. The content description mentions a wide range of construction, renovation, and DIY projects, including mosaic or tile work.

#### Step 3: Compare the Thumbnail to the Actual Video Content
- The thumbnail depicts a circular arrangement of small objects and a person working on a tile floor.
- The video content includes scenes of various construction and renovation projects, which align with the thumbnail's depiction of tile work.

#### Step 4: Determine if the Thumbnail Accurately Represents the Video's Main Topic or Content
The thumbnail accurately represents the video's main topic, which involves construction and renovation work, particularly tile work. The circular arrangement of small objects could be interpreted as a mosaic or a patterned design, which fits within the theme of craftsmanship shown in the video.

#### Step 5: Assess Whether the Thumbnail Uses Exaggeration, False Promises, or Clickbait Tactics
There is no indication of exaggeration, false promises, or clickbait tactics in the thumbnail. It clearly depicts the type of content expected in the video.

#### Step 6: Categorize the Thumbnail
Based on the analysis, the thumbnail does not appear to be misleading. It accurately represents the video's main topic and content.

#### Step 7: Provide a Brief Explanation for the Decision
The thumbnail effectively communicates the theme of the video, which focuses on construction and renovation work, particularly tile work. It does not use any exaggerated elements or false promises, making it a clear and appropriate representation of the video's content.

### Conclusion
The thumbnail is **Not Misleading**."
ir3oHaaX5lY,"### Analysis of the Thumbnail and Video Content

#### Step 1: Examine the Thumbnail
The thumbnail features two images:
1. A player in a white jersey falling to the ground, with another player in a blue jersey standing over him.
2. A close-up of a player in a blue jersey pointing and speaking.

The text overlay reads: ""AGORA VC TÁ FU****!""

#### Step 2: Read Through the Video Subtitles and Content Description
The subtitles and content description focus on various aspects of Neymar's career, including his matches, social media interactions, and controversies. The video does not explicitly mention the incident depicted in the thumbnail image.

#### Step 3: Compare the Thumbnail to the Actual Video Content
The thumbnail image depicts a physical altercation between two players, which is not mentioned in the video content. The video primarily discusses Neymar's career highlights, controversies, and social media interactions.

#### Step 4: Determine if the Thumbnail Accurately Represents the Video's Main Topic or Content
The thumbnail does not accurately represent the main topics discussed in the video. The video does not feature a physical altercation between players as the central theme.

#### Step 5: Assess Whether the Thumbnail Uses Exaggeration, False Promises, or Clickbait Tactics
The thumbnail uses exaggerated language (""AGORA VC TÁ FU****!"") to create a sense of drama and controversy, which is not reflected in the actual video content.

#### Step 6: Categorize the Thumbnail as Either ""Misleading"" or ""Not Misleading""
The thumbnail is misleading because it suggests a specific incident involving a physical altercation that is not present in the video content.

#### Explanation
The thumbnail uses exaggerated language and imagery to create a sense of drama and controversy, which is not supported by the actual video content. The video focuses on Neymar's career highlights, controversies, and social media interactions, rather than depicting a physical altercation between players. Therefore, the thumbnail is misleading."
OpOvMwkGL18,"### Analysis of the Thumbnail and Video Content

#### Step 1: Examine the Thumbnail
The thumbnail features a group of individuals with exaggerated facial expressions and a text overlay stating ""DAY #2."" The image includes a person with a gagged mouth, another with a painted face resembling a bear, and others in unusual costumes. The overall tone suggests a humorous or comedic theme, likely involving pranks or challenges.

#### Step 2: Read Through the Video Subtitles and Content Description
The subtitles reveal that the video involves a challenge where contestants must avoid talking or making noise under threat of elimination. The video showcases various physical activities, challenges, and punishments, emphasizing the competitive nature of the event.

#### Step 3: Compare the Thumbnail to the Actual Video Content
The thumbnail depicts a humorous and exaggerated scenario, which aligns with the playful and competitive nature described in the subtitles. However, the thumbnail does not explicitly convey the specific rules or the intensity of the challenges mentioned in the subtitles.

#### Step 4: Determine if the Thumbnail Accurately Represents the Video's Main Topic or Content
While the thumbnail captures the essence of a fun and challenging environment, it does not provide enough detail about the specific rules or the severity of the punishments. The thumbnail suggests a lighthearted atmosphere, whereas the subtitles indicate a serious challenge with potential elimination consequences.

#### Step 5: Assess Whether the Thumbnail Uses Exaggeration, False Promises, or Clickbait Tactics
The thumbnail uses exaggerated imagery to attract viewers, which is common in entertainment content. However, it does not mislead viewers about the core elements of the video—namely, the challenge and the potential consequences for speaking.

#### Step 6: Categorize the Thumbnail
Based on the analysis, the thumbnail is **Not Misleading**. It effectively captures the playful and competitive nature of the video without misleading viewers about the specific rules or the severity of the challenges.

#### Explanation
The thumbnail successfully conveys the fun and competitive spirit of the video but does not provide detailed information about the rules or the intensity of the challenges. While it may not fully prepare viewers for the seriousness of the punishments, it does not mislead them about the core elements of the video. Therefore, the thumbnail is appropriate and not misleading."
JiT7zHw1Ym0,"### Analysis:

1. **Examine the thumbnail**: The thumbnail shows a close-up of a person's hands performing a card trick, specifically the King of Clubs. The word ""How?"" is prominently displayed above the image, suggesting that the video will teach viewers how to perform this specific trick.

2. **Read through the video content description**: The video content description describes a magic trick tutorial involving a mug, liquid, and festive elements. It does not mention any card tricks or the King of Clubs.

3. **Compare the thumbnail to the actual video content**: The thumbnail depicts a card trick, while the video content involves a mug and liquid, with no mention of cards or the King of Clubs.

4. **Determine if the thumbnail accurately represents the video's main topic or content**: The thumbnail misleads viewers by suggesting they will learn a card trick when the video actually focuses on a different type of magic trick involving a mug and liquid.

5. **Assess whether the thumbnail uses exaggeration, false promises, or clickbait tactics**: The thumbnail uses clickbait by promising a card trick tutorial but delivering a completely different type of magic trick.

6. **Categorize the thumbnail as either ""Misleading"" or ""Not Misleading""**: Based on the analysis, the thumbnail is clearly misleading.

7. **Brief explanation for the decision**: The thumbnail incorrectly suggests that the video will teach viewers how to perform a card trick, specifically the King of Clubs, when the actual content is a mug-based magic trick. This creates false expectations and misleads potential viewers who are looking for a card trick tutorial.

**Final Decision**: The thumbnail is **Misleading**."
n6OVH_euDXE,"### Analysis of the Provided Information

#### Step 1: Examine the Thumbnail
The thumbnail depicts a baby walking outdoors, which suggests a wholesome, family-friendly theme. It does not contain any elements that suggest humor or embarrassment.

#### Step 2: Read Through the Video Subtitles and Content Description
The video content described includes a variety of unrelated, often humorous or surprising moments, typical of viral TikTok content. These moments include:
- A shooting range incident
- A dark scene with scattered objects
- A utility vest holding a colorful box
- People swimming in a pool
- A medical facility scene
- A domestic setting interaction
- A flooded area
- A gym setting
- A kitchen scene
- An outdoor boat scene
- An amusement park scene
- An apartment building scene
- A car interior scene
- A monkey near water
- A playground scene
- Someone trying wasabi
- A close-up of a small animal or object

#### Step 3: Compare the Thumbnail to the Actual Video Content
The thumbnail shows a baby walking outdoors, which contrasts sharply with the content described in the video. The video contains a mix of serious and humorous scenarios, none of which involve a baby or a similar wholesome theme.

#### Step 4: Determine if the Thumbnail Accurately Represents the Video's Main Topic or Content
The thumbnail does not accurately represent the video's main topics or content. It fails to convey the diverse and often humorous nature of the video.

#### Step 5: Assess Whether the Thumbnail Uses Exaggeration, False Promises, or Clickbait Tactics
The thumbnail does not use exaggeration, false promises, or clickbait tactics. However, it is misleading because it does not reflect the actual content of the video.

#### Step 6: Categorize the Thumbnail as Either ""Misleading"" or ""Not Misleading""
The thumbnail is **misleading**.

#### Explanation for Decision
The thumbnail depicts a baby walking outdoors, which is completely unrelated to the diverse and often humorous content described in the video. The thumbnail fails to accurately represent the video's main topics or content, leading viewers to expect a different type of video than what they receive. Therefore, the thumbnail is misleading."
EPUa9a6cuU4,"### Analysis of the Thumbnail and Video Content

#### Step 1: Examine the Thumbnail
The thumbnail shows two images side by side:
- On the left, a soccer player in a Real Madrid jersey from 2008.
- On the right, the same soccer player in a homeless state holding a sign that reads ""HOMELESS & HUNGRY"" from 2023.

#### Step 2: Read Through the Video Subtitles and Content Description
The subtitles describe a biographical story about a soccer player named Royston Dren. It highlights his journey from a troubled childhood to becoming a professional soccer player, eventually reaching the pinnacle of success with Real Madrid. However, the narrative also mentions a decline in his fortunes, leading to homelessness.

#### Step 3: Compare the Thumbnail to the Actual Video Content
The thumbnail accurately reflects the key points mentioned in the subtitles:
- It shows the player's rise to fame and success with Real Madrid.
- It also depicts the player's later struggles and homelessness.

#### Step 4: Determine if the Thumbnail Accurately Represents the Video's Main Topic or Content
The thumbnail effectively summarizes the main themes of the video: the player's journey from a troubled background to professional success and then to homelessness. This aligns closely with the subtitles and the overall narrative described in the video content.

#### Step 5: Assess Whether the Thumbnail Uses Exaggeration, False Promises, or Clickbait Tactics
There is no indication of exaggeration or false promises in the thumbnail. It presents a realistic depiction of the player's life trajectory based on the provided information.

#### Step 6: Categorize the Thumbnail
Based on the analysis, the thumbnail does not use any misleading tactics such as exaggeration or false promises. It accurately represents the main topics discussed in the video.

#### Step 7: Provide a Brief Explanation for the Decision
The thumbnail accurately portrays the player's journey from a troubled childhood to professional success and then to homelessness. It does not use any misleading elements and instead provides a clear visual summary of the video's content.

### Conclusion
The thumbnail is **Not Misleading**."
Xf_VLwwOKiQ,"### Analysis of the Thumbnail and Video Content

1. **Examine the Thumbnail**: The thumbnail features a goalkeeper sitting on a stool next to a soccer goalpost, appearing dejected or disappointed. There is a laughing emoji overlaid on the image, suggesting humor or amusement.

2. **Read Through the Subtitles and Content Description**: The subtitles appear to be random phrases that do not seem related to the content of the video. They do not provide any context or hint about the video's theme or the scenes shown.

3. **Compare the Thumbnail to the Actual Video Content**: The thumbnail depicts a single, specific moment involving a goalkeeper, which is part of the soccer scenes shown in the video. However, the video contains a variety of different soccer moments, including saves, acrobatic kicks, and celebrations, interspersed with the monkey image.

4. **Determine if the Thumbnail Accurately Represents the Video's Main Topic or Content**: The thumbnail does not accurately represent the overall content of the video. While it captures a moment from the video, it does not reflect the diverse range of soccer scenes and the humorous monkey images that are also present.

5. **Assess Whether the Thumbnail Uses Exaggeration, False Promises, or Clickbait Tactics**: The thumbnail uses a laughing emoji to suggest humor, but it does not accurately convey the full nature of the video, which includes both serious soccer moments and humorous elements.

6. **Categorize the Thumbnail as Either ""Misleading"" or ""Not Misleading""**: Given that the thumbnail does not accurately represent the full content of the video and fails to convey the diverse elements present (serious soccer scenes and humorous monkey images), it can be considered misleading.

7. **Brief Explanation for the Decision**: The thumbnail is misleading because it only shows a single moment from the video without reflecting the broader content. It suggests a more serious tone than what the video actually contains, which includes both intense soccer moments and humorous elements.

**Final Category**: Misleading"
8wld_fYnqZc,"### Analysis of the Thumbnail and Content

#### Step 1: Examine the Thumbnail
The thumbnail features two images side-by-side:
1. On the left, a person is clearing ice from a car.
2. On the right, a pancake is shaped like a Crocs shoe.

#### Step 2: Read Through the Video Subtitles and Content Description
The video description mentions a variety of unrelated scenes, including:
- Traditional Middle Eastern attire
- Ski lifts, snow removal, and a heart-shaped snow reveal
- Logging, epoxy floor pouring, and golfing
- Construction, matcha noodles, and industrial apple processing
- Demolition, car repair, and more.

#### Step 3: Compare the Thumbnail to the Actual Video Content
The thumbnail shows a car being cleared of ice and a pancake shaped like a Crocs shoe. However, the video content does not feature these specific scenes. Instead, it showcases a wide array of unrelated activities and moments.

#### Step 4: Determine if the Thumbnail Accurately Represents the Video's Main Topic or Content
The thumbnail does not accurately represent the video's content. It suggests a focus on car maintenance and a creative pancake, which are not present in the video.

#### Step 5: Assess Whether the Thumbnail Uses Exaggeration, False Promises, or Clickbait Tactics
The thumbnail uses exaggerated imagery (a car being cleared of ice and a pancake shaped like a Crocs shoe) to attract viewers, which is misleading. It does not reflect the actual content of the video.

#### Step 6: Categorize the Thumbnail as Either ""Misleading"" or ""Not Misleading""
The thumbnail is **Misleading**.

#### Explanation
The thumbnail creates an expectation that the video will show scenes related to car maintenance and a creative pancake, which are not present in the video. Instead, the video contains a series of unrelated scenes, making the thumbnail misleading by promising content that is not delivered."
TfEiBfYXV_U,"### Analysis of the Thumbnail and Video Content

#### Step 1: Examine the Thumbnail
The thumbnail shows two images side by side:
- On the left, a soccer player in a white jersey (Real Madrid) holding a trophy, labeled ""2007.""
- On the right, a soccer player in a red shirt sitting in a wheelchair, labeled ""2023.""

#### Step 2: Read Through the Video Subtitles and Content Description
The subtitles discuss the transformation of a soccer player named Ronaldo Nazario, highlighting his journey from being the best striker in the world to becoming overweight. The video mentions his career highlights, including scoring 33 goals in his first season in the Netherlands, winning the Ballon d'Or, and eventually retiring due to health issues related to weight gain.

#### Step 3: Compare the Thumbnail to the Actual Video Content
The thumbnail effectively captures the essence of the video content by showing a player's transformation over time. It visually represents the narrative arc described in the subtitles, which discuss Ronaldo Nazario's career progression and subsequent decline into obesity.

#### Step 4: Determine if the Thumbnail Accurately Represents the Video's Main Topic or Content
The thumbnail accurately represents the main topic of the video, which is the transformation of a soccer player from a top athlete to an overweight individual. The images and labels clearly convey the passage of time and the change in the player's physical appearance.

#### Step 5: Assess Whether the Thumbnail Uses Exaggeration, False Promises, or Clickbait Tactics
There is no exaggeration or false promise in the thumbnail. It simply presents a factual representation of the player's physical transformation over the years.

#### Step 6: Categorize the Thumbnail
Based on the analysis, the thumbnail is not misleading. It accurately reflects the content of the video and does not use any clickbait tactics or exaggerations.

#### Step 7: Provide a Brief Explanation for the Decision
The thumbnail effectively communicates the main theme of the video, which is the transformation of a soccer player from a top athlete to an overweight individual. It accurately represents the narrative arc described in the subtitles without using any misleading elements. Therefore, the thumbnail is categorized as ""Not Misleading."""
YL4neojI7Ic,"### Analysis of the Thumbnail and Video Content

#### Step 1: Examine the Thumbnail
The thumbnail features a man in a shower with water splashing over him, accompanied by flames in the background. The text reads: ""INCÊNDIO NA CASA: ENTRAR NO CHUVEIRO RESOLVE?""

#### Step 2: Read Through the Video Subtitles and Content Description
The subtitles discuss a question about whether entering a shower during a house fire can help someone survive. The video content, however, appears to be an educational series about various topics, including science and industrial secrets, rather than addressing the specific question about fire safety.

#### Step 3: Compare the Thumbnail to the Actual Video Content
The thumbnail depicts a scenario involving a house fire and a shower, which is directly related to the question posed in the subtitles. However, the video content does not seem to address this specific topic. Instead, it appears to be a compilation of different educational segments.

#### Step 4: Determine if the Thumbnail Accurately Represents the Video's Main Topic or Content
The thumbnail accurately represents the question posed in the subtitles, which is about entering a shower during a house fire. However, the video content does not provide any information or answer to this question.

#### Step 5: Assess Whether the Thumbnail Uses Exaggeration, False Promises, or Clickbait Tactics
The thumbnail does not use exaggerated language or false promises. It simply presents the question in a dramatic manner, which is common in thumbnails designed to grab attention.

#### Step 6: Categorize the Thumbnail as Either ""Misleading"" or ""Not Misleading""
Given that the thumbnail accurately represents the question posed in the subtitles but the video content does not address this specific topic, the thumbnail is misleading.

#### Explanation for Decision
The thumbnail effectively captures the viewer's attention with a dramatic image of a house fire and a shower, which aligns with the question asked in the subtitles. However, the video content does not provide any relevant information or answer to the question. Therefore, the thumbnail misleads viewers into expecting a discussion on fire safety and survival techniques, when the video actually covers unrelated topics."
JR5DpAsvsyI,"### Analysis:

1. **Examine the thumbnail**: The thumbnail features a man (likely a judge) and a tiger with a woman in the background. The text overlay reads ""Very dangerous.""

2. **Read the subtitles and content description**: The subtitles do not provide any specific context about the danger mentioned in the thumbnail. The content description describes a variety of fantastical and dramatic performances, including magic tricks and large-scale visual spectacles, but does not mention anything about a tiger or danger.

3. **Compare the thumbnail to the actual video content**: The thumbnail suggests a dangerous situation involving a tiger, which is not depicted in the video content described. The video focuses on a variety of magical and fantastical performances without any reference to a tiger or danger.

4. **Determine accuracy representation**: The thumbnail inaccurately represents the video's content by suggesting a dangerous scenario that is not present in the actual video.

5. **Assess for exaggeration, false promises, or clickbait tactics**: The thumbnail uses exaggerated imagery and text (""Very dangerous"") to attract viewers, which is misleading because the video does not contain any dangerous elements related to a tiger.

6. **Categorize the thumbnail**: Based on the analysis, the thumbnail is misleading.

7. **Explanation**: The thumbnail creates an expectation of danger involving a tiger, which is not supported by the video content. The use of such imagery and text is designed to attract viewers by promising something that is not actually shown in the video, thus misleading them.

**Final Decision**: The thumbnail is **Misleading**."
WEPK_mubM5w,"### Analysis of the Thumbnail and Video Content

#### Step 1: Examine the Thumbnail
The thumbnail depicts two individuals lying on the ground surrounded by numerous small creatures, possibly insects. The individuals appear to be in a state of distress or discomfort due to the presence of these creatures.

#### Step 2: Read Through the Video Subtitles and Content Description
The video content described includes a variety of exciting and dangerous stunts, natural phenomena, and unusual events. These include motorcycle stunts, lightning strikes, aquatic scenes, drag racing, base jumping, construction sites, strong winds, aircraft takeoffs, urban soccer ball moments, large stadiums, monkeys on power lines, controlled demolitions, and a tranquil water scene with an unexpected sight.

#### Step 3: Compare the Thumbnail to the Actual Video Content
The thumbnail shows a scene involving individuals being infested by small creatures, which is completely unrelated to the content described in the video. The video does not feature any scenes involving individuals being infested by insects or small creatures.

#### Step 4: Determine if the Thumbnail Accurately Represents the Video's Main Topic or Content
The thumbnail does not accurately represent the video's main topics or content. It suggests a scenario involving individuals being infested by insects, which is not depicted in the video.

#### Step 5: Assess Whether the Thumbnail Uses Exaggeration, False Promises, or Clickbait Tactics
The thumbnail uses exaggerated imagery to attract viewers, which is misleading because it does not reflect the actual content of the video.

#### Step 6: Categorize the Thumbnail as Either ""Misleading"" or ""Not Misleading""
The thumbnail is clearly misleading.

#### Step 7: Provide a Brief Explanation for Your Decision
The thumbnail depicts a scene involving individuals being infested by small creatures, which is entirely unrelated to the content of the video. The video features a compilation of various exciting and dangerous stunts, natural phenomena, and unusual events, none of which involve individuals being infested by insects. Therefore, the thumbnail is misleading as it does not accurately represent the video's content."
LnVfvz_CJ1o,"### Analysis of the Thumbnail and Video Content

#### Step 1: Examine the Thumbnail
The thumbnail shows a scene where a teacher is holding a student by the head near a locker. The student appears distressed, and the teacher is gesturing emphatically. The overall tone suggests tension and conflict.

#### Step 2: Read Through the Video Subtitles and Content Description
The subtitles and the video content describe a school setting with strict rules, confrontations, and humorous interactions between students and teachers. The video emphasizes chaos, strictness, and comedic elements typical of a school setting.

#### Step 3: Compare the Thumbnail to the Actual Video Content
The thumbnail depicts a moment of tension and conflict, which aligns with the theme of strictness and conflict mentioned in the subtitles. However, the video content includes a variety of scenes that showcase different aspects of school life, including humor, chaos, and interactions among students and teachers.

#### Step 4: Determine if the Thumbnail Accurately Represents the Video's Main Topic or Content
While the thumbnail captures a moment of tension, it does not fully represent the diverse range of scenes depicted in the video. The video includes moments of humor, chaos, and interactions that are not immediately apparent in the thumbnail.

#### Step 5: Assess Whether the Thumbnail Uses Exaggeration, False Promises, or Clickbait Tactics
The thumbnail does not use exaggerated visuals or false promises. It accurately reflects a moment of tension, which is a part of the video's content. However, it does not provide a comprehensive representation of the entire video.

#### Step 6: Categorize the Thumbnail as Either ""Misleading"" or ""Not Misleading""
Given that the thumbnail captures a specific moment of tension but does not fully represent the diverse range of scenes in the video, it can be considered somewhat misleading because it does not convey the full spectrum of the video's content.

#### Step 7: Provide a Brief Explanation for the Decision
The thumbnail effectively captures a moment of tension but fails to represent the broader themes and varied scenes of the video. While it accurately reflects a part of the video's content, it does not provide a comprehensive view of the entire narrative, making it slightly misleading.

### Conclusion
**Categorization:** Misleading  
**Explanation:** The thumbnail captures a moment of tension but does not fully represent the diverse range of scenes depicted in the video, which include humor, chaos, and interactions among students and teachers."
87acdtXVXv4,"### Analysis of the Thumbnail and Video Content

#### Step 1: Examine the Thumbnail
The thumbnail features a soccer player in a Paris Saint-Germain (PSG) jersey alongside an image of a bear. The player appears surprised or shocked, and the bear is depicted in a stadium setting.

#### Step 2: Read Through the Video Subtitles and Content Description
The video content is a compilation of various soccer-related scenes, including professional matches, practice sessions, and humorous moments. It does not feature any scenes involving a bear or a soccer player interacting with a bear.

#### Step 3: Compare the Thumbnail to the Actual Video Content
The thumbnail suggests that the video contains a scene where a soccer player interacts with a bear, which is not present in the video content. Instead, the video focuses on soccer-related scenes and moments.

#### Step 4: Determine if the Thumbnail Accurately Represents the Video's Main Topic or Content
The thumbnail misleads viewers by implying that the video contains a scene with a soccer player and a bear, which is not true. The video is entirely focused on soccer content without any such scenes.

#### Step 5: Assess Whether the Thumbnail Uses Exaggeration, False Promises, or Clickbait Tactics
The thumbnail uses exaggerated imagery and a misleading scenario to attract viewers, which is a form of clickbait. It falsely promises a scene that is not included in the video.

#### Step 6: Categorize the Thumbnail as Either ""Misleading"" or ""Not Misleading""
The thumbnail is clearly misleading.

#### Step 7: Provide a Brief Explanation for the Decision
The thumbnail uses a combination of a soccer player and a bear to create a misleading impression that the video contains a scene featuring a soccer player interacting with a bear. However, the video content is entirely unrelated to this scenario, focusing instead on various soccer-related scenes and moments. This type of imagery and promise is designed to attract viewers by creating false expectations, which makes the thumbnail misleading."
Dpc4-UBCUP4,"### Analysis of the Provided Information

#### Step 1: Examine the Thumbnail
The thumbnail depicts multiple naked individuals climbing trees. This image is stark and unusual, which could attract viewers' attention due to its provocative nature.

#### Step 2: Read Through the Video Subtitles and Content Description
The video content described includes a variety of scenes, ranging from natural phenomena (like a mudslide) to human activities (like a dog being cleaned). The thumbnails and descriptions do not mention any scenes involving naked individuals climbing trees.

#### Step 3: Compare the Thumbnail to the Actual Video Content
The thumbnail shows a completely different scenario compared to the video content. The video does not feature any scenes with naked individuals climbing trees.

#### Step 4: Determine if the Thumbnail Accurately Represents the Video's Main Topic or Content
The thumbnail does not accurately represent the video's main topics or content. It misleads viewers by suggesting a scene that is entirely unrelated to the actual video content.

#### Step 5: Assess Whether the Thumbnail Uses Exaggeration, False Promises, or Clickbait Tactics
The thumbnail uses exaggerated imagery to attract viewers, which is a form of clickbait. It suggests a provocative and unusual scene that is not present in the video.

#### Step 6: Categorize the Thumbnail as Either ""Misleading"" or ""Not Misleading""
The thumbnail is clearly ""Misleading.""

#### Step 7: Provide a Brief Explanation for Your Decision
The thumbnail depicts a scene that is completely unrelated to the actual video content. It uses exaggerated imagery to attract viewers, which is a common tactic used in clickbait videos. This misleads viewers into believing they will see something exciting or unusual when they open the video, which is not the case. Therefore, the thumbnail is misleading."
riJTgStqyw0,"### Analysis:

1. **Examine the Thumbnail**: The thumbnail depicts a mechanical process involving a glowing red-hot metal object being manipulated by machinery. It suggests a high-temperature industrial process, likely related to metalworking or forging.

2. **Read Through the Video Subtitles and Content Description**: Since subtitles are not available, we rely on the video description provided. The video showcases a variety of technological and mechanical processes, including industrial metalworking, precision machining, and manufacturing.

3. **Compare the Thumbnail to the Actual Video Content**: The thumbnail shows a specific industrial process that involves heating and shaping metal, which aligns closely with one of the scenes described in the video (the log being processed through industrial rollers). However, the thumbnail does not represent all the diverse processes shown in the video.

4. **Determine if the Thumbnail Accurately Represents the Video's Main Topic or Content**: While the thumbnail does depict a relevant industrial process, it does not capture the full range of activities shown in the video. The video includes a wide array of technological demonstrations, from precision tools to construction sites, which are not represented in the thumbnail.

5. **Assess Whether the Thumbnail Uses Exaggeration, False Promises, or Clickbait Tactics**: The thumbnail does not use exaggerated claims or false promises. It accurately reflects one aspect of the video content but fails to convey the broader scope of the video.

6. **Categorize the Thumbnail as Either ""Misleading"" or ""Not Misleading""**: Given that the thumbnail accurately represents a specific industrial process but fails to reflect the diversity of other technological demonstrations in the video, it can be considered misleading because it does not give a comprehensive overview of the video's content.

7. **Brief Explanation for the Decision**: The thumbnail effectively captures a key moment in the video but does not provide a complete picture of the diverse technological and mechanical processes showcased throughout the video. Therefore, it is misleading as it may lead viewers to expect a more focused presentation on metalworking when the video covers a much broader range of topics.

**Final Categorization**: Misleading"
8YEF4Q3GNMw,"### Analysis of the Provided Information

#### Step 1: Examine the Thumbnail
The thumbnail shows two distinct scenes:
1. A man carrying a large refrigerator.
2. A person performing a high jump or pole vault on a rooftop.

#### Step 2: Read Through the Video Subtitles and Content Description
The video content description mentions a variety of impressive physical feats, stunts, and skills across different settings. It highlights scenes of people performing handstands, air walking, preparing food, performing on a competition mat, and much more. The subtitles emphasize the impressive nature of the skills showcased, often using phrases like ""cool as the other side of the pillow,"" ""as cool as the other side of the pillow,"" and ""get schooled by the police.""

#### Step 3: Compare the Thumbnail to the Actual Video Content
The thumbnail depicts a man carrying a refrigerator and another person performing a high jump or pole vault. These scenes are not representative of the majority of the video content described. The video primarily focuses on various physical feats and skills performed by individuals in different settings, which does not align with the image presented in the thumbnail.

#### Step 4: Determine if the Thumbnail Accurately Represents the Video's Main Topic or Content
The thumbnail does not accurately represent the main topics or content of the video. It misleads viewers into expecting a video focused on carrying heavy objects and high jumps, when the video is actually a compilation of various impressive physical feats and skills.

#### Step 5: Assess Whether the Thumbnail Uses Exaggeration, False Promises, or Clickbait Tactics
The thumbnail uses exaggerated imagery to attract viewers, promising a video full of heavy lifting and high jumps, which are not the primary focus of the video content. This creates a misleading expectation.

#### Step 6: Categorize the Thumbnail as Either ""Misleading"" or ""Not Misleading""
Based on the analysis, the thumbnail is **misleading**.

#### Explanation
The thumbnail significantly misrepresents the video's content by showing a man carrying a refrigerator and another person performing a high jump, which are not the primary themes of the video. The video is a compilation of various impressive physical feats and skills, which are not depicted in the thumbnail. This creates a misleading expectation for the viewer, leading them to believe the video contains content that is not present."
EtLG1gH5P14,"### Analysis of the Provided Information

#### Step 1: Examine the Thumbnail
The thumbnail for the video appears to show two individuals riding motorcycles on a rural road. The image suggests a casual, outdoor setting, likely involving some form of travel or adventure.

#### Step 2: Read Through the Video Subtitles and Content Description
The video content described includes a variety of short clips, ranging from humorous interactions (like a man pouring something out of a window), to everyday activities (like a person sitting on artificial grass with a tub of ice), to more specific scenarios (like a person holding a speaker and a text overlay about watching reviews). The video seems to be a compilation of diverse and often humorous or lighthearted moments.

#### Step 3: Compare the Thumbnail to the Actual Video Content
The thumbnail depicts two individuals on motorcycles, which is completely unrelated to the content described in the video. The video does not feature any motorcycles or outdoor travel scenarios; instead, it consists of a series of short, varied clips.

#### Step 4: Determine if the Thumbnail Accurately Represents the Video's Main Topic or Content
The thumbnail does not accurately represent the video's main topic or content. It suggests a theme of outdoor adventure or travel, whereas the actual video is a compilation of short, diverse clips without any connection to motorcycles or travel.

#### Step 5: Assess Whether the Thumbnail Uses Exaggeration, False Promises, or Clickbait Tactics
The thumbnail uses exaggerated imagery to suggest a theme that is entirely different from the actual content of the video. This misleads viewers into expecting a video about outdoor adventures when they are presented with a collection of short, varied clips.

#### Step 6: Categorize the Thumbnail as Either ""Misleading"" or ""Not Misleading""
Based on the analysis, the thumbnail is clearly misleading.

#### Step 7: Provide a Brief Explanation for Your Decision
The thumbnail depicts two individuals on motorcycles, which is completely unrelated to the content of the video. The video is a compilation of short, diverse clips that do not involve motorcycles or outdoor travel. Therefore, the thumbnail misleads viewers into expecting a video about outdoor adventures when they are presented with a collection of short, varied clips."
g1Elknq92tc,"### Analysis of the YouTube Video Thumbnail and Content

#### Step 1: Examine the Thumbnail
The thumbnail features three individuals:
- Two individuals appear to be in a heated discussion or argument.
- A third individual is shown in a circular inset, seemingly reacting to the situation.
- The text overlay includes phrases like ""Você é um babaca"" (You are a bastard) and ""Esse moleque tá viajando"" (That kid is flying).

#### Step 2: Read Through the Video Subtitles and Content Description
The video content appears to be a compilation of various scenes related to soccer, particularly focusing on Real Madrid and its players. It includes interviews, training sessions, and behind-the-scenes moments. The subtitles mention discussions about players like Neymar, Vinicius Jr., and Cristiano Ronaldo, as well as reactions to comments made by Hendrick about comparing Neymar and Benam.

#### Step 3: Compare the Thumbnail to the Actual Video Content
The thumbnail depicts a heated argument or confrontation, which does not align with the content described in the video. The video primarily focuses on interviews, training sessions, and behind-the-scenes moments related to soccer, particularly Real Madrid.

#### Step 4: Determine if the Thumbnail Accurately Represents the Video's Main Topic or Content
The thumbnail does not accurately represent the main topics or content of the video. It suggests a confrontational scenario that is not depicted in the video.

#### Step 5: Assess Whether the Thumbnail Uses Exaggeration, False Promises, or Clickbait Tactics
The thumbnail uses exaggerated language (""Você é um babaca,"" ""Esse moleque tá viajando"") and a confrontational image to attract viewers, which is misleading.

#### Step 6: Categorize the Thumbnail as Either ""Misleading"" or ""Not Misleading""
The thumbnail is **misleading**.

#### Explanation
The thumbnail creates a misleading impression by suggesting a confrontational scenario when the video content is primarily about interviews, training sessions, and behind-the-scenes moments related to soccer. The exaggerated language and confrontational imagery are designed to attract viewers, which is not representative of the actual content. Therefore, the thumbnail is misleading."
jXI8hC134KA,"### Analysis of the Thumbnail and Video Content

1. **Examine the thumbnail**: The thumbnail features a small kitten standing on its hind legs, appearing to ""aim"" a toy gun with its front paws. There is also a laughing emoji present, suggesting humor.

2. **Read the video subtitles and content description**: The video content described includes various scenes of pets, primarily cats and dogs, engaging in different activities. The scenes include playful interactions, humorous situations, and heartwarming moments. The video does not mention any scenes involving toy guns or kittens aiming at anything.

3. **Compare the thumbnail to the actual video content**: The thumbnail depicts a kitten in a humorous pose with a toy gun, which is not present in the video content. The video focuses on various pets in different domestic settings, with no scenes involving toy guns or kittens aiming at anything.

4. **Determine if the thumbnail accurately represents the video's main topic or content**: The thumbnail does not accurately represent the video's main topic or content. It suggests a specific scenario (a kitten aiming a toy gun) that is not depicted in the video.

5. **Assess whether the thumbnail uses exaggeration, false promises, or clickbait tactics**: The thumbnail uses exaggerated imagery and humor to attract viewers, which might mislead them into expecting a specific type of content that is not present in the video.

6. **Categorize the thumbnail as either ""Misleading"" or ""Not Misleading""**: Based on the analysis, the thumbnail is misleading because it suggests a specific scenario (a kitten aiming a toy gun) that is not depicted in the video.

7. **Provide a brief explanation for your decision**: The thumbnail uses exaggerated imagery and humor to attract viewers, which might mislead them into expecting a specific type of content that is not present in the video. The thumbnail does not accurately represent the video's main topic or content, making it misleading.

**Final Decision**: The thumbnail is **Misleading**."
G6K1krqHoHk,"### Analysis of the Provided Information

1. **Thumbnail Examination**:
   - The thumbnail shows a close-up of a screw being glued with a red substance, likely glue, which is applied directly onto the screw threads.

2. **Video Subtitles**:
   - The subtitles appear to be random phrases and do not provide any context related to the video content. They seem to be placeholder text or music lyrics rather than informative subtitles.

3. **Video Content Description**:
   - The video showcases various DIY and crafting scenes involving different tools and techniques. It includes scenes of cutting, gluing, and assembling objects, but does not specifically focus on applying glue to screws.

4. **Comparison**:
   - The thumbnail depicts a specific action (gluing a screw) that is not prominently featured in the video content. The video primarily focuses on general crafting and DIY activities without a significant emphasis on screw gluing.

5. **Assessment**:
   - The thumbnail uses a specific action (gluing a screw) that is not the main focus of the video content. While the video may include some scenes where screws are used, the primary focus seems to be on general crafting and DIY activities.
   - The thumbnail might mislead viewers into expecting a more specific tutorial or demonstration that is not present in the video.

### Conclusion

The thumbnail is **misleading** because it suggests a specific action (gluing a screw) that is not the main focus of the video content. The video primarily showcases general crafting and DIY activities without a significant emphasis on screw gluing. Therefore, the thumbnail uses exaggerated expectations that are not fulfilled in the video."
2ugEoSaSmYE,"### Analysis of the Provided Information

#### Step 1: Examine the Thumbnail
The thumbnail shows a man partially submerged in water, with a microphone held towards him. The image suggests an interview or a dramatic situation involving water.

#### Step 2: Read Through the Video Subtitles and Content Description
The video content described includes a variety of humorous and unexpected situations, such as animals interacting with humans, people in different settings, and various everyday scenarios. There is no mention of any water-related incident or interview in the provided video description or subtitles.

#### Step 3: Compare the Thumbnail to the Actual Video Content
The thumbnail depicts a man in water, which does not align with the content described in the video. The video content focuses on everyday humorous situations without any reference to water or interviews.

#### Step 4: Determine if the Thumbnail Accurately Represents the Video's Main Topic or Content
The thumbnail does not accurately represent the video's main topic or content. It suggests a scenario that is not present in the video.

#### Step 5: Assess Whether the Thumbnail Uses Exaggeration, False Promises, or Clickbait Tactics
The thumbnail uses exaggerated imagery to attract viewers, which is misleading. It creates a false expectation that the video contains an interview or a dramatic water-related event, which is not the case.

#### Step 6: Categorize the Thumbnail as Either ""Misleading"" or ""Not Misleading""
The thumbnail is clearly misleading.

#### Step 7: Provide a Brief Explanation for Your Decision
The thumbnail depicts a man in water, which is not related to the content of the video. The video consists of a compilation of humorous and unexpected situations from everyday life and social media, with no mention of water or interviews. Therefore, the thumbnail misleads viewers by suggesting a scenario that is not present in the video."
bJDp_ZVQcRo,"### Analysis of the Thumbnail and Video Content

The provided thumbnail image shows a soccer match moment where a player in a red jersey appears to be reacting emotionally, possibly crying or expressing frustration. The text overlay on the image reads ""Para de chorar!"" which translates to ""Stop crying!"" in English. 

### Video Content Summary
The video content includes various moments from soccer matches and training sessions, focusing on different aspects of the sport such as gameplay, player interactions, and behind-the-scenes moments. The video does not specifically highlight a player reacting emotionally or a moment involving a player crying.

### Comparison
- **Thumbnail**: The thumbnail depicts a player reacting emotionally, which suggests a dramatic or emotional moment.
- **Video Content**: The video content does not focus on a specific emotional reaction or a dramatic moment involving a player crying.

### Assessment
The thumbnail appears to be misleading because it suggests a specific emotional moment (a player crying) that is not necessarily depicted in the video content. The video content is a general overview of soccer matches and training sessions without highlighting any particular emotional reaction.

### Conclusion
The thumbnail is **misleading** because it implies a specific emotional moment that is not present in the video content. The thumbnail uses exaggerated imagery to attract viewers, which is not aligned with the actual content of the video.

### Explanation
The thumbnail creates a false expectation by showing a player reacting emotionally, which is not the primary focus of the video. The video content is a broader look at soccer matches and training sessions, and does not specifically highlight a dramatic or emotional moment involving a player crying. Therefore, the thumbnail misleads viewers into expecting a specific type of content that is not actually present in the video."
bwTR0YuO1S8,"### Analysis of the Provided Information

#### Step 1: Examine the Thumbnail
The thumbnail shows a person in a large, exaggerated body, seemingly performing a physical feat or trick. The image is bright and colorful, with a clear focus on the individual's physique.

#### Step 2: Read Through the Video Subtitles and Content Description
The video subtitles suggest a compilation of humorous and entertaining short clips, likely from TikTok. The content description mentions a variety of unrelated scenes, including security camera footage, children playing, cookie dough, birds, and various everyday activities.

#### Step 3: Compare the Thumbnail to the Actual Video Content
The thumbnail depicts a person in an exaggerated, unrealistic physique, which contrasts sharply with the diverse and mundane content described in the video description. The thumbnail suggests a focus on physical comedy or exaggerated feats, whereas the video content is a collection of unrelated short clips.

#### Step 4: Determine if the Thumbnail Accurately Represents the Video's Main Topic or Content
The thumbnail does not accurately represent the video's main topic or content. It misleads viewers by suggesting a specific type of entertainment (physical comedy) that is not present in the actual video.

#### Step 5: Assess Whether the Thumbnail Uses Exaggeration, False Promises, or Clickbait Tactics
The thumbnail uses exaggeration by showing a person in an unrealistic, large physique. This exaggeration is not aligned with the actual content of the video, which consists of a variety of unrelated short clips.

#### Step 6: Categorize the Thumbnail as Either ""Misleading"" or ""Not Misleading""
Based on the analysis, the thumbnail is **misleading**.

#### Explanation for Decision
The thumbnail significantly misrepresents the video's content by suggesting a focus on physical comedy or exaggerated feats, which are not present in the actual video. Instead, the video is a compilation of unrelated short clips, likely from TikTok, featuring a variety of everyday activities and interactions. The exaggerated physique in the thumbnail does not match the diverse and mundane nature of the video content, leading to a misleading impression for potential viewers."
dXmWjV1eAXQ,"### Analysis of the Thumbnail and Content

#### Step 1: Examine the Thumbnail
The thumbnail features a person with a shocked expression, a bloody knife, and a doll with a hard hat. The word ""BANNED"" is prominently displayed in red with a blood-like texture.

#### Step 2: Read Through the Video Subtitles and Content Description
The subtitles mention various banned toys and products, including a Barbie myth, a rollerblade that bursts into flames, a doll that eats hair, a real water-powered rocket launcher, and a toy cannon. The video showcases these items being tested and demonstrating their dangers.

#### Step 3: Compare the Thumbnail to the Actual Video Content
The thumbnail depicts a dramatic and potentially violent scene involving a knife and a doll, which aligns with the content described in the subtitles. However, the video itself focuses on testing and demonstrating the dangers of various banned toys rather than depicting violence.

#### Step 4: Determine if the Thumbnail Accurately Represents the Video's Main Topic or Content
While the thumbnail does represent the theme of banned toys, it exaggerates the potential danger and violence associated with them. The video content is more focused on demonstrating the risks of these toys rather than depicting them as inherently dangerous or violent.

#### Step 5: Assess Whether the Thumbnail Uses Exaggeration, False Promises, or Clickbait Tactics
The thumbnail uses exaggerated imagery (bloody knife) to attract viewers' attention, which could be seen as clickbait. However, the video content does not match the level of violence suggested by the thumbnail.

#### Step 6: Categorize the Thumbnail as Either ""Misleading"" or ""Not Misleading""
Given that the thumbnail exaggerates the potential danger and violence associated with the toys, while the video content is more focused on demonstrating the risks without depicting violence, the thumbnail can be considered misleading.

#### Explanation
The thumbnail uses dramatic imagery to attract viewers, but the video content is more focused on demonstrating the risks of the toys rather than depicting them as inherently dangerous or violent. Therefore, the thumbnail is misleading as it exaggerates the potential danger and violence associated with the toys."
7M3SgJhNlyo,"### Analysis of the Thumbnail and Video Content

#### Step 1: Examine the Thumbnail
The thumbnail features a woman in a glamorous white dress standing next to a luxurious mansion with a swimming pool and palm trees in the background. The image is bright and visually appealing, suggesting a focus on luxury and celebrity lifestyle.

#### Step 2: Read Through the Video Subtitles and Content Description
The subtitles and video content describe a comprehensive look into the life of a famous actress, covering her career, personal life, and possessions. The video highlights her luxurious lifestyle, including her mansion, expensive cars, and yacht. It also touches on her career achievements and personal moments.

#### Step 3: Compare the Thumbnail to the Actual Video Content
The thumbnail effectively captures the essence of the video content, which revolves around showcasing the actress's luxurious lifestyle. The mansion, swimming pool, and the woman's glamorous appearance align closely with the themes presented in the video.

#### Step 4: Determine if the Thumbnail Accurately Represents the Video's Main Topic or Content
The thumbnail accurately represents the main topic of the video, which is the luxurious lifestyle of the actress. It does not mislead viewers about the content being primarily about her career or personal life.

#### Step 5: Assess Whether the Thumbnail Uses Exaggeration, False Promises, or Clickbait Tactics
There is no indication of exaggeration or false promises in the thumbnail. It simply presents a visually appealing image that matches the content described in the video.

#### Step 6: Categorize the Thumbnail
Based on the analysis, the thumbnail is not misleading. It accurately reflects the content of the video without using exaggerated claims or misleading imagery.

#### Step 7: Provide a Brief Explanation for the Decision
The thumbnail effectively communicates the theme of the video, which is the luxurious lifestyle of the actress. It does not contain any misleading elements or false promises. Therefore, the thumbnail is categorized as ""Not Misleading."""
8RmzZgU-cyw,"### Analysis of the Thumbnail and Video Content

#### Step 1: Examine the Thumbnail
The thumbnail features a soccer player lying on the ground, seemingly injured, with a graphic overlay of a pink heart and a red arrow pointing towards the heart. The image suggests a dramatic or emotional moment related to injury or health.

#### Step 2: Read Through the Video Subtitles and Content Description
The video content described focuses on a compilation of various soccer moments, including interviews, celebrations, and behind-the-scenes footage. The video does not explicitly mention injuries or health issues, nor does it feature a player lying on the ground.

#### Step 3: Compare the Thumbnail to the Actual Video Content
The thumbnail depicts a player lying on the ground, which aligns with the content of the video (e.g., a player bending down, possibly in pain). However, the thumbnail's emphasis on a heart graphic and the red arrow suggests a focus on health or injury, which is not a central theme in the video content.

#### Step 4: Determine if the Thumbnail Accurately Represents the Video's Main Topic or Content
The thumbnail does not accurately represent the main topics or content of the video. While the video does include a scene where a player is bending down, possibly in pain, the overall focus of the video is on various soccer moments rather than a specific health issue.

#### Step 5: Assess Whether the Thumbnail Uses Exaggeration, False Promises, or Clickbait Tactics
The thumbnail uses exaggerated imagery (a heart graphic and a red arrow) to suggest a significant health issue, which is not present in the video content. This creates a misleading impression that the video will focus on a player's injury or health condition.

#### Step 6: Categorize the Thumbnail as Either ""Misleading"" or ""Not Misleading""
Based on the analysis, the thumbnail is **misleading** because it suggests a focus on a player's health or injury, which is not the main theme of the video.

#### Explanation
The thumbnail uses visual elements to imply a dramatic or emotional moment involving a player's health, which is not reflected in the actual video content. This creates a misleading expectation for viewers, as they might assume the video will delve into a specific health issue when it primarily showcases various soccer moments."
BVOb8SDQhG8,"### Analysis of the Provided Information

#### Step 1: Examine the Thumbnail
The thumbnail features two images:
1. A person with an exaggerated, monstrous mouth open wide, showing sharp teeth.
2. A person performing a handstand with split legs, demonstrating flexibility and strength.

#### Step 2: Read Through the Video Subtitles and Content Description
The video content description includes a variety of clips showcasing different skills and activities, such as martial arts, strength demonstrations, acrobatics, and everyday activities. The subtitles mention impressive feats like catching a ball, performing stunts, and demonstrating strength and agility.

#### Step 3: Compare the Thumbnail to the Actual Video Content
The thumbnail depicts a person with a monstrous mouth and another performing a handstand. While both images are part of the video content, the focus of the thumbnail does not align with the majority of the video clips. The video primarily showcases everyday activities and impressive feats, rather than a person with a monstrous mouth or a person performing a handstand.

#### Step 4: Determine if the Thumbnail Accurately Represents the Video's Main Topic or Content
The thumbnail does not accurately represent the main topic or content of the video. It features elements that are not central to the video's theme, which is focused on showcasing various skills and activities.

#### Step 5: Assess Whether the Thumbnail Uses Exaggeration, False Promises, or Clickbait Tactics
The thumbnail uses exaggerated imagery (a monstrous mouth) and a handstand, which could be considered clickbait tactics. However, the primary issue here is that these elements are not representative of the video's content.

#### Step 6: Categorize the Thumbnail as Either ""Misleading"" or ""Not Misleading""
Given that the thumbnail does not accurately represent the video's content and uses exaggerated imagery that may mislead viewers, it should be categorized as ""Misleading.""

#### Step 7: Provide a Brief Explanation for Your Decision
The thumbnail features imagery that is not representative of the video's content, which primarily showcases everyday activities and impressive feats. The exaggerated elements (a monstrous mouth and a handstand) are not central to the video's theme and could mislead viewers into expecting content that is not present. Therefore, the thumbnail is misleading."
2dnEJXQYYJw,"### Analysis of the Thumbnail and Video Content

#### Step 1: Examine the Thumbnail
The thumbnail features two individuals, one appearing to be a sports commentator or journalist, and the other a soccer player. The text on the thumbnail includes phrases like ""MUNDO CHOCADO!!"" (World Shocked!!) and ""NINGUÉM ESPERAVA ISSO!"" (No One Expected This!). The presence of logos for Real Madrid, Al Hilal, and Flamengo suggests a focus on international soccer transfers.

#### Step 2: Read Through the Video Subtitles and Content Description
The subtitles discuss various soccer transfers, including those involving players like Pedro, Neymar, and Memphis Depay. The content description confirms that the video is a compilation of soccer-related news and events, focusing on transfers and player movements between teams.

#### Step 3: Compare the Thumbnail to the Actual Video Content
The thumbnail effectively captures the essence of the video content, which revolves around soccer transfers and news. The text and imagery suggest a significant event or surprise related to player movements, which aligns with the content described in the subtitles.

#### Step 4: Determine if the Thumbnail Accurately Represents the Video's Main Topic or Content
The thumbnail accurately represents the main topic of the video, which is indeed about soccer transfers and news. The use of phrases like ""MUNDO CHOCADO!!"" and ""NINGUÉM ESPERAVA ISSO!"" adds a sense of drama and importance to the content, which is appropriate given the nature of the video.

#### Step 5: Assess Whether the Thumbnail Uses Exaggeration, False Promises, or Clickbait Tactics
There is no indication of exaggeration or false promises in the thumbnail. The text and imagery are straightforward and serve to convey the main theme of the video.

#### Step 6: Categorize the Thumbnail as Either ""Misleading"" or ""Not Misleading""
Based on the analysis, the thumbnail does not use exaggerated language or false promises. It accurately represents the main topic of the video, which is about soccer transfers and news.

#### Step 7: Provide a Brief Explanation for Your Decision
The thumbnail effectively communicates the main theme of the video, which is about significant soccer transfers and news. The use of dramatic text and imagery aligns with the content described in the subtitles and the video description. Therefore, the thumbnail is not misleading.

### Conclusion
The thumbnail is **Not Misleading**."
iGQjn_cDBdA,"### Analysis of the Provided Information

#### Step 1: Examine the Thumbnail
The thumbnail shows two workers in a factory-like setting, painting a large cylindrical object that resembles a tank or a storage vessel. The workers are wearing protective gear, including masks and coveralls, and they appear to be engaged in a manufacturing or industrial process.

#### Step 2: Read Through the Video Subtitles and Content Description
The video description and subtitles indicate that the video is a compilation of various DIY, crafting, and restoration projects. These include activities such as sanding surfboards, painting murals, cutting dough, pouring sauces, and applying protective films to vehicles. The content does not align with the industrial painting scene depicted in the thumbnail.

#### Step 3: Compare the Thumbnail to the Actual Video Content
The thumbnail shows a scene that is clearly related to industrial painting, while the video content is a collection of various DIY and restoration projects. There is no overlap between the two scenes.

#### Step 4: Determine if the Thumbnail Accurately Represents the Video's Main Topic or Content
The thumbnail does not accurately represent the video's main topic or content. It suggests an industrial painting process, whereas the video is a compilation of DIY and restoration projects.

#### Step 5: Assess Whether the Thumbnail Uses Exaggeration, False Promises, or Clickbait Tactics
The thumbnail does not use exaggeration, false promises, or clickbait tactics. However, it misleads viewers by suggesting a specific type of content (industrial painting) that is not present in the video.

#### Step 6: Categorize the Thumbnail as Either ""Misleading"" or ""Not Misleading""
Based on the analysis, the thumbnail is **misleading** because it depicts a scene that is not representative of the actual content of the video.

#### Explanation
The thumbnail incorrectly suggests that the video is about industrial painting, which is not the case. Instead, the video is a compilation of various DIY and restoration projects. This misleads viewers who might expect to see industrial painting content based on the thumbnail."
R-B7QleMbiY,"### Analysis of the YouTube Video Thumbnail and Content

#### Step 1: Examine the Thumbnail
The thumbnail features two images side by side:
1. On the left, a young boy wearing an oxygen mask, which suggests a medical context.
2. On the right, two shirtless men posing together in a gym, which suggests fitness or athletic training.

#### Step 2: Read Through the Video Subtitles and Content Description
The subtitles and content description focus on Cristiano Ronaldo Jr., highlighting his physical development, training, and his resemblance to his father, Cristiano Ronaldo Sr. The video emphasizes his athletic abilities, training routines, and the supportive environment created by his father.

#### Step 3: Compare the Thumbnail to the Actual Video Content
- The thumbnail shows a young boy with an oxygen mask, which is not directly related to the content described in the video.
- The video content primarily focuses on Cristiano Ronaldo Jr.'s athletic achievements, training routines, and family dynamics, which are not depicted in the thumbnail.

#### Step 4: Determine if the Thumbnail Accurately Represents the Video's Main Topic or Content
The thumbnail does not accurately represent the main topic or content of the video. It misleads viewers by suggesting a medical context (oxygen mask) rather than the athletic and family-focused content described in the video.

#### Step 5: Assess Whether the Thumbnail Uses Exaggeration, False Promises, or Clickbait Tactics
The thumbnail uses exaggerated imagery (oxygen mask) to attract viewers' attention, which is misleading. It does not align with the actual content of the video.

#### Step 6: Categorize the Thumbnail as Either ""Misleading"" or ""Not Misleading""
Based on the analysis, the thumbnail is **misleading**.

#### Explanation for Decision
The thumbnail incorrectly suggests a medical context involving a young boy with an oxygen mask, which is unrelated to the video's content. Instead, the video focuses on Cristiano Ronaldo Jr.'s athletic achievements, training routines, and family dynamics. The thumbnail's imagery is misleading and does not accurately represent the video's main topic or content."
TQHEJj68Jew,"### Analysis of the Thumbnail and Video Content

#### Step 1: Examine the Thumbnail
The thumbnail depicts two individuals in a confrontational situation, with one person appearing to be in distress or being restrained by the other. The setting includes a car, which suggests a chase or escape scenario.

#### Step 2: Read Through the Video Subtitles and Content Description
The subtitles indicate a scenario involving bounty hunters chasing someone for a reward of $100,000. The content description mentions various locations and challenges, including a chase, a car purchase, and a hidden safe containing the reward money.

#### Step 3: Compare the Thumbnail to the Actual Video Content
The thumbnail shows a dramatic confrontation, which aligns with the chase theme mentioned in the subtitles and content description. However, the thumbnail does not explicitly show the chase or the specific elements described in the video (e.g., the car purchase, the hidden safe).

#### Step 4: Determine if the Thumbnail Accurately Represents the Video's Main Topic or Content
While the thumbnail captures a moment that could be part of the chase narrative, it does not fully represent the broader context of the video. The thumbnail focuses on a single, intense moment rather than the overall storyline involving multiple locations and challenges.

#### Step 5: Assess Whether the Thumbnail Uses Exaggeration, False Promises, or Clickbait Tactics
The thumbnail does not appear to use exaggerated visuals or false promises. It accurately reflects a dramatic moment within the chase narrative, which is a significant element of the video.

#### Step 6: Categorize the Thumbnail as Either ""Misleading"" or ""Not Misleading""
Based on the analysis, the thumbnail is **not misleading** because it accurately represents a dramatic moment within the chase narrative. While it does not capture all aspects of the video, it effectively conveys the intensity and action associated with the chase.

#### Explanation
The thumbnail effectively captures a high-stakes moment from the chase narrative, which is a central theme in the video. Although it does not show all the elements of the video, it accurately represents the dramatic and intense nature of the chase, which is a significant aspect of the content. Therefore, the thumbnail is not misleading."
6iKJZqDSPGc,"### Analysis of the Thumbnail and Content Comparison

#### Step 1: Examine the Thumbnail
The thumbnail features a large green leaf labeled ""DEVIL'S TOILET PAPER"" with an Amazon logo pointing towards it. The image includes a person with a surprised expression, covered in red spots resembling blood.

#### Step 2: Read Through the Video Subtitles and Content Description
The video subtitles describe purchasing cursed and disturbing Amazon products, including a ""real human face that doubles toilet paper."" The content description mentions various stunts and challenges, but does not explicitly reference a ""Devil's Toilet Paper.""

#### Step 3: Compare the Thumbnail to the Actual Video Content
The thumbnail prominently features a green leaf labeled ""Devil's Toilet Paper,"" which is not mentioned in the video content description. The video does not feature a green leaf or any product resembling ""Devil's Toilet Paper.""

#### Step 4: Determine if the Thumbnail Accurately Represents the Video's Main Topic or Content
The thumbnail does not accurately represent the video's main topic or content. It introduces a product that is not discussed in the video, leading viewers to expect a different product than what they receive.

#### Step 5: Assess Whether the Thumbnail Uses Exaggeration, False Promises, or Clickbait Tactics
The thumbnail uses exaggerated imagery (a green leaf with a blood-covered person) to attract attention, which is misleading. It creates false expectations about the product being featured.

#### Step 6: Categorize the Thumbnail as Either ""Misleading"" or ""Not Misleading""
The thumbnail is **Misleading**.

#### Explanation for Decision
The thumbnail introduces a product (""Devil's Toilet Paper"") that is not mentioned in the video content description. It uses exaggerated imagery to attract attention, which misleads viewers about the actual content of the video. The thumbnail does not accurately represent the video's main topic or content, thus making it misleading."
VTH0XgZ6pto,"### Analysis of the Thumbnail and Video Content

#### Step 1: Examine the Thumbnail
The thumbnail shows two construction workers in a setting that appears to be a construction site with a waterfall of concrete or mud. One worker is using a tool, while the other is running away from the falling material.

#### Step 2: Read Through the Video Subtitles and Content Description
The video content description includes a variety of scenes depicting different types of work, including construction, waste management, and home improvement tasks. The subtitles suggest a humorous tone, highlighting the challenges and absurdities of work scenarios.

#### Step 3: Compare the Thumbnail to the Actual Video Content
The thumbnail depicts a specific scene involving construction workers dealing with a concrete or mud spill. However, the video content does not consistently focus on this particular scenario. Instead, it showcases a wide range of work activities across different environments.

#### Step 4: Determine if the Thumbnail Accurately Represents the Video's Main Topic or Content
The thumbnail does not accurately represent the overall content of the video. While the video does include construction-related scenes, the thumbnail focuses on a single, exaggerated moment that may not reflect the broader themes of the video.

#### Step 5: Assess Whether the Thumbnail Uses Exaggeration, False Promises, or Clickbait Tactics
The thumbnail uses exaggeration by depicting a dramatic and humorous situation that is not representative of the typical content of the video. It suggests a more intense and chaotic environment than what is actually depicted in the video.

#### Step 6: Categorize the Thumbnail as Either ""Misleading"" or ""Not Misleading""
Based on the analysis, the thumbnail is **misleading** because it does not accurately represent the overall content of the video. It focuses on a single, exaggerated moment that may not reflect the broader themes of the video.

#### Explanation
The thumbnail sets up an expectation of a video focused on a specific, dramatic construction scene, but the video content is a compilation of various work scenarios. This mismatch between the thumbnail and the actual video content creates a misleading impression for viewers who might expect a more focused narrative around construction work."
nzBcpzsxjQM,"### Analysis of the Thumbnail and Video Content

#### Step 1: Examine the Thumbnail
The thumbnail depicts a person performing a high-wire act between two buildings, which suggests a focus on extreme sports or stunts.

#### Step 2: Read Through the Video Subtitles and Content Description
The subtitles and the video content description highlight a variety of physical feats, including strength, acrobatics, and unusual activities. The video showcases individuals performing impressive feats such as lifting cars, doing push-ups on a moving bus, and engaging in various athletic activities.

#### Step 3: Compare the Thumbnail to the Actual Video Content
The thumbnail shows a person performing a high-wire act, which is a specific type of stunt. However, the video content includes a wide range of activities beyond just high-wire acts, including strength training, martial arts, and other physical challenges.

#### Step 4: Determine if the Thumbnail Accurately Represents the Video's Main Topic or Content
The thumbnail does not accurately represent the full scope of the video content. While the high-wire act is shown, it is just one part of the diverse array of activities depicted in the video.

#### Step 5: Assess Whether the Thumbnail Uses Exaggeration, False Promises, or Clickbait Tactics
The thumbnail does not use exaggerated language or false promises. It simply shows a person performing a high-wire act, which is a common and recognizable stunt.

#### Step 6: Categorize the Thumbnail as Either ""Misleading"" or ""Not Misleading""
Based on the analysis, the thumbnail is **not misleading** because it accurately depicts a specific activity (high-wire act) that is shown in the video. However, it does not provide a comprehensive representation of the entire video content.

#### Step 7: Provide a Brief Explanation for Your Decision
The thumbnail accurately shows a high-wire act, which is one of the activities featured in the video. However, it fails to convey the full range of physical feats and activities showcased in the video, making it incomplete rather than misleading. Therefore, the thumbnail is categorized as **Not Misleading**."
39jpghte1rw,"### Analysis of the Thumbnail and Video Content

#### Step 1: Examine the Thumbnail
The thumbnail shows a basketball player sliding into the sideline area of the court, with a referee nearby. The player's shoe is highlighted with a red circle, suggesting a focus on a specific incident involving the referee.

#### Step 2: Read Through the Video Subtitles and Content Description
The subtitles and content description indicate that the video is a compilation of controversial moments involving referees in NBA games. The video highlights instances where referees make questionable calls, leading to significant outcomes in the games.

#### Step 3: Compare the Thumbnail to the Actual Video Content
The thumbnail depicts a referee interacting with a player near the sideline, which aligns with the theme of controversial refereeing decisions. However, the thumbnail does not explicitly show any ""WHACK!!!"" moment or any specific incident involving a referee hitting a player.

#### Step 4: Determine if the Thumbnail Accurately Represents the Video's Main Topic or Content
While the thumbnail captures a moment that could be related to the theme of controversial refereeing decisions, it does not provide a clear indication of the specific incident described in the subtitles (e.g., the ""WHACK!!!"" moment). The thumbnail is somewhat generic and does not specifically highlight the ""WHACK!!!"" incident.

#### Step 5: Assess Whether the Thumbnail Uses Exaggeration, False Promises, or Clickbait Tactics
The thumbnail does not use exaggerated language or false promises. It simply shows a referee interacting with a player, which is a common occurrence in basketball games. However, the lack of specificity regarding the exact incident depicted in the thumbnail might lead viewers to expect a more dramatic or specific incident than what is actually shown in the video.

#### Step 6: Categorize the Thumbnail as Either ""Misleading"" or ""Not Misleading""
Given that the thumbnail does not clearly depict the specific incident described in the subtitles (""WHACK!!!"" moment), it can be considered slightly misleading because it does not accurately represent the main topic or content of the video.

#### Step 7: Provide a Brief Explanation for the Decision
The thumbnail shows a generic interaction between a referee and a player, which could be related to the theme of controversial refereeing decisions. However, it does not specifically highlight the ""WHACK!!!"" moment mentioned in the subtitles. Therefore, while the thumbnail is not entirely misleading, it is slightly misleading due to the lack of specificity regarding the exact incident depicted.

### Conclusion
The thumbnail is **slightly misleading** because it does not clearly depict the specific incident described in the subtitles."
5-Gb15B9uEY,"### Analysis of the Thumbnail and Video Content

#### Step 1: Examine the Thumbnail
The thumbnail depicts a soccer field with players in riot gear, and there is significant smoke and fire in the background. This image suggests a chaotic and potentially dangerous situation, which is often associated with fan disturbances or violent incidents at soccer matches.

#### Step 2: Read Through the Video Subtitles and Content Description
The video content described is a compilation of various soccer moments, including matches, goals, and dramatic plays. It does not mention any incidents involving fans or security issues. The subtitles seem to be unrelated to the video content and appear to be part of a separate audio track, possibly from a different source.

#### Step 3: Compare the Thumbnail to the Actual Video Content
The thumbnail shows a scene that is entirely unrelated to the content of the video. The video itself is a collection of soccer highlights without any reference to the chaotic scene depicted in the thumbnail.

#### Step 4: Determine if the Thumbnail Accurately Represents the Video's Main Topic or Content
The thumbnail does not represent the actual content of the video. It shows a scene that is not present in the video and is not related to the soccer highlights shown in the video.

#### Step 5: Assess Whether the Thumbnail Uses Exaggeration, False Promises, or Clickbait Tactics
The thumbnail uses exaggerated imagery to attract viewers, which is misleading. It suggests a dangerous and chaotic situation that is not depicted in the video.

#### Step 6: Categorize the Thumbnail as Either ""Misleading"" or ""Not Misleading""
The thumbnail is clearly misleading.

#### Step 7: Provide a Brief Explanation for Your Decision
The thumbnail depicts a scene of chaos and danger, which is completely unrelated to the content of the video. The video is a compilation of soccer highlights and does not feature any incidents involving fans or security issues. Therefore, the thumbnail is misleading as it does not accurately represent the video's content."
LPi1OxQUTHc,"### Analysis of the Thumbnail and Video Content

#### Step 1: Examine the Thumbnail
The thumbnail features a person lying on the grass of a football pitch, wearing a yellow uniform, with a speech bubble saying ""LOOK ME."" A hand is holding a red card, which is typically used in football to send a player off the field.

#### Step 2: Read Through the Video Subtitles and Content Description
The video content description mentions a variety of football moments, including matches, training sessions, and goal celebrations. It does not mention any specific incident involving a player being sent off or a humorous situation involving a player lying on the ground.

#### Step 3: Compare the Thumbnail to the Actual Video Content
The thumbnail depicts a humorous or exaggerated scenario where a player is lying on the ground while a referee holds a red card. However, the video content does not feature such a scene. Instead, it showcases various football moments, including matches, training sessions, and goal celebrations.

#### Step 4: Determine if the Thumbnail Accurately Represents the Video's Main Topic or Content
The thumbnail does not accurately represent the main topic or content of the video. It suggests a humorous or exaggerated incident that is not present in the actual video content.

#### Step 5: Assess Whether the Thumbnail Uses Exaggeration, False Promises, or Clickbait Tactics
The thumbnail uses exaggeration by depicting a humorous or exaggerated scenario that is not representative of the actual video content. It creates a misleading impression that the video will contain a specific incident that it does not.

#### Step 6: Categorize the Thumbnail as Either ""Misleading"" or ""Not Misleading""
Based on the analysis, the thumbnail is **misleading** because it suggests a specific incident (a player being sent off) that is not present in the actual video content.

#### Explanation
The thumbnail uses a humorous and exaggerated image to attract viewers' attention, which is not aligned with the actual content of the video. This creates a misleading impression that the video will contain a specific incident that it does not. Therefore, the thumbnail is misleading."
gvGRaE1YYvc,"### Analysis of the YouTube Video Thumbnail and Content

#### Step 1: Examine the Thumbnail
The thumbnail features two images side-by-side:
- On the left, there is a claw machine game where a child is interacting with it.
- On the right, there is an image of a child with a messy appearance, possibly covered in something.

#### Step 2: Read Through the Video Subtitles and Content Description
The subtitles and content description suggest a variety of scenarios involving children, including playful and chaotic moments, financial mishaps, and humorous anecdotes. The video seems to be a compilation of different clips, each depicting a different situation involving children.

#### Step 3: Compare the Thumbnail to the Actual Video Content
The thumbnail shows a claw machine game and a messy child, which aligns with the content described in the video. However, the thumbnail does not provide any indication of the financial or humorous anecdotes mentioned in the subtitles and content description.

#### Step 4: Determine if the Thumbnail Accurately Represents the Video's Main Topic or Content
The thumbnail accurately represents one part of the video content (claw machine game and messy child), but it does not capture the full range of topics discussed in the video, such as financial mishaps, humorous anecdotes, and other miscellaneous clips.

#### Step 5: Assess Whether the Thumbnail Uses Exaggeration, False Promises, or Clickbait Tactics
The thumbnail does not use exaggeration, false promises, or clickbait tactics. It simply shows a claw machine game and a messy child, which are part of the video content.

#### Step 6: Categorize the Thumbnail as Either ""Misleading"" or ""Not Misleading""
Given that the thumbnail accurately represents one part of the video content but does not capture the full range of topics discussed, it can be considered **misleading** because it does not give a comprehensive representation of the entire video.

#### Explanation for Decision
The thumbnail focuses on a specific aspect of the video (claw machine game and messy child) but fails to convey the broader range of content, including financial mishaps, humorous anecdotes, and other miscellaneous clips. This omission makes the thumbnail misleading as it does not fully represent the diverse nature of the video content."
fleUyiUmedQ,"### Analysis of the Thumbnail and Video Content

1. **Thumbnail Examination**:
   - The thumbnail shows a person standing near a car, with a manhole cover visible on the ground. The individual appears to be in a parking lot or similar outdoor area.
   - The image has a ""REC"" indicator, suggesting it might be from a security camera, and there’s a battery icon indicating the camera’s status.

2. **Video Subtitles**:
   - The subtitles suggest that the video is about showcasing ""luckiest people on the internet,"" sharing their luck with viewers.
   - The content includes various clips of people performing lucky or unexpected actions, such as finding a manhole cover, being in a parking lot, etc.

3. **Video Content Description**:
   - The video compilation includes a variety of clips, each highlighting an unexpected or lucky moment.
   - The clips range from people interacting with nature, performing stunts, or encountering unusual situations.

4. **Comparison**:
   - The thumbnail depicts a person near a manhole cover, which aligns with the subtitle mentioning someone finding a manhole cover.
   - However, the video content includes a wide array of clips, not just one specific scene.

5. **Assessment**:
   - While the thumbnail does show a manhole cover, it is not the central focus of the video content.
   - The video contains multiple clips of different scenarios, not just one specific lucky moment.
   - The thumbnail does not accurately represent the diverse nature of the video content.

### Conclusion

The thumbnail is **misleading** because it does not accurately represent the content of the video. The video is a compilation of various clips showcasing different lucky moments, not just one specific scene depicted in the thumbnail. Therefore, the thumbnail uses exaggeration and false promises by suggesting that the entire video revolves around a single lucky moment, which is not the case."
2Cejd94HqPY,"### Analysis of the Thumbnail and Video Content

#### Step 1: Examine the Thumbnail
The thumbnail features two basketball players, one with a beard and the other with dreadlocks, along with a speech bubble containing the text ""MANDA SUA MULHER ME LIGAR!"" which translates to ""Send your wife to call me!""

#### Step 2: Read Through the Video Subtitles and Content Description
The video subtitles discuss various instances of Stephen Curry humiliating opponents and critics during NBA games. The content description provides a detailed narrative of different moments where Curry has demonstrated his skills and dominance on the court, often in humorous or competitive contexts.

#### Step 3: Compare the Thumbnail to the Actual Video Content
The thumbnail does not visually represent any of the content described in the video subtitles or the video description. It features two basketball players in a seemingly unrelated context, which is not aligned with the theme of the video focusing on Stephen Curry's performances and interactions during games.

#### Step 4: Determine if the Thumbnail Accurately Represents the Video's Main Topic or Content
The thumbnail does not accurately represent the video's main topic or content. It introduces a completely different scenario involving a conversation between two individuals, which has no connection to the narrative of the video about Stephen Curry's performances and interactions.

#### Step 5: Assess Whether the Thumbnail Uses Exaggeration, False Promises, or Clickbait Tactics
The thumbnail uses exaggerated and misleading imagery to attract viewers. It suggests a personal interaction or a humorous exchange between two individuals, which is entirely unrelated to the content of the video.

#### Step 6: Categorize the Thumbnail as Either ""Misleading"" or ""Not Misleading""
Based on the analysis, the thumbnail is clearly misleading.

#### Explanation for Decision
The thumbnail introduces a completely different scenario involving a conversation between two individuals, which has no connection to the narrative of the video about Stephen Curry's performances and interactions. It uses exaggerated and misleading imagery to attract viewers, which is a clear example of clickbait tactics. Therefore, the thumbnail is misleading."
9RhWXPcKBI8,"### Analysis of the Thumbnail and Video Content

#### Step 1: Examine the Thumbnail
The thumbnail depicts two individuals in orange prison uniforms, chained together, sitting against a wall with graffiti that reads ""DAY 70."" The image conveys a sense of confinement, isolation, and possibly a long-term challenge or experiment involving imprisonment.

#### Step 2: Read Through the Video Subtitles and Content Description
The subtitles and the video content describe a long-term challenge or experiment where two individuals are confined in a controlled environment for 100 days. The video shows various activities and changes over time, including the participants engaging in different tasks, the gradual furnishing of the room, and the emotional journey of the participants.

#### Step 3: Compare the Thumbnail to the Actual Video Content
The thumbnail shows two individuals in prison uniforms, which aligns with the theme of confinement and isolation mentioned in the video subtitles. However, the specific mention of ""DAY 70"" in the graffiti does not match the 100-day duration described in the video content.

#### Step 4: Determine if the Thumbnail Accurately Represents the Video's Main Topic or Content
The thumbnail accurately represents the theme of confinement and isolation but misleads regarding the exact duration of the challenge. The thumbnail suggests a longer duration (70 days) compared to the actual 100-day challenge described in the video.

#### Step 5: Assess Whether the Thumbnail Uses Exaggeration, False Promises, or Clickbait Tactics
The thumbnail uses exaggeration by suggesting a longer duration than what is actually depicted in the video. It does not use false promises or clickbait tactics but rather misleads viewers about the exact length of the challenge.

#### Step 6: Categorize the Thumbnail as Either ""Misleading"" or ""Not Misleading""
Based on the analysis, the thumbnail is **misleading** because it suggests a longer duration (70 days) than the actual 100-day challenge described in the video.

#### Explanation for Decision
The thumbnail effectively captures the essence of confinement and isolation but inaccurately represents the duration of the challenge. While the theme of confinement is correctly conveyed, the specific detail of ""DAY 70"" in the graffiti misleads viewers about the exact length of the challenge, which is 100 days. Therefore, the thumbnail is misleading."
zTXysobLtyc,"### Analysis of the Provided Information

#### Step 1: Examine the Thumbnail
The thumbnail depicts two individuals working with large saws on a large piece of wood. The image suggests a focus on woodworking or carpentry.

#### Step 2: Read Through the Video Subtitles and Content Description
The video content description and subtitles indicate a variety of scenes involving different craftspeople and workers across various industries. These include construction, textile work, culinary arts, agricultural practices, and manufacturing processes. The video does not specifically focus on woodworking or carpentry.

#### Step 3: Compare the Thumbnail to the Actual Video Content
The thumbnail shows two individuals working with large saws on a large piece of wood, which aligns with the woodworking theme suggested by the thumbnail. However, the video content description and subtitles do not mention woodworking or carpentry as a significant part of the video.

#### Step 4: Determine if the Thumbnail Accurately Represents the Video's Main Topic or Content
The thumbnail accurately represents the woodworking theme suggested by the video content description and subtitles. However, the video content itself does not focus on woodworking or carpentry.

#### Step 5: Assess Whether the Thumbnail Uses Exaggeration, False Promises, or Clickbait Tactics
The thumbnail does not use exaggeration, false promises, or clickbait tactics. It accurately represents the woodworking theme suggested by the video content description and subtitles.

#### Step 6: Categorize the Thumbnail as Either ""Misleading"" or ""Not Misleading""
Based on the analysis, the thumbnail is **not misleading** because it accurately represents the woodworking theme suggested by the video content description and subtitles.

#### Explanation
The thumbnail accurately reflects the woodworking theme mentioned in the video content description and subtitles. While the video content does not specifically focus on woodworking, the thumbnail does not mislead viewers into expecting a woodworking-focused video. Therefore, the thumbnail is not misleading."
aF3ufeW7zXM,"### Analysis of the Thumbnail and Video Content

#### Step 1: Examine the Thumbnail
The thumbnail shows a soccer player receiving a red card from a referee. The player appears to be reacting dramatically, with one hand raised in a gesture that could be interpreted as defiance or frustration.

#### Step 2: Read Through the Video Subtitles and Content Description
The video subtitles discuss various controversial soccer celebrations and their consequences, such as fines, bans, and injuries. The content description highlights the passion, drama, and excitement of soccer, including both on-field and off-field moments.

#### Step 3: Compare the Thumbnail to the Actual Video Content
The thumbnail depicts a specific incident involving a red card, which is a serious moment in a soccer match. However, the video content focuses on a broader range of soccer-related events, including celebrations, controversies, and the emotional intensity of the sport.

#### Step 4: Determine if the Thumbnail Accurately Represents the Video's Main Topic or Content
While the thumbnail shows a red card, which is a significant event in soccer, the video content is much more diverse and covers a wide array of topics related to soccer. The thumbnail does not accurately represent the overall theme of the video.

#### Step 5: Assess Whether the Thumbnail Uses Exaggeration, False Promises, or Clickbait Tactics
The thumbnail does not use exaggeration or false promises. It simply shows a red card, which is a realistic depiction of a moment in a soccer match. However, the thumbnail might be considered misleading because it does not reflect the full scope of the video content.

#### Step 6: Categorize the Thumbnail as Either ""Misleading"" or ""Not Misleading""
Given that the thumbnail does not accurately represent the overall content of the video, it can be categorized as **misleading**.

#### Explanation for Decision
The thumbnail focuses on a single, dramatic moment (a red card), while the video content covers a wide range of soccer-related topics, including celebrations, controversies, and the emotional intensity of the sport. The thumbnail does not provide a comprehensive representation of the video's content, making it misleading."
W-7TaAGww5g,"### Analysis of the Thumbnail and Video Content

#### Step 1: Examine the Thumbnail
The thumbnail features a man taking a selfie with a large shark in the background. The image is striking and captures attention due to the juxtaposition of the human and the shark, which is a common theme in shark documentaries or reality TV shows.

#### Step 2: Read Through the Video Subtitles and Content Description
The video content description mentions various dangerous or risky encounters between humans and animals, including alligators, snakes, crocodiles, bears, rhinos, whales, and sharks. The subtitles also include humorous and cautionary commentary about the dangers of interacting with wildlife.

#### Step 3: Compare the Thumbnail to the Actual Video Content
The thumbnail depicts a man interacting closely with a shark, which aligns with the video content that includes dangerous animal encounters. However, the thumbnail does not explicitly mention the variety of animals or the different scenarios depicted in the video.

#### Step 4: Determine if the Thumbnail Accurately Represents the Video's Main Topic or Content
While the thumbnail accurately represents the theme of dangerous animal encounters, it does not provide specific details about the diverse range of animals and scenarios shown in the video. The thumbnail could be misleading because it might give viewers the impression that the entire video focuses solely on shark encounters when there are many other types of dangerous animal interactions.

#### Step 5: Assess Whether the Thumbnail Uses Exaggeration, False Promises, or Clickbait Tactics
The thumbnail does not use exaggerated language or false promises. Instead, it accurately reflects the theme of the video but lacks specificity about the content.

#### Step 6: Categorize the Thumbnail as Either ""Misleading"" or ""Not Misleading""
Based on the analysis, the thumbnail is **not misleading**. While it accurately represents the theme of the video, it does not provide enough detail about the specific content, which could lead viewers to expect a more focused narrative on shark encounters rather than a broader compilation of dangerous animal interactions.

#### Explanation
The thumbnail effectively captures the viewer's attention with a visually striking image of a man interacting with a shark. However, it fails to convey the full scope of the video's content, which includes a wide array of dangerous animal encounters. Therefore, while the thumbnail is not misleading in terms of the overall theme, it could be considered somewhat incomplete in providing a clear expectation of the video's content."
2nmcEH8UApk,"### Analysis of the Provided Information

1. **Examine the Thumbnail**: The thumbnail shows a paint roller being cleaned with a tube of Aqualife paint cleaner. It suggests that the video might be about cleaning paint rollers or a similar DIY home improvement task.

2. **Read Through the Video Subtitles and Content Description**: The video content description mentions various DIY home improvement and repair techniques, including painting, staining, installing faux brick panels, cleaning paint rollers, and other miscellaneous tasks. The subtitles seem to be repetitive and do not provide specific context about the tasks being performed.

3. **Compare the Thumbnail to the Actual Video Content**: The thumbnail depicts a paint roller being cleaned, which aligns with one of the tasks mentioned in the video description. However, the thumbnail does not represent all the diverse activities shown in the video.

4. **Determine if the Thumbnail Accurately Represents the Video's Main Topic or Content**: While the thumbnail relates to a task shown in the video, it does not capture the breadth of activities depicted. The video includes a wide range of DIY tasks beyond just cleaning paint rollers.

5. **Assess Whether the Thumbnail Uses Exaggeration, False Promises, or Clickbait Tactics**: The thumbnail does not use exaggerated claims or false promises. It simply shows a common DIY activity, which is accurate but limited in scope compared to the full range of tasks shown in the video.

6. **Categorize the Thumbnail as Either ""Misleading"" or ""Not Misleading""**: Given that the thumbnail accurately represents one of the tasks shown in the video but fails to convey the diversity of activities, it could be considered misleading because it does not fully reflect the content of the video.

7. **Provide a Brief Explanation for Your Decision**: The thumbnail is misleading because while it correctly depicts a task from the video, it fails to convey the variety of DIY home improvement and repair techniques demonstrated throughout the video. It gives viewers a false impression of the content they will encounter.

**Final Decision**: The thumbnail is **Misleading**."
YOAChh0knsM,"### Analysis of the Provided Information

1. **Examine the thumbnail**: The thumbnail features a razor blade placed on top of a plastic bottle cap. The image is bright and colorful, with a blue background that contrasts sharply with the red cap and blue razor.

2. **Read through the video subtitles and content description**: Since subtitles are not available, we rely solely on the video content description provided.

3. **Compare the thumbnail to the actual video content**: The thumbnail depicts a simple, everyday object (a razor blade) interacting with a common household item (a plastic bottle cap). However, the video content described involves a series of DIY and home improvement tasks, including installing trim, using power tools, applying spackling paste, and working with wood and metal.

4. **Determine if the thumbnail accurately represents the video's main topic or content**: The thumbnail does not visually represent any of the activities described in the video content. It does not depict any woodworking, construction, or home improvement tasks.

5. **Assess whether the thumbnail uses exaggeration, false promises, or clickbait tactics**: The thumbnail does not use exaggerated visuals or false promises. Instead, it presents a completely unrelated image to the actual content of the video.

6. **Categorize the thumbnail as either ""Misleading"" or ""Not Misleading""**: Given that the thumbnail does not accurately represent the content of the video, it can be considered misleading.

7. **Provide a brief explanation for your decision**: The thumbnail shows a razor blade on a bottle cap, which has no relation to the DIY and home improvement tasks depicted in the video. This creates a misleading impression that the video might be about a humorous or unconventional DIY project involving razors and bottles, when in reality, it is about traditional woodworking and construction techniques.

**Final Decision**: The thumbnail is **Misleading**."
f-8UeADoYxY,"### Analysis of the Thumbnail and Video Content

#### Step 1: Examine the Thumbnail
The thumbnail shows a person sliding down a water slide, which appears to be a common attraction at water parks. The individual is shirtless, and there is a red arrow pointing towards their stomach area. 

#### Step 2: Read Through the Video Subtitles and Content Description
The video description mentions a variety of TikTok clips, including scenes involving playgrounds, motorcycles, cleaning demonstrations, and casual gatherings. However, none of these clips appear to involve water slides or individuals sliding down them.

#### Step 3: Compare the Thumbnail to the Actual Video Content
The thumbnail depicts a person sliding down a water slide, which is not mentioned in any of the video descriptions. The content of the video does not include any scenes related to water slides or similar activities.

#### Step 4: Determine if the Thumbnail Accurately Represents the Video's Main Topic or Content
The thumbnail does not accurately represent the video's main topic or content. It suggests that the video contains scenes involving water slides, which is not true based on the provided video descriptions.

#### Step 5: Assess Whether the Thumbnail Uses Exaggeration, False Promises, or Clickbait Tactics
The thumbnail uses exaggerated imagery (a person sliding down a water slide) to attract viewers, which is misleading because the video content does not match the thumbnail.

#### Step 6: Categorize the Thumbnail as Either ""Misleading"" or ""Not Misleading""
The thumbnail is clearly misleading.

#### Explanation for Decision
The thumbnail depicts a person sliding down a water slide, which is not mentioned in the video descriptions. The content of the video does not include any scenes involving water slides or similar activities. Therefore, the thumbnail is misleading as it does not accurately represent the video's main topic or content."
mvXiTieWQvI,"### Analysis of the Thumbnail and Video Content

#### Step 1: Examine the Thumbnail
The thumbnail features a referee pointing at a player with the text ""NO MAKEUP"" and ""WHY?"" prominently displayed. This suggests a humorous or controversial situation involving a player's appearance.

#### Step 2: Read Through the Video Subtitles and Content Description
The video content describes a series of scenes from women's soccer matches, including gameplay, sideline interactions, and off-field interviews. The subtitles mention various topics such as penalties, player performances, and interactions between players and officials. There is no direct reference to makeup or any controversy surrounding a player's appearance.

#### Step 3: Compare the Thumbnail to the Actual Video Content
The thumbnail depicts a scenario involving a referee and a player discussing makeup, which is not mentioned in the video content. The video focuses on typical soccer match scenes without any indication of a makeup-related controversy.

#### Step 4: Determine if the Thumbnail Accurately Represents the Video's Main Topic or Content
The thumbnail does not accurately represent the video's main content. It introduces a topic (makeup) that is not present in the video.

#### Step 5: Assess Whether the Thumbnail Uses Exaggeration, False Promises, or Clickbait Tactics
The thumbnail uses exaggerated language (""NO MAKEUP"") and poses a question (""WHY?""), which could be seen as clickbait to attract viewers' attention.

#### Step 6: Categorize the Thumbnail as Either ""Misleading"" or ""Not Misleading""
Based on the analysis, the thumbnail is misleading.

#### Explanation for Decision
The thumbnail introduces a topic (makeup controversy) that is not present in the video content. It uses exaggerated language and poses a question to attract viewers, which is a common tactic for clickbait thumbnails. Therefore, the thumbnail is misleading."
4Iui1yDgusI,"### Analysis of the Provided Information

#### Step 1: Examine the Thumbnail
The thumbnail shows two images side by side:
1. On the left, a child is standing in a living room, seemingly engaged in an activity.
2. On the right, a child is strapped into a chair covered in aluminum foil, appearing distressed.

#### Step 2: Read Through the Video Subtitles and Content Description
The subtitles suggest a story about revenge, specifically involving Pokémon cards. The content description includes various unrelated scenes, including a person in a brown jacket, animated characters, and a beach scene with birds. These scenes do not seem to relate to the revenge theme mentioned in the subtitles.

#### Step 3: Compare the Thumbnail to the Actual Video Content
The thumbnail depicts a child being restrained with aluminum foil, which strongly implies a scenario involving punishment or a prank. The video content, however, seems to be a collection of unrelated scenes with no clear connection to the revenge theme suggested by the thumbnail.

#### Step 4: Determine if the Thumbnail Accurately Represents the Video's Main Topic or Content
The thumbnail clearly misrepresents the video's content. It suggests a scenario involving a child being punished or restrained, which is not depicted in the video content described.

#### Step 5: Assess Whether the Thumbnail Uses Exaggeration, False Promises, or Clickbait Tactics
The thumbnail uses exaggerated imagery (a child strapped in aluminum foil) to attract viewers' attention, which is misleading. It does not accurately represent the video's content and sets up false expectations.

#### Step 6: Categorize the Thumbnail
Based on the analysis, the thumbnail is **Misleading**.

#### Explanation
The thumbnail creates a misleading impression by depicting a child in distress, which is not aligned with the video content described. The video seems to be a compilation of unrelated scenes, and the revenge theme mentioned in the subtitles is not evident in the provided content description. Therefore, the thumbnail uses exaggerated imagery to attract viewers, leading to a misleading representation of the video's content."
unQWa4i14rg,"### Analysis of the Thumbnail and Video Content

1. **Examine the thumbnail**: The thumbnail features an image of an eye with two pupils, accompanied by the text ""EXTRA PUPILS?!"" and the TikTok logo. The image is visually striking and designed to grab attention.

2. **Read through the video subtitles and content description**: Since there are no subtitles provided, we rely on the video content description for context. The video covers a variety of topics, including anatomy, fitness, spicy snacks, medical information, dietary restrictions, splinters, cellulite, women's health, and reacting to TikTok clips.

3. **Compare the thumbnail to the actual video content**: The thumbnail prominently displays an image of an eye with two pupils, which is not directly related to any of the topics discussed in the video content description. The video does not focus on eyes or extra pupils; instead, it covers a broad range of unrelated subjects.

4. **Determine if the thumbnail accurately represents the video's main topic or content**: The thumbnail does not accurately represent the video's main content. It is misleading because it suggests that the video is about an unusual anatomical feature (extra pupils), which is not the case.

5. **Assess whether the thumbnail uses exaggeration, false promises, or clickbait tactics**: The thumbnail uses clickbait tactics by promising viewers something specific (extra pupils) that is not present in the video content. It exaggerates the content by suggesting a highly unusual and specific topic when the video actually covers a wide array of unrelated subjects.

6. **Categorize the thumbnail as either ""Misleading"" or ""Not Misleading""**: Based on the analysis, the thumbnail is clearly misleading.

7. **Provide a brief explanation for your decision**: The thumbnail is misleading because it promises a specific and unusual topic (extra pupils) that is not covered in the video content. Instead, the video covers a broad range of unrelated topics, making the thumbnail deceptive and not representative of the actual content.

**Final Decision**: The thumbnail is **Misleading**."
pBnvzeFhfX8,"### Analysis of the YouTube Video Thumbnail

#### Step 1: Examine the thumbnail
The thumbnail features two individuals wearing yellow sports jerseys. One individual appears to be a young player, while the other looks like an adult player, possibly a coach or mentor. The text overlay reads ""SEU MOLEQUE,"" which translates to ""YOUR SON"" in English.

#### Step 2: Read through the video subtitles and content description
The subtitles and content description focus on a famous soccer player (Cristiano Ronaldo) and his interactions with young players, particularly his son Cristiano Jr. The video highlights moments of mentorship, youth development, and the relationship between established players and aspiring young athletes.

#### Step 3: Compare the thumbnail to the actual video content
The thumbnail shows a young player and an adult player, which aligns with the theme of mentorship and youth development. However, the text ""SEU MOLEQUE"" introduces a negative connotation that is not directly addressed in the video content.

#### Step 4: Determine if the thumbnail accurately represents the video's main topic or content
While the thumbnail accurately depicts the theme of mentorship and youth development, the text ""SEU MOLEQUE"" introduces a negative element that is not present in the video content. The video does not depict any instances of the adult player being angry or disapproving towards the young player.

#### Step 5: Assess whether the thumbnail uses exaggeration, false promises, or clickbait tactics
The thumbnail does not use exaggerated language or false promises. However, the text ""SEU MOLEQUE"" could be perceived as clickbait as it introduces a negative tone that is not reflected in the video content.

#### Step 6: Categorize the thumbnail as either ""Misleading"" or ""Not Misleading""
Given that the thumbnail introduces a negative connotation (""SEU MOLEQUE"") that is not present in the video content, the thumbnail can be considered misleading.

#### Explanation
The thumbnail uses the phrase ""SEU MOLEQUE,"" which introduces a negative tone that is not reflected in the video content. While the video focuses on mentorship and youth development, the thumbnail's text could mislead viewers into expecting a more critical or negative portrayal of the relationship between the adult player and the young player. Therefore, the thumbnail is misleading."
G3J23DOWS_I,"### Analysis of the Thumbnail and Video Content

#### Step 1: Examine the Thumbnail
The thumbnail features a person in a red outfit with exaggerated proportions, accompanied by two judges from a talent show reacting excitedly. The text overlay reads ""BEAUTIFUL TALENT! BRITAIN'S GOT TALENT 2024.""

#### Step 2: Read Through the Video Subtitles and Content Description
The video content description describes a variety of scenes including a performer in a yellow shirt, an audience reaction, animated characters, a trophy, a performer in a dark robe, a large rocky creature, a giant figure over a city street, and a performer with glowing digital effects. The video also includes quick cuts of the performer in a gray shirt and images of dinosaurs on the stage.

#### Step 3: Compare the Thumbnail to the Actual Video Content
The thumbnail depicts a single performer in a red outfit, which aligns somewhat with the video content where there are multiple performers. However, the exaggerated proportions and the presence of two judges reacting excitedly do not match the diverse range of performances described in the video content.

#### Step 4: Determine if the Thumbnail Accurately Represents the Video's Main Topic or Content
The thumbnail does not accurately represent the video's main topic or content. It focuses on a single performer in a red outfit, while the video showcases a variety of performers, effects, and interactions.

#### Step 5: Assess Whether the Thumbnail Uses Exaggeration, False Promises, or Clickbait Tactics
The thumbnail uses exaggerated proportions and a misleading representation of the video's content. It creates false expectations by suggesting a single, specific performance when the video actually features a wide array of diverse acts.

#### Step 6: Categorize the Thumbnail as Either ""Misleading"" or ""Not Misleading""
The thumbnail is **Misleading**.

#### Explanation
The thumbnail misleads viewers by focusing on a single performer in a red outfit, which does not reflect the diverse and varied nature of the performances shown in the video. The exaggerated proportions and the presence of two judges reacting excitedly create false expectations and do not accurately represent the content of the video. Therefore, the thumbnail is misleading."
yCnnssUXDTc,"### Analysis of the Provided Information

#### Step 1: Examine the Thumbnail
The thumbnail depicts a person with a large insect on their face, which appears to be a cockroach. The image is quite graphic and seems to be designed to grab attention.

#### Step 2: Read Through the Video Subtitles and Content Description
The video content described includes a variety of humorous and unexpected situations, ranging from kitchen scenes to interactions with animals and people in different settings. The descriptions mention various activities such as cooking, fishing, exercising, and interacting with animals, but none of these activities involve insects or cockroaches.

#### Step 3: Compare the Thumbnail to the Actual Video Content
The thumbnail shows a person with a cockroach on their face, which is completely unrelated to the content described in the video. The video does not feature any scenes involving insects or cockroaches.

#### Step 4: Determine if the Thumbnail Accurately Represents the Video's Main Topic or Content
The thumbnail does not accurately represent the video's main topic or content. It suggests that the video might be about a person dealing with a cockroach, which is not true based on the video description.

#### Step 5: Assess Whether the Thumbnail Uses Exaggeration, False Promises, or Clickbait Tactics
The thumbnail uses exaggerated imagery (a large insect on a person's face) to attract viewers, which is a common tactic in clickbait videos. However, the thumbnail itself does not promise or suggest that the video contains content related to insects or cockroaches.

#### Step 6: Categorize the Thumbnail as Either ""Misleading"" or ""Not Misleading""
Given that the thumbnail is designed to attract viewers with a graphic image that is completely unrelated to the actual content of the video, it can be categorized as **Misleading**.

#### Explanation for the Decision
The thumbnail uses a highly exaggerated and graphic image to attract viewers, which is not representative of the actual content of the video. The video is a compilation of various humorous and unexpected situations, none of which involve insects or cockroaches. Therefore, the thumbnail is misleading because it does not accurately reflect the content of the video."
LwTZIJc0eb4,"### Analysis of the Provided Information

#### Step 1: Examine the Thumbnail
The thumbnail features two images:
1. A blue, gel-like substance that appears to be flowing or dripping.
2. A large, elongated sneaker placed on a surface.

#### Step 2: Read Through the Video Subtitles and Content Description
The video subtitles suggest that the content involves people performing spectacular and unusual activities, which might include jaw-dropping feats or interesting moments from everyday life. The video description lists a series of short clips showing various tasks and activities, such as construction, painting, and mechanical work.

#### Step 3: Compare the Thumbnail to the Actual Video Content
The thumbnail shows a blue, gel-like substance and a large sneaker. The video content, however, does not appear to feature these elements. Instead, it consists of a series of short clips depicting various tasks and activities.

#### Step 4: Determine if the Thumbnail Accurately Represents the Video's Main Topic or Content
The thumbnail does not accurately represent the video's main topic or content. It suggests that the video might involve unusual or spectacular activities, whereas the actual video content is a compilation of short clips showing various tasks and activities.

#### Step 5: Assess Whether the Thumbnail Uses Exaggeration, False Promises, or Clickbait Tactics
The thumbnail uses exaggerated imagery (a large sneaker and a blue, gel-like substance) that does not match the actual content of the video. This can be considered clickbait as it misleads viewers about the nature of the video.

#### Step 6: Categorize the Thumbnail as Either ""Misleading"" or ""Not Misleading""
Based on the analysis, the thumbnail is **misleading**.

#### Explanation for the Decision
The thumbnail features imagery that is not present in the actual video content. It suggests that the video will showcase spectacular or unusual activities, which is not the case. The video is a compilation of short clips showing various tasks and activities, and the thumbnail's imagery is misleading and does not accurately represent the content."
zX7xh7AOCU0,"### Analysis of the Thumbnail and Video Content

#### Step 1: Examine the Thumbnail
The thumbnail shows a soccer player with blood on their face and head, with the text ""DEADLIEST INJURY"" prominently displayed above them. The image conveys a sense of severity and danger, which aligns with the word ""deadliest.""

#### Step 2: Read Through the Video Subtitles and Content Description
The subtitles and the video content describe a dramatic incident involving a soccer player being injured during a match. The player appears distressed, and medical staff are present, indicating a serious injury. However, the term ""deadliest"" in the thumbnail is exaggerated and does not necessarily reflect the severity of the injury described in the video.

#### Step 3: Compare the Thumbnail to the Actual Video Content
The thumbnail depicts a player with visible injuries, which matches the content of the video showing a player in distress and receiving medical attention. However, the use of the word ""deadliest"" in the thumbnail is misleading because it implies a catastrophic injury that could potentially be fatal, which is not explicitly stated or depicted in the video content.

#### Step 4: Determine if the Thumbnail Accurately Represents the Video's Main Topic or Content
While the thumbnail correctly identifies the subject matter as a soccer injury, the use of the word ""deadliest"" exaggerates the severity of the injury beyond what is actually shown in the video. The video does not suggest that the injury is life-threatening; it simply depicts a serious injury requiring medical attention.

#### Step 5: Assess Whether the Thumbnail Uses Exaggeration, False Promises, or Clickbait Tactics
The thumbnail uses the word ""deadliest"" to create a sense of urgency and drama, which can be considered clickbait. It exaggerates the severity of the injury to attract viewers' attention, which is not justified by the actual content of the video.

#### Step 6: Categorize the Thumbnail as Either ""Misleading"" or ""Not Misleading""
Based on the analysis, the thumbnail is misleading because it uses the word ""deadliest"" to imply a more severe injury than what is actually depicted in the video.

#### Step 7: Provide a Brief Explanation for Your Decision
The thumbnail uses the word ""deadliest"" to create a sense of urgency and attract viewers, but the video content does not support such a dramatic claim. While the injury is serious, the term ""deadliest"" is an exaggeration that misleads viewers into expecting a more severe outcome than what is actually shown. Therefore, the thumbnail is misleading."
MaDSU9tfMMQ,"### Analysis of the Provided Information

#### Step 1: Examine the Thumbnail
The thumbnail features two images side-by-side:
1. On the left, a person is wearing a plastic bag over their head with a cartoonish orange object (resembling a fruit) placed on top of the bag.
2. On the right, a person has a dark, glossy substance applied to their face, giving them a shiny, unnatural appearance.

#### Step 2: Read Through the Video Subtitles and Content Description
The video description mentions a variety of humorous and quirky moments, including interactions with animals, family dynamics, and everyday situations. The subtitles suggest that the video includes pranks, reactions to unexpected events, and humorous scenarios involving friends and family.

#### Step 3: Compare the Thumbnail to the Actual Video Content
The thumbnail depicts a scene that seems unrelated to the diverse and varied content described in the video description. The thumbnail shows a person with a plastic bag and a fruit, which does not align with the themes of the video clips mentioned, such as family interactions, animal antics, or pranks.

#### Step 4: Determine if the Thumbnail Accurately Represents the Video's Main Topic or Content
The thumbnail does not accurately represent the main topics or content of the video. It suggests a specific type of humor (likely involving a prank or a humorous setup) that is not evident in the video description.

#### Step 5: Assess Whether the Thumbnail Uses Exaggeration, False Promises, or Clickbait Tactics
The thumbnail uses exaggerated imagery to attract viewers, which may mislead them into expecting a specific type of content that is not present in the video.

#### Step 6: Categorize the Thumbnail as Either ""Misleading"" or ""Not Misleading""
Based on the analysis, the thumbnail is **misleading**.

#### Explanation for Decision
The thumbnail shows a scene that is visually striking but does not reflect the diverse and varied content described in the video. It uses exaggerated imagery to attract viewers, which may lead them to expect a specific type of humor that is not present in the video. Therefore, the thumbnail is misleading."
zySUlGXbXvA,"### Analysis of the Thumbnail and Video Content

#### Step 1: Examine the Thumbnail
The thumbnail features a woman standing on a narrow wooden plank high above a scenic landscape. She appears to be balancing precariously, with her feet positioned awkwardly. The image is framed to emphasize the height and danger of the situation.

#### Step 2: Read Through the Video Subtitles and Content Description
The video content described includes a variety of clips, ranging from lottery tickets, explosions, and humorous fails to more serious events like a motorcycle crash and a pole vaulting incident. The subtitles suggest that the video involves reactions to various clips, including some potentially dangerous or surprising situations.

#### Step 3: Compare the Thumbnail to the Actual Video Content
The thumbnail depicts a scene of extreme danger and risk, showing a person balancing on a narrow plank high above a valley. However, the video content described does not include any clips of people balancing on planks or performing dangerous stunts. Instead, it features a mix of humorous and surprising moments, many of which are unrelated to the thumbnail imagery.

#### Step 4: Determine if the Thumbnail Accurately Represents the Video's Main Topic or Content
The thumbnail does not accurately represent the video's main topic or content. While the thumbnail suggests a high-risk activity, the video content is entirely unrelated to such activities.

#### Step 5: Assess Whether the Thumbnail Uses Exaggeration, False Promises, or Clickbait Tactics
The thumbnail uses exaggerated imagery to create a sense of danger and adventure, which is misleading because the video content does not feature any such scenes. The thumbnail is designed to attract viewers by promising a thrilling experience, but the actual video content is light-hearted and humorous.

#### Step 6: Categorize the Thumbnail as Either ""Misleading"" or ""Not Misleading""
Based on the analysis, the thumbnail is **misleading**.

#### Explanation for Decision
The thumbnail creates a false expectation by depicting a high-risk activity that is not present in the video content. The video itself consists of a series of humorous and surprising moments that are unrelated to the thumbnail's imagery. Therefore, the thumbnail uses exaggerated imagery to attract viewers, which is misleading."
mOK8otJIo9k,"### Analysis of the Provided Information

#### Step 1: Examine the Thumbnail
The thumbnail depicts a worker operating a machine that appears to be cutting or processing a large fish, specifically a salmon, in a factory-like setting. The image suggests a focus on industrial food processing, particularly related to seafood.

#### Step 2: Read Through the Video Subtitles and Content Description
The video content description mentions various scenes including cooking, baking, jewelry making, woodworking, meat preparation, and other diverse activities. The subtitles include references to cooking, cleaning, and various food-related topics, such as beef, donuts, and chocolate.

#### Step 3: Compare the Thumbnail to the Actual Video Content
The thumbnail shows a worker in a factory setting, which aligns with the industrial food processing theme mentioned in the content description. However, the video itself contains a wide range of activities, including cooking, baking, jewelry making, woodworking, and more, which are not directly related to the factory setting depicted in the thumbnail.

#### Step 4: Determine if the Thumbnail Accurately Represents the Video's Main Topic or Content
The thumbnail does not accurately represent the main topic or content of the video. While the video includes some scenes related to food processing, the majority of the content focuses on various crafts, skills, and processes unrelated to the factory setting shown in the thumbnail.

#### Step 5: Assess Whether the Thumbnail Uses Exaggeration, False Promises, or Clickbait Tactics
The thumbnail does not use exaggerated claims or false promises. It simply shows a worker in a factory setting, which might be misleading as it does not reflect the diverse range of activities shown in the video.

#### Step 6: Categorize the Thumbnail as Either ""Misleading"" or ""Not Misleading""
Based on the analysis, the thumbnail is **misleading** because it does not accurately represent the main content of the video, which includes a wide variety of crafts and skills rather than focusing solely on industrial food processing.

#### Explanation
The thumbnail suggests a specific type of content (industrial food processing) that is not the primary focus of the video. The video contains a broad range of activities that are not depicted in the thumbnail, making it misleading for viewers expecting a video strictly about industrial food processing."
Q-uTVBm5MNc,"### Analysis of the Thumbnail and Video Content

#### Step 1: Examine the Thumbnail
The thumbnail features two images:
1. SpongeBob SquarePants in a showerhead, smiling.
2. A chef holding a large chocolate strawberry.

#### Step 2: Read Through the Video Subtitles and Content Description
The video content appears to be a compilation of various interesting scenes and activities, including nature, underwater exploration, kitchen activities, road maintenance, extreme sports, optical illusions, woodworking, and food preparation (chocolate mixing).

#### Step 3: Compare the Thumbnail to the Actual Video Content
- The thumbnail shows a showerhead with SpongeBob SquarePants, which is unrelated to the video content described.
- The second image in the thumbnail shows a chef with a chocolate strawberry, which aligns somewhat with the food preparation scenes mentioned in the video description.

#### Step 4: Determine if the Thumbnail Accurately Represents the Video's Main Topic or Content
The thumbnail does not accurately represent the main topics or content of the video. The video primarily focuses on various activities such as nature, underwater exploration, kitchen activities, road maintenance, extreme sports, optical illusions, woodworking, and food preparation. The presence of SpongeBob SquarePants in a showerhead is completely unrelated to the video content.

#### Step 5: Assess Whether the Thumbnail Uses Exaggeration, False Promises, or Clickbait Tactics
The thumbnail uses exaggerated imagery (SpongeBob in a showerhead) and false promises (implying that the video will feature SpongeBob-related content). This is misleading because the video does not contain any content related to SpongeBob SquarePants.

#### Step 6: Categorize the Thumbnail as Either ""Misleading"" or ""Not Misleading""
The thumbnail is **Misleading**.

#### Explanation
The thumbnail misleads viewers by featuring SpongeBob SquarePants, which has nothing to do with the actual content of the video. It uses exaggerated imagery and false promises to attract viewers, which is not appropriate for a video that primarily showcases various activities and scenes unrelated to SpongeBob."
RxhDx1gpoeo,"### Analysis of the Thumbnail and Video Content

1. **Thumbnail Examination**:
   - The thumbnail shows a baseball game with a batter at the plate, a catcher, and an umpire. There is a red circle highlighting a bird flying near the batter.

2. **Video Subtitles**:
   - The subtitles describe a series of sports highlights, including baseball, football, and basketball. They mention specific plays and reactions from commentators, such as a foul tip, a touchdown, and a catch in the outfield.

3. **Video Content Description**:
   - The video is a compilation of sports highlights across different sports, including baseball, football, and basketball. It features various exciting moments and plays from these sports.

### Comparison and Assessment

- **Accuracy Representation**: The thumbnail accurately represents a baseball game, which is one of the sports featured in the video. However, the red circle highlighting the bird is not part of the actual video content. The bird is not relevant to the baseball game depicted in the thumbnail.
  
- **Exaggeration or False Promises**: The thumbnail does not use any exaggerated elements or false promises. It simply shows a typical baseball game scenario.

- **Clickbait Tactics**: There are no clickbait tactics used in the thumbnail. It does not promise or suggest anything beyond what is clearly shown.

### Conclusion

The thumbnail is **not misleading** because it accurately represents the sport (baseball) featured in the video. However, the presence of the bird highlighted in the thumbnail is irrelevant to the actual content of the video, which is a compilation of sports highlights. While this detail might be considered a minor oversight, it does not significantly mislead viewers about the content of the video.

**Final Decision**: Not Misleading"
ayKcck441n8,"### Analysis:

1. **Examine the Thumbnail**: The thumbnail shows a soccer player in a red jersey, appearing distressed or frustrated, with his head down and one hand covering his face. This image suggests a moment of disappointment or frustration, which aligns with the video content described.

2. **Read Through the Video Subtitles and Content Description**: Since there are no subtitles, we rely on the video content description provided.

3. **Compare the Thumbnail to the Actual Video Content**:
   - The thumbnail depicts a player in a moment of frustration or disappointment.
   - The video content includes various soccer scenes, including professional matches, training sessions, and injury incidents. However, the specific scene depicted in the thumbnail (a player covering their face) is not explicitly mentioned in the detailed content description.

4. **Determine if the Thumbnail Accurately Represents the Video's Main Topic or Content**:
   - While the thumbnail captures a moment that could be part of the video content, it does not necessarily represent the overall theme of the video, which is a compilation of soccer-related scenes, including professional matches, training, and injury incidents.

5. **Assess Whether the Thumbnail Uses Exaggeration, False Promises, or Clickbait Tactics**:
   - The thumbnail does not appear to use exaggeration or false promises. It simply shows a player in a moment of frustration, which is a common occurrence in soccer matches and training sessions.

6. **Categorize the Thumbnail**:
   - Given that the thumbnail shows a moment of frustration but does not necessarily represent the entire range of content in the video, it can be considered misleading because it may not fully capture the diverse nature of the video.

7. **Explanation**:
   - The thumbnail effectively captures a moment of frustration, which is a relatable and common experience in soccer. However, it does not provide a comprehensive representation of the video's content, which includes professional matches, training sessions, and injury incidents. Therefore, while the thumbnail is not misleading in terms of depicting a relatable moment, it is misleading in the sense that it does not fully convey the variety of content within the video.

### Conclusion:
The thumbnail is **Misleading** because it does not fully represent the diverse range of content within the video, which includes professional matches, training sessions, and injury incidents."
cb0lFDYYd2U,"### Analysis of the Thumbnail and Content Comparison

#### Step 1: Examine the Thumbnail
The thumbnail features a muscular man dressed in a suit, standing next to a golden mansion and a gold sports car. The image conveys a sense of luxury and wealth, aligning closely with the theme of showcasing a celebrity's lavish lifestyle.

#### Step 2: Read Through the Video Subtitles and Content Description
The subtitles and content description highlight the various aspects of Dwayne ""The Rock"" Johnson's life, including his career in wrestling and acting, his luxurious properties, and his interactions with fans. The video aims to give viewers a glimpse into his successful and wealthy lifestyle.

#### Step 3: Compare the Thumbnail to the Actual Video Content
The thumbnail effectively captures the essence of the video content. It shows a man associated with fame and wealth, surrounded by symbols of luxury (a mansion and a sports car). The video itself reinforces these elements by showcasing multiple luxurious properties and emphasizing the actor's success and wealth.

#### Step 4: Determine if the Thumbnail Accurately Represents the Video's Main Topic or Content
The thumbnail accurately represents the main topic of the video, which is to showcase Dwayne ""The Rock"" Johnson's luxurious lifestyle and success.

#### Step 5: Assess Whether the Thumbnail Uses Exaggeration, False Promises, or Clickbait Tactics
There is no indication of exaggeration or false promises in the thumbnail. It simply presents the subject matter in a visually appealing manner without misleading the viewer.

#### Step 6: Categorize the Thumbnail
Based on the analysis, the thumbnail is **Not Misleading**.

#### Explanation
The thumbnail effectively communicates the theme of the video without any misleading elements. It accurately reflects the content described in the video subtitles and the detailed description provided. The image of a man in a suit next to a golden mansion and sports car aligns perfectly with the narrative of a successful and wealthy celebrity. Therefore, the thumbnail is appropriate and not misleading."
KajQuUrDTj8,"### Analysis of the Provided Information

#### Step 1: Examine the Thumbnail
The thumbnail features two images:
1. A cup filled with a creamy beverage topped with black spherical objects.
2. A large, intricately crafted sausage-shaped sculpture resembling a dog.

#### Step 2: Read Through the Video Subtitles and Content Description
The video content description does not mention anything related to cups, beverages, or sculptures resembling dogs. Instead, it describes a series of diverse and varied scenes, including:
- Manipulating a blue chunky knit blanket.
- Peeling oranges.
- Scenes involving snow, snowmen, and snowflakes.
- A light show, a microwave, and a snow-covered car.
- Various technological demonstrations and creative visuals.

#### Step 3: Compare the Thumbnail to the Actual Video Content
The thumbnail shows a cup with a beverage and a sausage-shaped sculpture, which are completely unrelated to the content described in the video description. The video does not feature any cups or sculptures resembling dogs.

#### Step 4: Determine if the Thumbnail Accurately Represents the Video's Main Topic or Content
The thumbnail does not accurately represent the video's main topics or content. It introduces elements that are not present in the video at all.

#### Step 5: Assess Whether the Thumbnail Uses Exaggeration, False Promises, or Clickbait Tactics
The thumbnail uses exaggerated and misleading imagery to attract viewers. It suggests that the video contains content related to beverages and sculptures, which are not mentioned in the video description.

#### Step 6: Categorize the Thumbnail as Either ""Misleading"" or ""Not Misleading""
Based on the analysis, the thumbnail is clearly misleading.

#### Step 7: Provide a Brief Explanation for Your Decision
The thumbnail introduces elements (a cup with a beverage and a sausage-shaped sculpture) that are not present in the video content. It uses exaggerated imagery to attract viewers, which is a common tactic used in misleading thumbnails. Therefore, the thumbnail is misleading."
UdSh3OhXetE,"### Analysis of the Provided Information

#### Step 1: Examine the Thumbnail
The thumbnail shows a person on a ladder trimming a hedge shaped like a bull. The image is vibrant and visually striking, suggesting a creative and skillful activity.

#### Step 2: Read Through the Video Subtitles and Content Description
The subtitles indicate that the video is about showcasing ""amazing people doing spectacular things."" The content description mentions a variety of unrelated scenes, including activities such as pressure washing a house, handling an aircraft engine, and a flight attendant in an airplane aisle. These scenes do not align with the image of a person trimming a hedge-shaped bull.

#### Step 3: Compare the Thumbnail to the Actual Video Content
The thumbnail depicts a single, focused scene of someone trimming a hedge-shaped bull. In contrast, the video content includes a wide range of unrelated activities and settings.

#### Step 4: Determine if the Thumbnail Accurately Represents the Video's Main Topic or Content
The thumbnail does not accurately represent the video's main topic or content. It suggests a specific, creative activity (trimming a hedge-shaped bull) that is not depicted in the video content.

#### Step 5: Assess Whether the Thumbnail Uses Exaggeration, False Promises, or Clickbait Tactics
The thumbnail uses exaggerated imagery to attract viewers, promising a specific and engaging activity that is not actually shown in the video. This can be considered clickbait.

#### Step 6: Categorize the Thumbnail as Either ""Misleading"" or ""Not Misleading""
Based on the analysis, the thumbnail is **Misleading**.

#### Explanation
The thumbnail creates an expectation of a specific, visually appealing activity (trimming a hedge-shaped bull) that is not present in the video content. Instead, the video features a series of unrelated scenes, which do not match the promise suggested by the thumbnail. This discrepancy between the thumbnail and the actual video content misleads viewers and does not accurately represent the video's content."
iEy1L0d3F4c,"### Analysis of the Provided Information

#### Step 1: Examine the Thumbnail
The thumbnail depicts a group of people standing in front of a large rock formation, seemingly engaged in some kind of outdoor activity or exploration. There are no visual cues indicating any specific theme or content beyond general outdoor adventure or exploration.

#### Step 2: Read Through the Video Subtitles and Content Description
The video content description is a compilation of various exciting and unusual scenes, including motorsports, underwater diving, balance acts, gym exercises, explosions, avalanches, swarms of small creatures, precarious situations involving vehicles, winter landscapes, exotic pets, tropical drinks, timber harvesting, aerial formations, agricultural machinery, coordinated efforts, surfing, and underwater shots of marine life.

The subtitles include references to jetpack racing championships, Lord of the Rings series, Greenlandic cold soup, multiverse manipulation, uncomfortable airplane flights, mole fighting techniques in Texas, dragon hatching predictions, short stature illusions, beautiful avalanches in Switzerland, private beaches in Brazil, lifeguard training, musical sewers in Norway, and traditional Chinese medicine among other miscellaneous topics.

#### Step 3: Compare the Thumbnail to the Actual Video Content
The thumbnail does not provide any specific indication of the content described in the video. It lacks any visual elements that would suggest the presence of jetpack racing, Lord of the Rings, Greenlandic soup, or any of the other topics mentioned in the subtitles.

#### Step 4: Determine if the Thumbnail Accurately Represents the Video's Main Topic or Content
The thumbnail fails to represent the diverse and varied content described in the video. It does not hint at any of the specific themes or activities mentioned in the subtitles.

#### Step 5: Assess Whether the Thumbnail Uses Exaggeration, False Promises, or Clickbait Tactics
The thumbnail does not use exaggeration, false promises, or clickbait tactics. However, it is misleading because it does not reflect the actual content of the video.

#### Step 6: Categorize the Thumbnail as Either ""Misleading"" or ""Not Misleading""
Based on the analysis, the thumbnail is **misleading**.

#### Explanation for Decision
The thumbnail fails to accurately represent the content of the video. It does not provide any visual clues that would suggest the diverse and varied themes present in the video, such as jetpack racing, Lord of the Rings, Greenlandic soup, or other miscellaneous topics. Instead, it appears to depict a general outdoor adventure or exploration scene, which does not align with the specific content described in the video. Therefore, the thumbnail is misleading."
q5r-PPu1GzU,"### Analysis of the Thumbnail and Video Content

#### Step 1: Examine the Thumbnail
The thumbnail shows a person jumping into a swimming pool, which appears to be a playful or recreational activity. There are no visual cues suggesting danger or unexpected events.

#### Step 2: Read Through the Video Subtitles and Content Description
The video description and subtitles indicate that the video is a compilation of various intense, surprising, or potentially dangerous situations. These include scenes involving skiing, skydiving, helicopter landings, and other high-risk activities.

#### Step 3: Compare the Thumbnail to the Actual Video Content
The thumbnail depicts a calm and safe activity (jumping into a pool), whereas the video content is filled with high-risk scenarios and dangerous situations.

#### Step 4: Determine if the Thumbnail Accurately Represents the Video's Main Topic or Content
The thumbnail does not accurately represent the high-risk and dangerous content described in the video. It gives a misleading impression of the type of content viewers can expect.

#### Step 5: Assess Whether the Thumbnail Uses Exaggeration, False Promises, or Clickbait Tactics
The thumbnail uses exaggerated imagery to attract viewers, which is misleading since it does not reflect the actual content of the video.

#### Step 6: Categorize the Thumbnail as Either ""Misleading"" or ""Not Misleading""
Based on the analysis, the thumbnail is **misleading**.

#### Explanation for Decision
The thumbnail creates a false expectation by showing a seemingly safe and recreational activity, which contrasts sharply with the high-risk and dangerous situations depicted in the video. This discrepancy between the thumbnail and the actual content misleads viewers into thinking they will see something less intense or dangerous than what is actually presented. Therefore, the thumbnail is misleading."
ukSzjIbZDSo,"### Analysis of the Thumbnail and Video Content

#### Step 1: Examine the Thumbnail
The thumbnail features a soccer goalkeeper sitting on the ground near the goalpost, with a player in a blue jersey preparing to take a shot. There is a laughing emoji overlaid on the image, suggesting humor or a comedic moment.

#### Step 2: Read Through the Video Subtitles and Content Description
The video description mentions a variety of soccer scenes, ranging from children playing in different environments to professional matches. The subtitles include phrases like ""Ronaldo,"" ""do it,"" and ""here we go,"" which seem to be part of a motivational or humorous narrative rather than a specific soccer match.

#### Step 3: Compare the Thumbnail to the Actual Video Content
The thumbnail depicts a humorous or comedic moment involving a goalkeeper and a player taking a shot. However, the video content described does not focus on a specific comedic moment but rather showcases various soccer scenes, both amateur and professional.

#### Step 4: Determine if the Thumbnail Accurately Represents the Video's Main Topic or Content
The thumbnail does not accurately represent the main topic or content of the video. While the video does include some humorous elements, the thumbnail suggests a specific comedic moment that is not necessarily the central theme of the video.

#### Step 5: Assess Whether the Thumbnail Uses Exaggeration, False Promises, or Clickbait Tactics
The thumbnail uses exaggerated imagery (a laughing emoji) and a specific scene that might not be representative of the overall content. This could be considered clickbait as it may mislead viewers into expecting a particular type of content they might not find in the video.

#### Step 6: Categorize the Thumbnail as Either ""Misleading"" or ""Not Misleading""
Based on the analysis, the thumbnail is misleading because it suggests a specific comedic moment that is not the central theme of the video.

#### Explanation for Decision
The thumbnail uses a laughing emoji and a specific scene involving a goalkeeper and a player taking a shot, which might lead viewers to expect a humorous or comedic segment. However, the video content described focuses on various soccer scenes, both amateur and professional, without a clear emphasis on a single comedic moment. Therefore, the thumbnail is misleading as it does not accurately represent the overall content of the video."
9AH-yS5En6U,"### Analysis of the Thumbnail and Video Content

#### Step 1: Examine the Thumbnail
The thumbnail features a soccer player sitting on the ground, appearing distressed or upset, while another player in a white jersey extends their hand towards him. The text overlay reads ""PARA DE CHORAR,"" which translates to ""Stop crying"" in English.

#### Step 2: Read Through the Video Subtitles and Content Description
The video content includes various soccer-related scenes, including confrontations, intense moments, and interactions between players. However, the specific scene depicted in the thumbnail does not appear to be directly referenced in the video description provided. The video seems to cover a range of topics related to soccer, including matches, training sessions, and interactions among players.

#### Step 3: Compare the Thumbnail to the Actual Video Content
The thumbnail shows a scene that appears to be a confrontation or emotional moment between two players, which aligns somewhat with the theme of intense moments in soccer. However, the specific context of ""STOP CRYING"" is not explicitly mentioned in the video description. The video content focuses more on general soccer scenes rather than a specific incident involving a player being consoled or confronted.

#### Step 4: Determine if the Thumbnail Accurately Represents the Video's Main Topic or Content
The thumbnail suggests a specific incident involving a player being consoled or confronted, which is not clearly indicated in the video content. The video seems to cover a broader range of soccer-related events without focusing on a single specific incident.

#### Step 5: Assess Whether the Thumbnail Uses Exaggeration, False Promises, or Clickbait Tactics
The thumbnail uses a dramatic image and text to suggest a specific incident, which could be misleading as the video content does not focus on this particular interaction. The text ""STOP CRYING"" implies a specific emotional response that may not be directly related to the video content.

#### Step 6: Categorize the Thumbnail as Either ""Misleading"" or ""Not Misleading""
Based on the analysis, the thumbnail is misleading because it suggests a specific incident involving a player being consoled or confronted, which is not clearly indicated in the video content. The thumbnail uses a dramatic image and text to imply a specific emotional response that may not be directly related to the video content.

### Final Decision
**Misleading**

**Explanation:** The thumbnail suggests a specific incident involving a player being consoled or confronted, which is not clearly indicated in the video content. The dramatic image and text ""STOP CRYING"" imply a specific emotional response that may not be directly related to the video content."
BGKRDmmH1WM,"### Analysis of the Thumbnail and Content Comparison

#### Step 1: Examine the Thumbnail
The thumbnail depicts a dramatic and exaggerated scene of a baseball stadium being torn apart, with dirt and debris flying everywhere. This image is highly stylized and visually striking, suggesting a chaotic or intense event.

#### Step 2: Read Through the Video Subtitles and Content Description
The video content described includes a variety of baseball-related scenes, ranging from game action to fan experiences, historical moments, and behind-the-scenes glimpses. The subtitles mention specific events such as a rain delay, a proposal, a fan incident, and a snowstorm during a game. These are all relatively mundane and typical occurrences in baseball.

#### Step 3: Compare the Thumbnail to the Actual Video Content
The thumbnail shows a dramatic and exaggerated scene that contrasts sharply with the actual content of the video. The video does not feature a stadium being torn apart; instead, it captures a series of typical baseball-related events.

#### Step 4: Determine if the Thumbnail Accurately Represents the Video's Main Topic or Content
The thumbnail does not accurately represent the video's main topics or content. It suggests a dramatic and chaotic event that is not depicted in the video.

#### Step 5: Assess Whether the Thumbnail Uses Exaggeration, False Promises, or Clickbait Tactics
The thumbnail uses exaggeration by depicting a dramatic and chaotic event that is not present in the video. It creates a misleading impression that the video will contain intense or unusual events.

#### Step 6: Categorize the Thumbnail as Either ""Misleading"" or ""Not Misleading""
The thumbnail is clearly misleading.

#### Explanation for Decision
The thumbnail significantly misrepresents the content of the video by depicting a dramatic and chaotic event that is not present in the actual video. Instead, the video features a collection of typical baseball-related scenes and events. The thumbnail uses exaggeration to attract viewers, which is misleading and does not accurately reflect the content of the video."
CK78QUMcZL8,"### Analysis of the Provided Information

#### Step 1: Examine the Thumbnail
The thumbnail shows a person standing precariously on a narrow beam above a river, with a red circle highlighting the individual. The background includes a forested area and a body of water, suggesting an outdoor setting.

#### Step 2: Read Through the Video Subtitles and Content Description
The video content description indicates that the video features two young men reacting to various clips or scenarios. The subtitles mention a guessing game involving a $500 prize, but none of the descriptions or scenes depicted in the thumbnail relate to the guessing game or the $500 prize mentioned in the subtitles.

#### Step 3: Compare the Thumbnail to the Actual Video Content
The thumbnail shows a person in a precarious position, which aligns more closely with the content described in the video description—specifically, the various clips and scenarios the hosts are reacting to. However, the thumbnail does not explicitly indicate that the person is participating in a guessing game or that there is a $500 prize involved.

#### Step 4: Determine if the Thumbnail Accurately Represents the Video's Main Topic or Content
The thumbnail accurately represents the general theme of the video, which involves the hosts reacting to various clips. However, it does not provide any specific context about the guessing game or the $500 prize, which are elements mentioned in the subtitles but not visually represented in the thumbnail.

#### Step 5: Assess Whether the Thumbnail Uses Exaggeration, False Promises, or Clickbait Tactics
The thumbnail does not use exaggerated visuals or false promises. Instead, it accurately reflects the type of content the video contains—hosts reacting to various clips. The thumbnail does not mislead viewers into expecting a specific outcome or result related to the guessing game or the $500 prize.

#### Step 6: Categorize the Thumbnail as Either ""Misleading"" or ""Not Misleading""
Based on the analysis, the thumbnail is **Not Misleading**. While it does not explicitly convey the guessing game or the $500 prize, it accurately represents the general nature of the video content, which is the hosts reacting to various clips.

#### Explanation
The thumbnail effectively captures the essence of the video content without misleading viewers into expecting a specific outcome or result related to the guessing game or the $500 prize. It accurately reflects the hosts reacting to various clips, which is the primary focus of the video. Therefore, the thumbnail is not misleading."
02neZSqtBfU,"### Analysis of the Provided Information

#### Step 1: Examine the Thumbnail
The thumbnail shows a green bottle attached to a wall, with water flowing out of it. It appears to be a demonstration of a DIY project involving a bottle and a wall-mounted mechanism.

#### Step 2: Read Through the Video Subtitles and Content Description
The subtitles suggest that the video contains various home improvement and construction techniques. The content description lists numerous scenes demonstrating different construction and renovation tasks, including applying caulk, cutting drywall, drilling, and more.

#### Step 3: Compare the Thumbnail to the Actual Video Content
The thumbnail depicts a DIY project involving a bottle and water flow, which is not directly related to the content described in the video. The video content focuses on various construction and renovation techniques, which are quite different from the image presented in the thumbnail.

#### Step 4: Determine if the Thumbnail Accurately Represents the Video's Main Topic or Content
The thumbnail does not accurately represent the main topic or content of the video. It suggests a DIY project that is not present in the video.

#### Step 5: Assess Whether the Thumbnail Uses Exaggeration, False Promises, or Clickbait Tactics
The thumbnail uses exaggerated imagery (a bottle with water flowing out) to attract viewers, which is misleading because it does not reflect the actual content of the video.

#### Step 6: Categorize the Thumbnail as Either ""Misleading"" or ""Not Misleading""
The thumbnail is clearly misleading.

#### Step 7: Provide a Brief Explanation for Your Decision
The thumbnail presents a DIY project involving a bottle and water flow, which is not depicted in the video content. Instead, the video focuses on various construction and renovation techniques. The thumbnail uses exaggerated imagery to attract viewers, which is misleading and does not accurately represent the video's main topic or content. Therefore, the thumbnail is categorized as ""Misleading."""
HQR_yHoAhEY,"### Analysis of the Thumbnail and Video Content

#### Step 1: Examine the Thumbnail
The thumbnail shows a soccer player on the ground with a noticeable stain on their jersey, accompanied by a laughing emoji and a roll of toilet paper. The image suggests a humorous or embarrassing moment involving the player.

#### Step 2: Read Through the Video Subtitles and Content Description
The video content description includes various soccer moments, including gameplay, intense matches, and emotional celebrations. It does not mention any specific incident involving a player being stained or having toilet paper involved.

#### Step 3: Compare the Thumbnail to the Actual Video Content
The thumbnail depicts a player with a stain on their jersey, which is not mentioned in the video content description. The video does not feature any scene involving toilet paper or a player being stained.

#### Step 4: Determine if the Thumbnail Accurately Represents the Video's Main Topic or Content
The thumbnail does not accurately represent the video's main topics or content. It suggests a humorous or embarrassing incident that is not present in the video.

#### Step 5: Assess Whether the Thumbnail Uses Exaggeration, False Promises, or Clickbait Tactics
The thumbnail uses exaggerated imagery (a laughing emoji and toilet paper) to suggest a humorous or embarrassing moment, which is not aligned with the actual content of the video.

#### Step 6: Categorize the Thumbnail as Either ""Misleading"" or ""Not Misleading""
The thumbnail is **misleading** because it suggests a specific incident involving a player being stained or having toilet paper involved, which is not depicted in the video content.

#### Explanation
The thumbnail creates a false expectation by suggesting a humorous or embarrassing moment involving a player being stained or having toilet paper involved. Since the video does not contain such a scene, the thumbnail misleads viewers into expecting a different type of content than what is actually shown. Therefore, the thumbnail is misleading."
n5Op1CIdg4Y,"### Analysis of the Thumbnail and Video Content

#### Step 1: Examine the Thumbnail
The thumbnail shows two muscular individuals holding large pieces of raw meat, specifically liver. One individual is shirtless, and both appear to be in a natural outdoor setting.

#### Step 2: Read Through the Video Subtitles and Content Description
The video content includes various scenes involving young men engaging in different activities, including a ""Would You Rather"" game, a drag race, and interactions with raw meat. The subtitle text mentions eating raw meat and playing a ""Would You Rather"" game involving eating raw liver.

#### Step 3: Compare the Thumbnail to the Actual Video Content
The thumbnail depicts two individuals holding raw liver, which aligns closely with the content described in the video subtitles and the video itself. The individuals in the thumbnail are shown handling raw meat, which matches the scenes in the video where they are eating raw liver.

#### Step 4: Determine if the Thumbnail Accurately Represents the Video's Main Topic or Content
The thumbnail accurately represents the main topic of the video, which involves eating raw liver as part of a ""Would You Rather"" game.

#### Step 5: Assess Whether the Thumbnail Uses Exaggeration, False Promises, or Clickbait Tactics
There is no exaggeration or false promise in the thumbnail. It accurately reflects the content of the video, which includes scenes of eating raw liver.

#### Step 6: Categorize the Thumbnail
Based on the analysis, the thumbnail is not misleading.

#### Explanation
The thumbnail correctly depicts the main activity shown in the video, which is eating raw liver as part of a ""Would You Rather"" game. There is no misleading element in the thumbnail; it accurately represents the content of the video. Therefore, the thumbnail is categorized as ""Not Misleading."""
fPuNpS9fPDo,"### Analysis of the Thumbnail and Video Content

#### Step 1: Examine the Thumbnail
The thumbnail shows a man lying in a hospital bed connected to medical equipment, specifically an oxygen mask and a monitor displaying vital signs. This image suggests a serious health condition or recovery scenario.

#### Step 2: Read Through the Video Subtitles and Content Description
The subtitles and content description mention several high-profile footballers who have faced dangerous situations, including near-death experiences. The video highlights incidents involving Cristiano Ronaldo, Zlatan Ibrahimović, and Neymar Jr., among others. These incidents include near-accidents, confrontations, and dangerous situations that nearly resulted in harm to the players.

#### Step 3: Compare the Thumbnail to the Actual Video Content
The thumbnail depicts a patient in a hospital setting, which aligns with the theme of serious health issues or recoveries mentioned in the subtitles. However, the video content focuses on dangerous incidents and near-misses rather than a patient recovering from a serious illness.

#### Step 4: Determine if the Thumbnail Accurately Represents the Video's Main Topic or Content
The thumbnail does not accurately represent the main topic of the video. While the video discusses dangerous incidents involving footballers, the thumbnail suggests a recovery or medical scenario, which is not the primary focus of the video content.

#### Step 5: Assess Whether the Thumbnail Uses Exaggeration, False Promises, or Clickbait Tactics
The thumbnail does not use exaggerated language or false promises. Instead, it sets a tone of seriousness and concern, which is appropriate for the content discussing dangerous incidents involving footballers.

#### Step 6: Categorize the Thumbnail as Either ""Misleading"" or ""Not Misleading""
Based on the analysis, the thumbnail is **misleading** because it suggests a recovery or medical scenario when the video content primarily focuses on dangerous incidents involving footballers.

#### Explanation for Decision
The thumbnail effectively captures the viewer's attention with a serious medical image, which might lead viewers to expect a story about recovery or health issues. However, the video content is entirely unrelated to a medical recovery; instead, it discusses dangerous incidents and near-misses involving footballers. This mismatch between the thumbnail and the video content makes the thumbnail misleading."
eXRrwA-Szwg,"### Analysis of the Provided Information

#### Step 1: Examine the Thumbnail
The thumbnail shows two images:
1. A hand holding a piece of paper with a large, dark object (likely animal feces) placed on top of it.
2. A hand holding a piece of paper with a red dashed outline of a similar shape as the feces.

#### Step 2: Read Through the Video Subtitles and Content Description
The subtitles and the video content description suggest a story involving revenge and prank videos. The video seems to be a collection of clips showing various pranks and revenge scenarios, including:
- Putting feces in a bathtub.
- Blocking a house entrance with a large rock.
- Putting feces in someone's mailbox.
- Projecting a movie onto a house.

#### Step 3: Compare the Thumbnail to the Actual Video Content
The thumbnail depicts a hand holding a piece of paper with feces on it, which aligns with the theme of the video content described in the subtitles. The video content involves various pranks involving feces, which matches the imagery shown in the thumbnail.

#### Step 4: Determine if the Thumbnail Accurately Represents the Video's Main Topic or Content
The thumbnail accurately represents the main topic of the video, which revolves around pranks involving feces. It effectively conveys the central theme of the video content.

#### Step 5: Assess Whether the Thumbnail Uses Exaggeration, False Promises, or Clickbait Tactics
The thumbnail does not use exaggerated visuals or false promises. It clearly shows the main element of the video content, which is feces, and it does not employ clickbait tactics.

#### Step 6: Categorize the Thumbnail as Either ""Misleading"" or ""Not Misleading""
Based on the analysis, the thumbnail is **Not Misleading**.

#### Explanation
The thumbnail accurately reflects the content of the video, which involves pranks involving feces. There is no exaggeration or misleading information present in the thumbnail. It effectively communicates the main theme of the video, which is the use of feces in pranks and revenge scenarios. Therefore, the thumbnail is appropriate and not misleading."
Uh42Oj2VBdw,"### Analysis of the Thumbnail and Video Content

#### Step 1: Examine the Thumbnail
The thumbnail features two individuals, one of whom appears to be performing a magic trick involving a snake. The text on the thumbnail reads ""Beautiful talent!!"" and ""TOP 1 MAGIC."" The image includes a large snake and a person in a red outfit, which suggests a focus on a magic trick involving a snake.

#### Step 2: Read Through the Video Subtitles and Content Description
The subtitles and the video content description describe a magic performance involving a card trick, not a snake trick. The performer manipulates cards rather than a snake, and the background is described as a starry, cosmic-like setting, not involving a snake at all.

#### Step 3: Compare the Thumbnail to the Actual Video Content
The thumbnail prominently features a snake and a person in a red outfit, which does not match the content of the video. The video content is about a card trick performed by a person in a pink shirt against a cosmic backdrop.

#### Step 4: Determine if the Thumbnail Accurately Represents the Video's Main Topic or Content
The thumbnail does not accurately represent the video's main topic or content. It misleads viewers into expecting a snake trick when the video is actually about a card trick.

#### Step 5: Assess Whether the Thumbnail Uses Exaggeration, False Promises, or Clickbait Tactics
The thumbnail uses exaggerated imagery (a snake) and false promises (""Beautiful talent!!"") to attract viewers, which is misleading.

#### Step 6: Categorize the Thumbnail as Either ""Misleading"" or ""Not Misleading""
The thumbnail is **Misleading**.

#### Explanation
The thumbnail is misleading because it shows a snake trick, which is not depicted in the video content. The use of a snake and the text ""Beautiful talent!!"" creates false expectations, leading viewers to believe they will see a snake trick when they are actually watching a card trick. This type of misleading imagery and text is common in clickbait videos designed to attract viewers with exaggerated or false promises."
FJqS33VKDvo,"### Analysis of the Thumbnail and Video Content

#### Step 1: Examine the Thumbnail
The thumbnail depicts a person performing a dramatic pose with a fiery explosion in the background. The image suggests action, intensity, and perhaps danger or excitement.

#### Step 2: Read Through the Video Subtitles and Content Description
The video content is a compilation of humorous and surprising moments, mostly involving everyday situations and interactions. It includes scenes of animals, people in various settings, and unexpected events. The tone is light-hearted and comedic, with no indication of dramatic or dangerous scenarios.

#### Step 3: Compare the Thumbnail to the Actual Video Content
The thumbnail shows a person in a dynamic pose with a fiery explosion, which strongly contrasts with the content of the video, which is a series of humorous and light-hearted moments.

#### Step 4: Determine if the Thumbnail Accurately Represents the Video's Main Topic or Content
The thumbnail does not accurately represent the video's main topic or content. It suggests a dramatic or intense scenario that is completely unrelated to the actual video content.

#### Step 5: Assess Whether the Thumbnail Uses Exaggeration, False Promises, or Clickbait Tactics
The thumbnail uses exaggerated imagery (a fiery explosion) to attract viewers, which is misleading because the video content is entirely different from what the thumbnail suggests.

#### Step 6: Categorize the Thumbnail as Either ""Misleading"" or ""Not Misleading""
The thumbnail is clearly misleading.

#### Step 7: Provide a Brief Explanation for Your Decision
The thumbnail depicts a dramatic and intense scene with a fiery explosion, which is completely unrelated to the light-hearted and humorous content of the video. This creates a misleading impression that attracts viewers to a video that does not match the thumbnail's depiction. Therefore, the thumbnail is misleading."
FC3vblfYJ2g,"### Analysis of the Provided Information

#### Step 1: Examine the Thumbnail
The thumbnail depicts a person holding a foil-wrapped object above a spiral staircase, with a small orange object (possibly an egg) placed at the bottom of the stairs. The image suggests a science experiment or a physics demonstration involving gravity and motion.

#### Step 2: Read Through the Video Subtitles and Content Description
The video content description mentions a variety of athletic and recreational activities, including motocross, ice skating, snowboarding, baseball, gym workouts, freestyle soccer, roller skating, beach running, trapeze acts, parkour, basketball, soccer juggling, and more. The subtitles provide commentary on various sports and activities, emphasizing skills, practice, and enjoyment.

#### Step 3: Compare the Thumbnail to the Actual Video Content
The thumbnail shows a person conducting a physics experiment or demonstration, which is completely unrelated to the content described in the video description. The video does not feature any scientific experiments or demonstrations involving a staircase.

#### Step 4: Determine if the Thumbnail Accurately Represents the Video's Main Topic or Content
The thumbnail does not represent the main topic or content of the video. It is entirely unrelated to the athletic and recreational activities showcased in the video.

#### Step 5: Assess Whether the Thumbnail Uses Exaggeration, False Promises, or Clickbait Tactics
The thumbnail uses exaggerated imagery to attract viewers, suggesting a science experiment or demonstration that is not present in the video. This creates a misleading expectation.

#### Step 6: Categorize the Thumbnail as Either ""Misleading"" or ""Not Misleading""
The thumbnail is clearly misleading.

#### Step 7: Provide a Brief Explanation for Your Decision
The thumbnail depicts a science experiment or demonstration involving a staircase, which is completely unrelated to the content of the video. The video features a compilation of athletic and recreational activities, and the thumbnail creates an expectation that is not met in the actual video content. Therefore, the thumbnail is misleading."
cDMn8Liz7OM,"### Analysis of the Thumbnail and Video Content

1. **Examine the Thumbnail**:
   - The thumbnail shows a referee drawing a heart shape on the grass with chalk, and a player in a Brazil national team jersey standing nearby. There is also a laughing emoji overlayed on the image.

2. **Read Through the Video Subtitles and Content Description**:
   - The video content includes various scenes of soccer matches, training sessions, and casual play. It does not appear to feature any specific incident involving a referee drawing a heart shape or a player reacting to such an event.

3. **Compare the Thumbnail to the Actual Video Content**:
   - The thumbnail suggests a humorous or lighthearted moment involving a referee drawing a heart shape, which is not depicted in the video content. Instead, the video features a variety of soccer-related scenes without any reference to a referee drawing a heart shape.

4. **Determine if the Thumbnail Accurately Represents the Video's Main Topic or Content**:
   - The thumbnail does not accurately represent the video's main topic or content. It misleads viewers into expecting a specific comedic or emotional moment that is not present in the video.

5. **Assess Whether the Thumbnail Uses Exaggeration, False Promises, or Clickbait Tactics**:
   - The thumbnail uses exaggerated imagery (a heart drawn on the field) and a laughing emoji to create a sense of humor, which is misleading because the video does not contain the same content.

6. **Categorize the Thumbnail as Either ""Misleading"" or ""Not Misleading""**:
   - The thumbnail is misleading.

7. **Brief Explanation for the Decision**:
   - The thumbnail sets up a scenario involving a referee drawing a heart shape on the field, which is not shown in the video. This creates an expectation that is not fulfilled, leading viewers to believe they will see something humorous or emotional that is not actually there. The use of a laughing emoji further enhances the misleading nature of the thumbnail by suggesting a light-hearted or funny situation that does not exist in the video content."
_YPdLDYqQJ4,"### Analysis of the Thumbnail and Video Content

#### Step 1: Examine the Thumbnail
The thumbnail features a soccer player in action, seemingly about to kick a kangaroo. The image is vibrant and dynamic, suggesting a humorous or exciting moment involving animals disrupting a soccer game.

#### Step 2: Read Through the Video Subtitles and Content Description
The video content describes a series of unusual and humorous incidents during soccer matches, including various animal interruptions. The animals range from cats and dogs to a cow and even a larger animal like a deer or antelope. The video does not feature a kangaroo, which is the central element in the thumbnail.

#### Step 3: Compare the Thumbnail to the Actual Video Content
The thumbnail depicts a soccer player kicking a kangaroo, which is not mentioned in the video content. The video primarily focuses on various animals interrupting soccer matches, but does not include a kangaroo.

#### Step 4: Determine if the Thumbnail Accurately Represents the Video's Main Topic or Content
The thumbnail does not accurately represent the video's main topic or content. The video does not feature a kangaroo, so the thumbnail is misleading.

#### Step 5: Assess Whether the Thumbnail Uses Exaggeration, False Promises, or Clickbait Tactics
The thumbnail uses exaggerated imagery (a soccer player kicking a kangaroo) to attract viewers' attention, which is misleading since the video does not contain this specific scene.

#### Step 6: Categorize the Thumbnail as Either ""Misleading"" or ""Not Misleading""
The thumbnail is **Misleading**.

#### Explanation
The thumbnail creates an expectation that a kangaroo is part of the video content, which is not true. The video primarily features various animals interrupting soccer matches, but does not include a kangaroo. Therefore, the thumbnail misleads viewers into expecting a scene that is not present in the video."
pH-TgdOqB9E,"### Analysis of the Thumbnail and Video Content

#### Step 1: Examine the Thumbnail
The thumbnail features two individuals on a soccer field. One is a professional soccer player in a blue jersey, and the other is a person wearing a shirt that says ""PUT A BABY IN ME."" The image suggests a connection between the soccer player and the individual with the shirt, implying a playful or humorous interaction.

#### Step 2: Read Through the Video Subtitles and Content Description
The video content is a compilation of various sports and social media-related scenes, primarily focused on soccer/football. It includes clips of soccer matches, fan reactions, and social media interactions. There is no mention of a soccer player interacting with a person wearing a shirt that says ""PUT A BABY IN ME.""

#### Step 3: Compare the Thumbnail to the Actual Video Content
The thumbnail depicts a scene that is not present in the video content. The video does not feature any interaction between a soccer player and a person wearing a shirt that says ""PUT A BABY IN ME."" Instead, the video focuses on various sports-related scenes, including matches, fan reactions, and social media interactions.

#### Step 4: Determine if the Thumbnail Accurately Represents the Video's Main Topic or Content
The thumbnail does not accurately represent the video's main topic or content. It suggests a specific interaction that is not depicted in the video.

#### Step 5: Assess Whether the Thumbnail Uses Exaggeration, False Promises, or Clickbait Tactics
The thumbnail uses exaggerated imagery to attract viewers, which is misleading. It implies a specific interaction that is not present in the video content.

#### Step 6: Categorize the Thumbnail as Either ""Misleading"" or ""Not Misleading""
The thumbnail is **Misleading**.

#### Explanation
The thumbnail creates an expectation that is not fulfilled in the video content. It suggests a specific interaction between a soccer player and a person wearing a shirt that says ""PUT A BABY IN ME,"" which is not depicted in the video. This misleads viewers into expecting a particular scene that does not exist, making the thumbnail misleading."
_Oc-eGRhcb4,"### Analysis of the Provided Information

#### Step 1: Examine the Thumbnail
The thumbnail depicts a large industrial structure with flames and firefighters using hoses to extinguish the fire. The image suggests a serious emergency situation involving a large-scale industrial fire.

#### Step 2: Read Through the Video Subtitles and Content Description
The video content description mentions various crafts, construction, and food preparation scenes. It does not mention any industrial fires or firefighting scenarios.

#### Step 3: Compare the Thumbnail to the Actual Video Content
The thumbnail shows a dramatic industrial fire scene, which is completely unrelated to the video content described. The video focuses on craftsmanship, manual labor, and food preparation, none of which involve industrial fires or firefighting.

#### Step 4: Determine if the Thumbnail Accurately Represents the Video's Main Topic or Content
The thumbnail does not accurately represent the video's main topic or content. It misleads viewers by suggesting a high-stakes emergency situation when the video actually contains scenes of crafts, construction, and food preparation.

#### Step 5: Assess Whether the Thumbnail Uses Exaggeration, False Promises, or Clickbait Tactics
The thumbnail uses exaggerated imagery (industrial fire) to attract attention, which is misleading because the video content does not match the thumbnail's depiction.

#### Step 6: Categorize the Thumbnail as Either ""Misleading"" or ""Not Misleading""
The thumbnail is **Misleading**.

#### Explanation for Decision
The thumbnail significantly misrepresents the video's content by depicting a dramatic industrial fire scene, which is entirely unrelated to the video's actual focus on crafts, construction, and food preparation. This creates a misleading impression that could lead viewers to expect a very different type of content than what they receive."
bAEMKPNTnrc,"### Analysis:

1. **Examine the Thumbnail**:
   - The thumbnail features an image of a character skin called ""Rosy Rift Goddess Ariana"" from the Fortnite Item Shop reset on August 25th, 2024.
   - The image prominently displays the character model and some details about the skin, such as the series (Icon Series) and the platforms where it works (Battle Royale, Fortnite Festival, Rocket Racing).

2. **Read Through the Video Content**:
   - The video showcases various items and skins available in the Fortnite Item Shop.
   - It includes a variety of character skins, bundles, and emotes.
   - The video also mentions the ""Iron Spider"" bundle and other themed sections like ""Goalbound"" and ""Champions Road.""

3. **Compare the Thumbnail to the Actual Video Content**:
   - The thumbnail focuses on a specific skin (""Rosy Rift Goddess Ariana"") that is part of the Item Shop reset.
   - The video content, however, covers a broad range of items and skins across different themes and categories within the Fortnite Item Shop.

4. **Determine Accuracy Representation**:
   - While the thumbnail does show a relevant item from the Item Shop reset, it does not represent the full scope of the video content.
   - The video provides a comprehensive overview of various items and skins, which goes beyond just one specific skin.

5. **Assess for Exaggeration, False Promises, or Clickbait Tactics**:
   - There is no indication of exaggeration or false promises in the thumbnail.
   - The thumbnail does not use clickbait tactics; it simply shows a relevant item from the Item Shop reset.

6. **Categorize the Thumbnail**:
   - Given that the thumbnail accurately represents a specific item from the Item Shop reset but does not capture the broader content of the video, it can be considered misleading.

7. **Explanation**:
   - The thumbnail effectively highlights a specific item from the Item Shop reset, which could attract viewers interested in that particular skin. However, it fails to convey the comprehensive nature of the video content, which includes a wide array of items and skins across different themes and categories. This misleads viewers into expecting a video focused solely on the ""Rosy Rift Goddess Ariana"" skin when the video actually covers much more extensive content.

### Conclusion:
The thumbnail is **misleading** because while it accurately represents a specific item from the Item Shop reset, it does not reflect the broader content of the video, which covers a wide range of items and skins across different themes."
bOMn4tNS60w,"### Analysis of the Thumbnail and Video Content

#### Step 1: Examine the Thumbnail
The thumbnail features a soccer player (Neymar) talking to a woman on a football field. The image is framed with a red circle highlighting the player's face.

#### Step 2: Read Through the Video Subtitles and Content Description
The video content description highlights various emotional and exciting moments in soccer, including camaraderie, celebrations, and emotional interactions between players and fans. The subtitles contain lyrics that seem to be from a song, which do not directly relate to the content of the video.

#### Step 3: Compare the Thumbnail to the Actual Video Content
The thumbnail shows a scene that appears to be from a casual interaction between a player and a fan, which aligns somewhat with the content described in the video. However, the thumbnail does not capture any of the intense or emotional moments that are emphasized throughout the video.

#### Step 4: Determine if the Thumbnail Accurately Represents the Video's Main Topic or Content
The thumbnail does not accurately represent the main topics or content of the video. While it shows a player interacting with a fan, it does not convey the emotional depth or the variety of scenes depicted in the video.

#### Step 5: Assess Whether the Thumbnail Uses Exaggeration, False Promises, or Clickbait Tactics
The thumbnail does not use exaggeration, false promises, or clickbait tactics. It simply shows a scene that is representative of the type of content found in the video.

#### Step 6: Categorize the Thumbnail as Either ""Misleading"" or ""Not Misleading""
Based on the analysis, the thumbnail is **misleading** because it does not accurately represent the main topics or content of the video. It fails to capture the emotional and varied nature of the scenes shown in the video.

#### Explanation
The thumbnail suggests a casual interaction between a player and a fan, which is a common occurrence in soccer matches. However, the video content is much broader, encompassing emotional moments, celebrations, and interactions that are not explicitly shown in the thumbnail. Therefore, the thumbnail misleads viewers by not providing a comprehensive representation of the video's content."
6JxkR5zYgSU,"### Analysis of the Provided Information

#### Step 1: Examine the Thumbnail
The thumbnail shows a hand squeezing Colgate toothpaste into a Vaseline container. The image is clear and depicts a specific action that is commonly associated with a life hack involving mixing Vaseline and toothpaste for skin care purposes.

#### Step 2: Read Through the Video Subtitles and Content Description
The subtitles mention a life hack involving mixing Vaseline and toothpaste to relieve itching. The video description lists various household tips and tricks but does not explicitly mention the Vaseline and toothpaste hack.

#### Step 3: Compare the Thumbnail to the Actual Video Content
The thumbnail accurately represents one of the life hacks mentioned in the subtitles. However, the video content does not consistently feature this particular hack throughout the scenes. Instead, it showcases a variety of other household tips and tricks.

#### Step 4: Determine if the Thumbnail Accurately Represents the Video's Main Topic or Content
While the thumbnail correctly depicts a relevant life hack, the video content does not focus solely on this particular hack. It includes a wide range of other household tips and tricks.

#### Step 5: Assess Whether the Thumbnail Uses Exaggeration, False Promises, or Clickbait Tactics
The thumbnail does not use exaggerated claims or false promises. It accurately reflects the content described in the subtitles.

#### Step 6: Categorize the Thumbnail as Either ""Misleading"" or ""Not Misleading""
Given that the thumbnail accurately depicts a life hack mentioned in the subtitles but the video content does not consistently focus on this particular hack, the thumbnail could be considered slightly misleading because it may give viewers an expectation that the video will primarily showcase this specific hack when it does not.

#### Step 7: Provide a Brief Explanation for Your Decision
The thumbnail accurately represents a life hack mentioned in the subtitles, but the video content does not consistently focus on this particular hack. While the thumbnail does not use exaggerated claims or false promises, it may lead viewers to expect more content related to this specific hack than what the video actually provides.

**Final Decision:** The thumbnail is **Not Misleading**."
nLR3prTKSGE,"### Analysis of the Provided Information

#### Step 1: Examine the Thumbnail
The thumbnail depicts a person holding a sledgehammer on a transparent glass bridge, with a group of people watching in the background. The image suggests a thrilling or adventurous activity, likely involving physical strength or a challenge.

#### Step 2: Read Through the Video Subtitles and Content Description
The subtitles and the video content description focus on workers performing various tasks, such as construction, farming, and industrial activities. The video does not mention any glass bridges or sledgehammers.

#### Step 3: Compare the Thumbnail to the Actual Video Content
The thumbnail shows a person on a glass bridge with a sledgehammer, which is completely unrelated to the video content described. The video content is about workers performing various tasks, not about a glass bridge or a sledgehammer challenge.

#### Step 4: Determine if the Thumbnail Accurately Represents the Video's Main Topic or Content
The thumbnail does not accurately represent the video's main topic or content. It misleads viewers by suggesting a thrilling or adventurous activity that is not depicted in the video.

#### Step 5: Assess Whether the Thumbnail Uses Exaggeration, False Promises, or Clickbait Tactics
The thumbnail uses exaggerated imagery (a glass bridge with a sledgehammer) to attract viewers, which is misleading. It does not align with the actual content of the video.

#### Step 6: Categorize the Thumbnail as Either ""Misleading"" or ""Not Misleading""
The thumbnail is clearly misleading.

#### Step 7: Provide a Brief Explanation for Your Decision
The thumbnail depicts a glass bridge with a sledgehammer, which is entirely unrelated to the video content about workers performing various tasks. This creates a misleading impression that the video contains thrilling or adventurous content, which it does not. Therefore, the thumbnail is misleading."
WPQQ49r_pm4,"### Analysis:

1. **Examine the Thumbnail**:
   - The thumbnail features a man in a suit, seemingly in an interview setting.
   - There is a circular inset showing a woman's face, which is partially obscured but appears to be a close-up of a person.
   - The text overlay reads, ""Will you marry her?"" in bold yellow letters.

2. **Read Through the Subtitles and Content Description**:
   - The subtitles indicate a discussion about the athlete's girlfriend, Georgina, and her potential future marriage to the athlete.
   - The athlete expresses uncertainty about marriage but hints at the possibility of marrying in the future.
   - The interviewer probes the athlete about his relationship status and marriage plans.

3. **Compare the Thumbnail to the Actual Video Content**:
   - The thumbnail shows a man in a suit, which aligns with the interview setting described in the video.
   - The circular inset of a woman's face matches the content of the video where the athlete discusses his girlfriend.
   - However, the text ""Will you marry her?"" is misleading because it implies a specific question being asked during the interview, which is not explicitly stated in the subtitles or the video content.

4. **Assess Whether the Thumbnail Uses Exaggeration, False Promises, or Clickbait Tactics**:
   - The thumbnail uses a provocative question (""Will you marry her?"") that is not directly addressed in the video content.
   - While the question is relevant to the topic discussed, the thumbnail's phrasing is exaggerated and could mislead viewers into expecting a direct answer to this specific question.

5. **Categorize the Thumbnail**:
   - The thumbnail is misleading because it presents a specific question (""Will you marry her?"") that is not explicitly addressed in the video content.

### Conclusion:
The thumbnail is **misleading** because it uses a provocative question that is not directly addressed in the video content. The thumbnail implies a specific question being asked during the interview, which is not the case. The video content focuses on a broader discussion about the athlete's relationship status and marriage plans without addressing the specific question posed in the thumbnail."
KvIl8mjMTsE,"### Analysis of the Thumbnail and Content Comparison

#### Step 1: Examine the Thumbnail
The thumbnail shows a faucet pouring water onto a card with a blue arrow pointing upwards. The card appears to be a game piece, possibly from a board game or card game. The image is bright and visually engaging, with a clear focus on the water and the card.

#### Step 2: Read Through the Video Subtitles and Content Description
The video content appears to be a compilation of reaction clips from a content creator, featuring various short video clips they react to. The reactions range from humorous to surprising, and the content includes a mix of real-life scenarios, animated characters, and other forms of entertainment.

#### Step 3: Compare the Thumbnail to the Actual Video Content
The thumbnail depicts a scene involving water and a game piece, which does not align with the diverse and varied content described in the video. The video features a wide array of reactions to different types of content, including animated characters, real-life situations, and humorous interactions.

#### Step 4: Determine if the Thumbnail Accurately Represents the Video's Main Topic or Content
The thumbnail does not accurately represent the main topics or content of the video. It suggests a specific scenario (water being poured onto a game piece) that is not present in the video content.

#### Step 5: Assess Whether the Thumbnail Uses Exaggeration, False Promises, or Clickbait Tactics
The thumbnail uses exaggerated imagery to attract viewers, which could be perceived as misleading since it does not reflect the actual content of the video.

#### Step 6: Categorize the Thumbnail as Either ""Misleading"" or ""Not Misleading""
Based on the analysis, the thumbnail is **misleading**.

#### Explanation for Decision
The thumbnail creates an expectation that the video will feature a specific scenario involving water and a game piece, which is not the case. The video content is a compilation of reaction clips to various types of content, and the thumbnail fails to convey this diversity. Therefore, the thumbnail misleads viewers by not accurately representing the video's content."
XQmcH1yTbrA,"### Analysis of the Thumbnail and Video Content

#### Step 1: Examine the Thumbnail
The thumbnail depicts a dramatic scene where a person is being attacked by a lion while standing next to a vehicle. The image conveys a sense of danger and urgency, suggesting a high-stakes encounter with a wild animal.

#### Step 2: Read Through the Video Subtitles and Content Description
The video content description provides a broad overview of various wildlife encounters, ranging from dangerous interactions (like wrestling with a bear) to gentle ones (like petting a bird). The subtitles emphasize the thrill and danger of these encounters, but they do not specifically mention a lion attack scenario.

#### Step 3: Compare the Thumbnail to the Actual Video Content
The thumbnail shows a person being attacked by a lion, which aligns closely with the content described in the video. However, the video does not feature this specific scene; instead, it includes a variety of wildlife encounters, including a bear, a shark, and an elephant, among others.

#### Step 4: Determine if the Thumbnail Accurately Represents the Video's Main Topic or Content
The thumbnail accurately represents a dangerous wildlife encounter, which is a common theme throughout the video. However, the specific scene depicted in the thumbnail is not part of the video content.

#### Step 5: Assess Whether the Thumbnail Uses Exaggeration, False Promises, or Clickbait Tactics
The thumbnail uses exaggerated imagery to attract viewers' attention, which could be considered clickbait. While the video does contain dangerous wildlife encounters, the specific scene depicted in the thumbnail is not representative of the overall content.

#### Step 6: Categorize the Thumbnail as Either ""Misleading"" or ""Not Misleading""
Given that the thumbnail uses exaggerated imagery to attract viewers and does not accurately represent the video's main content, it can be categorized as **Misleading**.

#### Explanation
The thumbnail creates a sense of urgency and danger that is not fully supported by the video content. While the video does include dangerous wildlife encounters, the specific scene depicted in the thumbnail is not part of the video. This discrepancy between the thumbnail and the video content can mislead viewers into expecting a particular type of content that is not present."
fiCxNpM6mRk,"### Analysis of the Provided Information

#### Step 1: Examine the Thumbnail
The thumbnail shows a severely damaged car that has collided with a guardrail, with emergency personnel present. The image depicts a serious accident scene involving a vehicle.

#### Step 2: Read Through the Video Subtitles and Content Description
The subtitles and the video description mention a variety of extreme and adventurous activities, including skydiving, scuba diving, and other high-risk activities. The content description includes scenes of nature, music performances, and various stunts, which are quite different from the thumbnail image.

#### Step 3: Compare the Thumbnail to the Actual Video Content
The thumbnail clearly shows a car accident, while the video content is described as a compilation of diverse and action-packed scenes, including nature, music, and extreme sports.

#### Step 4: Determine if the Thumbnail Accurately Represents the Video's Main Topic or Content
The thumbnail does not accurately represent the video's main topic or content. It shows a car accident, whereas the video content is described as a compilation of various adventures and stunts.

#### Step 5: Assess Whether the Thumbnail Uses Exaggeration, False Promises, or Clickbait Tactics
The thumbnail does not use exaggeration, false promises, or clickbait tactics. It simply shows a car accident, which is a realistic depiction of an incident that could happen on the road.

#### Step 6: Categorize the Thumbnail as Either ""Misleading"" or ""Not Misleading""
Based on the analysis, the thumbnail is **misleading** because it shows a car accident, which is completely unrelated to the diverse and action-packed content described in the video.

#### Explanation for Decision
The thumbnail incorrectly suggests that the video is about a car accident, when in reality, it is a compilation of various adventures and stunts. This misleads viewers into expecting a video about a car accident when they are likely to find a video about exciting and diverse content. Therefore, the thumbnail is misleading."
oMO9uIr2jpE,"### Analysis of the Thumbnail and Video Content

#### Step 1: Examine the Thumbnail
The thumbnail depicts a large crocodile on a dock, with a person standing nearby holding a fishing rod. The image suggests a dramatic interaction between a human and a large predator, which is visually striking and potentially alarming.

#### Step 2: Read Through the Video Subtitles and Content Description
The video content described includes a variety of wildlife encounters, ranging from small animals like monkeys and dogs to larger predators like lions and bears. The video does not feature any scenes involving crocodiles or fishing rods.

#### Step 3: Compare the Thumbnail to the Actual Video Content
The thumbnail shows a crocodile and a person on a dock, which is not depicted in the video content. Instead, the video features a compilation of various wildlife encounters without any specific focus on crocodiles or fishing.

#### Step 4: Determine if the Thumbnail Accurately Represents the Video's Main Topic or Content
The thumbnail does not accurately represent the video's main topic or content. It misleads viewers by suggesting a specific scenario (a crocodile interacting with a person) that is not present in the actual video.

#### Step 5: Assess Whether the Thumbnail Uses Exaggeration, False Promises, or Clickbait Tactics
The thumbnail uses exaggerated imagery to attract attention, which is a form of clickbait. It creates a sense of danger and excitement that is not reflected in the actual video content.

#### Step 6: Categorize the Thumbnail as Either ""Misleading"" or ""Not Misleading""
Based on the analysis, the thumbnail is **Misleading**.

#### Explanation for Decision
The thumbnail significantly misrepresents the video's content by featuring a crocodile and a person on a dock, which is not shown in the actual video. This creates a misleading expectation for the viewer, leading them to believe that the video contains a specific type of content when it does not. The use of such imagery is a common tactic to attract viewers, but it is misleading and does not align with the actual content of the video."
Gm5RSJ3WG7I,"### Analysis of the Provided Information

#### Step 1: Examine the Thumbnail
The thumbnail depicts a scene of tomatoes being loaded onto a truck. It suggests a focus on agricultural activities, specifically harvesting or transporting crops.

#### Step 2: Read Through the Video Subtitles and Content Description
The video description and subtitles indicate a compilation of various skilled trades, crafts, and food preparation techniques from around the world. The content includes scenes of strongman competitions, traditional tea ceremonies, fish filleting, flatbread making, and more. There is no mention of tomatoes or agricultural activities in the provided video content.

#### Step 3: Compare the Thumbnail to the Actual Video Content
The thumbnail shows tomatoes being handled, which aligns with the agricultural theme suggested in the video description. However, the video content does not feature any scenes related to tomatoes or agricultural activities.

#### Step 4: Determine if the Thumbnail Accurately Represents the Video's Main Topic or Content
The thumbnail accurately represents the agricultural theme mentioned in the video description. However, the video content does not match the agricultural theme depicted in the thumbnail.

#### Step 5: Assess Whether the Thumbnail Uses Exaggeration, False Promises, or Clickbait Tactics
The thumbnail does not use exaggerated claims or false promises. It accurately reflects the agricultural theme mentioned in the video description.

#### Step 6: Categorize the Thumbnail as Either ""Misleading"" or ""Not Misleading""
Based on the analysis, the thumbnail is misleading because it suggests a focus on agricultural activities when the video content does not feature any scenes related to tomatoes or agricultural activities.

#### Explanation for Decision
The thumbnail accurately represents the agricultural theme mentioned in the video description. However, the video content does not feature any scenes related to tomatoes or agricultural activities. Therefore, the thumbnail misleads viewers by suggesting a focus on agricultural activities when the video content does not match the theme depicted in the thumbnail."
