video_id,classification
Iq0g7NHpGHQ,"### Analysis of the Thumbnail and Video Content

#### Step 1: Examine the Thumbnail
The thumbnail shows a person posing next to a luxury sports car with the text ""$514 MILLION"" prominently displayed. The image suggests a focus on wealth and luxury, which aligns with the video's theme of David Beckham's extravagant lifestyle.

#### Step 2: Read Through the Video Subtitles and Content Description
The subtitles and content description highlight David Beckham's net worth, his business ventures, and his luxurious lifestyle. The video showcases various aspects of his wealth, including real estate, car collections, and brand partnerships.

#### Step 3: Compare the Thumbnail to the Actual Video Content
The thumbnail effectively captures the essence of the video's content, which revolves around David Beckham's wealth and luxury. The text ""$514 MILLION"" reinforces the idea of significant wealth, which is a key theme throughout the video.

#### Step 4: Determine if the Thumbnail Accurately Represents the Video's Main Topic or Content
The thumbnail accurately represents the video's main topic, which is David Beckham's luxurious lifestyle and his net worth. It does not mislead viewers about the content being discussed.

#### Step 5: Assess Whether the Thumbnail Uses Exaggeration, False Promises, or Clickbait Tactics
The thumbnail does not use exaggerated language or false promises. It clearly communicates the theme of luxury and wealth, which is supported by the video content.

#### Step 6: Categorize the Thumbnail as Either ""Misleading"" or ""Not Misleading""
Based on the analysis, the thumbnail is **Not Misleading**.

#### Explanation
The thumbnail effectively communicates the theme of luxury and wealth, which is a central aspect of the video content. It does not use exaggerated language or false promises. Instead, it accurately reflects the video's focus on David Beckham's extravagant lifestyle and his net worth. Therefore, the thumbnail is appropriate and not misleading."
DBhCetjhRgI,"### Analysis of the Thumbnail and Video Content

#### Step 1: Examine the Thumbnail
The thumbnail depicts two soccer players in a confrontational stance, with one player appearing to kick the other. The image is dynamic and suggests a physical altercation or intense confrontation.

#### Step 2: Read Through the Video Subtitles and Content Description
The video content focuses on professional soccer players, particularly highlighting the careers and impactful moments of two prominent players. It includes scenes of players in various teams, their celebrations, and interactions both on and off the field. The video does not explicitly mention any physical confrontations or altercations between players.

#### Step 3: Compare the Thumbnail to the Actual Video Content
The thumbnail shows a physical confrontation, which is not depicted in the video content. The video primarily showcases the careers and moments of the featured players, emphasizing their intensity and passion on the field.

#### Step 4: Determine if the Thumbnail Accurately Represents the Video's Main Topic or Content
The thumbnail does not accurately represent the video's main topic or content. It suggests a physical altercation that is not present in the video.

#### Step 5: Assess Whether the Thumbnail Uses Exaggeration, False Promises, or Clickbait Tactics
The thumbnail uses exaggerated imagery to attract viewers, suggesting a dramatic confrontation that is not reflected in the video content. This can be considered clickbait as it misleads viewers about the content they will encounter.

#### Step 6: Categorize the Thumbnail as Either ""Misleading"" or ""Not Misleading""
The thumbnail is **Misleading**.

#### Explanation for Decision
The thumbnail depicts a physical confrontation between two players, which is not shown in the video content. Instead, the video focuses on the careers and moments of the featured players, emphasizing their intensity and passion on the field. The thumbnail uses exaggerated imagery to attract viewers, which is misleading and can be considered clickbait. Therefore, the thumbnail is misleading."
NOFHb7p5oOk,"### Analysis:

#### Step 1: Examine the Thumbnail
The thumbnail features two individuals, one with blonde hair and the other with dark hair, both dressed formally. The text overlay reads, ""I KISSED HIM!"" This suggests a romantic or intimate context involving the two individuals shown.

#### Step 2: Read Through the Video Subtitles and Content Description
The subtitles and content description focus on a compilation of interview segments and movie scenes featuring a prominent actor, likely showcasing his career and different roles. The video does not mention any romantic or intimate interactions between the individuals depicted in the thumbnail.

#### Step 3: Compare the Thumbnail to the Actual Video Content
The thumbnail depicts a romantic or intimate scenario involving two individuals, while the video content is a compilation of interviews and movie scenes featuring a single actor discussing his career and various roles.

#### Step 4: Determine if the Thumbnail Accurately Represents the Video's Main Topic or Content
The thumbnail does not accurately represent the video's main topic or content. It misleads viewers by suggesting a romantic or intimate interaction between two individuals, whereas the video is a compilation of interviews and movie scenes featuring a single actor.

#### Step 5: Assess Whether the Thumbnail Uses Exaggeration, False Promises, or Clickbait Tactics
The thumbnail uses exaggerated language (""I KISSED HIM!"") to attract viewers, which is misleading and does not reflect the actual content of the video.

#### Step 6: Categorize the Thumbnail as Either ""Misleading"" or ""Not Misleading""
The thumbnail is **Misleading**.

#### Explanation:
The thumbnail creates an expectation of a romantic or intimate interaction between two individuals, which is not supported by the video content. The use of the phrase ""I KISSED HIM!"" in the thumbnail is clickbait and misleading, as it does not align with the actual content of the video. Therefore, the thumbnail is misleading."
1mYPypXQy9s,"### Analysis of the YouTube Video Thumbnail

#### Step 1: Examine the thumbnail
The thumbnail features two individuals, one labeled ""I WILL BE THE KING,"" and the other with a speech bubble saying ""NOSTRADAMUS PREDICTIONS."" The text ""NOSTRADAMUS PREDICTIONS"" is prominently displayed in bold letters.

#### Step 2: Read through the video subtitles and content description
The subtitles mention ""14 Astonishing Predictions by Nostradamus"" related to Prince Harry, referencing historical events and notable figures like Adolf Hitler. The content description discusses prophecies about Prince Harry, including themes of exile, separation, and conflict within the royal family.

#### Step 3: Compare the thumbnail to the actual video content
The thumbnail suggests a direct connection between Nostradamus' predictions and Prince Harry becoming king. However, the video content focuses on interpreting Nostradamus' predictions about Prince Harry's life, rather than predicting that he will become king.

#### Step 4: Determine if the thumbnail accurately represents the video's main topic or content
The thumbnail misleads viewers by implying that Nostradamus predicted Prince Harry becoming king, whereas the video content is about interpreting Nostradamus' predictions about Prince Harry's life.

#### Step 5: Assess whether the thumbnail uses exaggeration, false promises, or clickbait tactics
The thumbnail uses exaggerated language (""I WILL BE THE KING"") and implies a direct connection between Nostradamus' predictions and Prince Harry becoming king, which is not supported by the video content.

#### Step 6: Categorize the thumbnail as either ""Misleading"" or ""Not Misleading""
The thumbnail is **Misleading** because it exaggerates the connection between Nostradamus' predictions and Prince Harry becoming king, which is not the focus of the video content.

#### Explanation
The thumbnail creates a misleading impression by suggesting a direct link between Nostradamus' predictions and Prince Harry becoming king, which is not the case. Instead, the video content is about interpreting Nostradamus' predictions about Prince Harry's life. The use of the phrase ""I WILL BE THE KING"" in the thumbnail is clickbait and does not accurately represent the video's content."
hedHdad5Yuk,"### Analysis of the YouTube Video Thumbnail and Content

#### Step 1: Examine the Thumbnail
The thumbnail features a man (likely Lionel Messi) with a serious expression, accompanied by a speech bubble that says, ""THEY DON'T SUPPORT ME."" The background includes images of children wearing soccer jerseys, suggesting a connection to family and soccer.

#### Step 2: Read Through the Video Subtitles and Content Description
The subtitles and content description focus on Lionel Messi's family life, his tattoos, and his children's interests and talents. The video highlights Messi's role as a loving father and husband, his tattoos dedicated to his children, and his children's involvement in soccer and other activities.

#### Step 3: Compare the Thumbnail to the Actual Video Content
The thumbnail suggests a narrative centered around family issues or lack of support within the family. However, the video content primarily showcases positive family moments, Messi's career achievements, and his children's talents and interests.

#### Step 4: Determine if the Thumbnail Accurately Represents the Video's Main Topic or Content
The thumbnail does not accurately represent the video's main topic or content. It implies a negative or critical tone towards the family, which contrasts sharply with the positive and celebratory nature of the video.

#### Step 5: Assess Whether the Thumbnail Uses Exaggeration, False Promises, or Clickbait Tactics
The thumbnail uses exaggerated language (""THEY DON'T SUPPORT ME"") to create intrigue and potentially attract viewers. However, the content of the video does not match the implication of the thumbnail.

#### Step 6: Categorize the Thumbnail as Either ""Misleading"" or ""Not Misleading""
Based on the analysis, the thumbnail is **misleading** because it sets up a narrative that is not supported by the actual video content. The thumbnail suggests a conflict or lack of support within the family, which is not reflected in the video's portrayal of a loving and supportive family environment.

#### Explanation
The thumbnail creates a misleading impression by suggesting a negative storyline about family dynamics, which is not present in the video. Instead, the video focuses on the positive aspects of Messi's family life, his children's talents, and his career achievements. Therefore, the thumbnail is misleading."
jyeOXHJjaJc,"### Analysis of the YouTube Video Thumbnail

#### Step 1: Examine the Thumbnail
The thumbnail features two individuals, one appearing older and the other younger, both dressed formally. The text overlay reads ""ROYAL SECRETS EXPOSED"" in bold, eye-catching colors. There is also a speech bubble with the text ""I KNOW THEIR SECRET PLANS.""

#### Step 2: Read Through the Video Subtitles and Content Description
The subtitles and content description suggest that the video will reveal insider information about the British royal family, including controversial moments, personal struggles, and hidden secrets. The video will cover topics like Princess Diana’s interview with BBC Panorama, Prince Harry and Meghan Markle’s Oprah interview, and Prince Andrew’s interview with BBC Newsnight.

#### Step 3: Compare the Thumbnail to the Actual Video Content
The thumbnail prominently features the phrase ""ROYAL SECRETS EXPOSED,"" which aligns closely with the content described in the subtitles and video description. It suggests that the video will delve into hidden truths about the royal family.

#### Step 4: Determine if the Thumbnail Accurately Represents the Video's Main Topic or Content
The thumbnail effectively captures the essence of the video's content, which revolves around revealing insider information about the royal family. The use of the word ""EXPOSED"" in the thumbnail matches the theme of the video, which aims to uncover secrets and insider confessions.

#### Step 5: Assess Whether the Thumbnail Uses Exaggeration, False Promises, or Clickbait Tactics
There is no indication of exaggeration or false promises in the thumbnail. The language used (""ROYAL SECRETS EXPOSED"") is straightforward and does not employ clickbait tactics. Instead, it accurately reflects the content described in the subtitles and video description.

#### Step 6: Categorize the Thumbnail
Based on the analysis, the thumbnail is not misleading. It accurately represents the video's main topic and content without using exaggerated claims or clickbait tactics.

#### Step 7: Provide a Brief Explanation for the Decision
The thumbnail effectively communicates the video's focus on revealing insider information about the royal family. The use of the word ""EXPOSED"" aligns with the content described in the subtitles and video description, ensuring that viewers understand the nature of the video before clicking on it. Therefore, the thumbnail is categorized as ""Not Misleading."""
40JAEwcSJpQ,"### Analysis of the Thumbnail and Video Content

#### Step 1: Examine the Thumbnail
The thumbnail features a large, exaggerated image of an ice cream cone with a cherry on top, which is visually striking and immediately draws attention. The person in the thumbnail appears excited and is holding the cone, suggesting a celebratory or promotional tone.

#### Step 2: Read Through the Video Subtitles and Content Description
The subtitles indicate that the video is about creating the world's largest ice cream cone. The content description mentions various stages of the process, including sourcing ingredients, planning, and the physical construction of the cone. The video seems to document the journey from concept to execution, highlighting the effort and creativity involved.

#### Step 3: Compare the Thumbnail to the Actual Video Content
The thumbnail prominently displays a large ice cream cone, which aligns closely with the video's focus on the creation of a giant ice cream cone. However, the thumbnail does not explicitly mention the size or the collaborative efforts described in the video.

#### Step 4: Determine if the Thumbnail Accurately Represents the Video's Main Topic or Content
While the thumbnail effectively conveys the main theme of the video—creating a large ice cream cone—it does not provide specific details about the scale or the collaborative nature of the project. The thumbnail is visually appealing but lacks the context provided in the video subtitles and content description.

#### Step 5: Assess Whether the Thumbnail Uses Exaggeration, False Promises, or Clickbait Tactics
The thumbnail uses exaggeration by showing a very large ice cream cone, which is visually impactful and intriguing. However, the thumbnail does not promise or imply that the video will contain elements that are not present, such as a dramatic mishap or a technical blueprint. The thumbnail is more about setting expectations rather than misleading viewers.

#### Step 6: Categorize the Thumbnail as Either ""Misleading"" or ""Not Misleading""
Given that the thumbnail accurately represents the main topic of the video (creating a large ice cream cone) without misleading viewers about the content or promising elements that are not included, the thumbnail can be categorized as **Not Misleading**.

#### Explanation
The thumbnail effectively captures the essence of the video's content without misleading viewers. It sets appropriate expectations by showcasing the large ice cream cone, which is a central element of the video. The thumbnail does not exaggerate or promise elements that are not present, ensuring that viewers understand the nature of the content before clicking on the video."
PFXcfUZaXsI,"### Analysis:

1. **Examine the Thumbnail**:
   - The thumbnail features two individuals, one appearing to be Chuck Norris and the other lying down, seemingly unconscious or dead, covered with a plastic sheet.
   - The text overlay reads, ""THEY LIED!""

2. **Read Through the Video Subtitles and Content Description**:
   - There are no subtitles provided in the video description.
   - The video content is described as a tribute or documentary-style compilation focusing on a renowned martial artist and actor, likely Bruce Lee.

3. **Compare the Thumbnail to the Actual Video Content**:
   - The thumbnail depicts a dramatic and potentially controversial scenario involving death and deception, which is not aligned with the content described in the video description.
   - The video content focuses on Bruce Lee's life, achievements, and contributions to martial arts and cinema, rather than depicting death or deception.

4. **Determine if the Thumbnail Accurately Represents the Video's Main Topic or Content**:
   - The thumbnail does not accurately represent the video's main topic or content. It suggests a narrative involving death and deception, which is not supported by the video description.

5. **Assess Whether the Thumbnail Uses Exaggeration, False Promises, or Clickbait Tactics**:
   - The thumbnail uses exaggerated imagery and text to create a sense of shock or controversy, which is not reflective of the video's actual content.

6. **Categorize the Thumbnail as Either ""Misleading"" or ""Not Misleading""**:
   - Based on the analysis, the thumbnail is misleading.

7. **Brief Explanation for the Decision**:
   - The thumbnail creates an expectation of a controversial or shocking narrative involving death and deception, which is not supported by the video content. Instead, the video is a tribute to Bruce Lee, highlighting his life, achievements, and contributions to martial arts and cinema. The thumbnail's imagery and text do not align with the actual content of the video, making it misleading."
QjWrpD-Nqbk,"### Analysis of the Thumbnail and Video Content

#### Step 1: Examine the Thumbnail
- The thumbnail features a large, luxurious mansion with a prominent label stating ""$50,000,000.""
- There is also a large image of a person's face, which appears to be edited into the thumbnail.

#### Step 2: Read Through the Video Subtitles and Content Description
- The subtitles mention various high-value properties owned by professional athletes, such as Neymar and Lionel Messi.
- The video content describes lavish homes with multiple amenities, including pools, tennis courts, and gym facilities.
- The video emphasizes the extravagant lifestyles of these athletes, highlighting their wealth and success.

#### Step 3: Compare the Thumbnail to the Actual Video Content
- The thumbnail prominently displays a mansion valued at $50 million, which aligns with the video content discussing high-value properties.
- However, the thumbnail does not specify which athlete owns the mansion or provide any context about the specific details mentioned in the video (e.g., the mansion's location, amenities, or the identity of the owner).

#### Step 4: Determine if the Thumbnail Accurately Represents the Video's Main Topic or Content
- While the thumbnail accurately represents the theme of luxury and high-value properties, it does not provide specific details about the content discussed in the video.
- The thumbnail does not clarify whether the mansion shown is related to the athletes mentioned in the subtitles or if it is part of a broader narrative about the lives of professional athletes.

#### Step 5: Assess Whether the Thumbnail Uses Exaggeration, False Promises, or Clickbait Tactics
- The thumbnail uses exaggerated language (""$50,000,000"") to attract viewers' attention.
- However, the thumbnail does not make false promises or use clickbait tactics; it simply highlights the luxurious nature of the content.

#### Step 6: Categorize the Thumbnail
- The thumbnail is misleading because it does not provide sufficient context or detail about the specific content of the video.

#### Step 7: Provide a Brief Explanation for the Decision
- The thumbnail is misleading because it focuses solely on the value of the mansion without providing any context about the specific athletes or the details discussed in the video. It creates an expectation that may not be fully met by the video content.

### Conclusion
The thumbnail is **misleading** because it does not provide enough context or detail about the specific content of the video, leading viewers to expect a more focused narrative around the mansion featured in the thumbnail."
8UcuZw2iIKE,"### Analysis of the YouTube Video Thumbnail and Content

#### Step 1: Examine the Thumbnail
The thumbnail features a woman being interviewed, with the text overlay stating, ""I WAS HOMELESS."" The image includes a blurred background of another person sitting on the ground, seemingly homeless.

#### Step 2: Read Through the Video Subtitles and Content Description
The video content description does not mention homelessness or any narrative involving a woman claiming to have been homeless. Instead, it focuses on the actress's career highlights, personal experiences, and her versatility as an actor across various genres and roles.

#### Step 3: Compare the Thumbnail to the Actual Video Content
The thumbnail depicts a scene that suggests a narrative about homelessness, while the video content is entirely unrelated to this theme. The thumbnail does not reflect the actual content of the video.

#### Step 4: Determine if the Thumbnail Accurately Represents the Video's Main Topic or Content
The thumbnail misleads viewers by suggesting a narrative about homelessness, which is not present in the video content. It does not accurately represent the video's main topics or content.

#### Step 5: Assess Whether the Thumbnail Uses Exaggeration, False Promises, or Clickbait Tactics
The thumbnail uses exaggerated and misleading imagery to attract viewers, promising a story about homelessness that is not actually depicted in the video. This is a clear example of clickbait.

#### Step 6: Categorize the Thumbnail as Either ""Misleading"" or ""Not Misleading""
Based on the analysis, the thumbnail is clearly misleading.

#### Step 7: Provide a Brief Explanation for the Decision
The thumbnail uses a misleading image and text to attract viewers, suggesting a narrative about homelessness that is not present in the actual video content. This tactic is designed to deceive viewers into watching the video, which is not appropriate and violates ethical standards for video thumbnails."
aASmbgiTLi0,"### Analysis and Conclusion:

**Step 1:** Examine the thumbnail.
- The thumbnail features a large image of a humanoid figure in a mall, accompanied by the text ""ACTUAL FOOTAGE.""

**Step 2:** Read through the video subtitles and content description.
- The subtitles mention an incident involving police presence, rowdy teenagers, and shadow figures being blamed for the heavy police presence.
- The video describes the protagonist investigating the Bayside Marketplace Mall to uncover the truth about the incident.
- The content includes discussions about alien sightings and mysterious events at the mall.

**Step 3:** Compare the thumbnail to the actual video content.
- The thumbnail depicts a humanoid figure, which aligns with the mention of shadow figures and alien sightings in the subtitles.
- However, the video does not feature any actual footage of a humanoid figure; instead, it documents the protagonist's investigation into the mall incident.

**Step 4:** Determine if the thumbnail accurately represents the video's main topic or content.
- The thumbnail suggests that the video contains actual footage of a humanoid figure, which is misleading because the video does not contain such footage.

**Step 5:** Assess whether the thumbnail uses exaggeration, false promises, or clickbait tactics.
- The thumbnail uses exaggerated imagery (a humanoid figure) to attract viewers' attention, which is misleading since the video does not feature such content.

**Step 6:** Categorize the thumbnail as either ""Misleading"" or ""Not Misleading.""
- Based on the analysis, the thumbnail is misleading.

**Step 7:** Provide a brief explanation for the decision.
- The thumbnail falsely promises to show actual footage of a humanoid figure, which is not present in the video. It misleads viewers by suggesting that the video contains content that it does not, thereby engaging in clickbait tactics.

**Final Decision:** The thumbnail is **Misleading**."
FLNluKfk0C4,"### Analysis:

#### Step 1: Examine the Thumbnail
The thumbnail features two individuals, one male and one female, set against a backdrop of a football stadium. The text overlay reads ""THE DARK TRUTH."" The image suggests a dramatic or revealing narrative, possibly involving scandal or controversy.

#### Step 2: Read Through the Video Subtitles and Content Description
The subtitles and content description indicate a documentary-style video focusing on the life of a public figure, likely a famous athlete or celebrity. The video covers various aspects of the subject's life, including personal moments, public appearances, work, and lifestyle choices. It does not mention any specific scandals or controversies related to the individual mentioned in the subtitles.

#### Step 3: Compare the Thumbnail to the Actual Video Content
The thumbnail depicts a dramatic and potentially controversial scenario involving two individuals, which contrasts sharply with the content described in the video description. The video does not seem to focus on a scandal or controversy but rather provides a comprehensive look at the subject's life.

#### Step 4: Determine if the Thumbnail Accurately Represents the Video's Main Topic or Content
The thumbnail does not accurately represent the video's main topic or content. It suggests a dramatic or revealing narrative involving scandal or controversy, which is not supported by the video description.

#### Step 5: Assess Whether the Thumbnail Uses Exaggeration, False Promises, or Clickbait Tactics
The thumbnail uses exaggerated language (""THE DARK TRUTH"") and imagery to create a sense of drama and controversy, which is not reflected in the actual video content.

#### Step 6: Categorize the Thumbnail as Either ""Misleading"" or ""Not Misleading""
Based on the analysis, the thumbnail is **misleading**.

#### Explanation:
The thumbnail creates a sense of drama and controversy that is not present in the actual video content. It uses exaggerated language and imagery to attract viewers, which is misleading. The video itself focuses on providing a comprehensive look at the subject's life without any indication of a scandal or controversy. Therefore, the thumbnail misleads viewers by suggesting a different type of content than what is actually presented in the video."
oSEloWv9ZRg,"### Analysis of the Thumbnail and Video Content

#### Step 1: Examine the Thumbnail
The thumbnail features a player in a pink jersey labeled ""Messi 10"" standing with hands on hips, facing away from the camera. In the background, there is a dramatic scene of police officers in riot gear facing a large fire and smoke, which appears to be part of a crowd control situation.

#### Step 2: Read Through the Video Subtitles and Content Description
The subtitles and content description focus on various incidents involving football fans, including pitch invasions, crowd misbehavior, and controversial events. The video highlights the chaotic and sometimes problematic behavior associated with football events, such as fans storming the pitch, security issues, and instances where fans have gone over the line.

#### Step 3: Compare the Thumbnail to the Actual Video Content
The thumbnail depicts a calm and composed player in a pink jersey, seemingly observing a chaotic scene. However, the video content primarily showcases the chaotic and problematic behaviors of fans rather than a calm or composed moment.

#### Step 4: Determine if the Thumbnail Accurately Represents the Video's Main Topic or Content
The thumbnail does not accurately represent the main topic or content of the video. It suggests a calm and composed moment, whereas the video content focuses on chaotic and problematic behaviors associated with football events.

#### Step 5: Assess Whether the Thumbnail Uses Exaggeration, False Promises, or Clickbait Tactics
The thumbnail does not use exaggeration, false promises, or clickbait tactics. Instead, it sets a tone that contrasts sharply with the actual content of the video, which is predominantly focused on chaotic and problematic behaviors.

#### Step 6: Categorize the Thumbnail as Either ""Misleading"" or ""Not Misleading""
Based on the analysis, the thumbnail is **misleading**.

#### Explanation for Decision
The thumbnail creates an expectation of a calm and composed moment featuring Lionel Messi, which is not reflected in the actual video content. The video primarily showcases chaotic and problematic behaviors associated with football events, which is a stark contrast to the calm and composed image presented in the thumbnail. Therefore, the thumbnail misleads viewers by not accurately representing the content of the video."
Lc7IFUodS-E,"### Analysis of the Thumbnail and Video Content

#### Step 1: Examine the Thumbnail
The thumbnail features a glowing, ethereal object resembling a portal or an alien structure, set against a backdrop of a crowd of people. The text ""ACTUAL FOOTAGE"" is prominently displayed, suggesting that the video contains real footage of an event involving a portal or alien sighting.

#### Step 2: Read Through the Video Subtitles and Content Description
The subtitles indicate that the video is about an investigation into a supposed alien sighting and portal opening at a Miami mall. The narrator mentions returning to the location with additional equipment to gather more evidence about the events that occurred there.

#### Step 3: Compare the Thumbnail to the Actual Video Content
The thumbnail depicts a glowing, ethereal object that resembles a portal or alien structure, which aligns with the theme suggested by the subtitles. However, the video content primarily shows a nighttime exploration of a shopping mall, with scenes of emergency vehicles, palm trees, and various areas within the mall. There are no direct depictions of a portal or alien structure in the video content.

#### Step 4: Determine if the Thumbnail Accurately Represents the Video's Main Topic or Content
The thumbnail suggests that the video will feature footage of an alien portal or sighting, which is not present in the actual video content. Instead, the video focuses on a nighttime exploration of a shopping mall.

#### Step 5: Assess Whether the Thumbnail Uses Exaggeration, False Promises, or Clickbait Tactics
The thumbnail uses exaggerated imagery (a glowing portal) to attract viewers' attention, which is misleading because the video content does not match the promise made by the thumbnail.

#### Step 6: Categorize the Thumbnail as Either ""Misleading"" or ""Not Misleading""
Based on the analysis, the thumbnail is **misleading**.

#### Explanation for Decision
The thumbnail promises footage of an alien portal or sighting, which is not depicted in the actual video content. The video primarily shows a nighttime exploration of a shopping mall without any direct depictions of an alien portal or sighting. Therefore, the thumbnail misleads viewers by promising content that is not delivered in the video."
k1QgaJIEoGg,"### Analysis:

**Step 1:** Examine the thumbnail.
The thumbnail features two individuals, one smiling and the other with their hand near their face, alongside a large image of a modern, luxurious house valued at $32 million. The text overlay prominently displays ""$32 MILLION.""

**Step 2:** Read through the video subtitles and content description.
The subtitles mention Jack Grealish, a professional soccer player, and discuss his career progression, achievements, and lifestyle. The content description highlights Grealish's journey from youth soccer to professional play, including his transfer to Manchester City for a record fee of £100 million and his current status as a key player under Pep Guardiola.

**Step 3:** Compare the thumbnail to the actual video content.
The thumbnail depicts a luxurious house valued at $32 million, which aligns with the content description mentioning Grealish's £6 million mansion. However, the thumbnail does not explicitly mention Grealish or his career achievements, focusing instead on the luxury aspect.

**Step 4:** Determine if the thumbnail accurately represents the video's main topic or content.
While the thumbnail does include a luxurious house, which is part of the video content, it does not provide context about Grealish's career or the £100 million transfer fee mentioned in the subtitles. The thumbnail is more focused on the luxury aspect rather than the overall narrative of the video.

**Step 5:** Assess whether the thumbnail uses exaggeration, false promises, or clickbait tactics.
The thumbnail uses the value of $32 million to attract viewers, which could be considered misleading because it does not clearly communicate the main focus of the video, which is Grealish's career progression and achievements.

**Step 6:** Categorize the thumbnail as either ""Misleading"" or ""Not Misleading.""
Based on the analysis, the thumbnail is **misleading** because it focuses on the luxury aspect without providing clear context about the main topic of the video, which is Grealish's career and achievements.

**Explanation:**
The thumbnail uses the luxury aspect to attract viewers but does not clearly communicate the main focus of the video, which is Grealish's career progression and achievements. By highlighting the luxury aspect, it may give viewers the impression that the video is primarily about the lavish lifestyle of the player, which is not the case. Therefore, the thumbnail is misleading."
o8MmnGivYrY,"The thumbnail depicts a person in orange prison-style clothing sitting on a bed in a stark, white, padded room labeled ""50 HOURS."" The video's content, however, does not involve a prison setting but rather a sensory deprivation experiment conducted in a small, white-tiled room designed to minimize sensory input. The subject experiences boredom, frustration, and moments of creativity during the isolation.

### Analysis:
1. **Examine the thumbnail**: The thumbnail shows a person in an orange jumpsuit sitting on a bed in a stark, white, padded room labeled ""50 HOURS.""
2. **Read through the video subtitles and content description**: The video describes a sensory deprivation experiment in a small, white-tiled room, not a prison setting.
3. **Compare the thumbnail to the actual video content**: The thumbnail suggests a prison scenario, which is misleading because the video content is about a sensory deprivation experiment.
4. **Determine if the thumbnail accurately represents the video's main topic or content**: The thumbnail does not accurately represent the video's main topic, which is a sensory deprivation experiment.
5. **Assess whether the thumbnail uses exaggeration, false promises, or clickbait tactics**: The thumbnail uses exaggerated imagery (prison setting) to attract viewers, which is misleading.
6. **Categorize the thumbnail as either ""Misleading"" or ""Not Misleading""**: The thumbnail is misleading.
7. **Provide a brief explanation for your decision**: The thumbnail depicts a prison setting, which is not the actual content of the video. It misleads viewers into expecting a different type of experiment, potentially leading them to watch the video with incorrect expectations.

**Final Decision**: The thumbnail is **Misleading**."
llnRbPyRdxs,"### Analysis of the Provided Information

#### Step 1: Examine the Thumbnail
The thumbnail shows three individuals in a kitchen setting. One person is holding a bowl of food, and there is visible smoke and flames coming from the stove area. The individuals appear to be reacting with surprise or concern, which suggests something unexpected or dramatic happening during the cooking process.

#### Step 2: Read Through the Video Subtitles and Content Description
The subtitles indicate that the video is about a cooking challenge involving a time limit (25 minutes) and a budget constraint ($15 per participant). The participants are making meals without recipes allowed, and the atmosphere seems to be fun and competitive. The video does not explicitly mention any dangerous or harmful situations, but the presence of flames and smoke in the thumbnail might suggest a potential mishap or accident.

#### Step 3: Compare the Thumbnail to the Actual Video Content
The thumbnail depicts a dramatic scene with flames and smoke, which aligns with the idea of a cooking challenge where things might go wrong. However, the video content describes a controlled and fun environment where participants are engaged in a friendly competition rather than a dangerous situation.

#### Step 4: Determine if the Thumbnail Accurately Represents the Video's Main Topic or Content
The thumbnail accurately represents the main topic of the video, which is a cooking challenge. It captures the essence of the competition and the potential for excitement or mishaps, which are common elements in such videos.

#### Step 5: Assess Whether the Thumbnail Uses Exaggeration, False Promises, or Clickbait Tactics
The thumbnail does not use exaggerated language or false promises. Instead, it sets the expectation that the video will involve a cooking challenge with some level of drama or excitement, which is consistent with the video content.

#### Step 6: Categorize the Thumbnail as Either ""Misleading"" or ""Not Misleading""
Based on the analysis, the thumbnail is **not misleading** because it accurately reflects the nature of the video content—a cooking challenge with a potential for excitement or mishaps.

#### Explanation
The thumbnail effectively communicates the theme of the video, which is a cooking challenge. While it includes elements that might suggest danger or chaos, these are typical elements in cooking challenge videos and do not mislead viewers about the actual content. The video itself confirms that the atmosphere is fun and competitive, with no indication of real danger or harm. Therefore, the thumbnail is appropriate and not misleading."
BgljHqQpp2Y,"### Analysis:

1. **Examine the thumbnail**: The thumbnail features a collage of images with the text overlay ""SHE'S A MAN IN A DRESS!"" prominently displayed. The images include a woman in a colorful outfit, a skull, and other individuals in various settings.

2. **Read through the video subtitles and content description**: Since there are no subtitles provided, we rely on the video description for context. The video appears to be a compilation of moments from a show or account called ""Offensive Tea,"" which likely focuses on controversial or humorous content involving public figures.

3. **Compare the thumbnail to the actual video content**: The thumbnail suggests that the video might be about a woman dressed as a man, which aligns with the theme of the ""Offensive Tea"" account. However, the video content described does not explicitly mention any such scenario. Instead, it seems to be a collection of various celebrity moments, some of which may be provocative but do not necessarily revolve around someone being dressed as a man.

4. **Determine if the thumbnail accurately represents the video's main topic or content**: The thumbnail does not accurately represent the video's main content because it implies a specific scenario (a woman dressed as a man) that is not explicitly mentioned in the video description.

5. **Assess whether the thumbnail uses exaggeration, false promises, or clickbait tactics**: The thumbnail uses exaggeration by suggesting a specific scenario that is not confirmed in the video content. It also uses clickbait tactics by promising a specific type of content that is not necessarily present.

6. **Categorize the thumbnail as either ""Misleading"" or ""Not Misleading""**: Based on the analysis, the thumbnail is misleading because it implies a specific scenario that is not confirmed in the video content.

7. **Provide a brief explanation for your decision**: The thumbnail uses exaggerated language (""SHE'S A MAN IN A DRESS!"") and implies a specific scenario that is not supported by the video content. This creates a misleading impression that the video will contain content about a woman dressed as a man, which is not the case according to the provided description.

**Final Decision**: The thumbnail is **Misleading**."
lva5q-ORcd8,"### Analysis:

#### Step 1: Examine the Thumbnail
The thumbnail shows three individuals in a pool, each sitting on a makeshift boat constructed from various pool toys and items. The text overlay reads ""DAY #2,"" suggesting this is part of a series or ongoing challenge.

#### Step 2: Read Through the Video Subtitles and Content Description
The subtitles indicate that the video involves a challenge where participants must build boats from scratch within a limited time frame. The goal is to determine which individual is the best builder. The participants gather items from a Walmart store, including pool toys and other floating objects, to construct their boats.

#### Step 3: Compare the Thumbnail to the Actual Video Content
The thumbnail depicts individuals in a pool with their boats, which aligns closely with the video content. However, the thumbnail does not explicitly mention the Walmart shopping segment or the time constraint mentioned in the subtitles.

#### Step 4: Determine if the Thumbnail Accurately Represents the Video's Main Topic or Content
While the thumbnail accurately represents the final scene of the video (participants in a pool with their boats), it does not convey the full scope of the challenge, which includes the initial shopping segment at Walmart and the time constraint.

#### Step 5: Assess Whether the Thumbnail Uses Exaggeration, False Promises, or Clickbait Tactics
The thumbnail does not use exaggeration or false promises. It simply shows the final scene of the challenge without providing context about the shopping segment or the time limit.

#### Step 6: Categorize the Thumbnail as Either ""Misleading"" or ""Not Misleading""
Given that the thumbnail provides a partial view of the video content and does not fully represent the entire challenge, it can be considered **misleading**.

#### Explanation:
The thumbnail focuses on the final scene of the pool challenge but omits crucial elements such as the shopping segment at Walmart and the time constraint. While it accurately depicts the final outcome, it fails to give viewers a comprehensive understanding of the entire challenge, potentially leading to confusion or disappointment upon watching the full video."
-3zqOfMkAc8,"### Analysis of the Thumbnail and Video Content

#### Step 1: Examine the Thumbnail
The thumbnail features a man in a sports jersey, a luxury yacht, a high-end SUV (Mercedes-Benz G-Class), and the text ""$60 MILLION"". The image suggests a focus on the player's wealth and lifestyle.

#### Step 2: Read Through the Video Subtitles and Content Description
The subtitles and content description highlight the player's career achievements, personal life, and luxurious possessions. The video discusses the player's success, his properties, cars, and overall lifestyle.

#### Step 3: Compare the Thumbnail to the Actual Video Content
The thumbnail prominently displays the text ""$60 MILLION,"" which aligns with the video content that discusses the player's wealth and possessions. The images of the yacht, SUV, and the player's jersey also correspond to the video's focus on his lifestyle.

#### Step 4: Determine if the Thumbnail Accurately Represents the Video's Main Topic or Content
The thumbnail accurately represents the video's main topic, which is the player's luxurious lifestyle and wealth. The text ""$60 MILLION"" directly relates to the content discussed in the video.

#### Step 5: Assess Whether the Thumbnail Uses Exaggeration, False Promises, or Clickbait Tactics
There is no indication of exaggeration or false promises in the thumbnail. The text ""$60 MILLION"" is used to emphasize the player's wealth, which is a factual statement based on the video content.

#### Step 6: Categorize the Thumbnail
The thumbnail is not misleading because it accurately reflects the video's content and theme.

#### Step 7: Provide a Brief Explanation for the Decision
The thumbnail effectively communicates the video's main topic without using exaggerated language or misleading imagery. It accurately represents the player's wealth and lifestyle, which are central themes in the video. Therefore, the thumbnail is categorized as ""Not Misleading."""
gkD1WiWh0Ag,"### Analysis of the Thumbnail and Video Content

#### Step 1: Examine the Thumbnail
The thumbnail features a group photo with three individuals, with one person circled in pink. The text on the thumbnail reads:
- ""Meghan Markle Sixteen & Pregnant Proof""
- ""Family Secret""

#### Step 2: Read Through the Video Subtitles and Content Description
The subtitles and content description do not mention anything related to Meghan Markle, her pregnancy, or any ""family secret."" Instead, the video discusses a search for a birth certificate for a person named Ana M Bon Winsor, born in Santa Barbara, California, and involves discussions about the British royal family and the authenticity of certain claims.

#### Step 3: Compare the Thumbnail to the Actual Video Content
The thumbnail prominently features a group photo with one person circled, suggesting a focus on a specific individual. However, the video content does not discuss any ""pregnant"" individuals or ""family secrets"" related to Meghan Markle. Instead, it focuses on a birth certificate search and royal family discussions.

#### Step 4: Determine if the Thumbnail Accurately Represents the Video's Main Topic or Content
The thumbnail does not accurately represent the video's main topic or content. It misleads viewers by suggesting a focus on a specific individual (circled) and a story involving pregnancy and family secrets, which are not present in the video content.

#### Step 5: Assess Whether the Thumbnail Uses Exaggeration, False Promises, or Clickbait Tactics
The thumbnail uses exaggerated and misleading tactics by promising proof of a ""pregnant"" individual and a ""family secret,"" which are not mentioned in the video content. This is likely intended to attract viewers' attention and clickbait.

#### Step 6: Categorize the Thumbnail as Either ""Misleading"" or ""Not Misleading""
Based on the analysis, the thumbnail is clearly misleading.

#### Step 7: Provide a Brief Explanation for the Decision
The thumbnail misleads viewers by suggesting a focus on a specific individual and a story involving pregnancy and family secrets, which are not present in the video content. It uses exaggerated and misleading tactics to attract viewers' attention and clickbait, which is not aligned with the actual video content. Therefore, the thumbnail is categorized as ""Misleading."""
36PhONtjq0Y,"### Analysis of the Thumbnail and Video Content

#### Step 1: Examine the Thumbnail
The thumbnail depicts a person hiding behind a brick wall with a police officer and a police vehicle in the background. The image suggests a scenario involving law enforcement and a hidden location.

#### Step 2: Read Through the Video Subtitles and Content Description
The subtitles and video content describe a challenge involving the Teenage Mutant Ninja Turtles theme. The protagonist challenges the police to find him, and the video showcases various activities related to the Ninja Turtles theme, such as painting murals, setting up a gaming room, and interacting with other participants in Turtle costumes.

#### Step 3: Compare the Thumbnail to the Actual Video Content
The thumbnail shows a person hiding from the police, which aligns with the subtitle mentioning the protagonist hiding from the police. However, the video content focuses more on the creative and playful aspects of the challenge rather than the hiding aspect depicted in the thumbnail.

#### Step 4: Determine if the Thumbnail Accurately Represents the Video's Main Topic or Content
The thumbnail does not accurately represent the main topic or content of the video. While the video involves hiding from the police, the thumbnail emphasizes the hiding aspect more prominently than the playful and creative elements of the challenge.

#### Step 5: Assess Whether the Thumbnail Uses Exaggeration, False Promises, or Clickbait Tactics
The thumbnail uses exaggerated imagery (hiding behind a wall) to attract viewers' attention but does not accurately reflect the actual content of the video. It does not promise or suggest that the video is primarily about hiding from the police, which is a minor element in the overall narrative.

#### Step 6: Categorize the Thumbnail as Either ""Misleading"" or ""Not Misleading""
Based on the analysis, the thumbnail is **misleading** because it focuses on the hiding aspect of the challenge, which is not the primary focus of the video content. The video is more about the creative and playful aspects of the challenge, which are not emphasized in the thumbnail.

#### Explanation
The thumbnail creates a misleading impression by highlighting the hiding aspect of the challenge, which is a minor element in the overall narrative. The video content is more about the creative and playful aspects of the challenge, which are not reflected in the thumbnail. Therefore, the thumbnail is misleading."
UnWkJU04054,"### Analysis:

#### Step 1: Examine the Thumbnail
The thumbnail shows two individuals, one labeled as ""GET OUT."" The image appears to be taken from a courtroom setting, suggesting a legal proceeding or trial context.

#### Step 2: Read Through the Video Subtitles and Content Description
The subtitles indicate a legal case involving Johnny Depp and Amber Heard, focusing on allegations of defamation and substance abuse. The video discusses the impact of false statements and the legal consequences thereof. It also touches on the personal struggles of the parties involved, particularly Johnny Depp's alleged self-mutilation.

#### Step 3: Compare the Thumbnail to the Actual Video Content
The thumbnail depicts a courtroom scene, which aligns with the legal context mentioned in the subtitles. However, the text ""GET OUT"" is not present in the video content and does not relate to the legal proceedings described.

#### Step 4: Determine if the Thumbnail Accurately Represents the Video's Main Topic or Content
The thumbnail accurately represents the legal context of the video, but the text ""GET OUT"" is misleading and not relevant to the content.

#### Step 5: Assess Whether the Thumbnail Uses Exaggeration, False Promises, or Clickbait Tactics
The thumbnail does not use exaggerated language or false promises. However, the inclusion of the text ""GET OUT"" is misleading and not aligned with the video's content.

#### Step 6: Categorize the Thumbnail as Either ""Misleading"" or ""Not Misleading""
Based on the analysis, the thumbnail is **misleading** because the text ""GET OUT"" is not relevant to the video's content and could mislead viewers into expecting a different type of content.

#### Explanation:
The thumbnail effectively sets the stage for a legal proceeding, which matches the video's content. However, the addition of the text ""GET OUT"" introduces irrelevant and potentially misleading information that does not contribute to understanding the video's main topic. This element of the thumbnail is not aligned with the actual content of the video, making it misleading."
Jkclry8qPjA,"### Analysis of the Thumbnail and Video Content

#### Step 1: Examine the Thumbnail
The thumbnail features a person sitting on a log on a beach, holding a large axe. The text overlay reads ""50 HOURS."" The image suggests a survival scenario, which aligns with the video's theme of wilderness adventure and survival.

#### Step 2: Read Through the Video Subtitles and Content Description
The subtitles indicate that the video involves a survival challenge on a remote island lasting 50 hours. The participants are equipped with minimal supplies and must navigate the island, find food and water, and survive the night. The video also mentions encountering various wildlife, including snakes and sharks, which adds to the danger and challenge of the survival experience.

#### Step 3: Compare the Thumbnail to the Actual Video Content
The thumbnail depicts a person on a beach with an axe, which is a common symbol associated with survival scenarios. However, the video content reveals that the participants are not alone; they are accompanied by others (referred to as ""boys"") and are equipped with a basic survival kit. Additionally, the video shows them interacting with wildlife and engaging in activities such as gathering resources and setting up camp, which are depicted in the thumbnail.

#### Step 4: Determine if the Thumbnail Accurately Represents the Video's Main Topic or Content
The thumbnail accurately represents the main topic of the video, which is a survival challenge on a remote island. However, the presence of multiple individuals and the use of a survival kit suggest that the thumbnail might be slightly misleading because it implies a more solitary experience than what the video actually shows.

#### Step 5: Assess Whether the Thumbnail Uses Exaggeration, False Promises, or Clickbait Tactics
The thumbnail does not use exaggerated language or false promises. It accurately reflects the core concept of a survival challenge, which is a common theme in survival videos. The inclusion of multiple individuals and the use of a survival kit in the video content does not detract from the authenticity of the thumbnail but rather provides additional context.

#### Step 6: Categorize the Thumbnail as Either ""Misleading"" or ""Not Misleading""
Based on the analysis, the thumbnail is **not misleading**. While it accurately represents the core concept of a survival challenge, it does not fully capture the collaborative aspect of the video, which is a significant part of the experience shown in the video content.

#### Explanation
The thumbnail effectively conveys the essence of a survival challenge on a remote island. However, the presence of multiple individuals and the use of a survival kit in the video content suggests that the thumbnail might be slightly misleading because it implies a more solitary experience than what the video actually shows. Despite this minor discrepancy, the thumbnail remains accurate and relevant to the overall theme of the video."
tz9nRYSoR3Q,"### Analysis of the YouTube Video Thumbnail and Content

#### Step 1: Examine the Thumbnail
The thumbnail features a man speaking directly to the camera, with a graphic of a green alien-like character (likely Martian Manhunter) next to him. The text overlay reads, ""I'VE GOT PLANS FOR HIM.""

#### Step 2: Read Through the Video Subtitles and Content Description
The subtitles discuss various DC Comics characters, particularly focusing on Martian Manhunter and Power Girl. The content description describes a series of scenes from an animated superhero action series, likely from the DC animated universe, featuring multiple characters including Martian Manhunter.

#### Step 3: Compare the Thumbnail to the Actual Video Content
The thumbnail prominently features Martian Manhunter, which aligns with the content described in the subtitles and video description. However, the text ""I'VE GOT PLANS FOR HIM"" suggests a specific intention or storyline involving Martian Manhunter, which is not explicitly mentioned in the video description.

#### Step 4: Determine if the Thumbnail Accurately Represents the Video's Main Topic or Content
While the thumbnail correctly identifies Martian Manhunter as a significant character, the text ""I'VE GOT PLANS FOR HIM"" implies a specific narrative direction or storyline that is not clearly indicated in the video description. This could be misleading because it suggests a particular focus or development that may not be fully explored in the video.

#### Step 5: Assess Whether the Thumbnail Uses Exaggeration, False Promises, or Clickbait Tactics
The thumbnail uses a statement that implies a specific narrative direction (""I'VE GOT PLANS FOR HIM""), which might mislead viewers into expecting a particular storyline or development that is not necessarily covered in the video.

#### Step 6: Categorize the Thumbnail as Either ""Misleading"" or ""Not Misleading""
Based on the analysis, the thumbnail is **misleading** because it suggests a specific narrative direction (""I'VE GOT PLANS FOR HIM"") that is not clearly indicated in the video description. While the thumbnail correctly identifies Martian Manhunter as a significant character, the implication of a specific storyline or development is not supported by the video content.

#### Explanation
The thumbnail effectively highlights Martian Manhunter, a key character in the DC animated universe. However, the text ""I'VE GOT PLANS FOR HIM"" introduces an expectation of a specific narrative direction that is not clearly supported by the video content. This creates a misleading impression that may not align with the actual storyline or focus of the video."
CDo9wMTFRX8,"### Analysis of the Thumbnail and Video Content

#### Step 1: Examine the Thumbnail
The thumbnail features a collage of images:
- A man and a woman posing together.
- Two women posing together.
- A woman with a distressed expression.

The text overlay reads: ""NEVER TRUSTED HER.""

#### Step 2: Read Through the Video Subtitles and Content Description
The subtitles discuss a feud between Mariah Carey and Jennifer Lopez, specifically focusing on allegations of theft and sabotage involving vocal samples. The content description provides a detailed account of the alleged incidents, including the sampling of a song by Yellow Magic Orchestra and the subsequent use of that sample by JLo.

#### Step 3: Compare the Thumbnail to the Actual Video Content
The thumbnail suggests a narrative centered around distrust and betrayal, which aligns with the subtitles discussing a feud and allegations of theft. However, the content of the video itself focuses on the alleged incidents rather than the emotional or personal aspects suggested by the thumbnail.

#### Step 4: Determine if the Thumbnail Accurately Represents the Video's Main Topic or Content
While the thumbnail hints at a story of distrust and betrayal, the video content primarily revolves around the allegations and evidence presented regarding the feud and the use of vocal samples. The thumbnail does not fully capture the essence of the video's main topic, which is more about the legal and factual aspects of the dispute.

#### Step 5: Assess Whether the Thumbnail Uses Exaggeration, False Promises, or Clickbait Tactics
The thumbnail uses the phrase ""NEVER TRUSTED HER,"" which could be interpreted as a clickbait headline designed to evoke curiosity and emotion. However, the content of the video does not necessarily support such a strong claim without additional context.

#### Step 6: Categorize the Thumbnail as Either ""Misleading"" or ""Not Misleading""
Given that the thumbnail suggests a broader theme of distrust and betrayal that is not fully represented in the video content, it can be considered misleading.

#### Explanation for Decision
The thumbnail uses a provocative statement (""NEVER TRUSTED HER"") that may mislead viewers into expecting a more emotional or personal narrative about the feud, whereas the video content primarily focuses on the factual allegations and evidence related to the dispute over vocal samples. While the thumbnail captures the essence of the feud, it does not adequately represent the detailed legal and factual aspects discussed in the video."
Qe_3uvrPmtA,"### Analysis of the Thumbnail and Video Content

#### Step 1: Examine the Thumbnail
The thumbnail depicts a person in a flooded room, surrounded by water, furniture, and a TV. The individual appears to be reacting dramatically, which suggests a chaotic or humorous situation.

#### Step 2: Read Through the Video Subtitles and Content Description
The subtitles and the video content describe a series of scenes where a person transforms their house into a ""fish tank"" by filling it with water and adding fish. The video includes various chaotic and playful moments, such as turning on water sources, shopping for supplies, and interacting with the flooded environment.

#### Step 3: Compare the Thumbnail to the Actual Video Content
The thumbnail shows a person in a flooded room, which aligns with the video content where the house is being filled with water. However, the thumbnail does not explicitly mention the presence of fish or the intent behind the flooding (i.e., creating a ""fish tank"").

#### Step 4: Determine if the Thumbnail Accurately Represents the Video's Main Topic or Content
The thumbnail accurately represents the main topic of the video, which is the flooding of a house. However, it does not convey the specific purpose of the flooding (creating a ""fish tank"") or the playful nature of the activity.

#### Step 5: Assess Whether the Thumbnail Uses Exaggeration, False Promises, or Clickbait Tactics
The thumbnail does not use exaggerated language or false promises. It simply shows a person in a flooded room, which is a realistic depiction of the video content.

#### Step 6: Categorize the Thumbnail as Either ""Misleading"" or ""Not Misleading""
Given that the thumbnail accurately represents the main topic of the video but does not provide additional context about the specific purpose of the flooding, it can be considered **Not Misleading**.

#### Explanation
The thumbnail effectively captures the essence of the video content without misleading viewers about the specific purpose or the scale of the flooding. While it does not explicitly state that the house is being transformed into a ""fish tank,"" the chaotic and playful nature of the flooding is evident in the thumbnail, which aligns with the overall tone of the video. Therefore, the thumbnail serves its purpose well without misleading viewers."
K92VTro7vNs,"### Analysis of the Thumbnail and Video Content

#### Step 1: Examine the Thumbnail
The thumbnail features a collage of images:
- A luxury yacht sailing on the ocean.
- A grand mansion with a well-manicured garden.
- Elton John performing on stage.
- Elton John in a purple suit with sunglasses.
- A vintage photo of a young Elton John with a classic car.

#### Step 2: Read Through the Video Subtitles and Content Description
The video subtitles and content description highlight Elton John's career achievements, his luxurious lifestyle, and various properties he owns. The video showcases:
- Performances on stage.
- Luxurious homes and properties.
- High-end vehicles like a McLaren sports car and a private jet.
- Yachts cruising in turquoise waters.

#### Step 3: Compare the Thumbnail to the Actual Video Content
The thumbnail effectively captures the essence of the video content. It includes imagery of luxury yachts, mansions, and Elton John performing, which aligns closely with the video's focus on showcasing his lavish lifestyle and career highlights.

#### Step 4: Determine if the Thumbnail Accurately Represents the Video's Main Topic or Content
The thumbnail accurately represents the main topics discussed in the video, which include Elton John's career, his performances, and his luxurious lifestyle.

#### Step 5: Assess Whether the Thumbnail Uses Exaggeration, False Promises, or Clickbait Tactics
There is no indication of exaggeration, false promises, or clickbait tactics in the thumbnail. It provides a clear preview of the content without misleading the viewer.

#### Step 6: Categorize the Thumbnail
Based on the analysis, the thumbnail is **Not Misleading**.

#### Explanation
The thumbnail effectively communicates the key elements of the video content without any misleading elements. It accurately reflects the themes of Elton John's career, performances, and luxurious lifestyle, which are central to the video's narrative. There is no exaggeration or clickbait tactics used in the thumbnail, making it a faithful representation of the video's content."
0basEI52lJk,"### Analysis of the Thumbnail and Video Content

#### Step 1: Examine the Thumbnail
The thumbnail features two individuals, one labeled with a question mark ($?? million) and the other labeled with $999 million. Both are dressed in yellow suits, and the background showcases a mansion, a sports car, and money falling around them. The text clearly states a comparison between two individuals' wealth, with one having a significantly higher amount ($999 million) compared to the other (question mark).

#### Step 2: Read Through the Video Subtitles and Content Description
The video content describes a comparison between Cristiano Ronaldo and David Beckham regarding their lifestyles, properties, cars, and wealth. The subtitles mention specific figures for each individual's assets, such as the value of their properties and the cost of their cars.

#### Step 3: Compare the Thumbnail to the Actual Video Content
- **Thumbnail**: The thumbnail suggests a direct comparison between two individuals, with one having a significantly higher wealth ($999 million) than the other ($?? million).
- **Video Content**: The video indeed compares the wealth and lifestyles of Cristiano Ronaldo and David Beckham. However, the actual figures mentioned in the video do not match the thumbnail's implication. For instance, the thumbnail suggests that one individual has $999 million, while the video mentions that David Beckham's most expensive property is valued at over $40 million, and Ronaldo's new villa is expected to cost $8 million.

#### Step 4: Determine if the Thumbnail Accurately Represents the Video's Main Topic or Content
The thumbnail does not accurately represent the video's main topic or content. While the video does compare the wealth and lifestyles of Ronaldo and Beckham, the figures mentioned in the video do not align with the exaggerated values suggested in the thumbnail.

#### Step 5: Assess Whether the Thumbnail Uses Exaggeration, False Promises, or Clickbait Tactics
The thumbnail uses exaggerated figures ($999 million vs. $?? million) to create a sense of competition and attract viewers. However, these figures are not supported by the actual video content, which provides more moderate figures for the individuals' assets.

#### Step 6: Categorize the Thumbnail as Either ""Misleading"" or ""Not Misleading""
Based on the analysis, the thumbnail is misleading because it suggests a significant difference in wealth between the two individuals that is not supported by the actual video content.

#### Explanation
The thumbnail creates a misleading impression by using exaggerated figures to suggest a stark difference in wealth between Ronaldo and Beckham. While the video does provide a comparison of their lifestyles and assets, the figures mentioned do not support the claim made in the thumbnail. Therefore, the thumbnail is misleading."
Vr8JW3Fl1gs,"### Analysis of the YouTube Video Thumbnail

#### Step 1: Examine the thumbnail
The thumbnail features two images side by side:
- On the left, there is a photo of Princess Diana wearing a pearl necklace and earrings, with a serious expression.
- On the right, there is a photo of Meghan Markle speaking into a microphone, with a speech bubble saying ""THEY NEARLY RUINED THE FUNERAL.""
- Below the images, the text reads ""BEHIND THE FUNERAL.""

#### Step 2: Read through the video subtitles and content description
The subtitles mention several behind-the-scenes details about Princess Diana's funeral, including secret arrangements, rehearsals, and the selection of Westminster Abbey as the venue. The content description provides a detailed breakdown of the video's scenes, touching on various aspects of Diana's life, death, and legacy.

#### Step 3: Compare the thumbnail to the actual video content
The thumbnail suggests that the video focuses on the behind-the-scenes details of Princess Diana's funeral, specifically highlighting the efforts to keep the arrangements secret and the significant planning involved. The subtitle ""THEY NEARLY RUINED THE FUNERAL"" implies that there were attempts to disrupt the funeral, which aligns with the content described in the video.

#### Step 4: Determine if the thumbnail accurately represents the video's main topic or content
The thumbnail accurately represents the main topic of the video, which is indeed about the behind-the-scenes details of Princess Diana's funeral. It captures the essence of the video's content without exaggerating or misleading the viewer.

#### Step 5: Assess whether the thumbnail uses exaggeration, false promises, or clickbait tactics
There is no indication of exaggeration or clickbait tactics in the thumbnail. The subtitle ""THEY NEARLY RUINED THE FUNERAL"" is a factual statement based on the video's content, which discusses the efforts to keep the arrangements secret and the significance of the funeral.

#### Step 6: Categorize the thumbnail as either ""Misleading"" or ""Not Misleading""
The thumbnail is **Not Misleading**.

#### Explanation
The thumbnail effectively communicates the main topic of the video, which is the behind-the-scenes details of Princess Diana's funeral. It does not use exaggerated language or false promises, and it accurately reflects the content described in the video. Therefore, it does not mislead the viewer about the video's subject matter."
ZocFLJwEDkk,"### Analysis of the Thumbnail and Video Content

#### Step 1: Examine the Thumbnail
The thumbnail features two individuals, one male and one female, with the text ""SORRY I'M GAY"" prominently displayed. The background includes a luxurious mansion, which suggests themes related to wealth and lifestyle.

#### Step 2: Read Through the Video Subtitles and Content Description
The subtitles and content description focus on the life and career of a professional soccer player named Neymar Jr., detailing his journey from humble beginnings to becoming one of the biggest players of his generation. The video highlights various aspects of his life, including personal moments, the glamorous lifestyle associated with his success, and the challenges he faced early in his career.

#### Step 3: Compare the Thumbnail to the Actual Video Content
The thumbnail depicts a scenario involving a ""gay reveal,"" which is unrelated to the content described in the video. The video does not feature any explicit mention of sexual orientation or a ""gay reveal."" Instead, it focuses on Neymar's life story, including his accident, rise to fame, and the luxurious lifestyle he has adopted.

#### Step 4: Determine if the Thumbnail Accurately Represents the Video's Main Topic or Content
The thumbnail does not accurately represent the main topic or content of the video. It misleads viewers by suggesting a narrative about sexual orientation, which is not present in the video.

#### Step 5: Assess Whether the Thumbnail Uses Exaggeration, False Promises, or Clickbait Tactics
The thumbnail uses exaggerated imagery (luxurious mansion) and a misleading title (""SORRY I'M GAY"") to attract attention, which is clickbait. It does not align with the actual content of the video.

#### Step 6: Categorize the Thumbnail as Either ""Misleading"" or ""Not Misleading""
Based on the analysis, the thumbnail is **Misleading**.

#### Explanation for Decision
The thumbnail significantly misrepresents the video's content by suggesting a narrative about sexual orientation, which is not depicted in the video. Instead, the video focuses on Neymar's life story, including his accident, rise to fame, and the luxurious lifestyle he has adopted. The use of a luxurious mansion in the thumbnail further contributes to the misleading nature of the thumbnail by implying themes of wealth and lifestyle that are not central to the video's content. Therefore, the thumbnail is misleading."
HJJudcpUWIk,"### Analysis of the Thumbnail and Video Content

#### Step 1: Examine the Thumbnail
The thumbnail features a person behind bars in a pool-like environment, with the text ""HOUR 23"" prominently displayed. The image suggests a scenario involving confinement and possibly a challenge or survival situation.

#### Step 2: Read Through the Video Subtitles and Content Description
The subtitles indicate a 24-hour survival challenge involving various extreme environments such as a desert, a tiger cage, and an ice prison. The video content description confirms this, detailing the protagonist navigating through different scenarios including a desert, a tiger cage, and other challenging situations.

#### Step 3: Compare the Thumbnail to the Actual Video Content
The thumbnail depicts a person in a confined, water-based environment, which aligns with the idea of being trapped or confined. However, the video content describes a series of diverse and varied challenges, including a desert, a tiger cage, and other extreme environments, rather than a single confined water-based scenario.

#### Step 4: Determine if the Thumbnail Accurately Represents the Video's Main Topic or Content
The thumbnail does not accurately represent the main topic or content of the video. While both involve confinement, the video content is much broader and includes multiple different challenges.

#### Step 5: Assess Whether the Thumbnail Uses Exaggeration, False Promises, or Clickbait Tactics
The thumbnail uses exaggerated imagery to attract viewers, suggesting a dramatic and intense scenario. However, the video content does not match the implied intensity suggested by the thumbnail.

#### Step 6: Categorize the Thumbnail as Either ""Misleading"" or ""Not Misleading""
Based on the analysis, the thumbnail is misleading because it does not accurately reflect the diverse and varied nature of the challenges depicted in the video.

#### Explanation for Decision
The thumbnail suggests a single, confined water-based scenario, while the video content involves multiple different challenges, including a desert, a tiger cage, and other extreme environments. The thumbnail uses exaggerated imagery to attract viewers, but the video content does not match the implied intensity suggested by the thumbnail. Therefore, the thumbnail is misleading."
DnmG_2-zxps,"### Analysis:

**Thumbnail:** The thumbnail features a soccer player, a modern house, and a woman. The text overlay reads ""$62 MILLION.""

**Video Content:** The video is a montage of a professional soccer player's career, highlighting his achievements on the field and personal moments off the field. It does not focus on the player's wealth or lifestyle beyond the context of his career success.

**Comparison:** The thumbnail suggests that the video will primarily discuss the player's wealth, specifically $62 million. However, the video content is a comprehensive look at the player's career and personal life, without delving deeply into financial details.

**Assessment:**
- The thumbnail uses exaggerated language (""$62 MILLION"") which might imply that the video will focus heavily on the player's wealth.
- While the player's wealth is mentioned briefly in the video (e.g., as part of a Forbes article snippet), it is not the primary focus of the video.
- The thumbnail does not accurately represent the video's main content, which is a broader narrative about the player's career and personal life.

**Conclusion:**

The thumbnail is **misleading** because it overstates the focus of the video by emphasizing the player's wealth excessively, which is not the central theme of the content."
Dn6WWjt21mo,"### Analysis and Conclusion:

**Step 1:** Examine the thumbnail.
The thumbnail features two players in a confrontational stance, with one player appearing to be shouting at the other. The text overlay reads ""COME HERE YOU PUNK 😡"".

**Step 2:** Read through the video subtitles and content description.
The subtitles and content description focus on intense confrontations between football players, particularly highlighting physical altercations and heated exchanges during matches. The video seems to be a compilation of such moments, emphasizing the intensity and drama of football matches.

**Step 3:** Compare the thumbnail to the actual video content.
The thumbnail accurately represents the intense and confrontational nature of the video content. It captures the essence of the confrontations described in the subtitles and the video description.

**Step 4:** Determine if the thumbnail accurately represents the video's main topic or content.
The thumbnail effectively conveys the theme of the video, which revolves around intense and physical confrontations between football players.

**Step 5:** Assess whether the thumbnail uses exaggeration, false promises, or clickbait tactics.
There is no indication of exaggeration, false promises, or clickbait tactics in the thumbnail. It directly reflects the content of the video.

**Step 6:** Categorize the thumbnail as either ""Misleading"" or ""Not Misleading"".
Based on the analysis, the thumbnail is **Not Misleading**.

**Explanation:**
The thumbnail accurately depicts the intense and confrontational nature of the video content. It does not use exaggerated language or misleading imagery. Instead, it provides a clear visual representation of the type of content viewers can expect, which aligns closely with the video's focus on physical altercations and heated exchanges in football matches."
7D7QFtpb-mg,"### Analysis of the YouTube Video Thumbnail and Content

#### Step 1: Examine the Thumbnail
The thumbnail features a large, luxurious mansion with a prominent British flag, alongside two individuals dressed formally. The text on the thumbnail reads: ""दुनिया का सबसे अमीर प्रधानमंत्री | Rishi Sunak Wife Net Worth?""

#### Step 2: Read Through the Video Subtitles and Content Description
The subtitles mention Rishi Sunak becoming the Prime Minister of Britain, his wife's net worth, and references to his family's wealth, including a stake in Infosys and properties valued in crores of rupees.

#### Step 3: Compare the Thumbnail to the Actual Video Content
The thumbnail prominently displays a mansion and the words ""Rishi Sunak Wife Net Worth,"" which aligns closely with the video's focus on discussing the wife's wealth. However, the thumbnail does not provide any visual cues about the political career or personal life of Rishi Sunak, which are significant parts of the video content.

#### Step 4: Determine if the Thumbnail Accurately Represents the Video's Main Topic or Content
While the thumbnail correctly highlights the topic of Rishi Sunak's wife's net worth, it does not provide any indication that the video will delve into his political career or personal life. The thumbnail is misleading because it focuses solely on the financial aspect without giving a comprehensive overview of the video's content.

#### Step 5: Assess Whether the Thumbnail Uses Exaggeration, False Promises, or Clickbait Tactics
The thumbnail uses clickbait tactics by promising viewers information about the wife's net worth but does not provide any context about the rest of the video's content. It creates a misleading expectation by focusing only on the financial aspect without mentioning the broader narrative of Rishi Sunak's political career and personal life.

#### Step 6: Categorize the Thumbnail as Either ""Misleading"" or ""Not Misleading""
Based on the analysis, the thumbnail is **misleading**.

#### Explanation for Decision
The thumbnail misleads viewers by focusing exclusively on the wife's net worth without providing any context about the political career or personal life of Rishi Sunak. It creates an expectation that the video will primarily discuss the financial aspects of his wife's life, which is not fully represented in the video content."
kvKR2koUz4c,"### Analysis of the Thumbnail and Video Content

#### Step 1: Examine the Thumbnail
The thumbnail features a group of characters from *Game of Thrones* with the text ""5 YEARS LATER."" The image shows a diverse cast of characters, suggesting a continuation of the series beyond the original run.

#### Step 2: Read Through the Video Subtitles and Content Description
The subtitles and content description focus on the character Sansa Stark's journey through the seasons of *Game of Thrones*. It highlights her growth from a naive girl to someone who learns to take control of her life. The video does not mention a ""5 years later"" scenario but rather follows Sansa's personal arc within the series.

#### Step 3: Compare the Thumbnail to the Actual Video Content
The thumbnail depicts a group of characters, which aligns with the show's typical format. However, the text ""5 YEARS LATER"" is misleading because the video content does not discuss a future timeline but rather Sansa's personal development throughout the series.

#### Step 4: Determine if the Thumbnail Accurately Represents the Video's Main Topic or Content
The thumbnail does not accurately represent the video's main topic, which is Sansa Stark's personal journey and growth within the series. It suggests a continuation of the series, which is not the case based on the provided content.

#### Step 5: Assess Whether the Thumbnail Uses Exaggeration, False Promises, or Clickbait Tactics
The thumbnail uses exaggerated language (""5 YEARS LATER"") to create a sense of anticipation and intrigue, which is misleading since the video does not cover a future timeline but focuses on Sansa's personal arc.

#### Step 6: Categorize the Thumbnail as Either ""Misleading"" or ""Not Misleading""
The thumbnail is **misleading** because it suggests a continuation of the series beyond the original run, which is not the case based on the provided content.

#### Explanation
The thumbnail uses the phrase ""5 YEARS LATER,"" which is a common tactic to generate interest and anticipation among viewers. However, the video content does not cover a future timeline but rather focuses on Sansa Stark's personal journey and growth within the series. Therefore, the thumbnail misleads viewers into expecting a continuation of the series, which is not the case."
YOhhLMmjbcA,"### Analysis of the Thumbnail and Video Content

#### Step 1: Examine the Thumbnail
The thumbnail features Boris Johnson alongside a woman in a glamorous setting, with a Rolls-Royce car and a large, luxurious mansion in the background. The overall impression is one of wealth, power, and luxury.

#### Step 2: Read Through the Video Subtitles and Content Description
The video content describes Boris Johnson's political career, his personal life, and his net worth. It includes scenes of him in various official settings, his family life, and his political positions. The video does not explicitly mention the Rolls-Royce or the mansion featured in the thumbnail.

#### Step 3: Compare the Thumbnail to the Actual Video Content
The thumbnail prominently features a Rolls-Royce car and a luxurious mansion, which are not directly related to the video content. The video focuses on Johnson's political career, personal life, and net worth, rather than showcasing his lifestyle or possessions.

#### Step 4: Determine if the Thumbnail Accurately Represents the Video's Main Topic or Content
The thumbnail does not accurately represent the video's main topic or content. While the video does discuss Johnson's lifestyle and net worth, the specific elements highlighted in the thumbnail (Rolls-Royce and mansion) are not central to the video's narrative.

#### Step 5: Assess Whether the Thumbnail Uses Exaggeration, False Promises, or Clickbait Tactics
The thumbnail uses exaggerated imagery to attract viewers, which is not aligned with the actual content of the video. The Rolls-Royce and mansion are not part of the video's storyline and do not contribute to the narrative.

#### Step 6: Categorize the Thumbnail as Either ""Misleading"" or ""Not Misleading""
Based on the analysis, the thumbnail is **Misleading** because it features elements (Rolls-Royce and mansion) that are not relevant to the video's content and do not accurately represent the main topics discussed.

#### Explanation
The thumbnail creates an expectation that the video will showcase Johnson's luxurious lifestyle, which is not the case. Instead, the video focuses on his political career, personal life, and net worth. The inclusion of the Rolls-Royce and mansion in the thumbnail misleads viewers into expecting a different type of content than what is actually presented in the video."
7NNFRwhZsjk,"### Analysis:

1. **Examine the Thumbnail:**
   - The thumbnail features two images side-by-side. On the left, there is a photo of an elderly man lying in a hospital bed, connected to medical equipment. On the right, there is a photo of a man in a suit, presumably a news anchor or commentator.
   - The text overlay reads ""EXCLUSIVE 3 MINUTES AGO.""

2. **Read Through the Video Subtitles and Content Description:**
   - The subtitles mention Phil Collins, a musician who was part of the rock band Genesis. It discusses his career, personal life, and health conditions.
   - The content description focuses on Phil Collins' life and career, including his musical journey, personal moments, and health challenges.

3. **Compare the Thumbnail to the Actual Video Content:**
   - The thumbnail suggests a focus on Phil Collins' health conditions, specifically his health challenges.
   - The video content, however, primarily discusses his career and personal life, with only a brief mention of health issues.

4. **Determine if the Thumbnail Accurately Represents the Video's Main Topic or Content:**
   - The thumbnail does not accurately represent the main topic of the video. While the video does touch on health issues, the primary focus is on his career and personal life.

5. **Assess Whether the Thumbnail Uses Exaggeration, False Promises, or Clickbait Tactics:**
   - The thumbnail uses a dramatic image of an elderly man in a hospital bed, which could be considered clickbait as it suggests a serious health issue.
   - However, the text ""EXCLUSIVE 3 MINUTES AGO"" might be seen as a way to attract viewers by implying urgency or breaking news.

6. **Categorize the Thumbnail as Either ""Misleading"" or ""Not Misleading"":**
   - Given that the thumbnail suggests a focus on health issues when the video primarily discusses his career and personal life, it can be considered misleading.

7. **Provide a Brief Explanation for Your Decision:**
   - The thumbnail uses a dramatic image and text that suggest a focus on Phil Collins' health conditions, which is not the primary content of the video. While the video does discuss health issues, the thumbnail misleads viewers by implying that the health discussion is the main focus when it is not.

### Conclusion:
The thumbnail is **misleading** because it suggests a focus on Phil Collins' health conditions when the video primarily discusses his career and personal life."
atHiWtM2ztw,"### Analysis:

1. **Examine the thumbnail**: The thumbnail features two individuals, one of whom appears to be Tom Cruise, with a speech bubble that says ""PUT YOUR MANNERS BACK IN!"" The other individual is a man who looks like he might be a commentator or host.

2. **Read through the video subtitles and content description**: The video content revolves around communication and boundaries, featuring discussions about assertiveness and setting personal limits. It does not appear to be related to Tom Cruise or any form of etiquette advice.

3. **Compare the thumbnail to the actual video content**: The thumbnail suggests a humorous or confrontational interaction involving Tom Cruise, which is not reflected in the video content. The video focuses on a serious discussion about communication techniques and personal boundaries.

4. **Determine if the thumbnail accurately represents the video's main topic or content**: The thumbnail does not accurately represent the educational and informative nature of the video. It misleads viewers into expecting a comedic or unrelated segment involving Tom Cruise.

5. **Assess whether the thumbnail uses exaggeration, false promises, or clickbait tactics**: The thumbnail uses clickbait tactics by suggesting a humorous or controversial interaction that is not present in the video content.

6. **Categorize the thumbnail as either ""Misleading"" or ""Not Misleading""**: Based on the analysis, the thumbnail is clearly misleading.

7. **Brief explanation for the decision**: The thumbnail creates an expectation of a humorous or unrelated segment involving Tom Cruise, which is not aligned with the educational and serious content of the video. This misleads viewers into watching a video they may not find relevant or entertaining.

**Final Decision**: The thumbnail is **Misleading**."
4Tuax8c116I,"### Analysis of the YouTube Video Thumbnail and Content

#### Step 1: Examine the Thumbnail
The thumbnail features a large image of Tom Cruise smiling widely, with the text ""OTE IT WAS NEVER ABOUT KATIE"" prominently displayed. Below the main image, there is a smaller inset showing Tom Cruise jumping onto a couch during an interview with Oprah Winfrey.

#### Step 2: Read Through the Video Subtitles and Content Description
The subtitles mention Tom Cruise jumping onto Oprah Winfrey's couch in 2005 and discuss the reasons behind this event. The content description provides context about the historical and cultural significance of the incident, linking it to the rise and fall of Scientology's influence in the media.

#### Step 3: Compare the Thumbnail to the Actual Video Content
The thumbnail shows Tom Cruise smiling and jumping onto a couch, which aligns closely with the video content described in the subtitles. However, the text ""OTE IT WAS NEVER ABOUT KATIE"" suggests that the video discusses Tom Cruise's actions without focusing on Katie Holmes, who was married to Tom Cruise at the time.

#### Step 4: Determine if the Thumbnail Accurately Represents the Video's Main Topic or Content
The thumbnail accurately represents the main topic of the video, which is Tom Cruise's jump onto Oprah Winfrey's couch. However, the text ""OTE IT WAS NEVER ABOUT KATIE"" introduces a misleading element by implying that the video will not discuss Katie Holmes, which contradicts the content description that mentions her marriage to Tom Cruise.

#### Step 5: Assess Whether the Thumbnail Uses Exaggeration, False Promises, or Clickbait Tactics
The thumbnail uses a clickbait tactic by suggesting that the video will not discuss Katie Holmes, which is not true according to the content description. This creates a misleading expectation for the viewer.

#### Step 6: Categorize the Thumbnail as Either ""Misleading"" or ""Not Misleading""
Based on the analysis, the thumbnail is **misleading** because it introduces a false promise by suggesting that the video will not discuss Katie Holmes, which is incorrect according to the content description.

#### Explanation
The thumbnail effectively captures the main event (Tom Cruise jumping onto Oprah Winfrey's couch) but misleads viewers by implying that the video will not address the context involving Katie Holmes. This creates an expectation that is not met in the video content, making the thumbnail misleading."
0BtWtOIwT9w,"### Analysis of the Thumbnail and Video Content

#### Step 1: Examine the Thumbnail
The thumbnail features two individuals, presumably Unai Emery and his wife Louisa Fernandez, alongside a large text stating ""$13 MILLION."" The image of a modern house is also included, suggesting a luxurious lifestyle.

#### Step 2: Read Through the Video Subtitles and Content Description
The subtitles and content description provide a detailed account of Unai Emery's career as a football manager, highlighting his achievements and controversies. The video does not explicitly mention $13 million or a luxurious lifestyle in the provided content.

#### Step 3: Compare the Thumbnail to the Actual Video Content
The thumbnail prominently displays ""$13 MILLION,"" which is not mentioned in the video content. The video focuses on Emery's career trajectory, achievements, and controversies, rather than discussing his financial situation or lifestyle.

#### Step 4: Determine if the Thumbnail Accurately Represents the Video's Main Topic or Content
The thumbnail misleads viewers by suggesting that the video will discuss Emery's wealth or lifestyle, which is not the primary focus of the video content.

#### Step 5: Assess Whether the Thumbnail Uses Exaggeration, False Promises, or Clickbait Tactics
The thumbnail uses exaggerated language (""$13 MILLION"") to attract attention, which is misleading because the video does not delve into Emery's financial situation.

#### Step 6: Categorize the Thumbnail as Either ""Misleading"" or ""Not Misleading""
The thumbnail is **Misleading**.

#### Explanation
The thumbnail creates an expectation that the video will discuss Emery's wealth or lifestyle, which is not the case. Instead, the video provides a comprehensive profile of his career, achievements, and controversies. The use of ""$13 MILLION"" in the thumbnail is misleading and does not align with the actual content of the video."
bEbfn3M7-sw,"### Analysis of the YouTube Video Thumbnail

#### Step 1: Examine the Thumbnail
The thumbnail features a split image:
- On the left side, there is a photo of a man in a suit being escorted by police officers.
- On the right side, there is a photo of a man in a suit with a red arrow pointing towards him.

#### Step 2: Read Through the Video Subtitles and Content Description
The subtitles indicate that the video discusses Princess Diana's driver breaking his silence regarding her tragic death. The content description mentions scenes related to Diana's life, her driver's interview, and religious imagery.

#### Step 3: Compare the Thumbnail to the Actual Video Content
The thumbnail depicts a scene involving law enforcement and a man in a suit, which aligns with the subtitle mentioning the driver breaking his silence. However, the religious imagery and scenes of prayer and memorials mentioned in the video description are not visually represented in the thumbnail.

#### Step 4: Determine if the Thumbnail Accurately Represents the Video's Main Topic or Content
The thumbnail accurately represents the main topic discussed in the video, which is the driver's interview about Diana's death. However, it does not represent the religious imagery and memorial scenes that are part of the video content.

#### Step 5: Assess Whether the Thumbnail Uses Exaggeration, False Promises, or Clickbait Tactics
The thumbnail does not use exaggerated language or false promises. It accurately reflects the main topic but fails to convey the full range of content, including the religious imagery and memorial scenes.

#### Step 6: Categorize the Thumbnail
Based on the analysis, the thumbnail is **Not Misleading** because it accurately represents the main topic of the video (the driver's interview) but does not fully capture the diverse content of the video, which includes religious imagery and memorial scenes.

#### Explanation
The thumbnail effectively communicates the core subject matter of the video, which is the driver's interview about Diana's death. However, it does not provide a comprehensive visual representation of the entire video content, which includes scenes of religious imagery and memorial activities. Therefore, while the thumbnail is accurate in its depiction of the main topic, it is incomplete in conveying the full scope of the video's content."
suxbsswhORA,"### Analysis:

1. **Examine the Thumbnail**: The thumbnail shows two individuals, one with a surprised or shocked expression and the other with a distressed or emotional look. The text overlay reads, ""she's not what you remember...""

2. **Read Through the Video Subtitles and Content Description**: Since subtitles are not available, we rely on the content description provided. The video seems to feature a young man in a casual setting, likely a bedroom or home office, reacting to various situations or topics. The content appears to be unscripted and captures a range of emotions and expressions.

3. **Compare the Thumbnail to the Actual Video Content**: The thumbnail suggests a dramatic or surprising reveal involving two people. However, the video content description does not mention any interaction between two individuals or any significant reveal. Instead, it focuses on a single individual reacting to different scenarios.

4. **Determine if the Thumbnail Accurately Represents the Video's Main Topic or Content**: The thumbnail does not accurately represent the video's main topic or content. The video does not involve two individuals interacting dramatically; rather, it features a single person reacting to various situations.

5. **Assess Whether the Thumbnail Uses Exaggeration, False Promises, or Clickbait Tactics**: The thumbnail uses exaggerated expressions and a misleading statement (""she's not what you remember..."") that does not align with the actual content described.

6. **Categorize the Thumbnail**: Based on the analysis, the thumbnail is misleading because it sets up a scenario that is not reflected in the actual video content.

7. **Brief Explanation**: The thumbnail creates a sense of intrigue and drama by showing two individuals with exaggerated expressions and a misleading subtitle. However, the video content is entirely focused on a single individual reacting to various situations without any interaction between two people. Therefore, the thumbnail is misleading.

**Conclusion**: The thumbnail is **Misleading**."
eDdUIP2efmo,"### Analysis of the Thumbnail and Video Content

#### Step 1: Examine the Thumbnail
The thumbnail depicts two individuals engaged in a mining activity. One person is holding a pickaxe, and the other appears to be reacting dramatically, possibly due to the presence of a large diamond embedded in a rock formation. The image suggests a high-stakes mining challenge.

#### Step 2: Read Through the Video Subtitles and Content Description
The subtitles indicate a mining challenge involving finding a giant diamond buried deep within a block of concrete. The video content describes a series of attempts to break the concrete to reveal the diamond, with participants using various tools and strategies. The video emphasizes the competitive nature of the challenge, with participants trying to find the diamond before the others.

#### Step 3: Compare the Thumbnail to the Actual Video Content
The thumbnail accurately represents the core theme of the video—a mining challenge involving breaking concrete to find a giant diamond. However, the thumbnail does not explicitly convey the specific rules or the competitive nature of the challenge described in the subtitles.

#### Step 4: Determine if the Thumbnail Accurately Represents the Video's Main Topic or Content
While the thumbnail effectively captures the essence of the mining challenge, it does not provide sufficient detail about the rules or the competitive aspect of the challenge. The thumbnail suggests a more straightforward mining scenario without emphasizing the time constraints and the competitive element mentioned in the subtitles.

#### Step 5: Assess Whether the Thumbnail Uses Exaggeration, False Promises, or Clickbait Tactics
The thumbnail does not use exaggerated language or false promises. It accurately reflects the mining theme but lacks the specific details about the rules and the competitive nature of the challenge.

#### Step 6: Categorize the Thumbnail as Either ""Misleading"" or ""Not Misleading""
Given that the thumbnail provides a general representation of the mining challenge but lacks crucial details about the rules and the competitive aspect, it can be considered **misleading**.

#### Explanation for Decision
The thumbnail effectively captures the mining theme but fails to convey the specific rules and competitive nature of the challenge. While the core activity (mining) is accurately depicted, the lack of detail about the rules and the competitive element makes the thumbnail misleading. Therefore, the thumbnail should be categorized as **misleading**."
WZ68csFtawo,"### Analysis:

#### Step 1: Examine the Thumbnail
The thumbnail features a man in formal attire, a luxury house, a family photo, and a collection of high-end cars. The words ""House,"" ""Family,"" and ""Lifestyle"" are prominently displayed.

#### Step 2: Read Through the Video Subtitles and Content Description
The subtitles and content description focus on the political career, personal life, and financial status of Rishi Sunak. It mentions his rise to power, campaign activities, personal life (including family), and his wealth, particularly his cars and houses.

#### Step 3: Compare the Thumbnail to the Actual Video Content
The thumbnail suggests a video primarily about Rishi Sunak's lifestyle, focusing on his house, family, and cars. However, the video content is more comprehensive, covering his political career, personal life, and financial status.

#### Step 4: Determine if the Thumbnail Accurately Represents the Video's Main Topic or Content
While the thumbnail does include elements related to Sunak's lifestyle (house, family, and cars), it does not fully represent the breadth of topics covered in the video. The video delves into his political career, personal life, and financial status, which are not explicitly highlighted in the thumbnail.

#### Step 5: Assess Whether the Thumbnail Uses Exaggeration, False Promises, or Clickbait Tactics
The thumbnail does not use exaggerated claims or false promises. It accurately reflects the elements of Sunak's lifestyle that are shown in the video but does not capture the full scope of the content.

#### Step 6: Categorize the Thumbnail as Either ""Misleading"" or ""Not Misleading""
Given that the thumbnail focuses on lifestyle elements but the video covers a broader range of topics including his political career and personal life, the thumbnail is somewhat misleading.

#### Step 7: Provide a Brief Explanation for Your Decision
The thumbnail is misleading because it suggests that the video is primarily about Sunak's lifestyle when the video actually covers a much wider range of topics, including his political career and personal life. While the elements of lifestyle are present, they are not the primary focus of the video.

**Final Decision:** Misleading"
1G8XubzTTx4,"### Analysis of the YouTube Video Thumbnail

#### Step 1: Examine the thumbnail
The thumbnail features two prominent figures: Queen Elizabeth II and Princess Diana. The text overlay reads ""SHOCKING REVELATIONS"" and includes a speech bubble saying ""WHY YOU CONTROL ME EVERYTIME?"" This suggests a narrative centered around the control exerted by Queen Elizabeth II over Princess Diana.

#### Step 2: Read through the video subtitles and content description
The subtitles and content description detail the control exercised by Queen Elizabeth II over Princess Diana, focusing on aspects like marriage arrangements, public image management, and restrictions on personal freedom. The video aims to reveal ""shocking revelations"" about the Queen's control over Princess Diana.

#### Step 3: Compare the thumbnail to the actual video content
The thumbnail effectively captures the essence of the video content, which revolves around the theme of control and manipulation within the royal family. It aligns closely with the subtitles and the overall narrative described in the video.

#### Step 4: Determine if the thumbnail accurately represents the video's main topic or content
The thumbnail accurately represents the main topic of the video, which is the control exerted by Queen Elizabeth II over Princess Diana. It highlights the central theme without misleading viewers about the specific revelations or the extent of the control.

#### Step 5: Assess whether the thumbnail uses exaggeration, false promises, or clickbait tactics
The thumbnail does not use exaggerated claims or false promises. It clearly states ""SHOCKING REVELATIONS,"" which is appropriate given the nature of the content. However, the inclusion of the speech bubble ""WHY YOU CONTROL ME EVERYTIME?"" might be seen as slightly clickbait-like, as it adds an emotional element to the otherwise factual content.

#### Step 6: Categorize the thumbnail as either ""Misleading"" or ""Not Misleading""
Based on the analysis, the thumbnail is **Not Misleading**. It accurately reflects the content of the video and does not mislead viewers about the nature of the revelations or the extent of the control discussed.

#### Explanation
The thumbnail effectively communicates the core message of the video without exaggeration or false promises. It accurately represents the theme of control and manipulation within the royal family, which is the central focus of the video. The inclusion of the speech bubble adds a dramatic element but does not mislead viewers about the content or the nature of the revelations. Therefore, the thumbnail is appropriately designed to attract viewers interested in understanding the dynamics of power and control within the British royal family."
r5Kjm-Ded5k,"### Analysis:

1. **Examine the Thumbnail**:
   - The thumbnail features two individuals, one of whom appears to be a well-known actor (Tom Cruise) and another who seems to be a commentator or interviewer.
   - The text overlay on the thumbnail reads, ""You're Crossing a Line!""

2. **Read Through the Video Subtitles and Content Description**:
   - The subtitles indicate a discussion about Tom Cruise's interview with Peter Overton on Australia's 60 Minutes.
   - The content description mentions an analysis of Tom Cruise's career, public persona, and personal life, delivered in a live TV format.
   - The video includes clips of Tom Cruise and interactions between the host and the actor.

3. **Compare the Thumbnail to the Actual Video Content**:
   - The thumbnail suggests a confrontation or a heated exchange between the host and Tom Cruise.
   - However, the video content describes a more measured and professional discussion, with the host analyzing the interview and providing insights rather than engaging in a heated argument.

4. **Determine if the Thumbnail Accurately Represents the Video's Main Topic or Content**:
   - The thumbnail implies a dramatic or confrontational interaction, which does not align with the actual content of the video.

5. **Assess Whether the Thumbnail Uses Exaggeration, False Promises, or Clickbait Tactics**:
   - The thumbnail uses exaggerated language (""You're Crossing a Line!"") to suggest a conflict or controversy that is not present in the actual video content.

6. **Categorize the Thumbnail as Either ""Misleading"" or ""Not Misleading""**:
   - Based on the comparison, the thumbnail is misleading because it suggests a more confrontational interaction than what is actually depicted in the video.

### Explanation:

The thumbnail is misleading because it creates an expectation of a heated confrontation or disagreement between the host and Tom Cruise, which is not reflected in the actual video content. The video is a professional analysis of the interview, and the host discusses the nuances of the conversation without engaging in a dramatic exchange. Therefore, the thumbnail misrepresents the nature of the video by using exaggerated language and imagery."
TaZkl52N3NE,"### Analysis of the Thumbnail and Video Content

#### Step 1: Examine the Thumbnail
The thumbnail features a young boy with a confident smile, accompanied by a woman holding a sign that reads ""HE'S MINE."" The background suggests a sports theme, specifically soccer, given the grassy field.

#### Step 2: Read Through the Video Subtitles and Content Description
The subtitles and content description revolve around the life of Cristiano Ronaldo Jr., detailing his birth, his father's involvement, and the impact of his father's fame on his life. The video does not explicitly mention the ""HE'S MINE"" sign or any direct reference to the boy in the thumbnail.

#### Step 3: Compare the Thumbnail to the Actual Video Content
The thumbnail depicts a young boy with a confident expression, which aligns with the content of the video discussing Cristiano Ronaldo Jr.'s life and experiences. However, the ""HE'S MINE"" sign is not mentioned in the video subtitles or content description. The sign appears to be a creative or symbolic element rather than a literal part of the storyline.

#### Step 4: Determine if the Thumbnail Accurately Represents the Video's Main Topic or Content
The thumbnail accurately represents the main topic of the video, which is about Cristiano Ronaldo Jr. and his life. The image of the boy and the ""HE'S MINE"" sign suggest themes related to family, identity, and the impact of fame on a child's life.

#### Step 5: Assess Whether the Thumbnail Uses Exaggeration, False Promises, or Clickbait Tactics
The thumbnail does not use exaggerated language or false promises. It accurately reflects the content of the video without misleading viewers into expecting something different.

#### Step 6: Categorize the Thumbnail
Based on the analysis, the thumbnail is **Not Misleading**.

#### Explanation
The thumbnail effectively captures the essence of the video's content, which revolves around Cristiano Ronaldo Jr. and his life. The ""HE'S MINE"" sign, while not directly referenced in the video, adds a layer of intrigue and emotional depth to the image, which is appropriate for a documentary-style video exploring the personal and professional life of a famous athlete's child. The thumbnail does not mislead viewers into expecting a different type of content or making false promises."
jmumXFfwqYI,"### Analysis of the YouTube Video Thumbnail and Content

#### Step 1: Examine the Thumbnail
The thumbnail features two contrasting images:
- On the left, a person is sliding down a red water slide with a caution tape around it, labeled ""$1.""
- On the right, a person is sliding down a water slide inside a shark tank, labeled ""$100,000.""

#### Step 2: Read Through the Video Subtitles and Content Description
The subtitles indicate a comparison between a $1 water park experience and a $100,000 water park experience. The video describes a challenge where teams must break five rules at the water park before closing time. The winning team gets to push the losing team off a bridge.

#### Step 3: Compare the Thumbnail to the Actual Video Content
The thumbnail depicts two different scenarios:
- A low-budget water park experience ($1).
- An expensive water park experience ($100,000).

The video content, however, does not match the thumbnail. It focuses on a single water park experience rather than comparing two different experiences. The video does not show a $1 water park; instead, it shows a single water park where participants compete against each other.

#### Step 4: Determine if the Thumbnail Accurately Represents the Video's Main Topic or Content
The thumbnail misleads viewers by suggesting that the video compares two different water park experiences. In reality, the video is about a single water park experience where participants compete against each other.

#### Step 5: Assess Whether the Thumbnail Uses Exaggeration, False Promises, or Clickbait Tactics
The thumbnail uses exaggerated imagery to attract attention. The ""$1"" and ""$100,000"" labels are meant to evoke curiosity and contrast, which might lead viewers to expect a comparison between two vastly different experiences. However, the video does not deliver on this promise.

#### Step 6: Categorize the Thumbnail as Either ""Misleading"" or ""Not Misleading""
Based on the analysis, the thumbnail is **misleading** because it suggests a comparison between two different water park experiences, which is not what the video content delivers.

#### Explanation
The thumbnail creates a misleading impression by implying that the video will compare two different water park experiences. Instead, the video focuses on a single water park experience where participants compete against each other. The exaggerated labels(""$1"" and ""$100,000"") contribute to the misleading nature of the thumbnail by suggesting a comparison that is not present in the video content."
LL5pu9GzziA,"### Analysis of the Thumbnail and Video Content

#### Step 1: Examine the Thumbnail
The thumbnail features two individuals. One is a young man with short dark hair, dressed in a chef's uniform, smiling confidently. The other individual is a muscular man with tattoos, seated at a table with a plate of food in front of him. The background suggests a high-end setting, possibly a restaurant or a studio setup.

#### Step 2: Read Through the Video Subtitles and Content Description
The subtitles indicate that the video involves a young man named Nick who is bringing celebrities their favorite dishes and asking them to rate his food. The content description mentions various scenes involving Nick interacting with different people, often in food-related contexts, such as cooking, eating, and socializing.

#### Step 3: Compare the Thumbnail to the Actual Video Content
The thumbnail shows a chef interacting with a celebrity, which aligns closely with the video's content. However, the setting depicted in the thumbnail (a high-end restaurant or studio) does not necessarily match the various environments shown in the video, such as casual settings, kitchens, and outdoor locations.

#### Step 4: Determine if the Thumbnail Accurately Represents the Video's Main Topic or Content
The thumbnail accurately represents the main topic of the video, which is about a chef bringing food to celebrities and getting their feedback. However, the setting in the thumbnail might be misleading as it does not reflect the diverse environments shown in the video.

#### Step 5: Assess Whether the Thumbnail Uses Exaggeration, False Promises, or Clickbait Tactics
The thumbnail does not use exaggerated claims or false promises. It accurately depicts the core activity of the video but may be slightly misleading regarding the setting.

#### Step 6: Categorize the Thumbnail as Either ""Misleading"" or ""Not Misleading""
Based on the analysis, the thumbnail is **not misleading**. While the setting in the thumbnail might not fully represent the variety of environments shown in the video, it accurately conveys the main activity of the video.

#### Explanation
The thumbnail effectively communicates the core activity of the video—bringing food to celebrities and getting their feedback. Although the setting in the thumbnail might not fully capture the diversity of environments shown in the video, it does not use exaggerated claims or false promises. Therefore, the thumbnail is not misleading."
Mbai1WDCOVM,"### Analysis of the Thumbnail and Video Content

#### Step 1: Examine the Thumbnail
The thumbnail features a soccer player in a yellow and blue uniform, with a dramatic image of a blue sports car partially submerged in water, accompanied by the text ""$7,000,000"". The image suggests a significant financial loss related to a car accident involving a famous soccer player.

#### Step 2: Read Through the Video Subtitles and Content Description
The subtitles and content description mention several high-profile incidents involving soccer players, including:
- Neymar's NFT investments losing value.
- Cristiano Ronaldo's Bugatti Veyron crashing into a house.
- Lionel Messi's purchase of an illegal mansion in Ibiza.

#### Step 3: Compare the Thumbnail to the Actual Video Content
The thumbnail depicts a car accident involving a famous soccer player, which aligns closely with the content described in the subtitles. However, the thumbnail does not explicitly mention any specific player or incident beyond the general theme of financial loss due to car accidents.

#### Step 4: Determine if the Thumbnail Accurately Represents the Video's Main Topic or Content
The thumbnail accurately represents the main topic of the video, which revolves around financial losses incurred by famous soccer players due to car accidents and other incidents.

#### Step 5: Assess Whether the Thumbnail Uses Exaggeration, False Promises, or Clickbait Tactics
The thumbnail does not use exaggerated language or false promises. It clearly indicates a financial loss associated with a car accident, which is a factual representation of the content discussed in the video.

#### Step 6: Categorize the Thumbnail
Based on the analysis, the thumbnail is not misleading because it accurately reflects the main topic of the video, which discusses financial losses incurred by famous soccer players due to car accidents and other incidents.

#### Explanation
The thumbnail effectively communicates the core message of the video, which is about the financial consequences faced by high-profile athletes due to various incidents. It does not use any misleading elements or clickbait tactics. Therefore, the thumbnail is categorized as **Not Misleading**."
JpAXR2iUonA,"### Analysis of the Thumbnail and Video Content

#### Step 1: Examine the Thumbnail
The thumbnail features Scarlett Johansson with the text ""I'M COMING BACK."" It includes an image of her character from the movie *Black Widow*.

#### Step 2: Read Through the Video Subtitles and Content Description
The subtitles indicate that Scarlett Johansson is confirming her return to Marvel, specifically mentioning a secret project involving Kevin Feige. The content description discusses the writers' strike and its impact on the film industry, but does not directly mention Scarlett Johansson's return or the secret project.

#### Step 3: Compare the Thumbnail to the Actual Video Content
The thumbnail prominently features Scarlett Johansson and the phrase ""I'M COMING BACK,"" which aligns with the subtitles stating her confirmation of returning to Marvel. However, the content of the video does not focus solely on her return; instead, it discusses the writers' strike and its implications for the film industry.

#### Step 4: Determine if the Thumbnail Accurately Represents the Video's Main Topic or Content
While the thumbnail suggests Scarlett Johansson's return, the video content is broader and includes discussions about the writers' strike and its effects on the film industry. The thumbnail does not fully represent the entire scope of the video's content.

#### Step 5: Assess Whether the Thumbnail Uses Exaggeration, False Promises, or Clickbait Tactics
The thumbnail uses the phrase ""I'M COMING BACK,"" which is a strong statement that may lead viewers to expect a significant announcement about Scarlett Johansson's return to Marvel. However, the video content does not solely focus on her return but rather discusses the writers' strike and its broader implications.

#### Step 6: Categorize the Thumbnail as Either ""Misleading"" or ""Not Misleading""
Given that the thumbnail suggests a specific focus on Scarlett Johansson's return, which is not the primary content of the video, the thumbnail can be considered **misleading**.

#### Explanation
The thumbnail creates a sense of anticipation for Scarlett Johansson's return to Marvel, which is not the main focus of the video. While the video does discuss her involvement in a secret project, it is not the sole purpose of the video. Therefore, the thumbnail misleads viewers by suggesting a more specific and narrower focus than what the video actually provides."
oRzDZnSmkGw,"### Analysis of the Thumbnail and Video Content

#### Step 1: Examine the Thumbnail
The thumbnail features two individuals walking next to a futuristic, gold-colored car. The individuals are dressed in vibrant, stylish clothing, which aligns with the flamboyant and creative image often associated with Elton John.

#### Step 2: Read Through the Video Subtitles and Content Description
The subtitles and content description provide a detailed biography of Elton John, covering his career achievements, personal relationships, and charitable work. The video appears to be a documentary-style piece that showcases various aspects of Elton John's life and career.

#### Step 3: Compare the Thumbnail to the Actual Video Content
The thumbnail depicts a scene that is visually striking but does not directly relate to the content described in the video. The video content focuses on a biographical montage of Elton John's life, career highlights, and personal anecdotes. The thumbnail, however, shows a scene that could be interpreted as a promotional shot for a luxury car, which is not a significant part of the video's content.

#### Step 4: Determine if the Thumbnail Accurately Represents the Video's Main Topic or Content
The thumbnail does not accurately represent the main topic or content of the video. While the video is indeed about Elton John, the thumbnail does not convey any of the key elements discussed in the video, such as interviews, historical images, or personal anecdotes.

#### Step 5: Assess Whether the Thumbnail Uses Exaggeration, False Promises, or Clickbait Tactics
The thumbnail does not use exaggeration, false promises, or clickbait tactics. However, it does not accurately reflect the content of the video, which could lead viewers to expect a different type of content.

#### Step 6: Categorize the Thumbnail as Either ""Misleading"" or ""Not Misleading""
Given that the thumbnail does not accurately represent the content of the video and may mislead viewers about what to expect, it can be categorized as **Misleading**.

#### Explanation for Decision
The thumbnail shows a scene that is visually striking but does not align with the content of the video. It does not provide any indication of the biographical nature of the video or the personal anecdotes that are central to the content. Therefore, it misleads viewers about the type of content they can expect from the video."
s2UEEryIGDE,"### Analysis of the Thumbnail and Video Content

#### Step 1: Examine the Thumbnail
The thumbnail features a collage of images:
1. A close-up of a person's face with dramatic makeup.
2. A grand stone mansion with an arched entrance.
3. A classic muscle car parked in front of the mansion.
4. A group of people standing in front of the mansion, dressed in formal attire.

#### Step 2: Read Through the Video Subtitles and Content Description
The subtitles indicate that the video focuses on Lisa Bonet's lifestyle, net worth, car collection, and villa. It mentions her prominence in Hollywood, her net worth ($10 million), and her involvement in activism and romantic relationships.

#### Step 3: Compare the Thumbnail to the Actual Video Content
The thumbnail prominently features Lisa Bonet's face, a grand mansion, a classic car, and a group of people in front of the mansion. These elements suggest a focus on luxury, wealth, and possibly a family gathering or celebration.

#### Step 4: Determine if the Thumbnail Accurately Represents the Video's Main Topic or Content
The thumbnail aligns closely with the video's content. It highlights Lisa Bonet's wealth (represented by the mansion and car) and her social life (represented by the group of people). However, the video content also covers her career, activism, and personal relationships, which are not explicitly depicted in the thumbnail.

#### Step 5: Assess Whether the Thumbnail Uses Exaggeration, False Promises, or Clickbait Tactics
The thumbnail does not use exaggerated language or false promises. It accurately reflects the content described in the subtitles, which include her net worth, car collection, and villa.

#### Step 6: Categorize the Thumbnail as Either ""Misleading"" or ""Not Misleading""
The thumbnail is **Not Misleading** because it accurately represents the main topics discussed in the video—wealth, luxury, and social life. While it does not cover all aspects of Lisa Bonet's life mentioned in the subtitles, it effectively conveys the key elements related to her lifestyle and net worth.

#### Explanation
The thumbnail effectively captures the essence of Lisa Bonet's lifestyle, which includes her wealth and social life. Although the video content goes beyond just these elements to cover her career, activism, and personal relationships, the thumbnail still provides a clear indication of the main focus of the video. Therefore, it does not mislead viewers about the content they can expect."
WLhJ7F5SjoU,"### Analysis of the Thumbnail and Video Content

#### Step 1: Examine the Thumbnail
The thumbnail features a young man in a red sports jersey standing next to a luxurious mansion and a red sports car. There is a large red arrow pointing towards the mansion, and a surprised emoji is placed near the woman on the right side of the image.

#### Step 2: Read Through the Video Subtitles and Content Description
The subtitles and video content describe the life story of a young football player named Nico Williams, detailing his journey from a difficult childhood in Africa to achieving success in Europe. The video highlights themes such as perseverance, overcoming hardship, family support, and facing racism in football.

#### Step 3: Compare the Thumbnail to the Actual Video Content
The thumbnail prominently features a luxurious lifestyle, which aligns somewhat with the theme of achieving success. However, the focus on the mansion and car suggests a more glamorous and affluent lifestyle than what the video content actually portrays.

#### Step 4: Determine if the Thumbnail Accurately Represents the Video's Main Topic or Content
While the thumbnail does capture the essence of achieving success, it overemphasizes the luxurious aspects of Nico Williams' life, which are not the primary focus of the video. The video content emphasizes his journey, struggles, and personal growth rather than showcasing his wealth.

#### Step 5: Assess Whether the Thumbnail Uses Exaggeration, False Promises, or Clickbait Tactics
The thumbnail uses exaggerated imagery to attract viewers, which might mislead some audience members into expecting a video filled with lavish lifestyles and celebrity-like success stories. It does not explicitly promise these elements but implies them through the visuals.

#### Step 6: Categorize the Thumbnail as Either ""Misleading"" or ""Not Misleading""
Based on the analysis, the thumbnail can be categorized as **Misleading**.

#### Explanation for Decision
The thumbnail significantly overemphasizes the luxurious aspects of Nico Williams' life, which are not the central themes of the video. While the video does showcase his success, it focuses more on his journey, challenges, and personal growth. The thumbnail's emphasis on wealth and luxury may mislead viewers into expecting a different type of content, thus making it misleading."
PaFMAgfkpyY,"### Analysis of the Thumbnail and Video Content

#### Step 1: Examine the Thumbnail
The thumbnail shows a person sitting in a luxurious first-class cabin on an airplane, holding a large dessert. The setting appears to be opulent, with gold accents and a comfortable bed visible in the background. The overall impression is one of luxury and indulgence.

#### Step 2: Read Through the Video Subtitles and Content Description
The video content describes a first-class airline experience, highlighting various amenities and services provided during the flight. It includes scenes of the passenger interacting with flight attendants, enjoying meals, and engaging in playful moments. The video also touches on a few challenges involving the use of the airplane's facilities, such as the shower spa and a facial treatment device.

#### Step 3: Compare the Thumbnail to the Actual Video Content
The thumbnail depicts a luxurious first-class cabin with a focus on comfort and indulgence, which aligns closely with the video content. However, the thumbnail does not explicitly mention any of the challenges or playful interactions that are part of the video's narrative.

#### Step 4: Determine if the Thumbnail Accurately Represents the Video's Main Topic or Content
While the thumbnail accurately represents the luxurious setting of a first-class cabin, it does not convey the full scope of the video's content. The video includes elements beyond just the luxurious cabin, such as the challenges and playful interactions, which are not depicted in the thumbnail.

#### Step 5: Assess Whether the Thumbnail Uses Exaggeration, False Promises, or Clickbait Tactics
The thumbnail does not use exaggerated imagery or false promises. It accurately reflects the luxurious setting of the first-class cabin, which is a key element of the video's content.

#### Step 6: Categorize the Thumbnail as Either ""Misleading"" or ""Not Misleading""
Given that the thumbnail accurately represents the luxurious setting of the first-class cabin but does not fully capture the additional elements of the video (such as the challenges and playful interactions), it can be considered **not misleading**.

#### Explanation
The thumbnail effectively sets the expectation for a luxurious first-class experience, which is indeed the primary focus of the video. However, it does not fully convey the additional elements of the video, such as the challenges and playful interactions, which are integral parts of the narrative. Therefore, while the thumbnail is not misleading in terms of the overall experience depicted, it is incomplete in capturing the full breadth of the video's content."
dFI2YX1TnEo,"### Analysis of the YouTube Video Thumbnail

#### Step 1: Examine the Thumbnail
The thumbnail features a man standing in front of a luxurious mansion, with a red sports car and a futuristic-looking vehicle in the background. The text ""Jamie Foxx"" is prominently displayed at the top.

#### Step 2: Read Through the Video Subtitles and Content Description
The subtitles and video content describe a comprehensive look into Jamie Foxx's life, including his career achievements, personal interests, philanthropy, and lifestyle. The video highlights his mansion, luxury cars, and other aspects of his wealth and success.

#### Step 3: Compare the Thumbnail to the Actual Video Content
The thumbnail effectively captures the essence of the video content, which revolves around Jamie Foxx's life and success. It showcases elements such as the mansion, luxury cars, and the overall theme of affluence and success.

#### Step 4: Determine if the Thumbnail Accurately Represents the Video's Main Topic or Content
The thumbnail accurately represents the main topics discussed in the video, which include Jamie Foxx's mansion, luxury cars, and his overall lifestyle.

#### Step 5: Assess Whether the Thumbnail Uses Exaggeration, False Promises, or Clickbait Tactics
There is no indication of exaggeration, false promises, or clickbait tactics in the thumbnail. It clearly conveys the theme of Jamie Foxx's lifestyle and success without misleading the viewer.

#### Step 6: Categorize the Thumbnail
The thumbnail is categorized as **Not Misleading**.

#### Explanation
The thumbnail effectively communicates the main themes of the video, which revolve around Jamie Foxx's lifestyle, wealth, and success. It does not use any exaggerated claims or misleading elements. Instead, it accurately reflects the content described in the video subtitles and the video description. Therefore, it is not misleading."
VFqY8vAUkCE,"### Analysis of the Thumbnail and Video Content

#### Step 1: Examine the Thumbnail
The thumbnail features two soccer players facing each other, with one player appearing to be yelling at the other. The text overlay reads, ""THE F*** YOU SAY?""

#### Step 2: Read Through the Video Subtitles and Content Description
The video content includes a variety of soccer-related scenes and news clips, focusing on high-profile players and moments in professional soccer. The subtitles discuss conflicts and rivalries among players, such as Cristiano Ronaldo, Lionel Messi, and Neymar, as well as incidents involving players like Roy Keane and Alfie Holland.

#### Step 3: Compare the Thumbnail to the Actual Video Content
The thumbnail depicts a confrontation between two players, which aligns with the theme of conflicts and rivalries discussed in the subtitles. However, the thumbnail does not specifically highlight any particular incident or player mentioned in the subtitles.

#### Step 4: Determine if the Thumbnail Accurately Represents the Video's Main Topic or Content
While the thumbnail suggests a confrontation, it does not specify which players or incidents are being referenced. The video content covers multiple conflicts and rivalries among different players, but the thumbnail does not provide clear context about which specific rivalry is being highlighted.

#### Step 5: Assess Whether the Thumbnail Uses Exaggeration, False Promises, or Clickbait Tactics
The thumbnail uses a confrontational image to attract viewers' attention, which is common in sports content. However, it does not explicitly promise or exaggerate the content of the video.

#### Step 6: Categorize the Thumbnail as Either ""Misleading"" or ""Not Misleading""
Given that the thumbnail does not clearly indicate which specific rivalry or incident is being discussed, it can be considered misleading. While it captures the general theme of conflict in soccer, it does not provide sufficient context for viewers to understand the specific content of the video.

#### Step 7: Provide a Brief Explanation for the Decision
The thumbnail uses a confrontational image to attract viewers, but it does not specify which players or incidents are being discussed. This lack of clarity makes the thumbnail misleading, as it does not accurately represent the video's main topic or content.

**Final Decision:** Misleading"
wA-Xgjcz5jE,"### Analysis of the YouTube Video Thumbnail

#### Step 1: Examine the Thumbnail
The thumbnail features a man in a suit holding cash and pointing towards a warehouse filled with boxes and a luxury sports car parked outside a modern building. The text on the thumbnail reads ""REALITY EXPECTATIONS in UK.""

#### Step 2: Read Through the Video Subtitles and Content Description
The video content describes a guide for moving to and studying in the UK. It discusses challenges such as culture shock, loneliness, and the difficulty of finding accommodation. The presenter also talks about earning money and using a bank called iFAST Global Bank.

#### Step 3: Compare the Thumbnail to the Actual Video Content
The thumbnail suggests a narrative focused on financial success and luxury, implying that moving to the UK will lead to wealth and material possessions. However, the video content primarily focuses on the challenges and realities of living and studying in the UK, including cultural differences, loneliness, and difficulties in finding accommodation.

#### Step 4: Determine if the Thumbnail Accurately Represents the Video's Main Topic or Content
The thumbnail does not accurately represent the main topic or content of the video. While the video does touch on financial aspects, the primary focus is on the challenges and realities of living in the UK rather than the promise of financial success.

#### Step 5: Assess Whether the Thumbnail Uses Exaggeration, False Promises, or Clickbait Tactics
The thumbnail uses exaggerated imagery and text to suggest that moving to the UK will lead to financial success and luxury. This is misleading as the video content emphasizes the challenges and realities of living in the UK.

#### Step 6: Categorize the Thumbnail as Either ""Misleading"" or ""Not Misleading""
Based on the analysis, the thumbnail is **Misleading**.

#### Explanation for Decision
The thumbnail creates an expectation of financial success and luxury, which is not supported by the video content. Instead, the video focuses on the challenges and realities of living and studying in the UK. The use of exaggerated imagery and text to suggest a different outcome than what is actually discussed in the video makes the thumbnail misleading."
Eu-gVqv_l0k,"### Analysis of the Thumbnail and Video Content

#### Step 1: Examine the Thumbnail
The thumbnail features two individuals, one labeled as ""Princess Diana"" and the other as ""King Charles."" The text ""SHOCKING SECRETS"" is prominently displayed, along with a speech bubble saying ""I KNOW YOUR SECRET."" The overall design suggests a sensationalist theme, hinting at revelations about the royal couple's relationship.

#### Step 2: Read Through the Video Subtitles and Content Description
The subtitles and content description focus on revealing ""shocking secrets"" about Princess Diana and King Charles. The video discusses topics such as Charles' lack of love, Diana's mental health struggles, and the disappointment over Prince Harry's birth. These points align closely with the theme suggested by the thumbnail.

#### Step 3: Compare the Thumbnail to the Actual Video Content
The thumbnail effectively captures the essence of the video content by highlighting the royal couple and the theme of ""shocking secrets."" The subtitle ""SHOCKING SECRETS"" directly corresponds to the content described in the video subtitles.

#### Step 4: Determine if the Thumbnail Accurately Represents the Video's Main Topic or Content
The thumbnail accurately represents the main topic of the video, which revolves around revealing ""shocking secrets"" about the royal couple. It does not mislead viewers into expecting a different type of content.

#### Step 5: Assess Whether the Thumbnail Uses Exaggeration, False Promises, or Clickbait Tactics
The thumbnail does not use exaggerated language or false promises. Instead, it accurately reflects the content of the video, which is focused on revealing ""shocking secrets"" about the royal couple.

#### Step 6: Categorize the Thumbnail
Based on the analysis, the thumbnail is not misleading. It accurately represents the content of the video without using exaggerated language or false promises.

#### Step 7: Provide a Brief Explanation for the Decision
The thumbnail effectively communicates the theme of the video, which is centered around revealing ""shocking secrets"" about the royal couple. It does not mislead viewers into expecting a different type of content. Therefore, the thumbnail is categorized as ""Not Misleading."""
nGTYZRs0ljw,"### Analysis of the Thumbnail and Video Content

#### Step 1: Examine the Thumbnail
The thumbnail features two individuals in a swimming pool setting. One person is holding a blue ice cream cone, and the other is holding a slice of pepperoni pizza. The text on the thumbnail reads ""ONE COLOR.""

#### Step 2: Read Through the Video Subtitles and Content Description
The video subtitles indicate that the challenge involves eating only one colored food for 24 hours. The teams are divided into a ""Red Team"" and a ""Black Team,"" and the winner will receive $10,000. The video showcases various food-related tasks and challenges, including eating large quantities of food, shopping for food, and underwater eating.

#### Step 3: Compare the Thumbnail to the Actual Video Content
- **Thumbnail**: The image shows a blue ice cream cone and a slice of pepperoni pizza, suggesting the theme revolves around food.
- **Video Content**: The video primarily focuses on eating challenges involving black and red foods, with a mix of other activities like shopping, underwater eating, and various food-related tasks.

#### Step 4: Determine if the Thumbnail Accurately Represents the Video's Main Topic or Content
The thumbnail does not accurately represent the main topic or content of the video. While the video does involve food challenges, the specific foods mentioned in the thumbnail (blue ice cream and pepperoni pizza) are not central to the main challenge described in the subtitles.

#### Step 5: Assess Whether the Thumbnail Uses Exaggeration, False Promises, or Clickbait Tactics
The thumbnail uses exaggerated imagery to attract viewers, which might mislead them into expecting a video focused solely on eating blue ice cream and pepperoni pizza. However, the thumbnail does not explicitly promise or suggest that these are the primary elements of the challenge.

#### Step 6: Categorize the Thumbnail
Based on the analysis, the thumbnail is misleading because it does not accurately reflect the main focus of the video, which is centered around eating only black and red foods.

#### Step 7: Provide a Brief Explanation for the Decision
The thumbnail uses exaggerated imagery of blue ice cream and pepperoni pizza to attract viewers, but the video content is primarily about eating black and red foods. This discrepancy between the thumbnail and the actual video content makes the thumbnail misleading.

### Conclusion
**The thumbnail is Misleading.**"
r1xsuPlKis8,"### Analysis of the Thumbnail and Video Content

#### Step 1: Examine the Thumbnail
The thumbnail features two individuals, one labeled with ""$100 MILLION NETFLIX DEAL"" and the other with ""ROYAL NEPOTISM"". The image suggests a connection between a Netflix deal and royal nepotism.

#### Step 2: Read Through the Video Subtitles and Content Description
The subtitles and content description indicate that the video explores various aspects of the British royal family, including their history, controversies, and connections to wealth and power. The video mentions 15 cases of favoritism or nepotism involving royal figures, focusing on specific instances such as King Edward II's favoritism towards his inner circle, Queen Victoria's relationship with John Brown, and King Charles's reliance on his inner circle.

#### Step 3: Compare the Thumbnail to the Actual Video Content
The thumbnail does not directly represent the content of the video. While the video discusses royal nepotism, the thumbnail focuses on a Netflix deal, which is not explicitly mentioned in the video content. The thumbnail suggests a connection between the Netflix deal and royal nepotism, which is not supported by the video content.

#### Step 4: Determine if the Thumbnail Accurately Represents the Video's Main Topic or Content
The thumbnail does not accurately represent the main topic of the video. The video primarily discusses royal nepotism and favoritism, whereas the thumbnail suggests a connection to a Netflix deal, which is not a central theme of the video.

#### Step 5: Assess Whether the Thumbnail Uses Exaggeration, False Promises, or Clickbait Tactics
The thumbnail uses exaggerated language (""$100 MILLION NETFLIX DEAL"") and implies a direct connection between the Netflix deal and royal nepotism, which is misleading. This suggests the use of clickbait tactics to attract viewers.

#### Step 6: Categorize the Thumbnail as Either ""Misleading"" or ""Not Misleading""
Based on the analysis, the thumbnail is **Misleading**.

#### Explanation
The thumbnail misleads viewers by suggesting a direct connection between a Netflix deal and royal nepotism, which is not supported by the video content. The exaggerated language and implied connection to a Netflix deal are clickbait tactics designed to attract viewers, which is not appropriate for a video discussing royal controversies. Therefore, the thumbnail is misleading."
Q4MoOAtQWkI,"### Analysis of the Thumbnail and Video Content

#### Step 1: Examine the Thumbnail
The thumbnail features two individuals, one of whom appears to be a well-known actor, and the other dressed in a colorful outfit. The text overlay reads ""EXCLUSIVE 'WHAT WAS HE THINKING'"".

#### Step 2: Read Through the Video Subtitles and Content Description
The subtitles discuss controversies surrounding actors in the DC Universe, specifically mentioning Ezra Miller, Amber Heard, and Henry Cavill. The content describes issues related to casting decisions and controversies within the DC franchise.

#### Step 3: Compare the Thumbnail to the Actual Video Content
The thumbnail does not visually represent the content described in the subtitles. It does not feature any of the actors mentioned (Ezra Miller, Amber Heard, or Henry Cavill). Instead, it shows two individuals that appear unrelated to the topics discussed in the subtitles.

#### Step 4: Determine if the Thumbnail Accurately Represents the Video's Main Topic or Content
The thumbnail does not accurately represent the video's main topic or content. It does not depict any of the actors involved in the controversies mentioned in the subtitles.

#### Step 5: Assess Whether the Thumbnail Uses Exaggeration, False Promises, or Clickbait Tactics
The thumbnail uses clickbait tactics by posing a question (""What Was He Thinking"") without providing context or visual representation of the actors involved in the controversies.

#### Step 6: Categorize the Thumbnail as Either ""Misleading"" or ""Not Misleading""
The thumbnail is **misleading**.

#### Explanation
The thumbnail is misleading because it does not visually represent the content of the video. It uses a question format to attract viewers, which is a common clickbait tactic, but fails to provide relevant imagery or context. The thumbnail does not align with the video's focus on controversies involving specific actors in the DC Universe."
R2GnpTRiplc,"### Analysis of the Thumbnail and Video Content

#### Step 1: Examine the Thumbnail
The thumbnail features a man with exaggerated facial features, including a large nose and wide eyes, alongside a puppet with a similar exaggerated expression. The Amazon logo is prominently displayed in the background.

#### Step 2: Read Through the Video Subtitles and Content Description
The video subtitles indicate that the content involves opening banned Amazon products to find out what's wrong with them. The specific products mentioned include a banned Barbie doll, a bungee cord, and a snow machine. The video also mentions other products like a snowball cannon and a fog machine.

#### Step 3: Compare the Thumbnail to the Actual Video Content
The thumbnail depicts a humorous and exaggerated scenario involving a man and a puppet, which does not align with the actual content described in the subtitles. The video focuses on reviewing and testing banned Amazon products, which is a serious and informative task.

#### Step 4: Determine if the Thumbnail Accurately Represents the Video's Main Topic or Content
The thumbnail does not accurately represent the video's main topic or content. It suggests a comedic or exaggerated scenario that is not present in the actual video.

#### Step 5: Assess Whether the Thumbnail Uses Exaggeration, False Promises, or Clickbait Tactics
The thumbnail uses exaggerated imagery and expressions to attract viewers, which could be perceived as clickbait. However, the content itself is informative and does not rely on such exaggerated visuals.

#### Step 6: Categorize the Thumbnail as Either ""Misleading"" or ""Not Misleading""
Based on the analysis, the thumbnail is misleading because it does not accurately represent the video's content. It suggests a humorous or exaggerated scenario that is not depicted in the actual video.

#### Explanation
The thumbnail uses exaggerated imagery and expressions to attract viewers, which could be perceived as clickbait. While the video content is informative and does not rely on such exaggerated visuals, the thumbnail does not accurately represent the video's main topic or content. Therefore, the thumbnail is misleading."
KuX_gIhRMyo,"### Analysis:

#### Step 1: Examine the Thumbnail
The thumbnail features two individuals engaged in an interview. One individual is holding a microphone and appears to be speaking, while the other is listening. The text overlay on the thumbnail reads, ""YOU DON'T KNOW THE HISTORY!"" and ""WHERE IT WENT WRONG.""

#### Step 2: Read Through the Video Subtitles and Content Description
The subtitles indicate that the video is a commentary or reaction to a specific interview involving Tom Cruise and Matt Lauer. The main speaker discusses the dynamics of the interview, focusing on how the interview went wrong due to the interviewer's approach and the interviewee's responses.

#### Step 3: Compare the Thumbnail to the Actual Video Content
The thumbnail depicts a general interview scenario, which aligns with the content described in the video. However, the thumbnail does not specifically highlight the historical context or the specific issues discussed in the video.

#### Step 4: Determine if the Thumbnail Accurately Represents the Video's Main Topic or Content
While the thumbnail captures the essence of an interview, it does not provide enough detail to convey the specific focus of the video, which is analyzing the dynamics of the interview and the reasons behind its perceived failure.

#### Step 5: Assess Whether the Thumbnail Uses Exaggeration, False Promises, or Clickbait Tactics
The thumbnail does not use exaggerated claims or false promises. It simply presents a generic interview scene, which is appropriate for the content of the video.

#### Step 6: Categorize the Thumbnail as Either ""Misleading"" or ""Not Misleading""
Given that the thumbnail provides a general representation of an interview without specifying the historical context or the specific issues discussed in the video, it can be considered **misleading**.

#### Explanation:
The thumbnail fails to convey the specific focus of the video, which is analyzing the dynamics of the interview and the reasons behind its perceived failure. While it correctly depicts an interview setting, it does not provide enough context to accurately represent the detailed analysis presented in the video. Therefore, the thumbnail is misleading."
B9RM-2ECYIE,"### Analysis of the Thumbnail and Video Content

#### Step 1: Examine the Thumbnail
The thumbnail features a soccer player, a woman, and a large mansion valued at $32 million. The image suggests a connection between the soccer player and the luxurious property.

#### Step 2: Read Through the Video Subtitles and Content Description
The video content focuses on the biography of a professional soccer player named John Stones, detailing his journey from Barnsley to Manchester City. It covers his career achievements, personal life, and family dynamics. The video does not mention any specific connection to a $32 million mansion.

#### Step 3: Compare the Thumbnail to the Actual Video Content
The thumbnail prominently displays a mansion valued at $32 million, which is not mentioned or depicted in the video content. The video primarily discusses the player's career and personal life, without any reference to the mansion.

#### Step 4: Determine if the Thumbnail Accurately Represents the Video's Main Topic or Content
The thumbnail does not accurately represent the video's main topic or content. It introduces an element (the mansion) that is not present in the video.

#### Step 5: Assess Whether the Thumbnail Uses Exaggeration, False Promises, or Clickbait Tactics
The thumbnail uses exaggerated imagery (a mansion valued at $32 million) to attract viewers, which is misleading because the video does not discuss or feature this mansion.

#### Step 6: Categorize the Thumbnail as Either ""Misleading"" or ""Not Misleading""
The thumbnail is **Misleading**.

#### Explanation for Decision
The thumbnail introduces a significant element (a $32 million mansion) that is not present in the video content. This creates a misleading impression that the video will discuss the player's connection to such a property, which it does not. The thumbnail uses exaggerated imagery to attract viewers, which is a common tactic used in clickbait videos, but in this case, it misleads the viewer about the actual content of the video."
cr8o7SkyMRk,"### Analysis of the Thumbnail and Video Content

#### Step 1: Examine the Thumbnail
The thumbnail features a large image of Kai Havertz wearing an Arsenal jersey, with a modern, luxurious house in the background. The text overlay reads ""Career, Lifestyle & Networth: Kai Havertz On The Spot!""

#### Step 2: Read Through the Video Subtitles and Content Description
The subtitles and content description provide a comprehensive overview of Kai Havertz's career progression, from his early days as a young boy playing for local clubs to his current status as a professional footballer with Arsenal and the German national team. The video highlights his achievements, including his transfer to Chelsea, his performances in the UEFA Champions League, and his contributions to the German national team.

#### Step 3: Compare the Thumbnail to the Actual Video Content
The thumbnail prominently features a luxurious house, which is not a significant part of the video content. The video does not delve into the lifestyle or net worth of Kai Havertz; instead, it focuses on his career milestones and achievements.

#### Step 4: Determine if the Thumbnail Accurately Represents the Video's Main Topic or Content
The thumbnail suggests that the video will cover Kai Havertz's lifestyle and net worth, which is not the primary focus of the video. The video is more about his career progression and achievements.

#### Step 5: Assess Whether the Thumbnail Uses Exaggeration, False Promises, or Clickbait Tactics
The thumbnail uses a misleading tactic by promising viewers information about Kai Havertz's lifestyle and net worth, which is not the main content of the video. It creates an expectation that is not fulfilled.

#### Step 6: Categorize the Thumbnail as Either ""Misleading"" or ""Not Misleading""
Based on the analysis, the thumbnail is **misleading** because it promises viewers information about Kai Havertz's lifestyle and net worth, which is not the main focus of the video.

#### Explanation
The thumbnail misleads viewers by suggesting that the video will provide detailed information about Kai Havertz's lifestyle and net worth, which is not the case. Instead, the video focuses on his career progression and achievements. This creates an expectation that is not met, which is a common tactic used in clickbait videos."
8yRH3ecJRpY,"### Analysis of the YouTube Video Thumbnail

#### Step 1: Examine the Thumbnail
The thumbnail features two prominent figures, Cristiano Ronaldo and LeBron James, each labeled with their respective net worths ($500 million and $999 million). The central image is a grand mansion, symbolizing wealth and luxury. The text ""VS"" is prominently displayed, indicating a comparison between the two athletes.

#### Step 2: Read Through the Video Subtitles and Content Description
The subtitles and video content describe a comparison between the lifestyles of LeBron James and Cristiano Ronaldo, focusing on their wealth, properties, and possessions. The video highlights their respective estates, car collections, and other assets.

#### Step 3: Compare the Thumbnail to the Actual Video Content
The thumbnail effectively captures the essence of the video's content by showing a comparison between the two athletes' lifestyles. It visually represents the wealth and luxury associated with each individual, which aligns closely with the video's focus on comparing their financial achievements and possessions.

#### Step 4: Determine if the Thumbnail Accurately Represents the Video's Main Topic or Content
The thumbnail accurately represents the main topic of the video, which is a comparison of the lifestyles of LeBron James and Cristiano Ronaldo based on their wealth and possessions.

#### Step 5: Assess Whether the Thumbnail Uses Exaggeration, False Promises, or Clickbait Tactics
There is no indication of exaggeration, false promises, or clickbait tactics in the thumbnail. It clearly communicates the purpose of the video without misleading viewers.

#### Step 6: Categorize the Thumbnail
The thumbnail is **Not Misleading**.

#### Explanation
The thumbnail effectively communicates the core message of the video, which is a comparison of the lifestyles of LeBron James and Cristiano Ronaldo. It does not use any exaggerated claims or misleading elements. Instead, it accurately reflects the content of the video by highlighting the wealth and possessions of both athletes. Therefore, it is categorized as **Not Misleading**."
6p38dCSHAVc,"### Analysis of the YouTube Video Thumbnail and Content

#### Step 1: Examine the Thumbnail
The thumbnail features two images side-by-side:
- On the left, a man is smiling and appears to be speaking directly to the camera.
- On the right, the same man is lying in a hospital bed, looking tired and possibly unwell.

Below these images, the text reads: **""I WAS BETRAYED""**.

#### Step 2: Read Through the Video Subtitles and Content Description
The subtitles and content description indicate that the video is about Jamie Foxx's medical emergency and the subsequent speculation surrounding it. The key points include:
- Jamie Foxx suffered a severe headache and lost memory for 20 days.
- He was hospitalized, and doctors told him there was something wrong with his brain.
- There is speculation about potential involvement of fentanyl or other substances.
- The video explores the aftermath and the impact of the incident on Jamie Foxx’s life and career.

#### Step 3: Compare the Thumbnail to the Actual Video Content
The thumbnail effectively captures the essence of the video content. It shows Jamie Foxx both in a positive light (smiling) and in a negative light (in a hospital bed). The text ""I WAS BETRAYED"" aligns with the theme of betrayal and speculation surrounding the incident.

#### Step 4: Determine if the Thumbnail Accurately Represents the Video's Main Topic or Content
The thumbnail accurately represents the main topic of the video, which revolves around Jamie Foxx's medical emergency and the resulting speculation and betrayal.

#### Step 5: Assess Whether the Thumbnail Uses Exaggeration, False Promises, or Clickbait Tactics
There is no exaggeration or false promise in the thumbnail. It clearly conveys the emotional tone and context of the video without misleading viewers.

#### Step 6: Categorize the Thumbnail
Based on the analysis, the thumbnail is **Not Misleading**.

#### Explanation
The thumbnail effectively communicates the emotional and factual context of the video content. It does not use exaggerated language or false promises. Instead, it sets the stage for the viewer to understand that the video will explore themes of betrayal and speculation surrounding Jamie Foxx's medical emergency. Therefore, it is appropriate and accurate representation of the video's content."
Aun_RGA_u0k,"### Analysis of the Thumbnail and Video Content

#### Step 1: Examine the Thumbnail
The thumbnail features a young boy and a man, with a speech bubble saying ""I'M NOT YOUR DAD!"" This image suggests a humorous or dramatic scenario involving a father-son relationship.

#### Step 2: Read Through the Video Subtitles and Content Description
The video content described includes a mix of sports, news, and personal scenes. It does not mention any specific scenario involving a father-son relationship or a humorous interaction between a man and a young boy.

#### Step 3: Compare the Thumbnail to the Actual Video Content
The thumbnail depicts a humorous or dramatic interaction between a man and a young boy, which is completely unrelated to the content described in the video. The video focuses on sports, news, and personal scenes, none of which involve a father-son relationship or a humorous interaction similar to the one depicted in the thumbnail.

#### Step 4: Determine if the Thumbnail Accurately Represents the Video's Main Topic or Content
The thumbnail does not accurately represent the video's main topics or content. It misleads viewers by suggesting a humorous or dramatic interaction that is not present in the video.

#### Step 5: Assess Whether the Thumbnail Uses Exaggeration, False Promises, or Clickbait Tactics
The thumbnail uses exaggerated imagery and a misleading statement (""I'M NOT YOUR DAD!"") to attract viewers, which is a clear example of clickbait tactics.

#### Step 6: Categorize the Thumbnail as Either ""Misleading"" or ""Not Misleading""
The thumbnail is clearly ""Misleading.""

#### Explanation for Decision
The thumbnail uses exaggerated imagery and a misleading statement to attract viewers, which is a clear example of clickbait tactics. The content of the video does not match the imagery or the statement in the thumbnail, leading viewers to expect a different type of content than what they receive. Therefore, the thumbnail is misleading."
kQkd4h3V1gY,"### Analysis of the YouTube Video Thumbnail and Content

#### Step 1: Examine the Thumbnail
The thumbnail features two individuals (Prince William and Prince Harry) alongside an image of Prince Charles being escorted by police officers. The text overlay reads, ""EXCLUSIVE 'HE IS GOING TO JAIL'"".

#### Step 2: Read Through the Video Subtitles and Content Description
The subtitles and content description focus on the life of Princess Diana, her relationship with Prince Charles, and the impact of her legacy on the royal family. There is no mention of any individuals going to jail, nor does the content description suggest any legal implications involving the royal family.

#### Step 3: Compare the Thumbnail to the Actual Video Content
The thumbnail depicts a scenario involving Prince Charles being escorted by police officers, which is completely unrelated to the content of the video. The video is a documentary about Princess Diana and her life within the royal family, not about any individual going to jail.

#### Step 4: Determine if the Thumbnail Accurately Represents the Video's Main Topic or Content
The thumbnail does not accurately represent the video's main topic or content. It misleads viewers by suggesting a dramatic and sensational event involving Prince Charles, which is not present in the video.

#### Step 5: Assess Whether the Thumbnail Uses Exaggeration, False Promises, or Clickbait Tactics
The thumbnail uses exaggerated language (""HE IS GOING TO JAIL"") and creates a false promise of a shocking revelation about a royal family member going to jail. This is clickbait designed to attract viewers who are interested in sensational news about the royal family.

#### Step 6: Categorize the Thumbnail as Either ""Misleading"" or ""Not Misleading""
Based on the analysis, the thumbnail is clearly misleading.

#### Step 7: Provide a Brief Explanation for Your Decision
The thumbnail is misleading because it suggests a dramatic and sensational event involving Prince Charles going to jail, which is entirely unrelated to the content of the video. The video is a documentary about Princess Diana and her life within the royal family, not about any individual going to jail. The use of exaggerated language and a false promise of a shocking revelation is indicative of clickbait tactics commonly used to attract viewers."
VTIObhsJ4bk,"### Analysis of the Thumbnail and Video Content

#### Step 1: Examine the Thumbnail
The thumbnail features two images side by side:
- On the left, there is a man with white hair and glasses, seemingly speaking or presenting.
- On the right, there is a character dressed in a costume resembling a superhero or villain, with a mask and red hair.

Below these images, the text reads: ""'WE HAD NO CHOICE'"".

#### Step 2: Read Through the Video Subtitles and Content Description
The video subtitles discuss controversial moments in the DC Universe, specifically mentioning ""The Killing Joke,"" ""Superman Grounded,"" and ""Batman Damned."" These are all references to specific comic book stories and events that have caused controversy among fans due to their content and impact on the canon.

#### Step 3: Compare the Thumbnail to the Actual Video Content
The thumbnail does not visually represent any of the specific comic book stories mentioned in the subtitles. Instead, it features a generic superhero/villain character and a person speaking, which could be interpreted as a general discussion about the DC Universe rather than a specific controversy.

#### Step 4: Determine if the Thumbnail Accurately Represents the Video's Main Topic or Content
The thumbnail does not accurately represent the specific content of the video, which focuses on controversial moments in the DC Universe. It lacks any visual elements that would indicate the discussion of ""The Killing Joke,"" ""Superman Grounded,"" or ""Batman Damned.""

#### Step 5: Assess Whether the Thumbnail Uses Exaggeration, False Promises, or Clickbait Tactics
The thumbnail does not use exaggerated language or false promises. However, it does not clearly communicate the specific topics discussed in the video, which could lead viewers to expect a different type of content.

#### Step 6: Categorize the Thumbnail as Either ""Misleading"" or ""Not Misleading""
Given that the thumbnail does not accurately represent the specific content of the video and might mislead viewers about the nature of the discussion, it can be categorized as **Misleading**.

#### Explanation
The thumbnail fails to provide clear visual cues that align with the specific topics discussed in the video subtitles. While it does not use exaggerated language or false promises, it does not effectively communicate the focus on controversial moments in the DC Universe, leading viewers to expect a different type of content. Therefore, the thumbnail is misleading."
PsftgBIY8Qg,"### Analysis of the Thumbnail and Video Content

#### Step 1: Examine the Thumbnail
The thumbnail features a lighthouse at night, illuminated by beams of light. There is a close-up image of a window with a grid pattern, which appears to be part of the lighthouse structure. The word ""WARNING"" is prominently displayed in bold red letters, suggesting a sense of danger or caution.

#### Step 2: Read Through the Video Subtitles and Content Description
The subtitles indicate that the video involves a paranormal investigation at a lighthouse in St. Augustine, Florida. The narrator mentions using a flashlight and performing a ""3-2-1"" countdown, which is described as a ""weird thing."" The video also references a caretaker's house and a tour guide who shared a story about ghostly activity involving glowing sticks. The narrator expresses excitement about the experience and mentions that the flashlight was tapped during the investigation.

#### Step 3: Compare the Thumbnail to the Actual Video Content
The thumbnail depicts a lighthouse at night, which aligns with the video's setting. However, the close-up of the window grid does not directly relate to the main content of the video, which focuses on the paranormal investigation itself rather than the lighthouse structure.

#### Step 4: Determine if the Thumbnail Accurately Represents the Video's Main Topic or Content
The thumbnail effectively sets the scene for a paranormal investigation, which is the primary focus of the video. The lighthouse imagery is relevant to the location mentioned in the subtitles. However, the inclusion of the window grid without any context or relevance to the paranormal activity may be misleading.

#### Step 5: Assess Whether the Thumbnail Uses Exaggeration, False Promises, or Clickbait Tactics
The thumbnail uses the word ""WARNING"" to create a sense of urgency or danger, which could be perceived as clickbait. While the video content is indeed about a paranormal investigation, the warning is somewhat exaggerated and does not necessarily reflect the actual nature of the investigation.

#### Step 6: Categorize the Thumbnail as Either ""Misleading"" or ""Not Misleading""
Based on the analysis, the thumbnail is **misleading** because while it accurately represents the setting of the video, the inclusion of the window grid without any context or relevance to the paranormal activity may mislead viewers into expecting a different type of content.

#### Explanation
The thumbnail effectively sets the scene for a paranormal investigation at a lighthouse, which is the primary focus of the video. However, the inclusion of the window grid without any context or relevance to the paranormal activity may mislead viewers into expecting a different type of content. The word ""WARNING"" adds an element of clickbait, which, while not necessarily misleading, can be perceived as exaggerated and not entirely accurate to the actual content of the video. Therefore, the thumbnail is misleading."
wDcR3EZYb10,"### Analysis of the YouTube Video Thumbnail

#### Step 1: Examine the thumbnail
The thumbnail features a digitally manipulated image of a person in mid-air, seemingly performing a high jump or pole vault. The individual is depicted with exaggerated muscular definition and is wearing a surgical mask and sunglasses. There is a red arrow pointing towards the person, emphasizing them as the focal point.

#### Step 2: Read through the video subtitles and content description
The video subtitles suggest a compilation of ""impossible moments"" that have actually occurred. The content includes various clips of people performing feats that seem improbable, such as catching an axe, bowling, and other physical stunts.

#### Step 3: Compare the thumbnail to the actual video content
The thumbnail shows a person in a high jump pose, which aligns with the theme of physical feats. However, the exaggerated muscular definition and the surgical mask suggest a humorous or exaggerated context rather than a serious depiction of an actual event.

#### Step 4: Determine if the thumbnail accurately represents the video's main topic or content
The thumbnail does not accurately represent the actual content of the video. While the video does feature physical feats, the thumbnail's exaggerated and humorous elements (muscular definition, surgical mask) do not match the typical tone or content of the video clips shown.

#### Step 5: Assess whether the thumbnail uses exaggeration, false promises, or clickbait tactics
The thumbnail uses exaggeration by showing a person with highly unrealistic muscular definition, which is not typical of the video's content. It also uses a surgical mask, which adds a humorous element that is not present in the actual video clips.

#### Step 6: Categorize the thumbnail as either ""Misleading"" or ""Not Misleading""
Based on the analysis, the thumbnail is misleading because it uses exaggerated elements that do not accurately represent the content of the video.

#### Explanation
The thumbnail is misleading because it uses exaggerated and humorous elements (exaggerated muscular definition, surgical mask) that do not align with the typical content of the video clips shown. The video focuses on real-life impossible moments, and the thumbnail's exaggerated elements mislead viewers about the nature of the content."
8QnAerFgSkU,"### Analysis of the Thumbnail and Video Content

#### Step 1: Examine the Thumbnail
The thumbnail features a man in an orange jumpsuit, which is commonly associated with prison uniforms. There is a yellow arrow pointing towards the individual, suggesting that the person is the focus of the video. However, the context provided in the video description does not indicate any connection between the man in the thumbnail and the content described in the video.

#### Step 2: Read Through the Video Subtitles and Content Description
The video content describes various soccer-related incidents involving different individuals, including Jose Mourinho, Marcus Alonso, Jack Greish, and Cristiano Ronaldo. These incidents range from legal troubles due to dog-related issues, drunk driving accidents, and illegal gestures during matches. The video does not feature a man in an orange jumpsuit or any scene involving a courtroom setting.

#### Step 3: Compare the Thumbnail to the Actual Video Content
The thumbnail depicts a man in an orange jumpsuit, which is not present in the video content. The video content focuses on soccer-related incidents and does not involve a courtroom or a man in a jumpsuit.

#### Step 4: Determine if the Thumbnail Accurately Represents the Video's Main Topic or Content
The thumbnail does not accurately represent the video's main topic or content. It suggests a courtroom scene involving a man in a jumpsuit, which is not depicted in the video.

#### Step 5: Assess Whether the Thumbnail Uses Exaggeration, False Promises, or Clickbait Tactics
The thumbnail uses exaggerated imagery (a man in an orange jumpsuit) to attract viewers, which is misleading since the video content does not feature such a scene.

#### Step 6: Categorize the Thumbnail as Either ""Misleading"" or ""Not Misleading""
The thumbnail is **misleading** because it suggests a courtroom scene involving a man in a jumpsuit, which is not depicted in the video content.

#### Explanation
The thumbnail creates a false expectation by showing a man in an orange jumpsuit, which is not relevant to the video content. The video discusses soccer-related incidents and does not involve a courtroom or a man in a jumpsuit. Therefore, the thumbnail is misleading."
zNBeVJnl5Cs,"### Analysis of the Thumbnail and Video Content

#### Step 1: Examine the Thumbnail
The thumbnail features a dramatic image of a car window shattered, with a person inside appearing distressed or shocked. The text overlay reads ""BREAKING NEWS FAN SMASHES RONALDO'S CAR.""

#### Step 2: Read Through the Video Subtitles and Content Description
The video content appears to be a compilation of various football-related scenes and events, capturing the intense emotions and dramatic moments associated with the sport. It includes scenes of fans, celebrations, and controversies within football matches and events.

#### Step 3: Compare the Thumbnail to the Actual Video Content
The thumbnail depicts a dramatic event involving a car being smashed, which is not directly related to the content described in the video. The video content focuses on various football-related scenes and events, including celebrations, controversies, and interactions between fans and players.

#### Step 4: Determine if the Thumbnail Accurately Represents the Video's Main Topic or Content
The thumbnail does not accurately represent the main topic or content of the video. While the video may include some dramatic events, the thumbnail suggests a specific incident (a fan smashing Ronaldo's car) that is not explicitly mentioned in the video content.

#### Step 5: Assess Whether the Thumbnail Uses Exaggeration, False Promises, or Clickbait Tactics
The thumbnail uses exaggerated imagery and text to attract viewers' attention. It implies a specific incident that is not necessarily depicted in the video content, which could mislead viewers into expecting a particular type of content.

#### Step 6: Categorize the Thumbnail as Either ""Misleading"" or ""Not Misleading""
Based on the analysis, the thumbnail is **misleading**.

#### Explanation for Decision
The thumbnail uses dramatic imagery and text to suggest a specific incident involving a fan smashing Ronaldo's car, which is not explicitly mentioned in the video content. This creates a misleading expectation for viewers, as the video primarily focuses on various football-related scenes and events rather than a specific incident involving Ronaldo's car. The thumbnail employs clickbait tactics by suggesting a dramatic event that is not actually depicted in the video, leading viewers to expect a different type of content."
DNJaLQXPSkE,"### Analysis of the Thumbnail and Video Content

#### Step 1: Examine the Thumbnail
The thumbnail features a soccer player in a Manchester City jersey alongside a woman in a bikini standing next to a large, luxurious house. The text overlay prominently displays ""$51 MILLION.""

#### Step 2: Read Through the Video Subtitles and Content Description
The video content describes the life of Erling Haaland, a professional soccer player for Manchester City. It covers his career highlights, personal life, and luxurious lifestyle. The video mentions his transfer fee of £51 million, his salary, and his collection of luxury cars and properties.

#### Step 3: Compare the Thumbnail to the Actual Video Content
The thumbnail effectively captures the essence of the video content by highlighting Haaland's wealth and luxurious lifestyle. The text ""$51 MILLION"" directly references his transfer fee, which is a significant aspect of his career and financial success.

#### Step 4: Determine if the Thumbnail Accurately Represents the Video's Main Topic or Content
The thumbnail accurately represents the main topic of the video, which is Haaland's luxurious lifestyle and financial success. It aligns closely with the content described in the subtitles and video description.

#### Step 5: Assess Whether the Thumbnail Uses Exaggeration, False Promises, or Clickbait Tactics
There is no exaggeration or false promise in the thumbnail. It clearly communicates the key point of Haaland's transfer fee, which is a factual representation of his financial success.

#### Step 6: Categorize the Thumbnail
The thumbnail is **Not Misleading**.

#### Explanation
The thumbnail effectively communicates the main topic of the video without using exaggerated language or misleading elements. It accurately reflects the content by highlighting Haaland's transfer fee, which is a significant part of the story. The use of the term ""$51 MILLION"" is appropriate and truthful, as it directly relates to the transfer fee mentioned in the video. Therefore, the thumbnail is not misleading."
K7FjCmlWvuY,"### Analysis of the Thumbnail and Video Content

1. **Examine the Thumbnail**:
   - The thumbnail shows a person lying on a bed in an underwater environment, surrounded by fish and bubbles. The person appears relaxed and is wearing swimwear.
   
2. **Read Through the Video Subtitles and Content Description**:
   - The video describes a group of friends embarking on a luxurious vacation with a budget of $1,000,000 versus a $1 vacation.
   - The $1,000,000 vacation includes a private jet, a private island, six private villas, a private gym, a private laundry room, a private chef, and more luxurious amenities.
   - The $1 vacation involves staying in a $1 Airbnb in the middle of nowhere, which turns out to be a luxurious private island with similar amenities as the $1,000,000 vacation.

3. **Compare the Thumbnail to the Actual Video Content**:
   - The thumbnail depicts an underwater setting, which aligns with the $1,000,000 vacation described in the video.
   - However, the video content primarily focuses on the luxurious aspects of both vacations, including the private jet, private island, and various amenities.

4. **Determine if the Thumbnail Accurately Represents the Video's Main Topic or Content**:
   - While the underwater setting in the thumbnail matches the luxurious theme of the $1,000,000 vacation, the video content emphasizes the comparison between the two vacations rather than focusing solely on the underwater aspect.

5. **Assess Whether the Thumbnail Uses Exaggeration, False Promises, or Clickbait Tactics**:
   - The thumbnail does not use exaggerated imagery or false promises. It accurately reflects the luxurious setting of the $1,000,000 vacation, which is a key element of the video content.

6. **Categorize the Thumbnail as Either ""Misleading"" or ""Not Misleading""**:
   - Given that the thumbnail accurately represents the luxurious underwater setting of the $1,000,000 vacation, which is a significant part of the video content, it is not misleading.

### Final Decision:
The thumbnail is **Not Misleading**.

### Explanation:
The thumbnail effectively captures the luxurious underwater setting of the $1,000,000 vacation, which is a central theme of the video. Although the video content covers multiple aspects of both vacations, the underwater setting in the thumbnail is a significant and accurate representation of the $1,000,000 vacation, making it not misleading."
JT_0OLvlesc,"### Analysis of the Thumbnail and Video Content

#### Step 1: Examine the Thumbnail
The thumbnail shows two individuals, one in a tiny car and the other in a giant car, both labeled as ""TINY"" and ""GIANT."" The cars appear to be made of cardboard, and the individuals are positioned as if they are racing against each other.

#### Step 2: Read Through the Video Subtitles and Content Description
The subtitles indicate a challenge between two individuals (referred to as ""Team Tiny"" and ""Team Giant"") to build the fastest race car using tiny and giant tools respectively. The video content describes the process of building these cars, with the emphasis on the size difference between the tools and the cars.

#### Step 3: Compare the Thumbnail to the Actual Video Content
The thumbnail depicts a scene that aligns closely with the video content. Both individuals are shown in cars that match their respective teams (""Tiny"" and ""Giant""), and the cars are indeed made of cardboard, which is consistent with the DIY nature of the video.

#### Step 4: Determine if the Thumbnail Accurately Represents the Video's Main Topic or Content
The thumbnail accurately represents the main topic of the video, which is a challenge involving building race cars with tiny and giant tools. The cars being made of cardboard and the individuals being positioned as if racing are consistent with the video content.

#### Step 5: Assess Whether the Thumbnail Uses Exaggeration, False Promises, or Clickbait Tactics
There is no exaggeration or false promise in the thumbnail. It correctly reflects the content of the video without any misleading elements.

#### Step 6: Categorize the Thumbnail
Based on the analysis, the thumbnail is not misleading.

#### Explanation
The thumbnail effectively communicates the core concept of the video, which is a DIY challenge involving building race cars with tiny and giant tools. It accurately depicts the cars and the individuals involved, without any misleading elements. Therefore, the thumbnail is categorized as ""Not Misleading."""
V7juRdTW0ak,"### Analysis of the Thumbnail and Video Content

#### Step 1: Examine the Thumbnail
The thumbnail features a split image. On the left side, there is a photo of James Cameron, and on the right side, there is an image of a Na'vi character from the ""Avatar"" film series. The text overlay reads, ""'THIS IS MY BEST FILM'"".

#### Step 2: Read Through the Video Subtitles and Content Description
The subtitles discuss James Cameron's filmography ranking, starting from the worst to the best. The video content includes scenes from the ""Avatar"" film series, behind-the-scenes footage, and other action movie clips. The video aims to provide a ranking of Cameron's films based on their quality and impact.

#### Step 3: Compare the Thumbnail to the Actual Video Content
The thumbnail prominently features a Na'vi character, which is directly related to the ""Avatar"" film series. However, the text ""THIS IS MY BEST FILM"" suggests a specific film from the ""Avatar"" series rather than a general ranking of Cameron's works.

#### Step 4: Determine if the Thumbnail Accurately Represents the Video's Main Topic or Content
The thumbnail does not accurately represent the video's main topic, which is a ranking of Cameron's films. It focuses on a specific film from the ""Avatar"" series rather than providing a comprehensive overview of his entire filmography.

#### Step 5: Assess Whether the Thumbnail Uses Exaggeration, False Promises, or Clickbait Tactics
The thumbnail uses exaggerated language (""THIS IS MY BEST FILM"") to attract viewers, which could mislead them into expecting a detailed ranking of Cameron's films rather than a specific film review.

#### Step 6: Categorize the Thumbnail as Either ""Misleading"" or ""Not Misleading""
Based on the analysis, the thumbnail is **misleading** because it suggests a specific film review when the video content is actually a ranking of Cameron's films.

#### Explanation
The thumbnail creates an expectation that viewers will learn about Cameron's best film, which is misleading since the video content is a ranking of his entire filmography. This could lead viewers to watch the video expecting a review of a specific film and instead finding a ranking of all his works, potentially causing disappointment."
TDGDUbjp2Wc,"### Analysis of the Thumbnail and Video Content

#### Step 1: Examine the Thumbnail
The thumbnail features two individuals, one of whom appears to be Lionel Messi, and the other appears to be a child. The image prominently displays a red ""no"" symbol over an iPhone 15, indicating that Messi has banned his children from using iPhones.

#### Step 2: Read Through the Video Subtitles and Content Description
The subtitles mention that Lionel Messi has banned his children from using iPhones due to a secret related to the new iPhone 15 launch. The video content describes Messi's financial success and his desire to protect his family, particularly his children, from the distractions of technology.

#### Step 3: Compare the Thumbnail to the Actual Video Content
The thumbnail accurately represents the main topic discussed in the video: Lionel Messi banning his children from using iPhones. The video content supports this claim by explaining the reasons behind Messi's decision and his financial status.

#### Step 4: Determine if the Thumbnail Accurately Represents the Video's Main Topic or Content
The thumbnail effectively captures the essence of the video's main topic, which is Messi's decision to ban his children from using iPhones.

#### Step 5: Assess Whether the Thumbnail Uses Exaggeration, False Promises, or Clickbait Tactics
There is no exaggeration, false promises, or clickbait tactics in the thumbnail. It clearly conveys the main point of the video without misleading the viewer.

#### Step 6: Categorize the Thumbnail as Either ""Misleading"" or ""Not Misleading""
The thumbnail is **Not Misleading**.

#### Explanation
The thumbnail accurately reflects the main topic of the video, which is Messi's decision to ban his children from using iPhones. The video content supports this claim and provides context about Messi's financial situation and his desire to protect his family. Therefore, the thumbnail does not use any misleading elements or tactics."
RZzSv56423w,"### Analysis of the Thumbnail and Video Content

#### Step 1: Examine the Thumbnail
The thumbnail features a soccer player in a Manchester City jersey with a yellow liquid splashing out of a bottle labeled ""PRIME."" There is a red arrow pointing towards the bottle, suggesting that the liquid is somehow significant to the video's content.

#### Step 2: Read Through the Video Subtitles and Content Description
The video content appears to be a compilation of various football-related scenes and moments, including player interactions, fan reactions, and award ceremonies. The subtitles describe moments involving players and fans, such as a fan throwing a pig's head at Luis Figo, a fan giving Messi the finger, and a fan throwing a bottle at Dele Alli during a match.

#### Step 3: Compare the Thumbnail to the Actual Video Content
The thumbnail shows a soccer player with a bottle of ""PRIME"" liquid, which does not directly relate to any of the scenes described in the subtitles. The scenes in the video do not involve a player holding or interacting with a bottle labeled ""PRIME.""

#### Step 4: Determine if the Thumbnail Accurately Represents the Video's Main Topic or Content
The thumbnail does not accurately represent the main topics or content of the video. The video focuses on various football-related incidents and moments, whereas the thumbnail suggests a product advertisement or a specific event involving the ""PRIME"" liquid.

#### Step 5: Assess Whether the Thumbnail Uses Exaggeration, False Promises, or Clickbait Tactics
The thumbnail uses exaggerated imagery by showing a bottle of ""PRIME"" liquid splashing, which is not relevant to the video content. This could be considered clickbait as it misleads viewers into thinking there is a connection between the product and the video's content.

#### Step 6: Categorize the Thumbnail as Either ""Misleading"" or ""Not Misleading""
Based on the analysis, the thumbnail is **misleading**.

#### Explanation for Decision
The thumbnail uses a product image and an exaggerated splash effect to attract attention, which is not aligned with the actual content of the video. The video does not feature any scenes involving the ""PRIME"" liquid, making the thumbnail misleading by suggesting a connection that does not exist."
S2LBRXCECis,"### Analysis of the YouTube Video Thumbnail

#### Step 1: Examine the thumbnail
The thumbnail shows two individuals sitting on a stage with American flags in the background. The text overlay reads ""TULSI & TRUMP.""

#### Step 2: Read through the video subtitles and content description
The video content describes a panel discussion between Donald Trump and Tulsi Gabbard in La Crosse, Wisconsin. The discussion covers topics such as the stakes of the election, the importance of peace, prosperity, and freedom, and personal experiences related to fertility treatments.

#### Step 3: Compare the thumbnail to the actual video content
The thumbnail depicts a general discussion setting with two individuals on stage, which aligns with the content described in the video. However, the specific focus on the fertility treatment issue mentioned in the subtitles is not visually represented in the thumbnail.

#### Step 4: Determine if the thumbnail accurately represents the video's main topic or content
While the thumbnail accurately represents the general setting of a discussion between Trump and Gabbard, it does not convey the specific focus on the fertility treatment issue discussed in the subtitles.

#### Step 5: Assess whether the thumbnail uses exaggeration, false promises, or clickbait tactics
The thumbnail does not use any exaggerated claims or false promises. It simply presents a general image of a discussion between the two individuals, which is accurate based on the video content.

#### Step 6: Categorize the thumbnail as either ""Misleading"" or ""Not Misleading""
Given that the thumbnail accurately represents the general setting of the discussion but does not highlight the specific focus on the fertility treatment issue, it can be considered **Not Misleading**.

#### Explanation
The thumbnail provides a clear visual representation of the event but does not capture the specific focus on the fertility treatment issue discussed in the subtitles. While this omission could potentially mislead viewers into expecting a different discussion topic, the thumbnail itself does not contain any misleading elements. Therefore, the thumbnail is categorized as **Not Misleading**."
3O5BsLAZCnw,"### Analysis of the Thumbnail and Video Content

#### Step 1: Examine the Thumbnail
The thumbnail shows two individuals in different settings:
- On the left, a person is sitting on a couch holding a game controller, with a digital clock displaying ""09:00.""
- On the right, a person is in a hospital setting with a monitor displaying an ECG trace, and another individual is standing beside them, appearing concerned.

#### Step 2: Read Through the Video Subtitles and Content Description
The video content description suggests a series of humorous skits involving a group of young people and an older man with distinctive gray hair and beard. The scenes include various interactions, discussions, and comedic situations across different settings, such as a living room, a medical scenario, a kitchen, and an outdoor setting.

#### Step 3: Compare the Thumbnail to the Actual Video Content
The thumbnail depicts a scenario involving gaming and a hospital visit, which are not explicitly mentioned in the video description. The video content focuses on humorous skits and interactions among the characters without any clear indication of gaming or a hospital visit.

#### Step 4: Determine if the Thumbnail Accurately Represents the Video's Main Topic or Content
The thumbnail does not accurately represent the main topics or content of the video. The video primarily features comedic skits and interactions among the characters, which are not depicted in the thumbnail.

#### Step 5: Assess Whether the Thumbnail Uses Exaggeration, False Promises, or Clickbait Tactics
The thumbnail uses exaggerated imagery (a hospital visit and gaming) that are not present in the actual video content. This creates a misleading impression about the nature of the video.

#### Step 6: Categorize the Thumbnail as Either ""Misleading"" or ""Not Misleading""
Based on the analysis, the thumbnail is **misleading**.

#### Explanation for Decision
The thumbnail misleads viewers by suggesting that the video involves gaming and a hospital visit, which are not part of the actual content. Instead, the video consists of humorous skits and interactions among the characters, which are not visually represented in the thumbnail. This creates an expectation that is not met, leading to viewer disappointment and frustration."
hqVp4YMhTB4,"### Analysis of the Thumbnail and Video Content

#### Step 1: Examine the Thumbnail
The thumbnail shows a group of students in school uniforms, with one student being gagged and another pointing emphatically. The background includes lockers and a school setting, suggesting a typical school environment.

#### Step 2: Read Through the Video Subtitles and Content Description
The subtitles indicate that the video is about surviving a strict school called Iron Will Academy. The students are warned about the harsh punishments for misbehavior and the strict rules of the school. The video also mentions that the students are trying to survive the day without getting suspended, and there's a promise of five iPhones for those who succeed.

#### Step 3: Compare the Thumbnail to the Actual Video Content
The thumbnail depicts a scene of tension and conflict, with a student being gagged and others appearing to be in a state of distress or rebellion. However, the video content describes a more lighthearted and playful scenario where students are engaging in mischief and pranks, rather than facing severe punishment or conflict.

#### Step 4: Determine if the Thumbnail Accurately Represents the Video's Main Topic or Content
The thumbnail suggests a serious and potentially dangerous situation, whereas the video content portrays a humorous and playful school environment. The thumbnail does not accurately represent the main topic or content of the video.

#### Step 5: Assess Whether the Thumbnail Uses Exaggeration, False Promises, or Clickbait Tactics
The thumbnail uses exaggerated imagery to create a sense of danger and conflict, which is not reflected in the actual video content. This creates a misleading impression.

#### Step 6: Categorize the Thumbnail as Either ""Misleading"" or ""Not Misleading""
Based on the analysis, the thumbnail is misleading because it sets up a scenario that is vastly different from the actual content of the video.

#### Step 7: Provide a Brief Explanation for Your Decision
The thumbnail depicts a scene of conflict and potential danger, which is not aligned with the playful and humorous nature of the video content. It uses exaggerated imagery to create a sense of tension that is not present in the actual video, leading viewers to expect a different experience than what they receive. Therefore, the thumbnail is misleading."
xY5XUMhQhQw,"### Analysis of the YouTube Video Thumbnail

#### Step 1: Examine the thumbnail
The thumbnail features a man holding a large fan of cash with a casino building labeled ""Red Rock Casino"" in the background. The image suggests a theme of winning money at a casino.

#### Step 2: Read through the video subtitles and content description
The video content describes a series of scenes from a live-streamed blackjack session at a casino. The player tracks their winnings using a ""Profit Tracker,"" which shows increasing amounts of money throughout the session. The player mentions being up significantly, reaching as high as $91,500 at one point.

#### Step 3: Compare the thumbnail to the actual video content
The thumbnail depicts a person holding a large amount of cash, which aligns with the video content showing the player making substantial gains in a casino setting. However, the thumbnail does not explicitly mention the specific game being played (blackjack) or the context of a live stream.

#### Step 4: Determine if the thumbnail accurately represents the video's main topic or content
While the thumbnail accurately represents the general theme of winning money at a casino, it does not specify the type of game being played or the fact that it is a live-streamed session. The thumbnail could be misleading because it does not provide enough detail about the specific content of the video.

#### Step 5: Assess whether the thumbnail uses exaggeration, false promises, or clickbait tactics
The thumbnail uses a visual exaggeration by showing a large amount of cash, which might give viewers the impression that they will see an extreme amount of money won in the video. However, the thumbnail does not make any false promises or use clickbait tactics.

#### Step 6: Categorize the thumbnail as either ""Misleading"" or ""Not Misleading""
Given that the thumbnail provides a general idea of the content but lacks specific details about the game being played and the nature of the session (live stream), it can be considered **misleading**.

#### Explanation for Decision
The thumbnail effectively captures the essence of winning money at a casino but fails to convey the specific context of the video, such as the game being played (blackjack) and the fact that it is a live-streamed session. This lack of specificity may lead viewers to expect a different type of content than what is actually shown in the video. Therefore, the thumbnail is misleading."
mpmicJ8WbGM,"### Analysis of the Thumbnail and Video Content

#### Step 1: Examine the Thumbnail
The thumbnail features a person riding a roller coaster with a background of colorful roller coasters and a Ferris wheel. The individual appears to be in a state of surprise or excitement, suggesting an intense or thrilling experience.

#### Step 2: Read Through the Video Subtitles and Content Description
The subtitles and content description indicate that the video is a comedic vlog or skit about two young men visiting an amusement park. The video includes scenes of the men experiencing various attractions, including roller coasters, and interacting with park staff. The tone is light-hearted and comedic, poking fun at the experiences they encounter.

#### Step 3: Compare the Thumbnail to the Actual Video Content
The thumbnail depicts a thrilling roller coaster ride, which aligns with the scenes involving roller coasters in the video. However, the video content includes a variety of other attractions and interactions that are not prominently featured in the thumbnail.

#### Step 4: Determine if the Thumbnail Accurately Represents the Video's Main Topic or Content
While the thumbnail captures a thrilling moment, it does not fully represent the diverse range of experiences shown in the video. The video includes scenes of disappointment, closed rides, and interactions with park staff, which are not highlighted in the thumbnail.

#### Step 5: Assess Whether the Thumbnail Uses Exaggeration, False Promises, or Clickbait Tactics
The thumbnail does not use exaggerated language or false promises. It simply shows a thrilling moment, which is a common and expected part of a roller coaster ride.

#### Step 6: Categorize the Thumbnail as Either ""Misleading"" or ""Not Misleading""
Based on the analysis, the thumbnail is **not misleading**. While it captures a thrilling moment, it does not accurately represent the full range of experiences shown in the video. The thumbnail is a snapshot of one exciting moment, but the video content includes a broader spectrum of experiences.

#### Explanation
The thumbnail effectively captures a thrilling moment, which is a common expectation for amusement park videos. However, the video content includes a variety of other experiences that are not depicted in the thumbnail. Therefore, while the thumbnail is not entirely representative of the full video content, it does not use exaggerated language or false promises. Thus, it is not misleading."
LyVIr8o64Ow,"### Analysis of the Thumbnail and Video Content

#### Step 1: Examine the Thumbnail
The thumbnail features two individuals standing in front of a luxurious mansion with a swimming pool. The setting suggests wealth and opulence, which is visually striking and contrasts sharply with the typical imagery associated with political figures.

#### Step 2: Read Through the Video Subtitles and Content Description
The video content describes a compilation of scenes featuring a prominent British political figure, Boris Johnson, engaging in various activities such as interviews, public appearances, and political events. The video does not explicitly mention any connection to the luxurious mansion shown in the thumbnail.

#### Step 3: Compare the Thumbnail to the Actual Video Content
The thumbnail depicts a scene that is not directly related to the video content. While the video showcases Boris Johnson in various political and public settings, there is no indication in the video that he owns or lives in the mansion shown in the thumbnail.

#### Step 4: Determine if the Thumbnail Accurately Represents the Video's Main Topic or Content
The thumbnail does not accurately represent the main topic or content of the video. It introduces a visual element that is not present in the actual video, which could mislead viewers into expecting a different type of content.

#### Step 5: Assess Whether the Thumbnail Uses Exaggeration, False Promises, or Clickbait Tactics
The thumbnail uses exaggerated visuals to attract attention, which can be misleading. It creates an expectation that the video will feature a personal or lifestyle aspect of Boris Johnson, which is not the case.

#### Step 6: Categorize the Thumbnail as Either ""Misleading"" or ""Not Misleading""
Based on the analysis, the thumbnail is **misleading** because it introduces a visual element (the mansion) that is not part of the actual video content and could lead viewers to expect a different type of content.

#### Explanation
The thumbnail uses a visually appealing image of a luxury mansion to attract viewers' attention, which is not relevant to the video content. This can create confusion and mislead viewers into expecting a different type of content than what is actually presented in the video. Therefore, the thumbnail is misleading."
FUViHbnHkZI,"### Analysis of the YouTube Video Thumbnail and Content

#### Step 1: Examine the Thumbnail
The thumbnail features two women, one with a distressed emoji in the background, and the text ""NICKI MINAJ WHO?"" prominently displayed.

#### Step 2: Read Through the Video Subtitles and Content Description
The subtitles and content description indicate a discussion about Nicki Minaj, her recent song release, and a critique of her performance. The video includes various clips of interviews and discussions about celebrities, including Nicki Minaj, but the focus seems to be on her performance and reactions to it rather than a dramatic or confrontational scenario suggested by the thumbnail.

#### Step 3: Compare the Thumbnail to the Actual Video Content
The thumbnail suggests a dramatic confrontation or controversy involving Nicki Minaj, which is not evident from the video content. The video primarily discusses her song and performance, with no indication of a heated argument or controversy depicted in the thumbnail.

#### Step 4: Determine if the Thumbnail Accurately Represents the Video's Main Topic or Content
The thumbnail does not accurately represent the video's main topic or content. It suggests a more intense or confrontational scenario than what the video actually depicts.

#### Step 5: Assess Whether the Thumbnail Uses Exaggeration, False Promises, or Clickbait Tactics
The thumbnail uses exaggerated language (""NICKI MINAJ WHO?"") and a distressed emoji to create a sense of drama, which is not reflected in the actual video content.

#### Step 6: Categorize the Thumbnail as Either ""Misleading"" or ""Not Misleading""
Based on the analysis, the thumbnail is **misleading**.

#### Explanation for Decision
The thumbnail creates a misleading impression by suggesting a dramatic confrontation or controversy involving Nicki Minaj, which is not present in the actual video content. Instead, the video focuses on discussing her song and performance, without any significant controversy depicted in the thumbnail. The exaggerated language and visual elements in the thumbnail are not representative of the video's actual content, making it misleading."
TklRn4KvR8A,"### Analysis of the YouTube Video Thumbnail

#### Step 1: Examine the thumbnail
The thumbnail features a close-up of two individuals, likely Prince William and Kate Middleton, with a bold text overlay stating ""HUMILIATED."" There are inset images showing a woman in a red outfit, presumably Kate Middleton, with a red circle highlighting her, and another image of a man in a suit, possibly William, with a similar red circle.

#### Step 2: Read through the video subtitles and content description
The subtitles suggest that the video discusses a situation where William is allegedly humiliating Kate Middleton. The content description indicates that the video is a commentary or reaction piece, where the curly-haired woman reacts to formal events involving public figures.

#### Step 3: Compare the thumbnail to the actual video content
The thumbnail prominently displays the word ""HUMILIATED,"" which aligns with the subtitles suggesting that William is humiliating Kate. However, the content description does not explicitly confirm this claim; instead, it describes the video as a reaction piece where the curly-haired woman comments on various events, including formal gatherings and interactions between public figures.

#### Step 4: Determine if the thumbnail accurately represents the video's main topic or content
The thumbnail suggests a specific narrative (William humiliating Kate) that is not fully supported by the video content described. While the video may include elements related to William and Kate's interactions, the thumbnail's emphasis on ""HUMILIATED"" is exaggerated and not entirely accurate based on the provided description.

#### Step 5: Assess whether the thumbnail uses exaggeration, false promises, or clickbait tactics
The thumbnail uses the word ""HUMILIATED"" in a way that suggests a strong emotional impact, which could be considered clickbait. It implies a dramatic and negative outcome without providing sufficient context or evidence to support such a claim.

#### Step 6: Categorize the thumbnail as either ""Misleading"" or ""Not Misleading""
Based on the analysis, the thumbnail is misleading because it exaggerates the situation and uses clickbait tactics to attract viewers without providing a clear and accurate representation of the video's content.

#### Explanation
The thumbnail's use of the word ""HUMILIATED"" and the highlighted images of Kate Middleton in a red outfit create a sense of drama and negativity that is not fully supported by the video content. The video appears to be a reaction piece rather than a direct commentary on William humiliating Kate, making the thumbnail misleading."
3GZYQLrvayo,"### Analysis of the YouTube Video Thumbnail

#### Step 1: Examine the thumbnail
The thumbnail features two individuals, one of whom appears to be speaking with a serious expression, and the other with a surprised or shocked reaction. The text overlay reads, ""YOU'RE THE PROBLEM!""

#### Step 2: Read through the video subtitles and content description
The subtitles and content description suggest that the video involves a comedian addressing issues related to woke culture, free speech, and social controversies. The comedian is portrayed as making strong statements and engaging in debates or confrontations.

#### Step 3: Compare the thumbnail to the actual video content
The thumbnail depicts a confrontation or a moment of disagreement, which aligns with the theme suggested by the subtitles and the content description. However, the specific individuals shown in the thumbnail do not necessarily represent the main comedian discussed in the subtitles.

#### Step 4: Determine if the thumbnail accurately represents the video's main topic or content
The thumbnail accurately represents the general theme of the video, which revolves around controversy and debate. However, the specific individuals depicted may not be the main comedian mentioned in the subtitles.

#### Step 5: Assess whether the thumbnail uses exaggeration, false promises, or clickbait tactics
The thumbnail does not use exaggeration or false promises. It accurately reflects the theme of the video but does not promise specific content or outcomes.

#### Step 6: Categorize the thumbnail as either ""Misleading"" or ""Not Misleading""
Based on the analysis, the thumbnail is **Not Misleading**. It accurately represents the general theme of the video without promising specific content or using clickbait tactics.

#### Explanation
The thumbnail effectively captures the essence of the video's content, which revolves around controversy and debate. While it does not specifically identify the main comedian, it accurately conveys the theme of the video. Therefore, it does not mislead viewers about the content or the individuals involved."
KskeGIia2Yg,"### Analysis:

#### Step 1: Examine the Thumbnail
The thumbnail features a person holding a lightsaber-like object next to a Tesla Model Y that appears to be split down the middle with flames on both sides. The image suggests a dramatic and potentially dangerous scenario involving fire and destruction.

#### Step 2: Read Through the Video Subtitles and Content Description
The subtitles indicate a challenge where two individuals aim to destroy cars within an hour. The video description mentions various forms of destruction, including using tools like a baseball bat, kettlebell, and pickaxe, as well as physical actions like kicking and slamming doors. The environment is described as chaotic and energetic, with a focus on destruction and competition.

#### Step 3: Compare the Thumbnail to the Actual Video Content
The thumbnail depicts a dramatic and visually striking image of a car on fire, which aligns closely with the theme of destruction mentioned in the subtitles. However, the actual video content involves more than just fire; it includes physical destruction of the car using various tools and actions.

#### Step 4: Determine if the Thumbnail Accurately Represents the Video's Main Topic or Content
While the thumbnail does represent the theme of destruction, it may give viewers the impression that the primary focus is on fire and flames, which could be misleading. The video content includes a variety of forms of destruction, not just fire.

#### Step 5: Assess Whether the Thumbnail Uses Exaggeration, False Promises, or Clickbait Tactics
The thumbnail uses a dramatic image of a car on fire, which could be considered exaggerated. It may lead viewers to expect a video dominated by fire, which is not necessarily the case based on the video content.

#### Step 6: Categorize the Thumbnail as Either ""Misleading"" or ""Not Misleading""
Given that the thumbnail may give viewers the impression that the video is primarily about fire when the content includes a variety of forms of destruction, the thumbnail can be considered **misleading**.

#### Explanation:
The thumbnail effectively captures the essence of destruction but may mislead viewers into expecting a video focused solely on fire, which is not the case. The video content includes multiple forms of destruction, making the thumbnail somewhat misleading in terms of viewer expectations."
YhiQkKRaw6Y,"### Analysis:

1. **Examine the thumbnail**: The thumbnail features a portrait of the actor, a family photo, a house, a private jet, and a luxury car. The words ""Family,"" ""House,"" and ""Lifestyle"" are prominently displayed.

2. **Read through the video subtitles and content description**: The video content includes sections on the actor's physical attributes, financial status, family background, romantic relationships, luxurious living spaces, and a personal vehicle.

3. **Compare the thumbnail to the actual video content**:
   - The thumbnail shows a family photo, a house, a private jet, and a luxury car, which aligns with the content described in the video.
   - However, the thumbnail does not explicitly mention the sections on physical attributes, financial status, romantic relationships, or the personal vehicle.

4. **Determine if the thumbnail accurately represents the video's main topic or content**:
   - While the thumbnail captures elements that are discussed in the video (family, house, lifestyle), it does not fully represent all the content covered in the video.
   - The thumbnail suggests a focus on family and lifestyle aspects but does not convey the comprehensive nature of the video, which includes physical attributes, financial status, romantic relationships, and a personal vehicle.

5. **Assess whether the thumbnail uses exaggeration, false promises, or clickbait tactics**:
   - The thumbnail does not use exaggerated claims or false promises. It accurately reflects the content shown in the video.
   - However, the thumbnail might be considered misleading because it does not fully capture the breadth of topics covered in the video.

6. **Categorize the thumbnail as either ""Misleading"" or ""Not Misleading""**:
   - Given that the thumbnail does not fully represent all the content discussed in the video, it can be categorized as ""Misleading.""

7. **Brief explanation for the decision**:
   - The thumbnail focuses on family, house, and lifestyle aspects, which are indeed part of the video content. However, it does not adequately reflect the other significant topics such as physical attributes, financial status, romantic relationships, and the personal vehicle. Therefore, while the thumbnail is not misleading in terms of the elements it shows, it is misleading in terms of the overall content coverage.

### Conclusion:
The thumbnail is **Misleading** because it does not fully represent the comprehensive content of the video, which includes multiple significant topics beyond just family and lifestyle."
NghOZFkPNUc,"### Analysis of the Thumbnail and Video Content

#### Step 1: Examine the Thumbnail
The thumbnail features a muscular man being pulled by a rope towards a tank. The image is dynamic and action-packed, suggesting a high-stakes challenge involving strength and determination.

#### Step 2: Read Through the Video Subtitles and Content Description
The video content describes a series of challenges involving strength, endurance, and teamwork. The muscular man is introduced as the ""world's strongest man,"" and the video outlines multiple challenges including tug-of-war, breaking through a door, arm wrestling, and pulling a tank.

#### Step 3: Compare the Thumbnail to the Actual Video Content
The thumbnail depicts a muscular man being pulled towards a tank, which aligns closely with the final challenge described in the video content (""TANK PULLING""). However, the thumbnail does not explicitly mention the other challenges or the presence of multiple participants.

#### Step 4: Determine if the Thumbnail Accurately Represents the Video's Main Topic or Content
While the thumbnail accurately represents the final challenge, it does not provide a comprehensive overview of the entire video. The thumbnail suggests a single, dramatic moment without indicating the full scope of the challenges or the collaborative nature of the video.

#### Step 5: Assess Whether the Thumbnail Uses Exaggeration, False Promises, or Clickbait Tactics
The thumbnail uses exaggerated imagery (a muscular man being pulled by a tank) to create intrigue and attract viewers. However, it does not mislead viewers into expecting a different type of content or a different set of challenges.

#### Step 6: Categorize the Thumbnail as Either ""Misleading"" or ""Not Misleading""
Given that the thumbnail accurately represents the final challenge but does not provide a comprehensive overview of the video's content, it could be considered slightly misleading. It may give viewers the impression that the video focuses solely on the tank-pulling challenge when in reality, it includes multiple other challenges.

#### Step 7: Provide a Brief Explanation for Your Decision
The thumbnail effectively captures the essence of the final challenge but fails to convey the full range of activities and the collaborative nature of the video. While it does not explicitly mislead viewers into expecting a different type of content, it could be argued that it gives a partial view of the video's content, potentially leading some viewers to expect less than what they ultimately receive.

**Conclusion:** The thumbnail is **slightly misleading** because while it accurately represents the final challenge, it does not provide a comprehensive overview of the video's content, potentially giving viewers an incomplete expectation of the full experience."
4JNn6iVpoIs,"### Analysis of the Thumbnail and Video Content

1. **Examine the thumbnail**: The thumbnail features a collection of luxury cars parked outside a house, with a prominent image of Daniel Radcliffe (the actor) superimposed over it. The text ""Car Collection"" is visible, suggesting that the video focuses primarily on showcasing the actor's car collection.

2. **Read through the video subtitles and content description**: The video content description provides a comprehensive overview of the actor's life, career, personal relationships, and interests. It covers topics such as his family life, social interactions, film roles, and personal hobbies like fantasy football and dog ownership. There is no mention of a car collection in the video description.

3. **Compare the thumbnail to the actual video content**: The thumbnail suggests that the video is about Daniel Radcliffe's car collection, but the video content does not focus on this aspect. Instead, it covers a wide range of topics related to his personal and professional life.

4. **Determine if the thumbnail accurately represents the video's main topic or content**: The thumbnail does not accurately represent the video's main content because the video does not primarily focus on the actor's car collection. It covers a broad spectrum of topics unrelated to the cars shown in the thumbnail.

5. **Assess whether the thumbnail uses exaggeration, false promises, or clickbait tactics**: The thumbnail uses clickbait tactics by promising viewers a detailed look at the actor's car collection when the video content does not align with this promise.

6. **Categorize the thumbnail as either ""Misleading"" or ""Not Misleading""**: Based on the analysis, the thumbnail is misleading.

7. **Brief explanation for the decision**: The thumbnail creates an expectation that the video will primarily showcase the actor's car collection, which is not the case. The video content is more focused on his personal and professional life, and the inclusion of a car collection is just one small part of the broader narrative. Therefore, the thumbnail misleads viewers by not accurately representing the video's main content."
iIAK-mJleqg,"### Analysis of the Thumbnail and Video Content

#### Step 1: Examine the Thumbnail
The thumbnail features two individuals on a soccer field, one appearing to be performing a physical exercise while the other is holding a soccer ball. The text ""DAY 7"" is prominently displayed, suggesting a series of challenges or training sessions.

#### Step 2: Read Through the Video Subtitles and Content Description
The subtitles indicate that the video involves a challenge where the narrator is following Cristiano Ronaldo's daily routine for a week. The narrator mentions that he lacks soccer gear and is being coached by two other individuals (Brandon and Esteban). The video includes various scenes of soccer training, physical exercises, and nutritional preparation.

#### Step 3: Compare the Thumbnail to the Actual Video Content
The thumbnail depicts a scene that aligns closely with the video content. It shows a soccer field, which is consistent with the soccer-related activities described in the video. However, the thumbnail does not explicitly mention the ""Cristiano Ronaldo"" name or the ""challenge"" aspect, which are key elements of the video's theme.

#### Step 4: Determine if the Thumbnail Accurately Represents the Video's Main Topic or Content
The thumbnail accurately represents the main topic of the video, which is a soccer training challenge inspired by Cristiano Ronaldo. The image of a soccer field and the presence of individuals engaged in physical activity align with the content described in the video.

#### Step 5: Assess Whether the Thumbnail Uses Exaggeration, False Promises, or Clickbait Tactics
The thumbnail does not use exaggerated claims or false promises. It simply presents a scene that matches the video's content without misleading viewers about the nature of the challenge or the involvement of Cristiano Ronaldo.

#### Step 6: Categorize the Thumbnail as Either ""Misleading"" or ""Not Misleading""
Based on the analysis, the thumbnail is **Not Misleading**. It accurately reflects the main topic of the video and does not use any tactics that could mislead viewers about the content or the challenge.

#### Explanation
The thumbnail effectively communicates the essence of the video without overpromising or underdelivering. It clearly indicates that the video involves a soccer training challenge, which is evident from the soccer field and the physical activities depicted. The inclusion of the ""DAY 7"" text suggests a series of challenges, which is consistent with the video's content. Therefore, the thumbnail is appropriate and not misleading."
IypJ-XPa41U,"### Analysis of the Thumbnail and Content Comparison

#### Step 1: Examine the Thumbnail
The thumbnail features a man in a yellow sports jersey standing in front of a modern mansion, a red Bugatti sports car, and a large dollar sign with the text ""$1M MILLION."" The image suggests themes of wealth, luxury, and success.

#### Step 2: Read Through the Video Subtitles and Content Description
The video content describes a professional soccer player's lifestyle, focusing on his wealth, luxury possessions, and high-profile status. It highlights his real estate investments, high-end cars, and extensive watch collection.

#### Step 3: Compare the Thumbnail to the Actual Video Content
- **Thumbnail:** Features a mansion, a sports car, and a dollar sign indicating wealth.
- **Video Content:** Discusses the player's real estate investments, high-end cars, and watch collection, which are indeed luxurious items.

#### Step 4: Determine if the Thumbnail Accurately Represents the Video's Main Topic or Content
The thumbnail accurately represents the main topics discussed in the video—wealth, luxury, and high-profile possessions. It effectively conveys the theme of the video without exaggeration or false promises.

#### Step 5: Assess Whether the Thumbnail Uses Exaggeration, False Promises, or Clickbait Tactics
The thumbnail does not use exaggerated language or false promises. It clearly communicates the theme of the video, which is about the player's lifestyle and possessions.

#### Step 6: Categorize the Thumbnail
Based on the analysis, the thumbnail is not misleading. It accurately represents the content of the video without using exaggeration or false promises.

#### Step 7: Provide a Brief Explanation for the Decision
The thumbnail effectively communicates the theme of the video, which is about the player's wealth, luxury possessions, and high-profile lifestyle. It does not use exaggerated language or false promises, making it a clear representation of the video's content.

**Conclusion:** The thumbnail is **Not Misleading**."
oi_h9Qwi1ZI,"### Analysis of the YouTube Video Thumbnail

#### Step 1: Examine the thumbnail
The thumbnail features two individuals, one of whom is labeled as ""EXCLUSIVE"" and the other with the text ""HE IS COMPLETELY INSANE."" The image suggests a dramatic confrontation or a heated discussion between the two individuals.

#### Step 2: Read through the video subtitles and content description
The subtitles indicate that the video discusses celebrity feuds, particularly focusing on Tom Cruise and his relationships with other celebrities. The content description mentions various incidents involving Tom Cruise, such as his involvement with the Church of Scientology and conflicts with Nicole Kidman and Brooke Shields.

#### Step 3: Compare the thumbnail to the actual video content
The thumbnail depicts a dramatic interaction between two individuals, which aligns with the theme of celebrity feuds and conflicts mentioned in the subtitles and content description. However, the specific individuals depicted in the thumbnail are not explicitly named or clearly linked to the content described in the video.

#### Step 4: Determine if the thumbnail accurately represents the video's main topic or content
The thumbnail accurately represents the general theme of the video, which revolves around celebrity feuds and conflicts. However, the specific individuals depicted in the thumbnail are not directly tied to the content described in the video.

#### Step 5: Assess whether the thumbnail uses exaggeration, false promises, or clickbait tactics
The thumbnail does not appear to use exaggerated language or false promises. Instead, it accurately reflects the theme of the video but lacks specificity regarding the individuals involved.

#### Step 6: Categorize the thumbnail as either ""Misleading"" or ""Not Misleading""
Based on the analysis, the thumbnail is **Not Misleading** because it accurately represents the general theme of the video without making false promises or using exaggerated language. However, it does lack specificity regarding the individuals involved, which might lead viewers to expect a more focused narrative on those specific individuals rather than the broader theme of celebrity feuds.

#### Explanation
The thumbnail effectively captures the essence of the video's content, which is about celebrity feuds and conflicts. While it does not specify the exact individuals involved, it accurately conveys the theme of the video. Therefore, it is not misleading but could be improved by providing more specific details about the individuals featured in the video."
55cmuu-ierY,"### Analysis of the YouTube Video Thumbnail

#### Step 1: Examine the Thumbnail
The thumbnail features two individuals, one on the left and one on the right, with a central image of a puppet being controlled by strings. The text overlay reads ""THE SHOCKING TRUTH.""

#### Step 2: Read Through the Video Subtitles and Content Description
The subtitles discuss financial systems, debt, and the potential consequences of insufficient money in circulation to pay back all debts and interest. The content description mentions a discussion about the financial system and control structures within it.

#### Step 3: Compare the Thumbnail to the Actual Video Content
The thumbnail shows a puppet being controlled, which visually suggests manipulation or control. However, the video content focuses on discussions about financial systems, debt, and the implications of money supply on economic stability. While the concept of control is relevant, the visual metaphor of a puppet does not directly relate to the detailed financial analysis presented in the video.

#### Step 4: Determine if the Thumbnail Accurately Represents the Video's Main Topic or Content
The thumbnail does not accurately represent the detailed financial analysis discussed in the video. It uses a metaphorical image that could be interpreted as a visual representation of control, but the video content is more focused on explaining complex financial concepts rather than depicting a literal control scenario.

#### Step 5: Assess Whether the Thumbnail Uses Exaggeration, False Promises, or Clickbait Tactics
The thumbnail uses a metaphorical image that could be seen as exaggerated or misleading, as it does not directly reflect the content of the video. The text ""THE SHOCKING TRUTH"" is designed to attract attention but may not fully convey the nature of the discussion.

#### Step 6: Categorize the Thumbnail as Either ""Misleading"" or ""Not Misleading""
Based on the analysis, the thumbnail is **misleading** because it uses a metaphorical image that does not accurately represent the detailed financial analysis discussed in the video. The image of a puppet being controlled may give viewers an incorrect impression of the content's focus.

#### Explanation
The thumbnail uses a metaphorical image that could be interpreted as a visual representation of control, but the video content is more focused on explaining complex financial concepts related to money supply, debt, and economic stability. The metaphorical image does not directly reflect the detailed financial analysis presented in the video, making the thumbnail misleading."
K-mV_8aeQsk,"### Analysis of the Provided Information

#### Step 1: Examine the Thumbnail
The thumbnail depicts a large wave breaking in the ocean, with a crowd of people in the foreground. The image suggests an exciting and thrilling scene, likely related to surfing or a similar water sport.

#### Step 2: Read Through the Video Subtitles and Content Description
The video subtitles and content description mention a variety of unrelated scenes, including a ship, a fitness demonstration, a ceremonial event, a train track, a construction site, a horse race, an ice skating performance, a dam, fireworks, a wine tasting, a street interview, an ancient structure, marine life, an aircraft wing, and a person's lower body with flashy sneakers.

#### Step 3: Compare the Thumbnail to the Actual Video Content
The thumbnail shows a large wave breaking, which aligns with the theme of water sports or surfing. However, the video content described includes a wide range of unrelated scenes that do not seem to be related to the wave depicted in the thumbnail.

#### Step 4: Determine if the Thumbnail Accurately Represents the Video's Main Topic or Content
The thumbnail does not accurately represent the video's main topic or content. It suggests a specific activity (surfing) that is not present in the video content described.

#### Step 5: Assess Whether the Thumbnail Uses Exaggeration, False Promises, or Clickbait Tactics
The thumbnail uses exaggerated imagery (a large wave) to attract viewers, which is misleading because the video content does not match the suggested activity.

#### Step 6: Categorize the Thumbnail as Either ""Misleading"" or ""Not Misleading""
The thumbnail is **Misleading**.

#### Explanation for the Decision
The thumbnail depicts a large wave breaking, which is associated with surfing or water sports. However, the video content described includes a variety of unrelated scenes such as a ship, fitness demonstration, ceremonial event, train track, construction site, horse race, ice skating, dam, fireworks, wine tasting, street interview, ancient structure, marine life, aircraft wing, and a person's lower body with flashy sneakers. These scenes do not relate to the large wave shown in the thumbnail. Therefore, the thumbnail is misleading as it does not accurately represent the video's content."
Hv3GzcfaD1k,"### Analysis:

**Step 1: Examine the thumbnail**
The thumbnail features two individuals, one labeled as ""Charles"" and the other as ""Harry."" There is a speech bubble saying ""YOU CAN'T BE A KING,"" and the text ""RIDICULOUS PREDICTIONS"" is prominently displayed. 

**Step 2: Read through the video subtitles and content description**
The subtitles discuss predictions about Prince Harry becoming king, explaining that he is not in line to succeed due to the established order of the British royal succession. The content description mentions a montage of royal family events, focusing on the changing face of the monarchy and the departure of Prince Harry from royal duties.

**Step 3: Compare the thumbnail to the actual video content**
The thumbnail suggests a focus on the idea that Prince Harry cannot be king, which aligns with the subtitles discussing the royal succession. However, the thumbnail does not provide context about the detailed explanations given in the subtitles regarding the rules and laws governing the succession.

**Step 4: Determine if the thumbnail accurately represents the video's main topic or content**
The thumbnail accurately represents the main topic discussed in the video, which is the prediction that Prince Harry might become king and the reasons why this is not likely to happen.

**Step 5: Assess whether the thumbnail uses exaggeration, false promises, or clickbait tactics**
The thumbnail does not use exaggerated language or false promises. It accurately reflects the content of the video, which discusses the royal succession and the reasons why Prince Harry is not in line to become king.

**Step 6: Categorize the thumbnail**
The thumbnail is **Not Misleading** because it accurately represents the main topic of the video without using exaggeration, false promises, or clickbait tactics.

**Explanation:**
The thumbnail correctly highlights the central theme of the video, which is the prediction that Prince Harry cannot be king and the reasons behind this. It does not mislead viewers into expecting a different content or making assumptions beyond what is presented in the video."
t9WEGvzwqBM,"### Analysis of the Thumbnail and Video Content

#### Step 1: Examine the Thumbnail
The thumbnail features a man and a woman, with the text ""$35 MILLION"" prominently displayed. The background includes an image of a modern house, which suggests a luxurious lifestyle.

#### Step 2: Read Through the Video Subtitles and Content Description
The subtitles and content description focus on the career of a professional soccer player named Rodri, detailing his journey from youth soccer to becoming a successful player at Manchester City. The video highlights his achievements on the field, his international recognition, and his personal life, including his relationship status.

#### Step 3: Compare the Thumbnail to the Actual Video Content
The thumbnail depicts a luxurious lifestyle, specifically mentioning $35 million, which is not directly addressed in the video content. The video does not explicitly discuss Rodri's wealth or possessions, focusing instead on his career achievements and personal life.

#### Step 4: Determine if the Thumbnail Accurately Represents the Video's Main Topic or Content
The thumbnail suggests a focus on Rodri's wealth, particularly his $35 million figure, which is not a central theme in the video. The video primarily discusses his career trajectory and personal life, rather than his financial status.

#### Step 5: Assess Whether the Thumbnail Uses Exaggeration, False Promises, or Clickbait Tactics
The thumbnail uses exaggerated language (""$35 MILLION"") to attract viewers' attention, which may mislead viewers into expecting a discussion about Rodri's wealth when the video content does not delve into this topic.

#### Step 6: Categorize the Thumbnail as Either ""Misleading"" or ""Not Misleading""
Based on the analysis, the thumbnail is misleading because it suggests a focus on Rodri's wealth, which is not a primary topic discussed in the video.

#### Explanation for Decision
The thumbnail uses the word ""$35 MILLION"" in large, bold letters, which is a clear attempt to attract viewers by promising a discussion about Rodri's wealth. However, the video content does not address this topic, focusing instead on his career achievements and personal life. This discrepancy between the thumbnail and the video content makes the thumbnail misleading."
zoH6e91-XQY,"### Analysis of the Thumbnail and Video Content

#### Step 1: Examine the Thumbnail
The thumbnail depicts a group of football players driving a car onto the field after a victory. The text overlay reads ""BREAKING NEWS: PLAYERS DRIVE CAR ONTO FIELD AFTER VICTORY.""

#### Step 2: Read Through the Video Subtitles and Content Description
The video content includes a variety of football-related moments, including on-field action, personal moments, and some controversial or unusual scenes. However, none of the scenes depicted involve players driving a car onto the field after a victory.

#### Step 3: Compare the Thumbnail to the Actual Video Content
The thumbnail shows a dramatic and celebratory moment where players drive a car onto the field, which is not present in the video content. Instead, the video features a mix of on-field action, personal moments, and some controversial or unusual scenes.

#### Step 4: Determine if the Thumbnail Accurately Represents the Video's Main Topic or Content
The thumbnail does not accurately represent the video's main topic or content. It misleads viewers by suggesting a specific event that is not actually featured in the video.

#### Step 5: Assess Whether the Thumbnail Uses Exaggeration, False Promises, or Clickbait Tactics
The thumbnail uses exaggerated imagery and a misleading headline to attract viewers' attention. It creates a false promise by suggesting a dramatic and celebratory moment that is not present in the video.

#### Step 6: Categorize the Thumbnail as Either ""Misleading"" or ""Not Misleading""
The thumbnail is clearly ""Misleading.""

#### Step 7: Provide a Brief Explanation for Your Decision
The thumbnail uses exaggerated imagery and a misleading headline to attract viewers' attention. It suggests a specific event (players driving a car onto the field after a victory) that is not actually featured in the video. This creates a false promise and misleads viewers about the content of the video. Therefore, the thumbnail is misleading."
-5dI3rhxtX0,"### Analysis of the Thumbnail and Video Content

#### Step 1: Examine the Thumbnail
The thumbnail features three individuals with a red background and the text ""NOT GOOD."" The individuals appear to be reacting to something, which suggests a negative or critical tone.

#### Step 2: Read Through the Video Subtitles and Content Description
The subtitles discuss allegations against Mr. Beast involving child predators, background checks, and the impact of Mr. Beast's actions on his public image. The content creator seems to be discussing serious accusations against Mr. Beast and his crew, implying that the video will delve into these issues.

#### Step 3: Compare the Thumbnail to the Actual Video Content
The thumbnail suggests a negative or critical tone, which aligns with the subtitles that discuss serious allegations against Mr. Beast. However, the content description provides a broader context, indicating that the video is a compilation of various scenes related to Mr. Beast and his controversies.

#### Step 4: Determine if the Thumbnail Accurately Represents the Video's Main Topic or Content
While the thumbnail does set a critical tone, it does not specifically indicate that the video will focus solely on the allegations against Mr. Beast. The content description suggests that the video is a compilation of various scenes, including interactions with minors and discussions about Mr. Beast's public image.

#### Step 5: Assess Whether the Thumbnail Uses Exaggeration, False Promises, or Clickbait Tactics
The thumbnail does not use exaggerated language or false promises. It simply sets a critical tone, which is appropriate given the serious nature of the allegations discussed in the subtitles.

#### Step 6: Categorize the Thumbnail as Either ""Misleading"" or ""Not Misleading""
Given that the thumbnail accurately reflects the critical tone set by the subtitles and the content description, it does not mislead viewers about the content of the video.

#### Step 7: Provide a Brief Explanation for Your Decision
The thumbnail accurately represents the critical tone set by the subtitles and the content description. While it does not explicitly state that the video will focus only on the allegations against Mr. Beast, it sets a context that aligns with the serious nature of the allegations discussed. Therefore, the thumbnail is not misleading.

### Conclusion
The thumbnail is **Not Misleading**."
HslCUAYPRA4,"### Analysis:

**Step 1:** Examine the thumbnail.
- The thumbnail features two women, one older and one younger, with the text ""THEY CLASHED WITH DIANA."" There is also a speech bubble saying ""SHE WAS A TENSION.""

**Step 2:** Read through the video subtitles and content description.
- The subtitles mention ""15 personalities who clashed with Princess Diana,"" indicating a focus on conflicts involving Princess Diana.
- The content description discusses various relationships and conflicts within the royal family, particularly focusing on Princess Diana's interactions with Queen Elizabeth II, King Charles III, and others.

**Step 3:** Compare the thumbnail to the actual video content.
- The thumbnail accurately represents the theme of the video, which is about conflicts and tensions involving Princess Diana. It correctly highlights the central figure (Princess Diana) and the theme of clashes.

**Step 4:** Determine if the thumbnail accurately represents the video's main topic or content.
- The thumbnail effectively conveys the main topic of the video, which is about the conflicts and tensions surrounding Princess Diana.

**Step 5:** Assess whether the thumbnail uses exaggeration, false promises, or clickbait tactics.
- The thumbnail does not use any exaggerated language or false promises. It clearly states the topic and the central figure, which aligns with the actual content of the video.

**Step 6:** Categorize the thumbnail as either ""Misleading"" or ""Not Misleading.""
- Based on the analysis, the thumbnail is not misleading. It accurately represents the main topic and content of the video.

**Step 7:** Provide a brief explanation for the decision.
- The thumbnail accurately depicts the theme of the video, which focuses on the conflicts and tensions involving Princess Diana. It does not use any misleading elements or false promises. Therefore, it is categorized as ""Not Misleading.""

### Conclusion:
The thumbnail is **Not Misleading**."
4QExmoLeqmY,"### Analysis of the Thumbnail and Video Content

#### Step 1: Examine the Thumbnail
The thumbnail features three individuals standing in front of a large, luxurious mansion. The individuals appear to be dressed in formal attire, suggesting a high-profile event or setting. The mansion itself is grand, with ornate gates and a prominent architectural design, which aligns with the theme of wealth and luxury.

#### Step 2: Read Through the Video Subtitles and Content Description
The subtitles provide a comprehensive overview of Elton John's life, career, and personal achievements. They highlight his status as a renowned musician, his financial success, and his personal life, including his relationships and family. The content description further emphasizes the focus on Elton John's life, career, and the celebration of his success and legacy.

#### Step 3: Compare the Thumbnail to the Actual Video Content
The thumbnail depicts a scene that aligns closely with the content described in the video. It showcases a luxurious mansion, which is consistent with the theme of wealth and success mentioned in the subtitles and content description. The individuals in the thumbnail appear to be part of the narrative, possibly representing Elton John and his family or associates.

#### Step 4: Determine if the Thumbnail Accurately Represents the Video's Main Topic or Content
The thumbnail accurately represents the main topic of the video, which is a biographical showcase or documentary about Elton John's life and career. It effectively conveys the theme of wealth and luxury associated with the subject matter.

#### Step 5: Assess Whether the Thumbnail Uses Exaggeration, False Promises, or Clickbait Tactics
There is no indication of exaggeration, false promises, or clickbait tactics in the thumbnail. The image is straightforward and does not promise anything beyond what is depicted.

#### Step 6: Categorize the Thumbnail as Either ""Misleading"" or ""Not Misleading""
Based on the analysis, the thumbnail is **Not Misleading**.

#### Explanation
The thumbnail accurately reflects the content of the video, which focuses on Elton John's life, career, and personal achievements. It does not use any exaggerated elements or false promises. Instead, it provides a clear visual representation of the luxurious lifestyle associated with the subject, which is a significant aspect of the video's content. Therefore, the thumbnail is appropriate and not misleading."
IOeGE8jR9bY,"### Analysis of the Thumbnail and Video Content

#### Step 1: Examine the Thumbnail
The thumbnail features several elements:
1. A cricket player wearing a blue cap and jersey labeled ""SAHARA INDIA.""
2. A family portrait with three individuals.
3. A large, luxurious house with a pool.
4. A black helicopter parked next to a Lamborghini sports car.
5. The word ""LIFESTYLE"" prominently displayed.

#### Step 2: Read Through the Video Subtitles and Content Description
The subtitles and content description focus on the life and career of a famous Indian cricketer, likely Sachin Tendulkar. The video covers various aspects of his life, including his cricket career, personal life, and achievements. The content does not explicitly mention the luxury items shown in the thumbnail (house, helicopter, and car).

#### Step 3: Compare the Thumbnail to the Actual Video Content
The thumbnail showcases elements like a luxurious house, helicopter, and sports car, which are not directly addressed in the video content. The video primarily focuses on the cricketer's career and personal life, without delving into his lifestyle in detail.

#### Step 4: Determine if the Thumbnail Accurately Represents the Video's Main Topic or Content
The thumbnail significantly overstates the content of the video by emphasizing luxury items that are not central to the narrative. The video is more about the cricketer's journey and achievements rather than showcasing his lifestyle.

#### Step 5: Assess Whether the Thumbnail Uses Exaggeration, False Promises, or Clickbait Tactics
The thumbnail uses exaggerated imagery to attract viewers, suggesting that the video will show the cricketer's lavish lifestyle. However, the video content does not delve into his lifestyle in depth; instead, it focuses on his career and personal life.

#### Step 6: Categorize the Thumbnail as Either ""Misleading"" or ""Not Misleading""
Based on the analysis, the thumbnail is misleading because it suggests that the video will showcase the cricketer's luxurious lifestyle, which is not the primary focus of the content.

#### Step 7: Provide a Brief Explanation for the Decision
The thumbnail uses exaggerated imagery to attract viewers, implying that the video will show the cricketer's lavish lifestyle. However, the video content is more focused on his career and personal life, without delving into his lifestyle in detail. Therefore, the thumbnail is misleading.

### Conclusion
The thumbnail is **Misleading**."
An52a50mVXs,"### Analysis of the Thumbnail and Video Content

1. **Examine the Thumbnail**: The thumbnail shows a person sliding down a large red water slide, with a luxurious pool area in the background. The image suggests a fun and exciting water park experience.

2. **Read the Subtitles**: The subtitles indicate that the video is about turning a house into a huge water garden. It mentions building a water park at home, competing with another team, and collecting ideas from a water park visit.

3. **Compare the Thumbnail to the Actual Video Content**:
   - The thumbnail depicts a single individual sliding down a large water slide.
   - The video content shows multiple individuals working together to build and set up a water park, both indoors and outdoors.
   - The video includes scenes of building water slides, inflatable structures, and testing them, which are not depicted in the thumbnail.

4. **Determine Accuracy Representation**: The thumbnail does not accurately represent the main topic or content of the video. While it captures a fun element of the video, it significantly underrepresents the collaborative nature of the project and the scale of the water park setup.

5. **Assess Exaggeration, False Promises, or Clickbait Tactics**: The thumbnail uses a visually appealing image of a water slide to attract viewers, but it fails to convey the extensive and collaborative nature of the project shown in the video.

6. **Categorize the Thumbnail**: Based on the analysis, the thumbnail is misleading because it does not accurately reflect the main content of the video.

### Conclusion

The thumbnail is **Misleading** because it fails to convey the collaborative and extensive nature of the water park project shown in the video. It underrepresents the scale and teamwork involved in building the water park, which is a significant part of the video's content."
2J7iUgad4dw,"### Analysis of the Thumbnail and Video Content

#### Step 1: Examine the Thumbnail
The thumbnail features two individuals dressed in pink soccer jerseys, one of whom is kneeling on the ground while the other is in a dynamic pose, appearing to be in motion. The text ""DAY 7"" is prominently displayed at the top right corner. The overall image suggests a soccer-themed activity or challenge.

#### Step 2: Read Through the Video Subtitles and Content Description
The video content describes a series of activities involving a young man engaging in various soccer-related challenges and training sessions. The video includes scenes of dribbling, penalty kicks, agility tests, and other soccer-specific drills. The protagonist is seen in different environments, including a soccer field, an indoor kitchen, and a beach, among others.

#### Step 3: Compare the Thumbnail to the Actual Video Content
The thumbnail depicts a soccer-themed activity, which aligns closely with the content described in the video. The protagonist is shown in soccer attire, and the overall theme of the video revolves around soccer training and challenges.

#### Step 4: Determine if the Thumbnail Accurately Represents the Video's Main Topic or Content
The thumbnail accurately represents the main topic of the video, which is centered around soccer training and challenges. It captures the essence of the content without exaggeration or misleading elements.

#### Step 5: Assess Whether the Thumbnail Uses Exaggeration, False Promises, or Clickbait Tactics
There are no exaggerated claims or false promises in the thumbnail. It simply presents the protagonist in a soccer-themed setting, which matches the video content.

#### Step 6: Categorize the Thumbnail
Based on the analysis, the thumbnail is not misleading. It accurately represents the main topic and content of the video.

#### Step 7: Provide a Brief Explanation for the Decision
The thumbnail effectively communicates the theme of the video, which is focused on soccer training and challenges. It does not use any exaggerated claims or misleading elements. Therefore, the thumbnail is categorized as ""Not Misleading."""
EuixCyNBQnw,"### Analysis of the Thumbnail and Video Content

#### Step 1: Examine the Thumbnail
The thumbnail features a smiling individual in front of a large, luxurious-looking treehouse with a slide, a hot tub, and a sign that reads ""Fortnite."" The image suggests a high-end, fun, and possibly themed environment.

#### Step 2: Read Through the Video Subtitles and Content Description
The subtitles and the video content describe a straightforward construction process of a treehouse in a snowy forest. The video focuses on the step-by-step construction of the treehouse, including laying the foundation, building walls, installing windows, and adding a roof. There are moments of teamwork and some entertainment elements, such as a zipline and a bicycle ride on an elevated platform, but the primary focus remains on the construction process.

#### Step 3: Compare the Thumbnail to the Actual Video Content
The thumbnail depicts a luxurious, themed treehouse with modern amenities, while the video content shows a simple, functional treehouse being built without any of the luxurious or themed elements suggested in the thumbnail.

#### Step 4: Determine if the Thumbnail Accurately Represents the Video's Main Topic or Content
The thumbnail does not accurately represent the video's main topic or content. It misleads viewers by suggesting a more elaborate and themed project than what is actually shown in the video.

#### Step 5: Assess Whether the Thumbnail Uses Exaggeration, False Promises, or Clickbait Tactics
The thumbnail uses exaggerated imagery to attract viewers, promising a luxurious and themed experience that is not reflected in the actual video content. This creates a misleading expectation.

#### Step 6: Categorize the Thumbnail as Either ""Misleading"" or ""Not Misleading""
The thumbnail is **misleading**.

#### Explanation
The thumbnail significantly overpromises by depicting a luxurious, themed treehouse with modern amenities, which contrasts sharply with the actual video content that focuses on a simple construction process. This discrepancy misleads viewers into expecting a different type of experience than what they ultimately receive."
y3kmk0K2lJs,"### Analysis of the Thumbnail and Content Comparison

#### Step 1: Examine the Thumbnail
The thumbnail features a castle-like structure in the background, a futuristic car, and a person with long, wavy hair wearing a sparkly outfit. The overall aesthetic suggests themes of luxury, wealth, and fantasy.

#### Step 2: Read Through the Video Subtitles and Content Description
The subtitles and content description focus on the life and career of Mariah Carey, highlighting her rise to fame, her luxurious lifestyle, and her net worth. The video showcases various aspects of her life, including her homes, cars, and personal belongings, which align with the theme of luxury and wealth.

#### Step 3: Compare the Thumbnail to the Actual Video Content
The thumbnail effectively captures the essence of the video content. It includes elements that are prominently featured in the video—luxury (castle, car), and the subject herself. The castle and car suggest themes of wealth and fantasy, which are consistent with the video's portrayal of her luxurious lifestyle.

#### Step 4: Determine if the Thumbnail Accurately Represents the Video's Main Topic or Content
The thumbnail accurately represents the main topics discussed in the video. It highlights the luxurious aspects of Mariah Carey's life, which are central themes throughout the video.

#### Step 5: Assess Whether the Thumbnail Uses Exaggeration, False Promises, or Clickbait Tactics
There is no indication of exaggeration or false promises in the thumbnail. It does not promise anything beyond what is shown and described in the video content.

#### Step 6: Categorize the Thumbnail
Based on the analysis, the thumbnail is not misleading. It accurately reflects the content of the video without using exaggerated claims or misleading imagery.

#### Step 7: Provide a Brief Explanation for the Decision
The thumbnail effectively communicates the themes of luxury and wealth that are central to the video content. It does not use any misleading elements or false promises. Therefore, it is categorized as ""Not Misleading.""

### Final Decision
**Category:** Not Misleading

**Explanation:** The thumbnail accurately represents the luxurious and affluent lifestyle depicted in the video, without using any misleading elements or false promises."
CskyDVPbN1g,"### Analysis of the Thumbnail and Video Content

#### Step 1: Examine the Thumbnail
The thumbnail features two individuals in a school hallway, one appearing distressed while the other looks on. The text ""high school"" is prominently displayed below them. The image suggests a dramatic or intense situation involving conflict or confrontation.

#### Step 2: Read Through the Video Subtitles and Content Description
The subtitles reveal that the video is about a parent documenting their child's first day of high school. The parent has set up hidden cameras and actors to create a challenging environment for the child. The video includes scenes of the child navigating a chaotic school setting filled with bullies, emotional outbursts, and other stressful scenarios.

#### Step 3: Compare the Thumbnail to the Actual Video Content
The thumbnail depicts a scene of distress and confrontation, which aligns closely with the chaotic and challenging environment described in the subtitles. However, the thumbnail does not explicitly convey the presence of hidden cameras, actors, or the specific nature of the challenges (e.g., bullies, emotional outbursts).

#### Step 4: Determine if the Thumbnail Accurately Represents the Video's Main Topic or Content
While the thumbnail captures a dramatic moment, it does not fully represent the broader context of the video. The thumbnail suggests a general high school drama without specifying the orchestrated chaos and hidden cameras mentioned in the subtitles.

#### Step 5: Assess Whether the Thumbnail Uses Exaggeration, False Promises, or Clickbait Tactics
The thumbnail uses exaggerated imagery to attract viewers, but it does not mislead by promising a different experience than what is shown in the video. The thumbnail accurately reflects the intense and dramatic nature of the scenes depicted in the video.

#### Step 6: Categorize the Thumbnail
Based on the analysis, the thumbnail is not misleading. It accurately represents the dramatic and intense nature of the scenes in the video, albeit without providing full context about the orchestrated chaos and hidden cameras.

#### Step 7: Provide a Brief Explanation for the Decision
The thumbnail effectively captures the dramatic and intense atmosphere of the video, which is consistent with the chaotic and challenging environment described in the subtitles. While it does not explicitly mention the hidden cameras and actors, it accurately conveys the high-stakes, dramatic nature of the scenes depicted in the video. Therefore, the thumbnail is not misleading.

### Final Decision: Not Misleading"
0subUTIDMj8,"### Analysis of the YouTube Video Thumbnail

#### Step 1: Examine the thumbnail
The thumbnail features a large red circle with a diagonal line through it, symbolizing prohibition. Inside the circle, there is an image of a pile of metallic objects resembling artillery shells or similar munitions. To the right, there is a photo of Joe Biden with a surprised expression, and the text reads ""CHINA KILLED THE SANCTION GAME.""

#### Step 2: Read through the video subtitles and content description
The subtitles and content description discuss various topics related to China's international relations, trade, and cultural exports. These include discussions about China's gaming industry, military equipment production, antimony exports, joint exercises between the Chinese and U.S. navies, and trade relations with the Philippines, Australia, and Latin America.

#### Step 3: Compare the thumbnail to the actual video content
The thumbnail suggests that the video is about China imposing sanctions on the United States, specifically regarding high-tech weapons. However, the video content does not focus on sanctions but rather covers a wide range of topics related to China's international relations, trade policies, and cultural exports.

#### Step 4: Determine if the thumbnail accurately represents the video's main topic or content
The thumbnail does not accurately represent the video's main topic or content. While the video does touch on the topic of antimony exports and their impact on the U.S. military industry, it does not focus on sanctions or the phrase ""killed the sanction game.""

#### Step 5: Assess whether the thumbnail uses exaggeration, false promises, or clickbait tactics
The thumbnail uses exaggerated language (""KILLED THE SANCTION GAME"") and a misleading image of metallic objects, which are not directly related to the video's content. This suggests an attempt to attract viewers with sensationalism rather than accurate representation.

#### Step 6: Categorize the thumbnail as either ""Misleading"" or ""Not Misleading""
Based on the analysis, the thumbnail is **Misleading**.

#### Explanation
The thumbnail employs exaggerated language and imagery that do not align with the actual content of the video. It suggests a specific topic (sanctions) that is not the primary focus of the video. Instead, the video covers a broad range of topics related to China's international relations, trade policies, and cultural exports. Therefore, the thumbnail misleads viewers into expecting a video about sanctions when the content is much broader and less focused on that particular issue."
qXxTIRWzgxQ,"### Analysis of the Thumbnail and Video Content

#### Step 1: Examine the Thumbnail
The thumbnail features a man in a cream-colored suit kneeling beside a red Rolls-Royce car in front of a grand, golden mansion. The overall impression is one of luxury and wealth.

#### Step 2: Read Through the Video Subtitles and Content Description
The subtitles and content description highlight Steve Harvey's career achievements, his rise to fame, and his luxurious lifestyle. The video emphasizes his success in entertainment, his wealth, and the opulence of his mansion and possessions.

#### Step 3: Compare the Thumbnail to the Actual Video Content
The thumbnail effectively captures the essence of the video content. It showcases the key elements mentioned in the subtitles and content description—luxury, wealth, and a glamorous lifestyle.

#### Step 4: Determine if the Thumbnail Accurately Represents the Video's Main Topic or Content
The thumbnail accurately represents the main topics discussed in the video, such as Steve Harvey's success, wealth, and luxurious lifestyle.

#### Step 5: Assess Whether the Thumbnail Uses Exaggeration, False Promises, or Clickbait Tactics
There is no indication of exaggeration, false promises, or clickbait tactics in the thumbnail. It simply presents the visual elements that align with the video's content.

#### Step 6: Categorize the Thumbnail
Based on the analysis, the thumbnail is not misleading. It accurately reflects the content of the video, which focuses on Steve Harvey's success, wealth, and luxurious lifestyle.

#### Explanation
The thumbnail effectively communicates the main themes of the video—luxury, wealth, and success. It does not use any exaggerated elements or false promises. Instead, it provides a clear preview of the content, which is consistent with the video's depiction of Steve Harvey's life and achievements. Therefore, the thumbnail is categorized as **Not Misleading**."
dZTf229MX9U,"### Analysis of the Thumbnail and Video Content

#### Step 1: Examine the Thumbnail
The thumbnail features two individuals standing in front of a house labeled ""Villisca Ax Murder House."" The image suggests a connection to a historical murder case, which is often associated with paranormal investigations due to the eerie and mysterious nature of such events.

#### Step 2: Read Through the Video Subtitles and Content Description
The video content describes a series of nighttime investigations in various locations, including abandoned buildings and remote settings. The investigators use equipment like night vision cameras and thermal imaging devices to explore these locations. The video aims to create a suspenseful and eerie atmosphere, typical of paranormal investigations.

#### Step 3: Compare the Thumbnail to the Actual Video Content
The thumbnail depicts a house associated with a famous murder case, which is a common theme in paranormal investigations. However, the video content does not explicitly mention or reference the ""Villisca Ax Murder House."" Instead, it focuses on general paranormal investigations without specifying a particular location.

#### Step 4: Determine if the Thumbnail Accurately Represents the Video's Main Topic or Content
While the thumbnail suggests a connection to a specific historical event, the video content does not directly relate to the ""Villisca Ax Murder House."" The video appears to be a generic paranormal investigation rather than a focused exploration of the Villisca Ax Murder House.

#### Step 5: Assess Whether the Thumbnail Uses Exaggeration, False Promises, or Clickbait Tactics
The thumbnail uses a well-known and intriguing title (""Villisca Ax Murder House"") to attract viewers' attention. However, the video content does not align with the specific theme suggested by the thumbnail. This discrepancy might lead viewers to expect a more specific and historically focused investigation, which is not delivered.

#### Step 6: Categorize the Thumbnail as Either ""Misleading"" or ""Not Misleading""
Given the mismatch between the thumbnail and the video content, the thumbnail can be considered **misleading**. It suggests a specific focus on the Villisca Ax Murder House, which is not the primary subject of the video.

#### Explanation
The thumbnail creates an expectation that the video will delve into the history and paranormal activity surrounding the Villisca Ax Murder House. However, the video content is a general paranormal investigation without a specific focus on this location. This mismatch between the thumbnail and the video content leads to viewer confusion and disappointment, making the thumbnail misleading."
cEZRl_AB5Ao,"### Analysis:

**Step 1: Examine the thumbnail**
The thumbnail features a large ship on a beach during sunset, with the text ""The End Is Near!"" prominently displayed. The image evokes a sense of impending doom or catastrophe, often associated with apocalyptic themes.

**Step 2: Read through the video subtitles and content description**
The subtitles and content description focus on the potential ban of TikTok in the United States due to national security concerns and privacy issues. The video discusses the app's alleged tracking capabilities, the possibility of it being used as a surveillance tool, and broader geopolitical tensions involving China.

**Step 3: Compare the thumbnail to the actual video content**
The thumbnail depicts a serene beach scene with a ship, which contrasts sharply with the serious and potentially dire topics discussed in the video. The ship on the beach does not visually represent the core themes of national security, privacy concerns, or geopolitical tensions discussed in the video.

**Step 4: Determine if the thumbnail accurately represents the video's main topic or content**
The thumbnail does not accurately represent the main topics discussed in the video. It fails to convey the serious nature of the discussions about TikTok's potential ban and the underlying geopolitical concerns.

**Step 5: Assess whether the thumbnail uses exaggeration, false promises, or clickbait tactics**
The thumbnail uses exaggerated language (""The End Is Near!"") and imagery (a ship on a beach) that are not reflective of the actual content. It creates a misleading impression that the video will discuss an apocalyptic scenario rather than a serious discussion about TikTok's future in the U.S.

**Step 6: Categorize the thumbnail as either ""Misleading"" or ""Not Misleading""**
Based on the analysis, the thumbnail is **Misleading**.

**Explanation:**
The thumbnail employs a dramatic and ominous image and text that do not align with the actual content of the video. It misleads viewers into expecting a sensationalized or apocalyptic narrative when the video primarily discusses the serious implications of TikTok's potential ban due to national security and privacy concerns."
XUiML3YTEjY,"### Analysis of the Thumbnail and Video Content

#### Step 1: Examine the Thumbnail
The thumbnail features two Formula 1 drivers in a tense interaction, with one driver saying, ""Have fun at the hospital."" The image suggests a confrontational or heated moment between the drivers.

#### Step 2: Read Through the Video Subtitles and Content Description
The subtitles and content description describe a series of Formula 1 racing moments, including heated incidents, controversies, and behind-the-scenes drama. The video focuses on the intense emotions and conflicts among drivers, particularly between Fernando Alonso and Lewis Hamilton during the 2007 season.

#### Step 3: Compare the Thumbnail to the Actual Video Content
The thumbnail depicts a confrontation between two drivers, which aligns with the content described in the subtitles. However, the specific incident mentioned in the subtitles involves a controversial qualifying session where Alonso and Hamilton were battling intensely, leading to Alonso being given a penalty for impeding Hamilton.

#### Step 4: Determine if the Thumbnail Accurately Represents the Video's Main Topic or Content
The thumbnail accurately represents the main topic of the video, which is the intense rivalry and conflict between Alonso and Hamilton during the 2007 season. It captures the essence of the confrontation described in the subtitles.

#### Step 5: Assess Whether the Thumbnail Uses Exaggeration, False Promises, or Clickbait Tactics
The thumbnail does not use any exaggerated elements or false promises. It simply depicts a tense moment between two drivers, which is a fair representation of the content described in the subtitles.

#### Step 6: Categorize the Thumbnail
The thumbnail is not misleading. It accurately reflects the content of the video, which is centered around the intense rivalry and conflict between Alonso and Hamilton.

#### Step 7: Provide a Brief Explanation for the Decision
The thumbnail effectively captures the intense and confrontational nature of the video content, which revolves around the rivalry between Alonso and Hamilton. It does not use any exaggerated elements or false promises, making it a fair representation of the video's main topic.

### Conclusion
The thumbnail is **Not Misleading**."
ohlFsHFs62I,"### Analysis of the Thumbnail and Video Content

#### Step 1: Examine the Thumbnail
The thumbnail features two individuals, one wearing a cowboy hat and the other wearing a baseball cap. The text overlaid on the thumbnail reads, ""HE IS SO CHILDISH!""

#### Step 2: Read Through the Video Subtitles and Content Description
The subtitles and content description focus on the political career and personal life of a woman named Lauren Bobbert, a U.S. Congresswoman from Colorado. The video discusses her advocacy for gun rights, her political career, and recent developments involving her divorce.

#### Step 3: Compare the Thumbnail to the Actual Video Content
The thumbnail does not visually represent any of the scenes described in the video content. It does not show the woman in any political context, nor does it depict her in a personal setting where she might be involved in a divorce discussion. Instead, the thumbnail seems to be unrelated to the content of the video.

#### Step 4: Determine if the Thumbnail Accurately Represents the Video's Main Topic or Content
The thumbnail does not accurately represent the video's main topic or content. It does not reflect the political career or personal life discussed in the video.

#### Step 5: Assess Whether the Thumbnail Uses Exaggeration, False Promises, or Clickbait Tactics
The thumbnail uses exaggerated language (""HE IS SO CHILDISH!"") which is not supported by the video content. This suggests a clickbait tactic designed to attract viewers' attention.

#### Step 6: Categorize the Thumbnail as Either ""Misleading"" or ""Not Misleading""
Based on the analysis, the thumbnail is **misleading** because it does not accurately represent the content of the video and uses exaggerated language that is not supported by the video's actual content.

#### Explanation for Decision
The thumbnail is misleading because it does not visually represent the content of the video. It uses exaggerated language (""HE IS SO CHILDISH!"") that is not supported by the video's actual content. The thumbnail appears to be designed to attract viewers' attention through clickbait tactics rather than accurately representing the video's subject matter."
EzM03DMgtsY,"### Analysis of the YouTube Video Thumbnail

#### Step 1: Examine the thumbnail
The thumbnail features two individuals, one representing Russia (with the Russian flag) and the other representing Ukraine (with the Ukrainian flag). The text overlay reads ""IT'S A DISASTER!"" with arrows pointing from Russia towards Ukraine, indicating a negative outcome for Ukraine.

#### Step 2: Read through the video subtitles and content description
The subtitles and content description indicate a detailed analysis of the conflict between Ukraine and Russia, focusing on various aspects such as resource shortages, military advancements, and political dynamics. The presenter discusses the complexities of the conflict, including internal issues within Ukraine, delays in Western aid, and the strategic decisions made by the Ukrainian leadership.

#### Step 3: Compare the thumbnail to the actual video content
The thumbnail depicts a dramatic and negative scenario, suggesting a complete disaster for Ukraine. However, the video content provides a more nuanced and comprehensive analysis of the conflict, highlighting both the challenges faced by Ukraine and the complexities of the situation.

#### Step 4: Determine if the thumbnail accurately represents the video's main topic or content
The thumbnail does not accurately represent the video's main topic or content. While the video does discuss the severity of the conflict, it does not present a simplistic narrative of a total disaster for Ukraine. Instead, it offers a detailed analysis of various aspects of the conflict, including internal issues and external factors contributing to the situation.

#### Step 5: Assess whether the thumbnail uses exaggeration, false promises, or clickbait tactics
The thumbnail uses exaggerated language (""IT'S A DISASTER!"") and a visual representation that oversimplifies the complexity of the conflict. It suggests a catastrophic outcome without providing context or nuance, which could mislead viewers into expecting a more dire situation than what the video actually presents.

#### Step 6: Categorize the thumbnail as either ""Misleading"" or ""Not Misleading""
Based on the analysis, the thumbnail is **misleading**.

#### Explanation
The thumbnail employs exaggerated language and a visual representation that oversimplifies the complexity of the conflict. While the video provides a detailed analysis of the situation, the thumbnail's depiction of a ""total disaster"" for Ukraine is not supported by the content of the video. This misleads viewers into expecting a more dire situation than what the presenter actually discusses, which is a critical aspect of the conflict."
A8yr42L4Ep0,"The provided information does not include specific subtitles or a detailed text description of the video content. However, based on the analysis of the scenes described, the video appears to depict a series of positive interactions between adults and children in an educational setting, focusing on learning through play and fostering relationships.

Given this context, let's analyze the thumbnail:

### Analysis of the Thumbnail:
- The thumbnail shows two individuals behind bars, both appearing surprised or shocked.
- Both individuals are wearing orange prison uniforms, which typically signify incarceration.
- The setting suggests a jail or prison environment.

### Comparison to Video Content:
- The video content described focuses on positive interactions between adults and children in a classroom or educational setting.
- There are no scenes depicting incarceration or prison environments in the provided description.

### Assessment:
- The thumbnail uses a highly exaggerated and misleading image that does not align with the actual content of the video.
- It employs clickbait tactics by showing a scenario that is completely unrelated to the educational and nurturing interactions described in the video.
- The thumbnail creates a false expectation that the video contains content about incarceration or prison life, which is not the case.

### Conclusion:
The thumbnail is **misleading** because it depicts a scenario that is entirely unrelated to the educational and nurturing interactions described in the video content. It uses clickbait tactics to attract viewers who may be interested in content about incarceration or prison life, when the actual video content is about positive interactions in an educational setting."
kjZcgdKhbZI,"### Analysis of the Thumbnail and Content Comparison

#### Step 1: Examine the Thumbnail
The thumbnail features a luxurious mansion, a sports car, and two individuals (likely a couple) with the text ""$21M"" prominently displayed. The overall impression is one of opulence and wealth.

#### Step 2: Read Through the Video Subtitles and Content Description
The video content describes Cristiano Ronaldo's life as a luxury lifestyle, featuring expensive possessions, career highlights, and personal moments. It emphasizes his wealth, success, and the lavish lifestyle he leads.

#### Step 3: Compare the Thumbnail to the Actual Video Content
The thumbnail effectively captures the essence of the video content, which revolves around Ronaldo's luxurious lifestyle. The mansion, sports car, and the ""$21M"" tag align closely with the theme of wealth and luxury depicted in the video.

#### Step 4: Determine if the Thumbnail Accurately Represents the Video's Main Topic or Content
The thumbnail accurately represents the main topic of the video, which is Ronaldo's luxurious lifestyle and wealth.

#### Step 5: Assess Whether the Thumbnail Uses Exaggeration, False Promises, or Clickbait Tactics
There is no indication of exaggeration, false promises, or clickbait tactics in the thumbnail. It clearly communicates the theme of luxury and wealth without misleading viewers.

#### Step 6: Categorize the Thumbnail
The thumbnail is **Not Misleading**.

#### Explanation
The thumbnail effectively communicates the theme of Ronaldo's luxurious lifestyle without any misleading elements. It accurately reflects the content of the video, which showcases his wealth, success, and lavish possessions. There are no exaggerated claims or false promises, making the thumbnail appropriate and honest representation of the video's content."
jZmowwRpYos,"### Analysis of the Thumbnail and Video Content

#### Step 1: Examine the Thumbnail
The thumbnail features a man in a flamboyant purple suit standing in front of a luxurious mansion with a swimming pool. The word ""Lifestyle"" is prominently displayed below the image.

#### Step 2: Read Through the Video Subtitles and Content Description
The video subtitles indicate that the content focuses on Elton John's lifestyle, including his personal life, career achievements, and net worth. The video description provides a biographical montage of Elton John's life, career, and personal milestones.

#### Step 3: Compare the Thumbnail to the Actual Video Content
The thumbnail depicts a luxurious lifestyle, which aligns with the video's focus on Elton John's net worth and personal life. However, the thumbnail does not explicitly mention the ""lifestyle"" aspect but rather showcases a glamorous image of Elton John himself.

#### Step 4: Determine if the Thumbnail Accurately Represents the Video's Main Topic or Content
While the thumbnail does represent a luxurious lifestyle, it does not specifically highlight the ""lifestyle"" aspect as explicitly stated in the subtitles. The thumbnail could be seen as misleading because it might give viewers the impression that the video is primarily about Elton John's lavish possessions and living conditions, whereas the video content is broader and includes elements of his career and personal life.

#### Step 5: Assess Whether the Thumbnail Uses Exaggeration, False Promises, or Clickbait Tactics
The thumbnail uses a visually appealing image of a luxury mansion, which can be considered a form of visual exaggeration. However, the text ""Lifestyle"" suggests that the video content will indeed cover aspects of Elton John's lifestyle, making the thumbnail somewhat misleading but not entirely deceptive.

#### Step 6: Categorize the Thumbnail as Either ""Misleading"" or ""Not Misleading""
Given the analysis above, the thumbnail can be categorized as **""Misleading""** because it does not clearly communicate the specific focus on Elton John's lifestyle as indicated in the subtitles. While it accurately portrays a luxurious setting, it does not fully convey the comprehensive nature of the video content.

#### Explanation
The thumbnail effectively captures the viewer's attention with a luxurious image, which is relevant to the video's content. However, the lack of explicit mention of the ""lifestyle"" aspect in the thumbnail description might lead viewers to expect a more focused narrative on Elton John's wealth and possessions, which is not the primary focus of the video. Therefore, the thumbnail is misleading in terms of the viewer's expectations."
EHsXZtZGxpk,"### Analysis of the Thumbnail and Video Content

#### Step 1: Examine the Thumbnail
The thumbnail features three main elements:
1. A photo of Virat Kohli in a cricket uniform.
2. A photo of Virat Kohli with his family.
3. A photo of a luxurious house.
4. A photo of a private jet and luxury cars.

#### Step 2: Read Through the Video Subtitles and Content Description
The subtitles and content description highlight Virat Kohli's lifestyle, including:
- His net worth.
- His houses (in Mumbai and Gurugram).
- His car collection.
- His endorsements and financial success.

#### Step 3: Compare the Thumbnail to the Actual Video Content
The thumbnail effectively captures the key elements discussed in the video:
- It shows Virat Kohli, emphasizing his professional identity.
- It includes images of his family, highlighting his personal life.
- It showcases his luxurious house, aligning with the discussion of his lifestyle.
- It displays a private jet and luxury cars, which are part of the content about his wealth and possessions.

#### Step 4: Determine if the Thumbnail Accurately Represents the Video's Main Topic or Content
The thumbnail accurately represents the main topics discussed in the video. It highlights Virat Kohli's professional career, personal life, and his luxurious lifestyle, which are central themes throughout the video.

#### Step 5: Assess Whether the Thumbnail Uses Exaggeration, False Promises, or Clickbait Tactics
The thumbnail does not use exaggerated language or false promises. It clearly communicates the focus on Virat Kohli's lifestyle, which is consistent with the video content.

#### Step 6: Categorize the Thumbnail as Either ""Misleading"" or ""Not Misleading""
The thumbnail is **not misleading** because it accurately reflects the content of the video. It provides a clear preview of the topics covered, which include his professional career, personal life, and luxurious lifestyle.

#### Explanation
The thumbnail effectively summarizes the main points of the video, which are about Virat Kohli's professional career, personal life, and his luxurious lifestyle. It does not overpromise or underrepresent the content, making it a fair representation of the video's theme. Therefore, the thumbnail is not misleading."
AsVSC54VfqI,"### Analysis of the YouTube Video Thumbnail

#### Step 1: Examine the thumbnail
The thumbnail features a person with a serious expression, overlaid with Chinese flags and the text ""MY OWN BACKYARD?!"" prominently displayed.

#### Step 2: Read through the video subtitles and content description
The subtitles indicate a discussion about the United States and China's competition for influence in Latin America, with a focus on China's growing economic presence and the U.S.'s efforts to counter it. The content also touches on the Summit of the Americas and the controversies surrounding it.

#### Step 3: Compare the thumbnail to the actual video content
The thumbnail uses imagery of Chinese flags and the text ""MY OWN BACKYARD?!"" which suggests a theme of the U.S. being threatened by China in its own hemisphere. However, the video content primarily discusses the competition for influence in Latin America and does not explicitly address the U.S. being threatened by China in its own backyard.

#### Step 4: Determine if the thumbnail accurately represents the video's main topic or content
The thumbnail does not accurately represent the main topic of the video. While the video does discuss China's influence in Latin America, the thumbnail's emphasis on the U.S. being threatened by China in its own backyard is not a central theme of the video.

#### Step 5: Assess whether the thumbnail uses exaggeration, false promises, or clickbait tactics
The thumbnail uses exaggerated language (""MY OWN BACKYARD?!"") to create a sense of urgency and alarm, which may mislead viewers into expecting a more dramatic or sensationalized narrative than what the video actually provides.

#### Step 6: Categorize the thumbnail as either ""Misleading"" or ""Not Misleading""
Based on the analysis, the thumbnail is **misleading**.

#### Explanation
The thumbnail creates a sense of urgency and alarm by suggesting that the U.S. is being threatened by China in its own backyard, which is not a central theme of the video. Instead, the video focuses on the competition for influence in Latin America and the controversies surrounding the Summit of the Americas. The use of exaggerated language and imagery in the thumbnail misleads viewers into expecting a more dramatic narrative than what the video actually provides."
QFF1xB7r-8w,"### Analysis of the YouTube Video Thumbnail

#### Step 1: Examine the Thumbnail
The thumbnail features two individuals, one male and one female, with a speech bubble saying ""I AM SORRY."" The text overlay reads ""HER 1ST YEAR OF ROYALTY.""

#### Step 2: Read Through the Video Subtitles and Content Description
The subtitles indicate that the video discusses the challenges Princess Katherine faced in her first year as a member of the British royal family. It mentions 15 major obstacles she encountered, including relentless media scrutiny, comparisons to Princess Diana, and difficulties assimilating into the royal family.

#### Step 3: Compare the Thumbnail to the Actual Video Content
The thumbnail does not directly depict any of the specific scenes or themes mentioned in the video subtitles. Instead, it shows a generic image of a man and a woman with a ""I AM SORRY"" speech bubble, which does not align with the detailed content described in the video.

#### Step 4: Determine if the Thumbnail Accurately Represents the Video's Main Topic or Content
The thumbnail fails to represent the specific content of the video, which focuses on the challenges Princess Katherine faced in her first year as a royal. The ""I AM SORRY"" message does not convey the serious nature of the obstacles discussed in the video.

#### Step 5: Assess Whether the Thumbnail Uses Exaggeration, False Promises, or Clickbait Tactics
The thumbnail does not use exaggerated language or false promises. However, it does not accurately reflect the content of the video, which is a critical analysis of the challenges faced by Princess Katherine.

#### Step 6: Categorize the Thumbnail as Either ""Misleading"" or ""Not Misleading""
Based on the analysis, the thumbnail is misleading because it does not accurately represent the content of the video.

#### Explanation for Decision
The thumbnail fails to provide a clear indication of the specific content of the video, which is a detailed exploration of the challenges Princess Katherine faced in her first year as a royal. Instead, it uses a generic image and a ""I AM SORRY"" message that does not align with the serious and critical nature of the video's content. Therefore, the thumbnail is misleading."
EsgEsr9UqcY,"### Analysis of the Provided Information

#### Step 1: Examine the Thumbnail
The thumbnail shows a person holding a flashlight in a dark outdoor setting, with a circular highlight around a figure in the background. The figure appears to be standing in a dimly lit area near a building, which looks like a school or community center.

#### Step 2: Read Through the Video Subtitles and Content Description
The subtitles and the video content description suggest that the video involves a paranormal investigation at a school. The investigators are searching for evidence of paranormal activity, such as spirits communicating, objects moving on their own, and unusual sounds. The setting includes a classroom with educational materials, and the investigators use various equipment to document their findings.

#### Step 3: Compare the Thumbnail to the Actual Video Content
The thumbnail depicts a scene that aligns closely with the video content. It shows a person conducting a paranormal investigation, which matches the theme described in the subtitles and the video content. The figure highlighted in the thumbnail is consistent with the idea of capturing paranormal activity, as suggested by the video's narrative.

#### Step 4: Determine if the Thumbnail Accurately Represents the Video's Main Topic or Content
The thumbnail accurately represents the main topic of the video, which is a paranormal investigation at a school. It captures the essence of the activity without exaggerating or misleading the viewer.

#### Step 5: Assess Whether the Thumbnail Uses Exaggeration, False Promises, or Clickbait Tactics
There is no indication of exaggeration or false promises in the thumbnail. It does not promise supernatural occurrences beyond what is depicted, nor does it use clickbait tactics to attract viewers.

#### Step 6: Categorize the Thumbnail
Based on the analysis, the thumbnail is not misleading.

#### Step 7: Provide a Brief Explanation for the Decision
The thumbnail accurately reflects the content of the video, which is a paranormal investigation at a school. It does not use exaggerated imagery or false promises, and it effectively conveys the theme of the video without misleading the viewer. Therefore, the thumbnail is categorized as ""Not Misleading."""
m-IsK2T45pk,"### Analysis of the Thumbnail and Video Content

#### Step 1: Examine the Thumbnail
The thumbnail features a man in a blue sports jersey standing next to a luxury car and a private jet. The image is framed with a yellow circle highlighting the man's face.

#### Step 2: Read Through the Video Subtitles and Content Description
The subtitles and content description focus on Lionel Messi, highlighting his wealth, lifestyle, and career achievements. The video discusses his earnings, luxurious possessions, and charitable works.

#### Step 3: Compare the Thumbnail to the Actual Video Content
The thumbnail effectively captures the essence of the video content, which revolves around Messi's wealth, lifestyle, and success in the sport. The presence of a luxury car and private jet aligns well with the theme of Messi's lavish lifestyle.

#### Step 4: Determine if the Thumbnail Accurately Represents the Video's Main Topic or Content
The thumbnail accurately represents the main topics discussed in the video, which include Messi's wealth, luxury possessions, and lifestyle.

#### Step 5: Assess Whether the Thumbnail Uses Exaggeration, False Promises, or Clickbait Tactics
The thumbnail does not use any exaggerated elements or false promises. It simply presents a visual representation of the themes discussed in the video.

#### Step 6: Categorize the Thumbnail
Based on the analysis, the thumbnail is not misleading.

#### Explanation
The thumbnail effectively communicates the main themes of the video without any exaggeration or misleading elements. It accurately reflects the content of the video, which focuses on Messi's wealth, lifestyle, and career achievements. Therefore, the thumbnail is categorized as ""Not Misleading."""
y_sIPi3-wBs,"### Analysis:

**Step 1:** Examine the thumbnail.
The thumbnail features two individuals, one labeled ""STOP IT ANNE"" and the other labeled ""STRANGE HABITS."" The text suggests a focus on unusual behaviors or habits associated with a specific individual.

**Step 2:** Read through the video subtitles and content description.
The subtitles mention ""15 strange habits of Princess Anne that shocked everyone,"" indicating that the video will discuss peculiar behaviors of Princess Anne. The content description confirms this, detailing various habits such as eating overripe bananas, serving tinned meat on flights, and repeating the same side dishes.

**Step 3:** Compare the thumbnail to the actual video content.
The thumbnail accurately represents the video's main topic, which is indeed about the ""strange habits"" of Princess Anne. It aligns well with the subtitles and the content description provided.

**Step 4:** Determine if the thumbnail accurately represents the video's main topic or content.
The thumbnail correctly depicts the focus of the video, which is to highlight unusual behaviors of Princess Anne.

**Step 5:** Assess whether the thumbnail uses exaggeration, false promises, or clickbait tactics.
There is no indication of exaggeration or false promises in the thumbnail. It clearly states the topic without any misleading elements.

**Step 6:** Categorize the thumbnail as either ""Misleading"" or ""Not Misleading.""
Based on the analysis, the thumbnail is not misleading.

**Step 7:** Provide a brief explanation for the decision.
The thumbnail accurately represents the video's content by mentioning ""strange habits"" and featuring a person labeled ""STOP IT ANNE,"" which aligns with the video's focus on discussing unusual behaviors of Princess Anne. There are no exaggerated claims or misleading elements present in the thumbnail.

**Final Decision:** Not Misleading"
bCxWfMhLtmQ,"### Analysis of the Thumbnail and Video Content

#### Step 1: Examine the Thumbnail
The thumbnail features a man in a green shirt surrounded by snakes, with a ""DANGER"" sign in the background. The text ""DAY #7"" is prominently displayed, suggesting a series of challenges or adventures.

#### Step 2: Read Through the Video Subtitles and Content Description
The subtitles indicate that the video involves a group of young men attempting to survive 10 days in Australia, starting from Brisbane and ending in Melbourne. The video mentions encounters with dangerous animals, particularly snakes, and the participants express fear and anxiety about these encounters.

#### Step 3: Compare the Thumbnail to the Actual Video Content
The thumbnail depicts a dramatic and potentially dangerous situation involving snakes, which aligns with the video's content. However, the thumbnail does not provide specific details about the nature of the challenges or the daily activities of the participants.

#### Step 4: Determine if the Thumbnail Accurately Represents the Video's Main Topic or Content
The thumbnail accurately represents the main topic of the video, which is survival in a dangerous environment. It captures the essence of the adventure and the potential dangers faced by the participants.

#### Step 5: Assess Whether the Thumbnail Uses Exaggeration, False Promises, or Clickbait Tactics
The thumbnail does not use exaggerated language or false promises. It simply conveys the idea of a challenging adventure involving snakes and danger.

#### Step 6: Categorize the Thumbnail as Either ""Misleading"" or ""Not Misleading""
Based on the analysis, the thumbnail is **Not Misleading**. It accurately reflects the theme of the video without using exaggerated or misleading elements.

#### Explanation
The thumbnail effectively communicates the core theme of the video, which is a survival challenge in a dangerous environment. It does not promise anything beyond what is shown, nor does it use clickbait tactics. Therefore, it is appropriate and accurate representation of the video's content."
c0OHWLlLtuw,"### Analysis and Categorization:

#### Step 1: Examine the Thumbnail
The thumbnail features a portrait of a man with red hair wearing a green jacket, set against a backdrop of a large, luxurious house and a red sports car. The word ""LIFESTYLE"" is prominently displayed in bold letters.

#### Step 2: Read Through the Video Subtitles and Content Description
The video content description outlines a biographical presentation about an English actor, covering various aspects of his life and career. It includes sections on personal facts, physical attributes, net worth, family, romantic life, and wealth.

#### Step 3: Compare the Thumbnail to the Actual Video Content
The thumbnail effectively captures the essence of the video content, which revolves around showcasing the actor's lifestyle, wealth, and success. The presence of the luxurious house and sports car aligns well with the theme of the video, which discusses the actor's affluent lifestyle.

#### Step 4: Determine if the Thumbnail Accurately Represents the Video's Main Topic or Content
The thumbnail accurately represents the main topic of the video, which is the actor's lifestyle and wealth. It does not mislead viewers into expecting content that is fundamentally different from what is shown in the video.

#### Step 5: Assess Whether the Thumbnail Uses Exaggeration, False Promises, or Clickbait Tactics
There is no indication of exaggeration or false promises in the thumbnail. The use of the word ""LIFESTYLE"" is straightforward and appropriate for the content being presented.

#### Step 6: Categorize the Thumbnail
Based on the analysis, the thumbnail is not misleading.

#### Explanation:
The thumbnail effectively communicates the main theme of the video without any misleading elements. It accurately reflects the content of the video, which focuses on the actor's lifestyle and wealth. There are no exaggerated claims or false promises, and the word ""LIFESTYLE"" appropriately summarizes the video's content. Therefore, the thumbnail is categorized as ""Not Misleading."""
Ns5W3oW_-Ac,"### Analysis:

1. **Examine the thumbnail**: The thumbnail features a large number ""$85,000,000"" prominently displayed over a blurred image of a house. The image suggests wealth and luxury, which aligns with the theme of financial success often associated with celebrities.

2. **Read through the video subtitles and content description**: Since there are no subtitles, we rely on the video description provided. The video montage showcases the actress's career progression, personal life, and achievements, but it does not explicitly mention any specific financial figure or property value.

3. **Compare the thumbnail to the actual video content**: The thumbnail implies that the video will focus on the actress's financial success, specifically mentioning $85 million. However, the video content primarily highlights her career milestones, personal growth, and various aspects of her life without emphasizing financial achievements.

4. **Determine if the thumbnail accurately represents the video's main topic or content**: The thumbnail suggests a focus on financial success, which is not the primary theme of the video based on the provided description. The video emphasizes her career development and personal journey rather than her financial status.

5. **Assess whether the thumbnail uses exaggeration, false promises, or clickbait tactics**: The thumbnail uses a large, bold number ($85,000,000) to attract viewers' attention, which could be considered clickbait. However, the video content does not support this claim, making the thumbnail misleading.

6. **Categorize the thumbnail as either ""Misleading"" or ""Not Misleading""**: Given that the thumbnail significantly misrepresents the video's content by suggesting a focus on financial success when the video actually highlights her career and personal journey, the thumbnail is misleading.

7. **Brief explanation for the decision**: The thumbnail uses a large, bold number to attract viewers, implying significant financial success, which is not supported by the video content. The video focuses on her career progression and personal life, not on her financial achievements. Therefore, the thumbnail is misleading.

**Final Decision**: The thumbnail is **Misleading**."
VuD_Y5TAyDY,"### Analysis of the YouTube Video Thumbnail

#### Step 1: Examine the thumbnail
The thumbnail features two images:
1. A man in a suit with a speech bubble saying, ""Martin, why you're using these tactics.""
2. A photo of Princess Diana wearing a tiara and a pink dress.

#### Step 2: Read through the video subtitles and content description
The subtitles mention ""Scandalous Lies"" and discuss Martin Bashir's tactics against Princess Diana. The content description outlines the video as an exploration of controversial media coverage and allegations surrounding the British royal family, particularly focusing on Princess Diana.

#### Step 3: Compare the thumbnail to the actual video content
The thumbnail suggests a confrontation between a man (likely Martin Bashir) and Princess Diana, implying a direct accusation or confrontation. However, the video content does not show a direct interaction between the two individuals. Instead, it focuses on the tactics and methods used by Martin Bashir to obtain an interview with Princess Diana.

#### Step 4: Determine if the thumbnail accurately represents the video's main topic or content
The thumbnail does not accurately represent the video's main topic or content. It implies a direct confrontation that is not depicted in the video.

#### Step 5: Assess whether the thumbnail uses exaggeration, false promises, or clickbait tactics
The thumbnail uses exaggerated language (""Scandalous Lies"") and implies a direct confrontation that is not present in the video content. This creates a misleading impression.

#### Step 6: Categorize the thumbnail as either ""Misleading"" or ""Not Misleading""
The thumbnail is **Misleading**.

#### Explanation
The thumbnail uses exaggerated language and implies a direct confrontation that is not depicted in the video content. It misleads viewers by suggesting a direct interaction between Martin Bashir and Princess Diana when the video actually focuses on the tactics and methods used by Martin Bashir to obtain an interview with Princess Diana."
WWqmOdeCD_g,"### Analysis of the YouTube Video Thumbnail and Content

#### Step 1: Examine the Thumbnail
The thumbnail features a man in cold-weather gear on a boat, with the text overlay stating ""Patrick Christys Tonight"" and ""99.9% Fighting Age Males"" along with ""Undercover Ex-Marine."" The image suggests a dramatic and intense scenario involving a marine operation.

#### Step 2: Read Through the Video Subtitles and Content Description
The subtitles indicate that the video is about an undercover investigation into migrant camps and channel crossings. The content description confirms that the video involves a former Royal Marine recounting his experiences from the undercover operation, with scenes of the migrant camp and the channel crossing.

#### Step 3: Compare the Thumbnail to the Actual Video Content
The thumbnail depicts a man on a boat, which aligns with the content of the video showing scenes of the channel crossing. However, the text ""99.9% Fighting Age Males"" is not directly supported by the video content. The video does not explicitly state or imply that the majority of individuals involved are fighting age males.

#### Step 4: Determine if the Thumbnail Accurately Represents the Video's Main Topic or Content
While the thumbnail accurately represents the setting (a boat during a channel crossing), the claim about ""99.9% Fighting Age Males"" is misleading and not substantiated by the video content.

#### Step 5: Assess Whether the Thumbnail Uses Exaggeration, False Promises, or Clickbait Tactics
The thumbnail uses exaggerated language (""99.9% Fighting Age Males"") which is not supported by the video content. This creates a misleading impression that the video will focus on a specific demographic aspect of the investigation, which it does not.

#### Step 6: Categorize the Thumbnail as Either ""Misleading"" or ""Not Misleading""
Based on the analysis, the thumbnail is **misleading** because it makes a claim about the demographic composition of the individuals involved that is not supported by the video content.

#### Explanation
The thumbnail uses a dramatic image and exaggerated language to attract viewers' attention, but the claim about the demographic breakdown is not accurate according to the video content. This misleads viewers into expecting a specific type of information that is not present in the video."
YIP8p6BBYyc,"### Analysis:

**Step 1: Examine the thumbnail**
The thumbnail features a collage of images including a yacht, a blue Audi car, a woman in a bikini, and a woman in a black dress. The text overlay prominently displays ""$90 MILLION.""

**Step 2: Read through the video subtitles and content description**
The subtitles mention Emma Watson's luxurious lifestyle, her properties (a ski chalet in France, a mansion in London, and an apartment in Manhattan), and her wealth. The video highlights her success and comfort in her homes.

**Step 3: Compare the thumbnail to the actual video content**
The thumbnail suggests a focus on Emma Watson's wealth and luxurious lifestyle, specifically mentioning $90 million. However, the video content primarily showcases her career highlights, personal life, and various locations she visits, rather than detailing her financial status explicitly.

**Step 4: Determine if the thumbnail accurately represents the video's main topic or content**
The thumbnail does not accurately represent the video's main content. While the video does discuss her wealth and properties, it does not focus on her financial status or the specific amount mentioned ($90 million). Instead, it provides a broader overview of her career and lifestyle.

**Step 5: Assess whether the thumbnail uses exaggeration, false promises, or clickbait tactics**
The thumbnail uses exaggerated language (""$90 MILLION"") to attract viewers, which may mislead them into expecting a detailed breakdown of her financial situation. It does not provide enough context to understand that the video is more about her career and lifestyle rather than her wealth.

**Step 6: Categorize the thumbnail as either ""Misleading"" or ""Not Misleading""**
Based on the analysis, the thumbnail is **misleading** because it overstates the focus of the video and uses exaggerated language to attract viewers without providing accurate representation of the content.

**Explanation:**
The thumbnail creates an expectation that the video will delve deeply into Emma Watson's financial situation, particularly her wealth of $90 million. However, the video content is more about her career achievements, personal life, and various locations she visits. The use of ""$90 MILLION"" in the thumbnail is misleading as it does not reflect the actual content of the video."
qS7pOZRWwX0,"### Analysis:

1. **Examine the thumbnail**: The thumbnail shows a group of formally dressed individuals at what appears to be a funeral or a similar solemn event. The individuals are wearing black attire, which is typical for such occasions. There is no indication of any specific individual being highlighted or criticized in the thumbnail itself.

2. **Read through the video subtitles and content description**: The video content describes a critical commentary on a public figure’s behavior at a high-profile funeral event, focusing on emotional reactions and comparing different individuals’ behaviors. The narrative includes references to ""narcissistic behavior,"" ""crying,"" and other personal reactions.

3. **Compare the thumbnail to the actual video content**: The thumbnail does not depict any specific individual or scene that aligns with the critical commentary described in the video. It merely shows a general image of people at a formal event, which could be any funeral or significant gathering.

4. **Determine if the thumbnail accurately represents the video's main topic or content**: The thumbnail does not provide any visual cues that suggest the video will focus on a specific individual’s behavior or emotional reactions at a funeral. Instead, it presents a generic image of people at a formal event.

5. **Assess whether the thumbnail uses exaggeration, false promises, or clickbait tactics**: The thumbnail does not use any exaggerated elements or promise specific content that would mislead viewers into expecting something different than what is shown.

6. **Categorize the thumbnail as either ""Misleading"" or ""Not Misleading""**: Given that the thumbnail does not provide any visual clues that would mislead viewers about the content of the video, it can be categorized as ""Not Misleading.""

7. **Brief explanation for the decision**: The thumbnail is generic and does not indicate any specific individual or scene that would mislead viewers about the content of the video. It simply shows a group of formally dressed individuals at a formal event, which is consistent with the description of a funeral or significant gathering. Therefore, it does not use any clickbait tactics or exaggerations that would mislead viewers.

**Final Decision**: Not Misleading"
qaKKdgU_PZ0,"### Analysis and Categorization:

#### Step 1: Examine the Thumbnail
The thumbnail features a woman in a wedding dress covering her mouth, with the text ""MEGHAN MARKLE'S FRIENDS SPEAK OUT!"" prominently displayed.

#### Step 2: Read Through the Video Subtitles and Content Description
The subtitles indicate that the video involves friends of Meghan Markle speaking out against negative press she has received. The content description mentions a bedroom scene and TV show/interview clips, but the focus seems to be on the interview segments featuring friends of Meghan Markle discussing her situation.

#### Step 3: Compare the Thumbnail to the Actual Video Content
The thumbnail depicts a woman in a wedding dress, which strongly suggests a connection to Meghan Markle's wedding. However, the video content described includes a bedroom scene and TV show/interview clips, which do not directly relate to the wedding or the woman in the wedding dress shown in the thumbnail.

#### Step 4: Determine if the Thumbnail Accurately Represents the Video's Main Topic or Content
The thumbnail does not accurately represent the video's main topic or content. It misleads viewers into expecting a story centered around Meghan Markle's wedding, when the video actually focuses on friends speaking out about her negative press.

#### Step 5: Assess Whether the Thumbnail Uses Exaggeration, False Promises, or Clickbait Tactics
The thumbnail uses exaggerated imagery and text to attract viewers' attention, promising a story about Meghan Markle's wedding and friends speaking out. However, the content does not match the promise, which is a form of clickbait.

#### Step 6: Categorize the Thumbnail
Based on the analysis, the thumbnail is misleading.

#### Explanation:
The thumbnail creates a misleading impression by showing a woman in a wedding dress, which is not related to the actual content of the video. The text ""MEGHAN MARKLE'S FRIENDS SPEAK OUT!"" further confuses viewers by suggesting a story about friends speaking out, which is not the primary focus of the video. This combination of imagery and text misleads viewers into expecting a different narrative than what is actually presented in the video."
1r9SJNNqmBQ,"### Analysis of the Thumbnail and Video Content

#### Step 1: Examine the Thumbnail
The thumbnail features two individuals, one of whom is labeled with the text ""HE WAS A PLAYBOY."" Below this, the text reads ""CHARLES' MISTRESSES."" The image suggests a focus on King Charles III's extramarital affairs.

#### Step 2: Read Through the Video Subtitles and Content Description
The subtitles provide a detailed account of King Charles III's relationships, specifically highlighting his infidelity and affairs with multiple women. The content description also mentions a montage of scenes from the royal family's life, including formal events and casual moments, spanning several decades.

#### Step 3: Compare the Thumbnail to the Actual Video Content
The thumbnail accurately reflects the content described in the subtitles. It highlights King Charles III's relationships and his reputation as a ""playboy,"" which aligns with the video's focus on his extramarital affairs.

#### Step 4: Determine if the Thumbnail Accurately Represents the Video's Main Topic or Content
The thumbnail effectively summarizes the main topic of the video, which is King Charles III's relationships and his reputation as a ""playboy.""

#### Step 5: Assess Whether the Thumbnail Uses Exaggeration, False Promises, or Clickbait Tactics
There is no exaggeration or false promise in the thumbnail. It accurately represents the content of the video without misleading viewers.

#### Step 6: Categorize the Thumbnail
The thumbnail is **Not Misleading**.

#### Explanation
The thumbnail accurately represents the video's content by highlighting King Charles III's reputation as a ""playboy"" and his extramarital affairs. It does not use any exaggerated language or false promises, and it clearly indicates the main topic of the video. Therefore, it is not misleading."
6ttRK5OMxf4,"### Analysis of the Thumbnail and Video Content

#### Step 1: Examine the Thumbnail
The thumbnail features two individuals with tape over their mouths, set against a backdrop of a cityscape with modern buildings and traditional Chinese architecture. The text reads ""CHINA THE TRUTH.""

#### Step 2: Read Through the Video Subtitles and Content Description
The subtitles indicate that the video is about a family's 3-month travel experience in China, where they debunk myths and share their experiences. The content description mentions scenes of travel, visa application processes, and interactions within China.

#### Step 3: Compare the Thumbnail to the Actual Video Content
The thumbnail suggests a theme of silence or censorship, which contrasts sharply with the video content described. The video is about sharing experiences and debunking myths, not about being silenced or censored.

#### Step 4: Determine if the Thumbnail Accurately Represents the Video's Main Topic or Content
The thumbnail does not accurately represent the video's main topic or content. It implies a theme of suppression or lack of freedom of speech, which is not supported by the video's description.

#### Step 5: Assess Whether the Thumbnail Uses Exaggeration, False Promises, or Clickbait Tactics
The thumbnail uses exaggerated imagery to suggest a theme of suppression, which is not aligned with the video's content. It creates a misleading impression that the video will discuss censorship or silencing, which is not the case.

#### Step 6: Categorize the Thumbnail as Either ""Misleading"" or ""Not Misleading""
Based on the analysis, the thumbnail is **misleading**.

#### Explanation for Decision
The thumbnail uses imagery and text that strongly imply a theme of suppression or censorship, which is not reflected in the video's content. The video is about sharing personal experiences and debunking myths about China, not about being silenced. Therefore, the thumbnail misleads viewers by suggesting a different theme than what the video actually contains."
8A2iTiX6T7g,"### Analysis of the YouTube Video Thumbnail and Content

#### Step 1: Examine the Thumbnail
The thumbnail features three individuals: Prince William, Prince Harry, and King Charles III. The text overlay on the thumbnail reads, ""'WILLIAM WILL BE CRAZY!'""

#### Step 2: Read Through the Video Subtitles and Content Description
The video discusses a potential truce between King Charles III and Prince Harry. It mentions that King Charles has received spiritual advice from religious figures, including the Archbishop of Canterbury, and that there may be a desire for a reconciliation between the two. The expert, Angela Levan, provides commentary on the situation, suggesting that Prince William might react negatively to such a truce.

#### Step 3: Compare the Thumbnail to the Actual Video Content
The thumbnail prominently features Prince William, Prince Harry, and King Charles III, which aligns with the video content discussing their relationships. However, the text overlay ""'WILLIAM WILL BE CRAZY!'” suggests a strong negative reaction from Prince William, which is not explicitly mentioned in the video content.

#### Step 4: Determine if the Thumbnail Accurately Represents the Video's Main Topic or Content
While the thumbnail correctly identifies the key figures involved, the text ""'WILLIAM WILL BE CRAZY!'” exaggerates the potential reaction of Prince William. The video does not provide substantial evidence to support such a strong statement about Prince William’s reaction.

#### Step 5: Assess Whether the Thumbnail Uses Exaggeration, False Promises, or Clickbait Tactics
The thumbnail uses exaggerated language (""WILLIAM WILL BE CRAZY!"") to attract attention, which is not supported by the video content. This suggests a clickbait tactic.

#### Step 6: Categorize the Thumbnail as Either ""Misleading"" or ""Not Misleading""
Based on the analysis, the thumbnail is misleading because it overstates Prince William’s potential reaction without substantiation in the video content.

#### Explanation
The thumbnail uses a dramatic statement to attract viewers’ attention, which is not supported by the video content. While the thumbnail correctly identifies the key figures, the exaggerated claim about Prince William’s reaction misleads viewers into expecting a more specific or dramatic outcome than what the video actually presents. Therefore, the thumbnail is misleading."
FQYXAyseutY,"### Analysis of the Thumbnail and Video Content

#### Step 1: Examine the Thumbnail
The thumbnail features a man underwater holding an oxygen tank, surrounded by a shark and a treasure chest filled with coins. The text ""MYTH #23"" is prominently displayed.

#### Step 2: Read Through the Video Subtitles and Content Description
The video subtitle mentions several myths being tested, including:
- Lizards eating only three meals a year.
- Pigs swimming.
- Finding sunken treasure.
- Interacting with sharks.

#### Step 3: Compare the Thumbnail to the Actual Video Content
The thumbnail depicts a scenario involving a myth about finding sunken treasure, which aligns closely with the subtitle mentioning the search for sunken treasure.

#### Step 4: Determine if the Thumbnail Accurately Represents the Video's Main Topic or Content
The thumbnail accurately represents the main topic of the video, which is testing myths related to sunken treasure.

#### Step 5: Assess Whether the Thumbnail Uses Exaggeration, False Promises, or Clickbait Tactics
There is no exaggeration or false promise in the thumbnail. It clearly indicates the theme of the video, which is testing myths about sunken treasure.

#### Step 6: Categorize the Thumbnail as Either ""Misleading"" or ""Not Misleading""
The thumbnail is **not misleading** because it accurately reflects the main topic of the video, which is testing myths about sunken treasure.

#### Explanation
The thumbnail effectively communicates the theme of the video without any misleading elements. It accurately represents the content described in the subtitles and the video description. Therefore, the thumbnail is categorized as **Not Misleading**."
ScyuCyeM1Co,"### Analysis:

#### Step 1: Examine the Thumbnail
The thumbnail features a collage of images:
- A close-up of a smiling individual (likely the subject of the video).
- A family photo with three individuals holding babies.
- An image of a grand mansion labeled ""House.""
- A private jet.
- A lineup of luxury cars including a Bugatti Chiron and a Lamborghini Aventador.

#### Step 2: Read Through the Video Subtitles and Content Description
The subtitles and content description focus on Cristiano Ronaldo's career, achievements, personal life, and financial success. The video highlights his dedication to football, his success in winning prestigious awards, his business ventures, and his luxurious lifestyle.

#### Step 3: Compare the Thumbnail to the Actual Video Content
The thumbnail effectively captures the essence of the video content. It showcases elements such as the individual's personal life, family, wealth, and luxury, which align closely with the themes discussed in the video.

#### Step 4: Determine if the Thumbnail Accurately Represents the Video's Main Topic or Content
The thumbnail accurately represents the main topics covered in the video, which include the individual's career, personal life, family, and luxurious lifestyle.

#### Step 5: Assess Whether the Thumbnail Uses Exaggeration, False Promises, or Clickbait Tactics
The thumbnail does not use any exaggerated claims or false promises. It simply presents a visual summary of the content, which is factual and representative of the video's themes.

#### Step 6: Categorize the Thumbnail
Based on the analysis, the thumbnail is not misleading.

#### Explanation:
The thumbnail effectively summarizes the key aspects of the video content without exaggerating or promising more than what is shown. It accurately reflects the themes of the video, which include the individual's career, personal life, family, and luxurious lifestyle. Therefore, the thumbnail is categorized as ""Not Misleading."""
2jSW3swKTL8,"### Analysis of the Thumbnail and Video Content

#### Step 1: Examine the Thumbnail
The thumbnail features a split image showing a person lifting weights labeled ""BEFORE"" and ""AFTER."" The ""BEFORE"" side shows a person with relatively small muscles, while the ""AFTER"" side shows a person with significantly larger and more defined muscles. The background includes a sunny sky and a moonlit night, suggesting a transformation theme.

#### Step 2: Read Through the Video Subtitles and Content Description
The video content describes a 24-hour endurance challenge involving various physical activities such as high jumps, obstacle courses, swimming, and strength exercises. The participants are pushed to their limits throughout the challenge, and the video emphasizes the intensity and duration of the event.

#### Step 3: Compare the Thumbnail to the Actual Video Content
The thumbnail suggests a transformation or improvement in physical fitness, which aligns with the theme of a physical endurance challenge. However, the thumbnail does not explicitly convey the nature of the challenge or the duration involved.

#### Step 4: Determine if the Thumbnail Accurately Represents the Video's Main Topic or Content
While the thumbnail hints at a transformation theme, it does not provide specific details about the type of challenge or the duration. It does not clearly communicate that the challenge lasts for 24 hours, which is a significant aspect of the video content.

#### Step 5: Assess Whether the Thumbnail Uses Exaggeration, False Promises, or Clickbait Tactics
The thumbnail uses a visual metaphor of transformation, which could be misleading if viewers expect a quick fix or a dramatic change in physical appearance within a short timeframe. However, the thumbnail does not promise unrealistic results or falsely advertise the challenge as a quick fix.

#### Step 6: Categorize the Thumbnail as Either ""Misleading"" or ""Not Misleading""
Given that the thumbnail does not clearly communicate the 24-hour duration of the challenge and focuses more on the transformation theme rather than the specific nature of the challenge, it can be considered **misleading**.

#### Explanation
The thumbnail effectively captures the essence of transformation and physical improvement, which is relevant to the theme of the video. However, it fails to inform viewers about the specific nature of the challenge (e.g., the 24-hour duration) and the intensity of the activities. This omission could lead viewers to expect a different experience or outcome, thus making the thumbnail misleading."
UcOIzXnOHc8,"### Analysis of the Thumbnail and Video Content

#### Step 1: Examine the Thumbnail
The thumbnail features a person with a surprised expression, standing next to a large shark with a person inside its mouth. The background includes water park elements such as slides and caution signs. The overall tone suggests a thrilling or dangerous scenario involving a water park attraction.

#### Step 2: Read Through the Video Subtitles and Content Description
The subtitles indicate that the video is about visiting poorly-rated water parks and encountering various issues such as unsafe chemicals, broken water slides, and the presence of sharks and alligators. The content description confirms that the video documents a trip to a water park, highlighting issues like bed bugs, unsafe water conditions, and the presence of sharks.

#### Step 3: Compare the Thumbnail to the Actual Video Content
The thumbnail depicts a dramatic and potentially dangerous situation involving a shark, which aligns with the theme of encountering sharks at a water park. However, the video content focuses on documenting the poor conditions and issues at the water park rather than depicting a thrilling or dangerous scenario.

#### Step 4: Determine if the Thumbnail Accurately Represents the Video's Main Topic or Content
The thumbnail accurately represents the main topic of the video, which is documenting the poor conditions and issues at a water park. It sets the expectation that the video will highlight problems encountered during the visit.

#### Step 5: Assess Whether the Thumbnail Uses Exaggeration, False Promises, or Clickbait Tactics
The thumbnail does not use exaggerated language or false promises. Instead, it accurately reflects the content of the video, which is about documenting issues at a water park.

#### Step 6: Categorize the Thumbnail as Either ""Misleading"" or ""Not Misleading""
The thumbnail is **not misleading**. It accurately represents the main topic of the video and sets the correct expectation for the viewer.

#### Explanation
The thumbnail effectively communicates the theme of the video without misleading the viewer. It accurately reflects the content of the video, which is about documenting the poor conditions and issues at a water park. The dramatic depiction of a shark adds intrigue and aligns with the theme of encountering dangerous situations at the park, but it does not mislead viewers about the actual content of the video."
UUGqRZgWJoM,"### Analysis of the YouTube Video Thumbnail and Content

#### Step 1: Examine the Thumbnail
The thumbnail features two individuals with bright orange curly wigs, and a circular inset image of a person with long hair and earrings. The text overlay reads, ""SHE'S MEAN.""

#### Step 2: Read Through the Video Subtitles and Content Description
The subtitles and content description discuss the behavior of a child named North West, who is described as rude and inconsiderate. The video highlights instances where North's behavior is compared unfavorably to her mother, Kylie Jenner's, daughter, Stormy Webster, who is portrayed as polite and well-behaved.

#### Step 3: Compare the Thumbnail to the Actual Video Content
The thumbnail shows two individuals with bright orange wigs, which does not directly relate to the content of the video. The text ""SHE'S MEAN"" suggests a negative portrayal of a character, which aligns with the video's content about North West's behavior.

#### Step 4: Determine if the Thumbnail Accurately Represents the Video's Main Topic or Content
The thumbnail accurately represents the negative portrayal of North West's behavior as described in the subtitles and content description. The text ""SHE'S MEAN"" effectively summarizes the main theme of the video.

#### Step 5: Assess Whether the Thumbnail Uses Exaggeration, False Promises, or Clickbait Tactics
The thumbnail does not use exaggerated language or false promises. Instead, it succinctly conveys the main topic of the video, which is the criticism of North West's behavior.

#### Step 6: Categorize the Thumbnail
The thumbnail is **Not Misleading**.

#### Explanation
The thumbnail accurately reflects the content of the video by highlighting the negative portrayal of North West's behavior. It does not use exaggerated language or false promises, and it effectively summarizes the main theme without misleading viewers. Therefore, it is categorized as **Not Misleading**."
OP75ThF88QU,"### Analysis of the YouTube Video Thumbnail

#### Step 1: Examine the thumbnail
The thumbnail features two individuals, one of whom is labeled with a speech bubble saying ""YOU EAT DOGS?"" The text overlay reads ""ROYAL BLUNDERS."" 

#### Step 2: Read through the video subtitles and content description
The subtitles and content description focus on controversial moments and statements made by Prince Philip, Duke of Edinburgh. The video highlights instances where Prince Philip made insensitive remarks, particularly about cultural practices and racial insensitivity.

#### Step 3: Compare the thumbnail to the actual video content
The thumbnail prominently displays the phrase ""YOU EAT DOGS?"" which directly relates to one of the controversial moments mentioned in the subtitles. It aligns closely with the content described in the video.

#### Step 4: Determine if the thumbnail accurately represents the video's main topic or content
The thumbnail accurately represents a key moment discussed in the video, specifically the incident where Prince Philip asked if Solomon Islanders ate dogs.

#### Step 5: Assess whether the thumbnail uses exaggeration, false promises, or clickbait tactics
The thumbnail does not use any exaggerated language or false promises. It clearly indicates a specific controversial moment related to Prince Philip's cultural insensitivity.

#### Step 6: Categorize the thumbnail as either ""Misleading"" or ""Not Misleading""
The thumbnail is **not misleading** because it accurately reflects a significant part of the video's content.

#### Step 7: Provide a brief explanation for the decision
The thumbnail correctly highlights a specific controversial statement made by Prince Philip, which is a central theme in the video. It does not mislead viewers by promising content that is not present or exaggerating the importance of the incident. Therefore, the thumbnail is appropriate and accurate for the video's content."
LPxHp9AAB6E,"### Analysis of the YouTube Video Thumbnail

#### Step 1: Examine the thumbnail
The thumbnail features four women wearing tiaras and the text ""ROYAL JEWELS BANNED??"". The image includes a collage of tiaras and a bride in a wedding dress, suggesting a focus on royal jewelry and the controversy surrounding it.

#### Step 2: Read through the video subtitles and content description
The subtitles indicate that the video discusses tensions within the royal family regarding Meghan Markle's access to royal jewels, specifically mentioning that the Queen has restricted her access to certain items. The content description supports this, detailing the historical context and the current dynamics involving royal jewelry.

#### Step 3: Compare the thumbnail to the actual video content
The thumbnail accurately represents the main topic of the video, which is indeed about royal jewelry and the restrictions placed on Meghan Markle's access to them. The image of the bride in a wedding dress aligns with the historical context mentioned in the video, as it references the Royal Wedding and the subsequent tensions.

#### Step 4: Determine if the thumbnail accurately represents the video's main topic or content
The thumbnail effectively captures the essence of the video's content, which revolves around the issue of royal jewelry and the restrictions placed on Meghan Markle's access to them.

#### Step 5: Assess whether the thumbnail uses exaggeration, false promises, or clickbait tactics
There is no indication of exaggeration, false promises, or clickbait tactics in the thumbnail. It clearly communicates the main topic without misleading viewers.

#### Step 6: Categorize the thumbnail as either ""Misleading"" or ""Not Misleading""
Based on the analysis, the thumbnail is **Not Misleading**.

#### Explanation
The thumbnail accurately reflects the main topic of the video, which is the restriction of royal jewelry access for Meghan Markle. It does not use exaggerated language or false promises, and it provides a clear visual representation of the subject matter. Therefore, it does not mislead viewers about the content of the video."
-XoGA4CpXSk,"### Analysis of the Thumbnail and Video Content

#### Step 1: Examine the Thumbnail
The thumbnail features two individuals, one labeled ""$1 BILLION"" and the other ""$?? MILLION."" There is a large mansion and a luxury car depicted, suggesting a comparison of wealth and lifestyle.

#### Step 2: Read Through the Video Subtitles and Content Description
The subtitles indicate a comparison between David Beckham and Zlatan Ibrahimovic regarding their wealth, aircraft, and cars. The content description confirms this theme, detailing various aspects of their lifestyles, including their aircraft, cars, and real estate.

#### Step 3: Compare the Thumbnail to the Actual Video Content
- **Thumbnail:** The thumbnail prominently displays a mansion and a luxury car, suggesting a comparison of wealth.
- **Video Content:** The video indeed compares the wealth and lifestyle of David Beckham and Zlatan Ibrahimovic, including their aircraft, cars, and real estate.

#### Step 4: Determine if the Thumbnail Accurately Represents the Video's Main Topic or Content
The thumbnail accurately represents the main topic of the video, which is a comparison of the wealth and lifestyle of David Beckham and Zlatan Ibrahimovic.

#### Step 5: Assess Whether the Thumbnail Uses Exaggeration, False Promises, or Clickbait Tactics
There is no indication of exaggeration, false promises, or clickbait tactics in the thumbnail. It clearly communicates the purpose of the video, which is to compare the wealth and lifestyle of the two individuals.

#### Step 6: Categorize the Thumbnail
The thumbnail is **Not Misleading**.

#### Explanation
The thumbnail effectively communicates the main topic of the video without any misleading elements. It accurately represents the comparison of wealth and lifestyle between David Beckham and Zlatan Ibrahimovic, which is the core theme of the video. Therefore, the thumbnail does not use any exaggerated claims or false promises to attract viewers."
sn12irUO2xo,"### Analysis of the Thumbnail and Video Content

#### Step 1: Examine the Thumbnail
The thumbnail features a person buried in dirt with only their eyes visible, accompanied by the text ""ME"" and a large red arrow pointing towards the individual. The image suggests a humorous or exaggerated scenario involving being buried alive.

#### Step 2: Read Through the Video Subtitles and Content Description
The subtitles and video content describe a police investigation in a rural, desert-like environment. The video involves a serious and methodical search operation, with police officers actively investigating and searching the area. The content does not involve a person being buried alive or any humorous scenarios.

#### Step 3: Compare the Thumbnail to the Actual Video Content
The thumbnail depicts a humorous and exaggerated scenario (being buried alive) that is completely unrelated to the serious nature of the police investigation described in the video content.

#### Step 4: Determine if the Thumbnail Accurately Represents the Video's Main Topic or Content
The thumbnail does not accurately represent the serious and methodical nature of the police investigation depicted in the video. It misleads viewers by suggesting a humorous or exaggerated scenario that is not present in the actual video content.

#### Step 5: Assess Whether the Thumbnail Uses Exaggeration, False Promises, or Clickbait Tactics
The thumbnail uses exaggeration and clickbait tactics by depicting a humorous and exaggerated scenario that is not present in the actual video content. It is designed to attract viewers' attention with a misleading image.

#### Step 6: Categorize the Thumbnail as Either ""Misleading"" or ""Not Misleading""
The thumbnail is clearly ""Misleading.""

#### Explanation for Decision
The thumbnail uses exaggerated imagery and humor to attract viewers, which is misleading because it does not accurately represent the serious and methodical nature of the police investigation depicted in the video content. The thumbnail suggests a humorous scenario involving being buried alive, which is entirely unrelated to the actual video content. Therefore, it is misleading and should be categorized as such."
BGqW_v_huog,"### Analysis of the Thumbnail and Video Content

1. **Examine the thumbnail**: The thumbnail shows a person wearing high heels on a running track, with the text ""HIGH HEELS"" prominently displayed. The image suggests that the video involves a challenge involving high heels.

2. **Read through the video subtitles and content description**: The subtitles indicate that the video features three young men participating in various sports challenges, including parkour, rock climbing, and running on a track. The specific mention of high heels is tied to the running segment on the track.

3. **Compare the thumbnail to the actual video content**:
   - The thumbnail depicts a person wearing high heels on a running track.
   - The video content includes a segment where the participants are running on a track, but it does not specify that they are wearing high heels. Instead, the video shows them wearing regular running shoes.

4. **Determine if the thumbnail accurately represents the video's main topic or content**:
   - The thumbnail suggests that the main focus is on the participants wearing high heels during the running segment.
   - However, the video content does not confirm this; the participants are shown wearing regular running shoes.

5. **Assess whether the thumbnail uses exaggeration, false promises, or clickbait tactics**:
   - The thumbnail creates an expectation that the participants are wearing high heels during the running segment, which is not accurate based on the video content.
   - This discrepancy between the thumbnail and the video content could mislead viewers into expecting a different scenario.

6. **Categorize the thumbnail as either ""Misleading"" or ""Not Misleading""**:
   - Given that the thumbnail suggests the participants are wearing high heels during the running segment, which is not the case according to the video content, the thumbnail is misleading.

7. **Brief explanation for the decision**:
   - The thumbnail creates an expectation that the participants are wearing high heels during the running segment, which is not true based on the video content. This discrepancy misleads viewers into expecting a different scenario, making the thumbnail misleading.

### Conclusion:
The thumbnail is **misleading** because it suggests that the participants are wearing high heels during the running segment, which is not the case according to the video content."
bW4VeXchwdQ,"### Analysis of the Thumbnail and Video Content

#### Step 1: Examine the Thumbnail
The thumbnail depicts three individuals in a small orange tent on a small island surrounded by water, with several sharks swimming nearby. The text ""HOUR 97"" is prominently displayed in the top left corner.

#### Step 2: Read Through the Video Subtitles and Content Description
The subtitles and content description indicate a series of adventurous and comedic scenarios involving various locations such as a floating house in the ocean, a $5 boat, a $5 million boat, and a shark tank. The video seems to be a mix of survival, humor, and unexpected situations.

#### Step 3: Compare the Thumbnail to the Actual Video Content
The thumbnail suggests a scenario involving survival in a small tent surrounded by sharks, which aligns closely with the content described in the subtitles and video description. The video indeed involves a survival challenge in a small boat, but the setting and context are different from the thumbnail.

#### Step 4: Determine if the Thumbnail Accurately Represents the Video's Main Topic or Content
The thumbnail accurately represents the main topic of the video, which is a survival challenge involving a small boat and sharks. However, the thumbnail does not provide enough detail about the specific scenarios depicted in the video.

#### Step 5: Assess Whether the Thumbnail Uses Exaggeration, False Promises, or Clickbait Tactics
The thumbnail does not use exaggerated language or false promises. It accurately reflects the main theme of the video, which is a survival challenge involving a small boat and sharks.

#### Step 6: Categorize the Thumbnail
Based on the analysis, the thumbnail is **Not Misleading** because it accurately represents the main topic of the video, which is a survival challenge involving a small boat and sharks. The thumbnail provides a clear visual representation of the scenario without using exaggerated language or false promises.

#### Explanation
The thumbnail effectively communicates the main theme of the video, which is a survival challenge involving a small boat and sharks. While it does not provide specific details about the various scenarios depicted in the video, it accurately sets the tone and context for the content. Therefore, it does not use exaggeration, false promises, or clickbait tactics."
AOOKmn_aHxA,"### Analysis of the Thumbnail and Video Content

#### Step 1: Examine the Thumbnail
The thumbnail features two individuals, one of whom is Shahrukh Khan, a well-known Bollywood actor. The other individual is Cristiano Ronaldo, a famous footballer. The thumbnail includes images of luxury vehicles, including private jets and cars, along with a pile of money. The text ""VS."" suggests a comparison between the two individuals.

#### Step 2: Read Through the Video Subtitles and Content Description
The subtitles indicate that the video compares the wealth and car collections of Shahrukh Khan and Cristiano Ronaldo. The content description confirms that the video showcases various luxury vehicles and transportation modes, emphasizing the opulence and exclusivity associated with these modes of transport.

#### Step 3: Compare the Thumbnail to the Actual Video Content
The thumbnail accurately represents the main topic of the video, which is indeed a comparison between Shahrukh Khan and Cristiano Ronaldo regarding their wealth and car collections. The inclusion of luxury vehicles and the ""VS."" symbol clearly aligns with the content described in the subtitles and the video description.

#### Step 4: Determine if the Thumbnail Accurately Represents the Video's Main Topic or Content
The thumbnail effectively communicates the core theme of the video, which is a comparison between the two individuals' wealth and car collections. There are no misleading elements in the thumbnail that do not match the actual content of the video.

#### Step 5: Assess Whether the Thumbnail Uses Exaggeration, False Promises, or Clickbait Tactics
The thumbnail does not use any exaggerated claims or false promises. It simply presents a clear and straightforward comparison between the two individuals, which matches the actual content of the video.

#### Step 6: Categorize the Thumbnail
Based on the analysis, the thumbnail is not misleading. It accurately represents the main topic and content of the video without using any exaggerated or misleading elements.

#### Step 7: Provide a Brief Explanation for the Decision
The thumbnail correctly depicts the comparison between Shahrukh Khan and Cristiano Ronaldo regarding their wealth and car collections. It includes relevant imagery (luxury vehicles) and the ""VS."" symbol, which aligns perfectly with the video's content. Therefore, the thumbnail is not misleading.

**Final Decision:** Not Misleading"
Cf4epR-Vm24,"### Analysis of the Thumbnail and Video Content

#### Step 1: Examine the Thumbnail
The thumbnail features a soccer player holding a ball covered in diamonds, with a price tag of $4M prominently displayed. The image suggests a focus on luxury and high-value items, particularly in the context of sports.

#### Step 2: Read Through the Video Subtitles and Content Description
The subtitles and video content describe various luxury items owned by famous athletes, including expensive jewelry, cars, and watches. The video highlights the extravagant nature of these possessions, emphasizing the high cost and value associated with them.

#### Step 3: Compare the Thumbnail to the Actual Video Content
The thumbnail effectively captures the theme of luxury and high-value items, which aligns closely with the content described in the subtitles and video description. The video showcases various examples of luxury items owned by athletes, reinforcing the theme suggested by the thumbnail.

#### Step 4: Determine if the Thumbnail Accurately Represents the Video's Main Topic or Content
The thumbnail accurately represents the main topic of the video, which revolves around the luxury and high-value possessions of famous athletes. It sets the expectation that the video will showcase extravagant items and their associated costs.

#### Step 5: Assess Whether the Thumbnail Uses Exaggeration, False Promises, or Clickbait Tactics
The thumbnail does not use exaggerated language or false promises. Instead, it accurately reflects the content of the video, which focuses on the luxury and high-value items owned by athletes.

#### Step 6: Categorize the Thumbnail as Either ""Misleading"" or ""Not Misleading""
Based on the analysis, the thumbnail is **Not Misleading**.

#### Explanation
The thumbnail effectively communicates the theme of the video, which is centered around the luxury and high-value possessions of famous athletes. It accurately represents the content without using exaggerated language or false promises. Therefore, it does not mislead viewers about the video's main topic or content."
RXp5W6qedIQ,"### Analysis of the YouTube Video Thumbnail

#### Step 1: Examine the thumbnail
The thumbnail features a large image of a luxurious mansion with a swimming pool, accompanied by bold text stating ""$800 MILLION."" The image includes a person waving, presumably the individual being discussed in the video.

#### Step 2: Read through the video subtitles and content description
The subtitles and content description highlight Rishi Sunak's wealth, particularly his net worth of over $800 million. The video discusses his luxurious properties, including a penthouse in California, a mansion in London, and a manor in North Yorkshire. It also mentions his collection of luxury cars.

#### Step 3: Compare the thumbnail to the actual video content
The thumbnail prominently displays the phrase ""$800 MILLION,"" which aligns closely with the video's focus on Sunak's wealth. The image of the mansion reinforces the theme of luxury.

#### Step 4: Determine if the thumbnail accurately represents the video's main topic or content
The thumbnail effectively captures the essence of the video's content, which revolves around Sunak's wealth and luxurious lifestyle. The text and imagery work together to convey the idea that the video will showcase Sunak's extravagant possessions.

#### Step 5: Assess whether the thumbnail uses exaggeration, false promises, or clickbait tactics
There is no indication of exaggeration or false promises in the thumbnail. The text ""$800 MILLION"" is presented straightforwardly without any misleading elements. The image of the mansion also supports the theme of luxury without misleading the viewer.

#### Step 6: Categorize the thumbnail as either ""Misleading"" or ""Not Misleading""
Based on the analysis, the thumbnail does not use exaggerated claims or misleading tactics. It accurately represents the video's content and theme.

#### Step 7: Provide a brief explanation for the decision
The thumbnail effectively communicates the video's focus on Rishi Sunak's wealth and luxurious lifestyle. The text ""$800 MILLION"" and the image of the mansion align well with the video's content, ensuring that viewers understand the main topic before clicking on the video. Therefore, the thumbnail is **not misleading**."
r47_0IdmCcQ,"### Analysis:

1. **Examine the thumbnail**: The thumbnail shows Prince Harry and Meghan Markle sitting together at what looks like a formal event. There is a speech bubble with the text ""How did I get into this?"" which suggests a humorous or self-reflective tone.

2. **Read through the video subtitles and content description**: The video description does not provide any specific subtitles, but it describes a series of moments where the couple navigates a public event with a mix of formality, slight discomfort, and attempts at maintaining composure and connection with each other.

3. **Compare the thumbnail to the actual video content**: The thumbnail depicts a scene that aligns closely with the described content. It shows the couple in a formal setting, which matches the description of a high-profile event.

4. **Determine if the thumbnail accurately represents the video's main topic or content**: The thumbnail accurately represents the main topic of the video, which is the couple navigating a formal event.

5. **Assess whether the thumbnail uses exaggeration, false promises, or clickbait tactics**: The thumbnail does not use any exaggerated elements or false promises. It simply captures a moment from the video that reflects the overall theme.

6. **Categorize the thumbnail as either ""Misleading"" or ""Not Misleading""**: Based on the analysis, the thumbnail is not misleading because it accurately represents the content of the video.

7. **Brief explanation for the decision**: The thumbnail effectively summarizes the main theme of the video without any misleading elements. It shows the couple in a formal setting, which matches the description of the event and their interactions throughout the video.

**Conclusion**: The thumbnail is **Not Misleading**."
HGZdOMdZ338,"### Analysis of the Thumbnail and Video Content

#### Step 1: Examine the Thumbnail
The thumbnail features a hooded figure holding a smartphone, with a backdrop of burning cell phone towers. The text ""Something Is Coming"" is prominently displayed.

#### Step 2: Read Through the Video Subtitles and Content Description
The subtitles discuss a massive nationwide cell phone outage affecting millions of customers, with potential causes ranging from cyber attacks to software glitches. The video also touches on the reliance on cell phones and the internet for daily activities and emergency communication.

#### Step 3: Compare the Thumbnail to the Actual Video Content
The thumbnail depicts a scenario involving cell phone towers on fire, which aligns with the theme of a widespread cell phone outage discussed in the subtitles. However, the image of a hooded figure holding a smartphone introduces an element of mystery or suspense that is not directly addressed in the video content.

#### Step 4: Determine if the Thumbnail Accurately Represents the Video's Main Topic or Content
While the thumbnail visually supports the theme of a cell phone outage, the presence of the hooded figure adds an element of intrigue that is not explicitly tied to the main topic of the video. The hooded figure could be interpreted as a hacker or someone involved in the outage, but this is not clearly indicated in the video content.

#### Step 5: Assess Whether the Thumbnail Uses Exaggeration, False Promises, or Clickbait Tactics
The thumbnail uses a dramatic image of burning cell phone towers to create a sense of urgency and danger, which is somewhat exaggerated compared to the actual content of the video. The text ""Something Is Coming"" adds a layer of anticipation that might mislead viewers into expecting a more dramatic or mysterious narrative than what the video actually delivers.

#### Step 6: Categorize the Thumbnail as Either ""Misleading"" or ""Not Misleading""
Based on the analysis, the thumbnail is **misleading** because while it accurately represents the main topic of a cell phone outage, it introduces elements (like the hooded figure) that are not directly supported by the video content. The dramatic imagery and text contribute to a sense of urgency that may not be fully justified by the actual video.

#### Explanation
The thumbnail effectively captures the essence of the video's main topic but introduces additional elements that are not substantiated by the video itself. This can lead viewers to expect a more dramatic or mysterious narrative than what the video delivers, thus making the thumbnail misleading."
aT9ib0dJnfw,"### Analysis of the Thumbnail and Video Content

#### Step 1: Examine the Thumbnail
The thumbnail features a man in formal attire with a serious expression, set against a backdrop of a Scientology building. The text overlay reads, ""Scientology 'I WAS A VICTIM'"".

#### Step 2: Read Through the Video Subtitles and Content Description
The subtitles indicate that the video discusses Tom Cruise's involvement with Scientology and how it affected his career. The content description provides a biographical overview of Tom Cruise's life, focusing on his acting career and personal experiences.

#### Step 3: Compare the Thumbnail to the Actual Video Content
The thumbnail suggests that the video will focus on Tom Cruise's experience with Scientology and how it impacted his career. However, the content description does not explicitly mention Scientology or any negative impact on his career. Instead, it provides a general overview of his acting career and personal life.

#### Step 4: Determine if the Thumbnail Accurately Represents the Video's Main Topic or Content
The thumbnail implies a specific narrative about Scientology and its influence on Tom Cruise's career, which is not fully supported by the video content. The video primarily focuses on Cruise's acting career and personal life without delving deeply into Scientology.

#### Step 5: Assess Whether the Thumbnail Uses Exaggeration, False Promises, or Clickbait Tactics
The thumbnail uses the phrase ""I WAS A VICTIM,"" which could be interpreted as a clickbait tactic designed to attract viewers interested in a dramatic story about victimization. However, the content description does not support this claim.

#### Step 6: Categorize the Thumbnail as Either ""Misleading"" or ""Not Misleading""
Given that the thumbnail suggests a specific narrative about Scientology and its impact on Tom Cruise's career, which is not fully supported by the video content, the thumbnail can be considered **misleading**.

#### Explanation for Decision
The thumbnail sets up a specific narrative about Tom Cruise's involvement with Scientology and its impact on his career, which is not fully addressed in the video content. While the video does touch on Cruise's personal life and career, it does not delve into the specifics suggested by the thumbnail. Therefore, the thumbnail misleads viewers by promising a more detailed exploration of Scientology's influence than the video actually delivers."
B-0jXspTqUs,"### Analysis:

#### Step 1: Examine the Thumbnail
The thumbnail features a close-up image of a semiconductor chip with the Chinese flag prominently displayed. The text overlaid on the image reads ""IT'S OVER.""

#### Step 2: Read Through the Video Subtitles and Content Description
The subtitles discuss a report by the Australian Strategic Policy Institute (ASPI) that highlights China's dominance in global science and technology across various critical and emerging technologies. The report claims China leads in 37 out of 44 critical and emerging technologies, including space, energy, AI, nanotechnology, etc. The video provides detailed analysis of China's lead in specific fields such as advanced materials, AI, energy, and quantum technologies.

#### Step 3: Compare the Thumbnail to the Actual Video Content
The thumbnail suggests a dramatic conclusion or a significant shift in power dynamics, implying that China's dominance is definitive and irreversible. However, the video content focuses on providing evidence and analysis of China's current technological advancements and their implications rather than declaring a final outcome.

#### Step 4: Determine if the Thumbnail Accurately Represents the Video's Main Topic or Content
The thumbnail does not accurately represent the video's main topic or content. While the video discusses China's technological advancements, the thumbnail's use of the phrase ""IT'S OVER"" implies a conclusive statement about the end of a particular situation, which is not supported by the video's content.

#### Step 5: Assess Whether the Thumbnail Uses Exaggeration, False Promises, or Clickbait Tactics
The thumbnail uses exaggerated language (""IT'S OVER"") to create a sense of finality and urgency, which is not aligned with the video's content. It does not provide any factual basis for such a claim and instead sets up an expectation that is not met in the video.

#### Step 6: Categorize the Thumbnail as Either ""Misleading"" or ""Not Misleading""
Based on the analysis, the thumbnail is **misleading** because it uses exaggerated language and imagery to create a sense of finality that is not supported by the video's content. The thumbnail sets up an expectation that the video fails to deliver.

#### Explanation:
The thumbnail's use of the phrase ""IT'S OVER"" along with the image of a semiconductor chip and the Chinese flag creates a sense of finality and conclusive statement about China's technological dominance. However, the video content is more nuanced and analytical, focusing on providing evidence and context rather than declaring a definitive end to a situation. Therefore, the thumbnail misleads viewers by setting up an expectation that is not fulfilled in the video."
YKvxy31_Wvo,"### Analysis of the YouTube Video Thumbnail:

#### Step 1: Examine the thumbnail
The thumbnail features two individuals: Tom Cruise on the left and Nicole Kidman on the right. There is a large arrow pointing from Tom Cruise to Nicole Kidman, accompanied by the text ""HE'S A MONSTER.""

#### Step 2: Read through the video subtitles and content description
The subtitles mention Tom Cruise and Nicole Kidman, indicating that the video discusses their interactions or experiences working together. The content description suggests that the video is a compilation of celebrity footage, including interviews and behind-the-scenes moments, likely discussing their experiences with Tom Cruise.

#### Step 3: Compare the thumbnail to the actual video content
The thumbnail suggests a narrative involving Tom Cruise and Nicole Kidman, implying a negative interaction or experience. However, the video content description does not explicitly mention Nicole Kidman and focuses more on Tom Cruise's interactions with other celebrities.

#### Step 4: Determine if the thumbnail accurately represents the video's main topic or content
The thumbnail does not accurately represent the video's main topic or content. It suggests a specific interaction between Tom Cruise and Nicole Kidman, which is not confirmed by the video content description.

#### Step 5: Assess whether the thumbnail uses exaggeration, false promises, or clickbait tactics
The thumbnail uses exaggerated language (""HE'S A MONSTER"") to create a sense of drama and conflict, which may not be supported by the actual video content.

#### Step 6: Categorize the thumbnail as either ""Misleading"" or ""Not Misleading""
Based on the analysis, the thumbnail is misleading because it suggests a specific interaction between Tom Cruise and Nicole Kidman that is not confirmed by the video content description.

#### Explanation:
The thumbnail uses a dramatic and exaggerated title (""HE'S A MONSTER"") to attract viewers' attention, which may not be accurate according to the video content description. The focus of the video appears to be on Tom Cruise's interactions with other celebrities rather than specifically with Nicole Kidman. Therefore, the thumbnail is misleading."
5r1TQOTumKM,"### Analysis:

1. **Examine the thumbnail**: The thumbnail features a person with a wide-open mouth, showing teeth stained with what appears to be soda residue, alongside cans of Coca-Cola and Pepsi. The image is highly exaggerated and visually striking.

2. **Read through the video subtitles and content description**: The subtitles indicate that the video involves testing various myths, including the effects of drinking soda on teeth. The content description mentions experiments involving soda and other beverages, but does not explicitly mention the teeth-staining aspect.

3. **Compare the thumbnail to the actual video content**: The thumbnail depicts a dramatic and exaggerated scenario where the person's teeth are visibly stained, which aligns closely with the theme suggested by the subtitles about the effects of soda on teeth.

4. **Determine if the thumbnail accurately represents the video's main topic or content**: The thumbnail accurately represents the main topic of the video, which is testing the effects of soda on teeth.

5. **Assess whether the thumbnail uses exaggeration, false promises, or clickbait tactics**: The thumbnail uses exaggeration to attract attention but does not promise or falsely represent the content beyond what is described in the subtitles.

6. **Categorize the thumbnail as either ""Misleading"" or ""Not Misleading""**: Given that the thumbnail accurately represents the main topic and content of the video without using false promises or clickbait tactics, it should be categorized as ""Not Misleading.""

### Explanation:

The thumbnail effectively communicates the main theme of the video, which is testing the effects of soda on teeth. It uses visual exaggeration to grab attention but does not mislead viewers about the actual content. Therefore, the thumbnail is not misleading."
AAnd-elI52c,"### Analysis:

#### Step 1: Examine the Thumbnail
The thumbnail shows two individuals in a video call setting, with a large text overlay saying ""YOU'RE OVER."" There are also smaller images of two actresses circled, suggesting a focus on these individuals.

#### Step 2: Read Through the Video Subtitles and Content Description
The subtitles and content description indicate a video discussing Disney's financial performance, controversies surrounding its live-action remakes, and discussions about feminism and fairy tales. The video does not explicitly mention the phrase ""YOU'RE OVER.""

#### Step 3: Compare the Thumbnail to the Actual Video Content
The thumbnail suggests a personal interaction or conflict involving the two individuals shown, which aligns somewhat with the theme of controversy and disagreements mentioned in the video description. However, the thumbnail does not directly relate to the specific content about Disney's earnings, controversies, or the Snow White remake discussed in the video.

#### Step 4: Determine if the Thumbnail Accurately Represents the Video's Main Topic or Content
The thumbnail does not accurately represent the main topics discussed in the video, which include Disney's financial performance, controversies around its live-action remakes, and discussions about feminism and fairy tales. While the thumbnail hints at a personal conflict, it does not convey the broader themes of the video.

#### Step 5: Assess Whether the Thumbnail Uses Exaggeration, False Promises, or Clickbait Tactics
The thumbnail uses a provocative statement (""YOU'RE OVER"") that may be intended to attract viewers' attention but does not accurately reflect the content of the video. It does not promise or exaggerate any specific points made in the video.

#### Step 6: Categorize the Thumbnail as Either ""Misleading"" or ""Not Misleading""
Based on the analysis, the thumbnail is **misleading** because it does not accurately represent the main topics discussed in the video. The thumbnail suggests a personal conflict or disagreement, which is not the primary focus of the video content.

#### Explanation:
The thumbnail uses a provocative statement and a visual setup that does not align with the actual content of the video. It fails to provide a clear indication of the video's main topics, which include Disney's financial performance, controversies around its live-action remakes, and discussions about feminism and fairy tales. Therefore, the thumbnail is misleading."
GVi6-fl5Sgc,"### Analysis of the Thumbnail and Video Content

#### Step 1: Examine the Thumbnail
The thumbnail features three individuals: Prince William, Kate Middleton, and King Charles III. The text overlaid on the image reads ""IT'S OVER."" The image suggests a dramatic or significant change within the royal family.

#### Step 2: Read Through the Video Subtitles and Content Description
The subtitles and content description provide details about the health concerns of the British royal family, particularly focusing on the Princess of Wales (Kate Middleton) and King Charles III. The video discusses the potential changes in the royal family's residence and the strategic moves being considered by Prince William and King Charles III.

#### Step 3: Compare the Thumbnail to the Actual Video Content
The thumbnail depicts a dramatic and serious situation involving the royal family, which aligns with the content described in the subtitles and video description. However, the specific focus on ""IT'S OVER"" might imply a definitive end or a major shift in the family's dynamics, which is not explicitly stated in the video content.

#### Step 4: Determine if the Thumbnail Accurately Represents the Video's Main Topic or Content
While the thumbnail captures the essence of the royal family facing significant challenges, the video content does not necessarily convey a definitive ""end"" or ""over"" scenario. Instead, it presents a series of events and discussions about the health of the royal family members and the strategic decisions being made regarding the royal residences.

#### Step 5: Assess Whether the Thumbnail Uses Exaggeration, False Promises, or Clickbait Tactics
The thumbnail uses the phrase ""IT'S OVER,"" which could be interpreted as a clickbait tactic to attract viewers' attention by suggesting a dramatic conclusion. However, the video content does not confirm any such definitive end but rather discusses ongoing issues and strategic decisions.

#### Step 6: Categorize the Thumbnail as Either ""Misleading"" or ""Not Misleading""
Given that the thumbnail uses the phrase ""IT'S OVER"" without providing context or confirming the definitive end discussed in the video, it can be considered misleading. While the content of the video discusses significant challenges and strategic decisions, the thumbnail's use of ""IT'S OVER"" may mislead viewers into expecting a conclusive ending or a major shift in the royal family's situation.

#### Step 7: Provide a Brief Explanation for Your Decision
The thumbnail uses the phrase ""IT'S OVER"" to suggest a definitive end or major shift in the royal family's situation, which is not explicitly confirmed in the video content. Although the video discusses significant challenges and strategic decisions, the thumbnail's use of this phrase can mislead viewers into expecting a conclusive ending or a major shift in the royal family's situation. Therefore, the thumbnail is categorized as ""Misleading."""
E2IL6P9Zw0I,"### Analysis and Conclusion:

**Step 1:** Examine the thumbnail.
The thumbnail features a luxurious mansion, a Lamborghini sports car, and a person making a ""shh"" gesture. The text reads, ""What do millionaires throw away?""

**Step 2:** Read through the video subtitles and content description.
The subtitles and content description indicate that the video involves a nighttime drive through a neighborhood, possibly for the purpose of ""trash picking"" or ""dumpster diving."" The video shows various items being picked up along the way, such as a puzzle box, a cardboard box with clothing, and other miscellaneous items. The video does not explicitly mention millionaires or their possessions.

**Step 3:** Compare the thumbnail to the actual video content.
The thumbnail depicts a scene of wealth and luxury, which contrasts sharply with the actual content of the video, which focuses on mundane activities like finding and keeping items from trash bins.

**Step 4:** Determine if the thumbnail accurately represents the video's main topic or content.
The thumbnail misleads viewers by suggesting that the video will showcase the lavish possessions of millionaires, when in reality, it is about finding and keeping items from trash bins.

**Step 5:** Assess whether the thumbnail uses exaggeration, false promises, or clickbait tactics.
The thumbnail uses clickbait tactics by promising viewers a glimpse into the lives of millionaires, which is not the case. It also exaggerates the content by showing a luxurious lifestyle that is not relevant to the actual video.

**Step 6:** Categorize the thumbnail as either ""Misleading"" or ""Not Misleading.""
Based on the analysis, the thumbnail is **Misleading**.

**Explanation:**
The thumbnail creates an expectation of viewing a video about the lifestyles of wealthy individuals, which is not what the video actually contains. Instead, it shows a mundane activity of finding and keeping items from trash bins. This misleads viewers into expecting a different type of content than what is actually presented."
13MtqiKfuL0,"### Analysis of the Thumbnail and Video Content

#### Step 1: Examine the Thumbnail
The thumbnail features a split image. On the left side, there is a close-up of a man with a serious expression, which appears to be Neymar Jr., a well-known soccer player. On the right side, there are two children, one of whom is smiling and the other appears to be speaking to the first child. Below the images, the text reads ""I'M NOT YOUR DAD.""

#### Step 2: Read Through the Video Subtitles and Content Description
The subtitles and content description focus on Neymar Jr.'s personal life, particularly his relationship with his son Davi and the controversy surrounding his paternity. The video discusses how Neymar became a father unexpectedly and the challenges he faced in balancing his career and family life.

#### Step 3: Compare the Thumbnail to the Actual Video Content
The thumbnail suggests a narrative about Neymar Jr. and his children, specifically addressing the issue of paternity. However, the video content primarily revolves around Neymar's personal life, career achievements, and interactions with his son Davi. The thumbnail does not accurately represent the main topics discussed in the video.

#### Step 4: Determine if the Thumbnail Accurately Represents the Video's Main Topic or Content
The thumbnail does not accurately represent the main topics discussed in the video. While it mentions Neymar Jr. and his children, the video focuses more on his personal life and career rather than addressing paternity issues directly.

#### Step 5: Assess Whether the Thumbnail Uses Exaggeration, False Promises, or Clickbait Tactics
The thumbnail uses a provocative statement (""I'M NOT YOUR DAD"") that might be intended to attract viewers' attention. However, the statement itself is not misleading; it accurately reflects the theme of the video, which deals with Neymar's paternity and the confusion surrounding it.

#### Step 6: Categorize the Thumbnail as Either ""Misleading"" or ""Not Misleading""
Given that the thumbnail accurately represents the theme of the video (Neymar Jr. and his children), it is not misleading.

#### Step 7: Provide a Brief Explanation for Your Decision
The thumbnail effectively captures the essence of the video's content by mentioning Neymar Jr. and his children, which aligns with the theme of the video. Although it uses a provocative statement, it does not mislead viewers about the actual content of the video. Therefore, the thumbnail is categorized as ""Not Misleading."""
bYdg2Iyq8cw,"### Analysis of the Thumbnail and Video Content

#### Step 1: Examine the Thumbnail
The thumbnail features a large pile of money, specifically labeled as ""ME"" with an arrow pointing towards it. The background suggests a tropical location with palm trees and a clear sky.

#### Step 2: Read Through the Video Subtitles and Content Description
The subtitles indicate that the video involves traveling in Vietnam, exploring various locations, and dealing with money. The content description confirms this, detailing the travelers' journey across different parts of Vietnam, including Harlong Bay, Hanoi, and other cities. The video also mentions the use of a Revolut Visa card and the exchange of money.

#### Step 3: Compare the Thumbnail to the Actual Video Content
The thumbnail depicts a large pile of money, which is not directly related to the video's content. The video primarily focuses on the travelers' experiences in Vietnam, including their interactions with locals, exploring different locations, and dealing with money. The thumbnail does not accurately represent the main topics discussed in the video.

#### Step 4: Determine if the Thumbnail Accurately Represents the Video's Main Topic or Content
The thumbnail does not accurately represent the main topics discussed in the video. It suggests that the video is about accumulating wealth, which is not the case. Instead, the video is about a travel adventure in Vietnam.

#### Step 5: Assess Whether the Thumbnail Uses Exaggeration, False Promises, or Clickbait Tactics
The thumbnail uses exaggerated imagery (a large pile of money) to attract viewers, which could be considered clickbait. However, the thumbnail does not explicitly promise wealth or financial gain; it merely shows a large amount of money, which is not the focus of the video.

#### Step 6: Categorize the Thumbnail as Either ""Misleading"" or ""Not Misleading""
Given that the thumbnail does not accurately represent the main topics discussed in the video and uses exaggerated imagery that could be misleading, the thumbnail is **misleading**.

#### Explanation
The thumbnail suggests that the video is about accumulating wealth, which is not the case. The video is about a travel adventure in Vietnam, focusing on the experiences of the travelers rather than accumulating money. Therefore, the thumbnail is misleading because it does not accurately reflect the content of the video."
pM42sKp6f8A,"### Analysis of the Thumbnail and Video Content

#### Step 1: Examine the Thumbnail
The thumbnail depicts a classroom scene where a teacher is holding a chainsaw, while a student looks scared and covers their mouth. The image suggests a dramatic and potentially dangerous situation involving a teacher with a chainsaw.

#### Step 2: Read Through the Video Subtitles and Content Description
The subtitles and the video content describe a comedic skit set in a school environment, focusing on various classroom scenarios and dynamics. The video does not involve any real teachers using a chainsaw or any dangerous situations. Instead, it is a series of humorous sketches depicting exaggerated reactions and interactions between characters in a school setting.

#### Step 3: Compare the Thumbnail to the Actual Video Content
The thumbnail shows a dramatic and potentially dangerous scenario involving a chainsaw, which is completely unrelated to the actual content of the video. The video is a series of comedic sketches and does not feature any real teachers or dangerous situations.

#### Step 4: Determine if the Thumbnail Accurately Represents the Video's Main Topic or Content
The thumbnail does not accurately represent the video's main topic or content. It misleads viewers by suggesting a dangerous and dramatic scenario that is not present in the actual video.

#### Step 5: Assess Whether the Thumbnail Uses Exaggeration, False Promises, or Clickbait Tactics
The thumbnail uses exaggerated imagery and a clickbait approach by suggesting a dangerous and dramatic situation that is not present in the actual video. This is a clear example of clickbait tactics.

#### Step 6: Categorize the Thumbnail as Either ""Misleading"" or ""Not Misleading""
The thumbnail is clearly ""Misleading.""

#### Explanation for the Decision
The thumbnail uses exaggerated imagery and clickbait tactics to attract viewers' attention. It suggests a dangerous and dramatic scenario involving a chainsaw, which is completely unrelated to the actual content of the video. The video is a series of comedic sketches depicting exaggerated reactions and interactions in a school setting, and it does not feature any real teachers or dangerous situations. Therefore, the thumbnail is misleading and should not be categorized as ""Not Misleading."""
SC7aUcwj_sM,"### Analysis of the YouTube Video Thumbnail

#### Step 1: Examine the thumbnail
The thumbnail features an image of Prince William alongside Queen Elizabeth II, with a speech bubble labeled ""USE HUMOR."" Below the image, the text reads: ""HOW HE CONNECTS WITH PEOPLE.""

#### Step 2: Read through the video subtitles and content description
The subtitles suggest that the video will highlight 20 surprising ways Prince William connects with the public, including social media engagement, mental health advocacy, candid interviews, casual attire, and public transportation choices.

#### Step 3: Compare the thumbnail to the actual video content
The thumbnail suggests that the video will primarily focus on Prince William's humorous interactions with the public. However, the video content description indicates that the video covers a wide range of topics, including social media presence, mental health advocacy, candid interviews, casual attire, and public transportation choices.

#### Step 4: Determine if the thumbnail accurately represents the video's main topic or content
The thumbnail does not accurately represent the video's main content. While humor is mentioned, the video covers multiple aspects of Prince William's interactions with the public, which are not necessarily humorous.

#### Step 5: Assess whether the thumbnail uses exaggeration, false promises, or clickbait tactics
The thumbnail uses exaggerated language (""USE HUMOR"") and promises a specific type of content (humorous interactions) that may not align with the actual video content.

#### Step 6: Categorize the thumbnail as either ""Misleading"" or ""Not Misleading""
Based on the analysis, the thumbnail is misleading because it overpromises a specific type of content (humorous interactions) that is not the primary focus of the video.

#### Explanation
The thumbnail misleads viewers by suggesting that the video will primarily feature Prince William's humorous interactions with the public when the video actually covers a broader range of topics related to his connections with the public. The use of the word ""USE HUMOR"" in the speech bubble further emphasizes this misleading aspect."
FymvTLKKxgA,"### Analysis of the Thumbnail and Video Content

#### Step 1: Examine the Thumbnail
The thumbnail features two individuals walking in front of a luxurious blue sports car parked outside a large house. The setting suggests affluence and lifestyle, which aligns with the video's content described in the subtitles and video description.

#### Step 2: Read Through the Video Subtitles and Content Description
The subtitles and video description provide a detailed account of Elton John's life, career, and personal interests. It highlights his achievements, hobbies, and lifestyle, emphasizing his wealth and success.

#### Step 3: Compare the Thumbnail to the Actual Video Content
The thumbnail depicts a scene that aligns closely with the video content. It showcases elements of luxury and success, which are central themes in the video.

#### Step 4: Determine if the Thumbnail Accurately Represents the Video's Main Topic or Content
The thumbnail accurately represents the video's main topics, which include wealth, success, and lifestyle. It captures the essence of the video without exaggeration or misleading elements.

#### Step 5: Assess Whether the Thumbnail Uses Exaggeration, False Promises, or Clickbait Tactics
There are no exaggerated claims or false promises in the thumbnail. It simply presents a scene that reflects the video's content without any misleading elements.

#### Step 6: Categorize the Thumbnail as Either ""Misleading"" or ""Not Misleading""
Based on the analysis, the thumbnail is **Not Misleading**.

#### Explanation
The thumbnail effectively represents the video's content without any misleading elements. It accurately portrays the themes of wealth, success, and lifestyle that are central to the video. The scene depicted in the thumbnail matches the overall tone and content of the video, providing a clear and honest representation of the subject matter."
SRY_SSaM8v4,"### Analysis:

#### Step 1: Examine the Thumbnail
The thumbnail features a woman speaking into a microphone, with the text ""AFRAID TO COME OUT!"" prominently displayed. Additionally, there is an image of a group of shirtless men, which appears to be a collage of different individuals.

#### Step 2: Read Through the Video Subtitles and Content Description
The subtitles and content description indicate that the video discusses the experiences of actors in the entertainment industry, particularly focusing on issues related to sexuality and fear of coming out. The video includes interviews with actors and discussions about the challenges they face due to their sexuality and the pressures they encounter in the industry.

#### Step 3: Compare the Thumbnail to the Actual Video Content
The thumbnail suggests that the video is primarily about actors who are ""afraid to come out,"" implying a narrative centered around individuals who are hesitant to disclose their sexual orientation due to fear of repercussions. However, the content description indicates that the video covers a broader range of topics within the entertainment industry, including issues of identity, acceptance, and the pressures faced by actors.

#### Step 4: Determine if the Thumbnail Accurately Represents the Video's Main Topic or Content
The thumbnail does not accurately represent the main topic of the video. While the video does touch on the issue of actors being ""afraid to come out,"" it is not the sole focus. The content also explores themes of belief, possibility, and acceptance of diversity, which are not directly addressed in the thumbnail.

#### Step 5: Assess Whether the Thumbnail Uses Exaggeration, False Promises, or Clickbait Tactics
The thumbnail uses exaggerated language (""AFRAID TO COME OUT!"") which might mislead viewers into expecting a more specific or sensationalized narrative than what the video actually provides. It does not provide clear context about the broader themes discussed in the video.

#### Step 6: Categorize the Thumbnail as Either ""Misleading"" or ""Not Misleading""
Based on the analysis, the thumbnail is misleading because it does not accurately reflect the comprehensive nature of the video's content. It focuses on a single aspect (the fear of coming out) without providing a full picture of the broader themes discussed.

#### Explanation:
The thumbnail uses a provocative title and imagery that suggest a narrower focus on the fear of coming out, which is not the primary theme of the video. The video, while touching on this issue, also delves into other aspects of the entertainment industry, making the thumbnail misleading by not fully representing the content."
ZFLDzCLrnm0,"### Analysis:

1. **Examine the Thumbnail**:
   - The thumbnail features a woman with long blonde hair and the text ""SHE'S A HOMEWRECKER.""

2. **Read Through the Video Subtitles and Content Description**:
   - The subtitles discuss alleged romantic entanglements between actors, specifically mentioning Ryan Reynolds, Blake Lively, and Scarlett Johansson.
   - The content description provides a broader overview of the actress's career and personal life, including her relationships and projects.

3. **Compare the Thumbnail to the Actual Video Content**:
   - The thumbnail suggests a focus on a specific accusation about Blake Lively being a ""homewrecker.""
   - The video content, however, covers a wide range of topics related to the actress's career and personal life, including her relationships and projects.

4. **Determine if the Thumbnail Accurately Represents the Video's Main Topic or Content**:
   - The thumbnail does not accurately represent the main topic or content of the video. While the video does touch on relationships, it is not primarily focused on the claim that Blake Lively is a ""homewrecker.""

5. **Assess Whether the Thumbnail Uses Exaggeration, False Promises, or Clickbait Tactics**:
   - The thumbnail uses a provocative statement (""SHE'S A HOMEWRECKER"") which is likely designed to attract viewers' attention but does not reflect the actual content of the video.

6. **Categorize the Thumbnail as Either ""Misleading"" or ""Not Misleading""**:
   - Given that the thumbnail significantly misrepresents the actual content of the video, it is misleading.

7. **Brief Explanation for the Decision**:
   - The thumbnail uses a sensational headline (""SHE'S A HOMEWRECKER"") that does not align with the actual content of the video. The video discusses the actress's career and personal life but does not focus on the specific claim made in the thumbnail. Therefore, the thumbnail is misleading.

### Conclusion:
The thumbnail is **misleading**."
lCYG1bTGlOQ,"### Analysis of the Thumbnail and Content Comparison

#### Step 1: Examine the Thumbnail
The thumbnail features two individuals standing in front of a luxurious setting, with a helicopter and a Rolls-Royce car visible in the background. The individuals are dressed in stylish, high-fashion attire, which suggests a focus on luxury and wealth.

#### Step 2: Read Through the Video Subtitles and Content Description
The video content description highlights various aspects of Elton John's life, including his career achievements, charitable work, personal relationships, and lifestyle. It mentions his net worth, properties, and car collection, which align with the theme of luxury and wealth.

#### Step 3: Compare the Thumbnail to the Actual Video Content
The thumbnail depicts a scene that aligns closely with the video content. It shows individuals in a luxurious setting, which matches the theme of the video focusing on Elton John's lifestyle and net worth.

#### Step 4: Determine if the Thumbnail Accurately Represents the Video's Main Topic or Content
The thumbnail accurately represents the main topic of the video, which is Elton John's lifestyle and net worth. It captures the essence of the video content without exaggeration or misleading elements.

#### Step 5: Assess Whether the Thumbnail Uses Exaggeration, False Promises, or Clickbait Tactics
There are no exaggerated elements or false promises in the thumbnail. It simply presents a scene that reflects the luxurious lifestyle discussed in the video.

#### Step 6: Categorize the Thumbnail as Either ""Misleading"" or ""Not Misleading""
The thumbnail is **Not Misleading**.

#### Explanation
The thumbnail accurately represents the video's content by depicting a luxurious setting that aligns with the theme of Elton John's lifestyle and net worth. There are no misleading elements or exaggerated claims in the thumbnail that could mislead viewers about the video's content."
lF2fwDctmlU,"### Analysis of the Thumbnail and Video Content

#### Step 1: Examine the Thumbnail
The thumbnail features a large text box with the question ""TELL ME NOW WHO AM I?"" prominently displayed. Below this text, there is a smaller inset image showing two individuals, presumably a player and a referee, engaged in a conversation. The overall design suggests a mystery or puzzle theme, implying that the viewer needs to uncover the identity of a person related to football.

#### Step 2: Read Through the Video Subtitles and Content Description
The subtitles and content description focus on a specific referee named Pierre Luigi Kina, highlighting his journey from a young player to becoming a renowned referee. The video emphasizes Kina's unique ability to terrify players while earning their respect, his fluency in multiple languages, and his meticulous preparation for matches. The content does not mention any mystery or puzzle about identifying a person; instead, it provides a detailed account of Kina's career and achievements.

#### Step 3: Compare the Thumbnail to the Actual Video Content
The thumbnail suggests a mystery or puzzle involving the identity of a person, whereas the video content is a straightforward documentary-style narrative about a specific referee named Pierre Luigi Kina. The thumbnail does not align with the actual content of the video.

#### Step 4: Determine if the Thumbnail Accurately Represents the Video's Main Topic or Content
The thumbnail does not accurately represent the video's main topic or content. It implies a mystery or puzzle about identifying a person, which is not present in the video.

#### Step 5: Assess Whether the Thumbnail Uses Exaggeration, False Promises, or Clickbait Tactics
The thumbnail uses exaggerated language (""TELL ME NOW WHO AM I?"") and a misleading image to suggest a mystery or puzzle, which is not present in the video content. This can be considered clickbait.

#### Step 6: Categorize the Thumbnail as Either ""Misleading"" or ""Not Misleading""
Based on the analysis, the thumbnail is **Misleading** because it uses exaggerated language and a misleading image to suggest a mystery or puzzle, which is not present in the video content.

#### Explanation
The thumbnail creates a misleading impression by suggesting a mystery or puzzle about identifying a person, which is not the case in the video. Instead, the video is a documentary-style narrative about a specific referee named Pierre Luigi Kina. The thumbnail uses exaggerated language and a misleading image to attract viewers, which is a common tactic used in clickbait videos. Therefore, the thumbnail is misleading."
j8D70ywB9y8,"### Analysis:

#### Step 1: Examine the Thumbnail
The thumbnail shows two individuals in a stadium setting, one appearing to be in a high-altitude position (possibly near a roof or upper deck), while the other is gesturing with a finger to their lips, indicating silence or secrecy. There is a large red arrow pointing towards the individual in the higher position.

#### Step 2: Read Through the Video Subtitles and Content Description
The subtitles and the video content describe a ""game of YouTuber hide and seek"" within a stadium, specifically Tottenham Hotspur's stadium. The cameraman explores various areas of the stadium, including player areas, facilities, and public spaces, often checking if anyone is around to avoid getting caught. The tone is playful and mischievous, with the cameraman frequently expressing amazement at the facilities or joking about hiding or not getting caught.

#### Step 3: Compare the Thumbnail to the Actual Video Content
The thumbnail depicts two individuals in a stadium setting, which aligns with the video content. However, the specific action shown in the thumbnail—where one person appears to be in a high-altitude position—does not directly correspond to the described ""game of hide and seek."" The thumbnail suggests a more dramatic or adventurous scenario than the actual video content.

#### Step 4: Determine if the Thumbnail Accurately Represents the Video's Main Topic or Content
The thumbnail does not accurately represent the main topic or content of the video. While the video involves a hide-and-seek game within a stadium, the thumbnail suggests a more adventurous or dramatic scenario involving high-altitude positions, which is not explicitly mentioned in the video description.

#### Step 5: Assess Whether the Thumbnail Uses Exaggeration, False Promises, or Clickbait Tactics
The thumbnail uses exaggerated imagery to suggest a more adventurous or dramatic scenario than what is actually depicted in the video. It implies a higher level of risk or thrill that is not present in the actual content.

#### Step 6: Categorize the Thumbnail as Either ""Misleading"" or ""Not Misleading""
Based on the analysis, the thumbnail is **misleading**.

#### Explanation:
The thumbnail suggests a more adventurous or dramatic scenario involving high-altitude positions, which is not explicitly mentioned in the video description. While the video does involve a hide-and-seek game within a stadium, the thumbnail implies a higher level of risk or thrill that is not present in the actual content. Therefore, the thumbnail is misleading."
hLhYql-cR-k,"### Analysis of the Thumbnail and Video Content

#### Step 1: Examine the Thumbnail
The thumbnail features a man standing in front of a group of luxury sports cars, with the text ""MR.BEAN GARAGE TOUR."" The image suggests a focus on a collection of high-end vehicles, specifically those belonging to Mr. Bean (Rowan Atkinson).

#### Step 2: Read Through the Video Subtitles and Content Description
The subtitles and content description provide details about various luxury cars owned by Rowan Atkinson, including their make, model, year, and some historical context. The video appears to be a showcase of Mr. Bean's car collection, featuring a variety of high-end vehicles.

#### Step 3: Compare the Thumbnail to the Actual Video Content
The thumbnail accurately represents the main topic of the video, which is indeed a tour of Mr. Bean's car collection. The video content matches the theme suggested by the thumbnail, as it features multiple luxury cars and provides detailed information about each one.

#### Step 4: Determine if the Thumbnail Accurately Represents the Video's Main Topic or Content
The thumbnail effectively conveys the idea that the video will show a tour of Mr. Bean's car collection. It does not mislead viewers about the content of the video.

#### Step 5: Assess Whether the Thumbnail Uses Exaggeration, False Promises, or Clickbait Tactics
There is no indication of exaggeration, false promises, or clickbait tactics in the thumbnail. It clearly communicates the purpose of the video without misleading the viewer.

#### Step 6: Categorize the Thumbnail
Based on the analysis, the thumbnail is not misleading.

#### Explanation
The thumbnail accurately reflects the content of the video, which is a tour of Mr. Bean's car collection. There are no exaggerated claims or misleading elements in the thumbnail. Therefore, the thumbnail is categorized as ""Not Misleading."""
PBWFjdvBHuo,"### Analysis:

#### Step 1: Examine the Thumbnail
The thumbnail features two images of women in formal attire, accompanied by the text ""SHE'S MANIPULATING."" The image includes a microphone, suggesting an interview or discussion format.

#### Step 2: Read Through the Video Subtitles and Content Description
The subtitles and content description indicate a discussion about interpersonal conflicts and tensions within the royal family, specifically focusing on the relationship between Kate Middleton and Meghan Markle. The video seems to delve into allegations of manipulation and conflict between the two individuals.

#### Step 3: Compare the Thumbnail to the Actual Video Content
The thumbnail shows a formal setting with women in attire, which aligns somewhat with the formal interviews mentioned in the subtitles. However, the text ""SHE'S MANIPULATING"" is not directly supported by the content description, which focuses more on the dynamics and conflicts rather than explicitly stating that one person is manipulating the other.

#### Step 4: Determine if the Thumbnail Accurately Represents the Video's Main Topic or Content
The thumbnail suggests a focus on manipulation, which is not fully supported by the content description. While the video does discuss conflicts and tensions, it does not explicitly claim that one person is manipulating the other.

#### Step 5: Assess Whether the Thumbnail Uses Exaggeration, False Promises, or Clickbait Tactics
The thumbnail uses the phrase ""SHE'S MANIPULATING,"" which could be considered clickbait as it implies a strong accusation without providing clear evidence. However, the content description does not fully support this claim.

#### Step 6: Categorize the Thumbnail
Based on the analysis, the thumbnail is misleading because it uses a provocative statement (""SHE'S MANIPULATING"") that is not fully supported by the video content. The thumbnail suggests a stronger claim than what the video actually discusses.

#### Explanation:
The thumbnail uses a headline that implies a strong accusation of manipulation, which is not fully supported by the video content. While the video does discuss conflicts and tensions, it does not explicitly claim that one person is manipulating the other. Therefore, the thumbnail is misleading due to the exaggerated claim it makes."
jIIRwEWO4z0,"### Analysis of the Thumbnail and Video Content

#### Step 1: Examine the Thumbnail
The thumbnail features a close-up of a tongue with the letters ""CR7"" written on it, surrounded by a red circle. The background is green, resembling a soccer field. The image includes a large photo of a soccer player with a surprised expression, also with ""CR7"" written on his tongue.

#### Step 2: Read Through the Video Subtitles and Content Description
The subtitles mention various topics related to tattoos, including:
- A player's tattoos saving a life.
- Another player's tattoos almost getting him banned from football.
- The craziest tattoos in football history.
- A player getting a controversial tattoo of an assault weapon.
- The impact of a Chinese government ban on tattoos in football.
- A player with numerous tattoos and their meanings.
- A player getting tattoos representing significant moments in his career.

#### Step 3: Compare the Thumbnail to the Actual Video Content
The thumbnail prominently features the letters ""CR7,"" which are associated with Cristiano Ronaldo (CR7). However, the video content does not focus solely on Cristiano Ronaldo. Instead, it covers multiple players and their tattoos, including Sergio Ramos and Zlatan Ibrahimović.

#### Step 4: Determine if the Thumbnail Accurately Represents the Video's Main Topic or Content
The thumbnail suggests that the video is about Cristiano Ronaldo, as indicated by the ""CR7"" on the tongue. However, the video content is broader and includes multiple players and their tattoos, not just Cristiano Ronaldo.

#### Step 5: Assess Whether the Thumbnail Uses Exaggeration, False Promises, or Clickbait Tactics
The thumbnail uses the ""CR7"" branding to attract viewers, which might lead some to believe that the video is specifically about Cristiano Ronaldo. While the video does feature Cristiano Ronaldo, it is not the sole focus.

#### Step 6: Categorize the Thumbnail as Either ""Misleading"" or ""Not Misleading""
The thumbnail is misleading because it suggests that the video is primarily about Cristiano Ronaldo, whereas the video content covers multiple players and their tattoos.

#### Step 7: Provide a Brief Explanation for Your Decision
The thumbnail uses the ""CR7"" branding to attract viewers, implying that the video is about Cristiano Ronaldo. However, the video content is broader and includes multiple players and their tattoos, not just Cristiano Ronaldo. Therefore, the thumbnail is misleading.

**Final Decision:** Misleading"
E5q_pEKifnA,"### Analysis of the YouTube Video Thumbnail and Content

#### Step 1: Examine the Thumbnail
The thumbnail features a woman with a distressed expression, accompanied by the text ""MEANEST PERSON EVER!"" This suggests a focus on individuals who are perceived as particularly unpleasant or rude.

#### Step 2: Read Through the Video Subtitles and Content Description
The subtitles indicate that the video is about counting down the ""top 20 rudest celebrities of all time."" The content description provides a montage of various celebrity moments, ranging from interviews to performances, and includes anecdotes about celebrities' behaviors and attitudes.

#### Step 3: Compare the Thumbnail to the Actual Video Content
The thumbnail aligns closely with the video content, which revolves around celebrities who are described as rude or unpleasant. The thumbnail effectively captures the essence of the video's theme without misleading viewers.

#### Step 4: Determine if the Thumbnail Accurately Represents the Video's Main Topic or Content
The thumbnail accurately represents the video's main topic, which is about celebrities who are considered rude or unpleasant. The use of the word ""MEANEST"" in the thumbnail directly corresponds to the video's subtitle and content.

#### Step 5: Assess Whether the Thumbnail Uses Exaggeration, False Promises, or Clickbait Tactics
There is no exaggeration or false promise in the thumbnail. It clearly communicates the video's theme without misleading viewers.

#### Step 6: Categorize the Thumbnail as Either ""Misleading"" or ""Not Misleading""
The thumbnail is **not misleading** because it accurately reflects the video's content and theme.

#### Explanation
The thumbnail effectively communicates the video's theme without misleading viewers. It uses the word ""MEANEST"" to convey the idea that the video will showcase celebrities who are considered rude or unpleasant. The content of the video supports this theme, providing examples of celebrities who are described as rude or unpleasant. Therefore, the thumbnail does not use any exaggerated claims or false promises, making it a clear representation of the video's content."
fM-LDkcEFKY,"### Analysis:

**Step 1:** Examine the thumbnail.
- The thumbnail features three individuals (Mohammad bin Salman, Vladimir Putin, and Donald Trump) with a mansion, cars, and a large sum of money ($1.7 billion). It suggests a comparison of the wealth and lifestyles of these world leaders.

**Step 2:** Read through the video subtitles and content description.
- The subtitles mention the luxurious mansions of world leaders and provide specific details about the properties of Barack Obama, Donald Trump, and Joe Biden.
- The video content includes scenes of lavish interiors, grand estates, and official meetings, aligning with the theme of showcasing the luxurious lives of world leaders.

**Step 3:** Compare the thumbnail to the actual video content.
- The thumbnail accurately represents the theme of the video, which is about the luxurious mansions of world leaders.
- The thumbnail does not exaggerate or mislead; it correctly reflects the content described in the video.

**Step 4:** Determine if the thumbnail accurately represents the video's main topic or content.
- The thumbnail accurately represents the main topic of the video, which is exploring the luxurious lives of world leaders.

**Step 5:** Assess whether the thumbnail uses exaggeration, false promises, or clickbait tactics.
- There is no exaggeration or false promises in the thumbnail. It simply presents the theme of the video without misleading the viewer.

**Step 6:** Categorize the thumbnail as either ""Misleading"" or ""Not Misleading.""
- The thumbnail is not misleading.

**Step 7:** Provide a brief explanation for the decision.
- The thumbnail accurately represents the content of the video, which focuses on the luxurious mansions of world leaders. It does not use exaggerated claims or misleading elements, thus it is not misleading.

**Final Decision:** Not Misleading"
