video_id,classification
rBNChsUJ128,"### Analysis of the Thumbnail and Video Content

#### Step 1: Examine the Thumbnail
The thumbnail shows two images side-by-side:
1. On the left, a close-up of a cricket player wearing an England cap and white cricket attire, speaking into a Sky Sports microphone.
2. On the right, the same player in action during a cricket match, running between wickets.

#### Step 2: Read Through the Video Subtitles and Content Description
The subtitles and content description indicate that the video is a post-match interview with an England cricket player at Lord's Cricket Ground. The player discusses his performance, personal reflections, and the team's strategy during the match. The video includes multiple close-ups of the player speaking, interspersed with shots of the cricket ground and the players' interactions.

#### Step 3: Compare the Thumbnail to the Actual Video Content
The thumbnail accurately depicts the player in a cricket uniform, which aligns with the video content. However, the right image in the thumbnail shows the player in action during a match, which is not part of the interview segment described in the video description.

#### Step 4: Determine if the Thumbnail Accurately Represents the Video's Main Topic or Content
The thumbnail correctly represents the player as the central figure in the interview segment. However, the inclusion of the player in action during the match in the thumbnail is misleading as it suggests that the entire video consists of the player's match highlights, which is not the case.

#### Step 5: Assess Whether the Thumbnail Uses Exaggeration, False Promises, or Clickbait Tactics
The thumbnail does not use exaggerated claims or false promises. It accurately reflects the player as the main subject of the interview, which is truthful and relevant to the content.

#### Step 6: Categorize the Thumbnail as Either ""Misleading"" or ""Not Misleading""
Given that the thumbnail accurately represents the player as the main subject of the interview but incorrectly includes a match action shot that is not part of the interview segment, the thumbnail is **misleading**.

#### Explanation
The thumbnail effectively conveys that the video is an interview with the player, which is true. However, the inclusion of the player in action during the match in the thumbnail creates a misleading impression that the entire video consists of the player's match highlights, which is not the case. The video primarily focuses on the interview segment, and the match action shots are supplementary and not the main content of the video. Therefore, the thumbnail is misleading."
8Irv0hET_-o,"### Analysis:

1. **Examine the Thumbnail**: The thumbnail shows a woman in a suit sitting at a podium, with a man in uniform leaning over her, seemingly unconscious. The CNN logo is prominently displayed, suggesting this is a news broadcast.

2. **Read Through the Subtitles and Content Description**: There are no subtitles provided in the video description. However, the content description clearly outlines a medical emergency occurring during a press conference involving a military officer.

3. **Compare the Thumbnail to the Actual Video Content**:
   - The thumbnail depicts a woman speaking at a podium with a man leaning over her, which aligns with the initial part of the incident where the officer appears to be losing consciousness.
   - The chaotic scene with multiple people rushing to help the officer, as described in the content, is not directly shown in the thumbnail but is implied by the posture of the officer and the surrounding individuals.

4. **Determine Accuracy Representation**: The thumbnail accurately captures the initial moment of the incident, showing a sudden shift from a formal setting to one of urgency. It sets the stage for the viewer, indicating that something unexpected has occurred.

5. **Assess for Exaggeration, False Promises, or Clickbait Tactics**: The thumbnail does not use exaggerated visuals or false promises. It simply presents a realistic depiction of the beginning of the incident.

6. **Categorize the Thumbnail**: Based on the analysis, the thumbnail is not misleading because it correctly represents the initial part of the incident without exaggerating or misleading the viewer.

### Conclusion:
The thumbnail is **Not Misleading**. It accurately reflects the beginning of the incident depicted in the video, setting the correct expectation for the viewer."
ieliCUgYb3w,"### Analysis:

1. **Examine the Thumbnail**:
   - The thumbnail features a player wearing an England jersey with the number 10, which is typically associated with the captain or a key player like Harry Kane.
   - The text ""HIGHLIGHTS"" suggests that this is a highlight reel of the match.
   - The flags of England and Slovenia indicate the teams playing, and the ITV Sport logo suggests the broadcaster.

2. **Read Through the Video Content Description**:
   - The video shows scenes from a soccer match between England and Slovenia.
   - It covers the entire duration of the match, from the early stages to the final moments.
   - The video includes various game situations, player interactions, and the build-up towards a potential goal.
   - The thumbnail does not explicitly mention the outcome or specific highlights but rather focuses on the player in the jersey.

3. **Compare the Thumbnail to the Actual Video Content**:
   - The thumbnail shows a player in a key position, which aligns with the video content showing a player in a critical moment of the match.
   - However, the thumbnail does not provide any specific details about the match's outcome or the key moments discussed in the video description.

4. **Determine if the Thumbnail Accurately Represents the Video's Main Topic or Content**:
   - While the thumbnail correctly identifies the teams and the player, it does not convey the specific content of the video, such as the match's progression or the key moments discussed in the description.
   - The thumbnail is somewhat generic and does not give away the specific highlights or the intensity of the match as described in the video content.

5. **Assess Whether the Thumbnail Uses Exaggeration, False Promises, or Clickbait Tactics**:
   - The thumbnail does not use exaggerated language or false promises.
   - However, it does not provide enough context to attract viewers who might be interested in specific highlights or the match's outcome.

6. **Categorize the Thumbnail**:
   - Given that the thumbnail does not provide enough specific information about the video's content, it can be considered misleading because it does not accurately represent the main topic or the specific content discussed in the video description.

### Conclusion:
The thumbnail is **misleading** because it does not provide enough context about the specific content of the video, which includes detailed scenes from the match and the build-up towards a potential goal. The thumbnail focuses on a player but does not convey the intensity or specific moments discussed in the video description."
erbk87CRLeA,"### Analysis:

1. **Examine the Thumbnail**: The thumbnail depicts a scene where a person in religious attire is holding a flag, which appears to be the national flag of Papua New Guinea. The setting includes palm trees and a festive atmosphere, suggesting a significant public event.

2. **Read Through the Subtitles and Content Description**: The subtitles indicate that the video captures scenes from a papal visit to Papua New Guinea, as evidenced by the mention of the ""Wewak Diocese"" and the reference to Pope Francis visiting in 2024. The content description confirms this, describing a papal visit with a festive and celebratory atmosphere.

3. **Compare the Thumbnail to the Actual Video Content**: The thumbnail accurately represents the main topic of the video, which is a papal visit to Papua New Guinea. It shows a religious figure (likely the Pope) in a setting consistent with a papal visit, including the presence of the national flag and a festive environment.

4. **Determine Accuracy Representation**: The thumbnail correctly reflects the main topic of the video, which is a papal visit. It does not exaggerate or mislead viewers about the content.

5. **Assess for Exaggeration, False Promises, or Clickbait Tactics**: There are no elements in the thumbnail that use exaggeration, false promises, or clickbait tactics. It accurately represents the event being depicted.

6. **Categorize the Thumbnail**: Based on the analysis, the thumbnail is not misleading.

7. **Explanation**: The thumbnail accurately depicts the main event being shown in the video, which is a papal visit to Papua New Guinea. It does not contain any misleading elements or exaggerated claims. Therefore, the thumbnail is categorized as ""Not Misleading.""

### Final Decision:
**Not Misleading**

**Explanation:** The thumbnail accurately represents the main topic of the video, which is a papal visit to Papua New Guinea. It does not contain any misleading elements or exaggerated claims."
QJyeOWZkuAI,"### Analysis and Categorization:

#### Step 1: Examine the Thumbnail
The thumbnail shows a bearded man in a black shirt sitting indoors, with a window in the background revealing greenery outside. There is a colorful floral arrangement on a table nearby, and the ""Knight of Cups"" logo is visible in the corner.

#### Step 2: Read Through the Subtitles and Content Description
The subtitles indicate that the video features an interview with an actor discussing his experiences moving to a new city and adapting to a new culture. The content description confirms that the video is an interview for the movie ""Knight of Cups,"" alternating between the actor and the interviewer.

#### Step 3: Compare the Thumbnail to the Actual Video Content
The thumbnail depicts a scene consistent with the interview format described in the content description. It shows the actor being interviewed, which aligns with the video's structure of alternating between the actor and the interviewer.

#### Step 4: Determine if the Thumbnail Accurately Represents the Video's Main Topic or Content
The thumbnail accurately represents the main topic of the video, which is an interview about the actor's experiences and the movie ""Knight of Cups.""

#### Step 5: Assess Whether the Thumbnail Uses Exaggeration, False Promises, or Clickbait Tactics
There are no elements in the thumbnail that suggest exaggeration, false promises, or clickbait tactics. The image is straightforward and relevant to the content of the video.

#### Step 6: Categorize the Thumbnail
Based on the analysis, the thumbnail is not misleading.

#### Explanation:
The thumbnail correctly portrays the setting and subject matter of the video, which is an interview about the actor's experiences and the movie ""Knight of Cups."" There are no misleading elements or exaggerated claims in the thumbnail. Therefore, the thumbnail is categorized as ""Not Misleading."""
xVJ4DGd_ohc,"### Analysis and Categorization:

#### Step 1: Examine the Thumbnail
The thumbnail shows a female reporter holding a microphone in front of a backdrop of a street lined with Union Jack flags. The text overlay reads ""COVERING THE QUEEN'S DEATH.""

#### Step 2: Read Through the Video Subtitles and Content Description
The video content description indicates that it covers a significant event in London, likely related to the British monarchy. It includes scenes of iconic London locations, a reporter providing commentary, and various events such as a memorial or funeral, followed by the ascension of the new monarch.

#### Step 3: Compare the Thumbnail to the Actual Video Content
The thumbnail depicts a reporter in a setting that aligns with the description of the video content. However, the specific focus on ""Covering the Queen's Death"" in the thumbnail does not fully reflect the broader scope of the video, which includes multiple events and locations beyond just the death of the Queen.

#### Step 4: Determine if the Thumbnail Accurately Represents the Video's Main Topic or Content
While the thumbnail correctly identifies the reporter and the setting, it overstates the primary focus of the video by emphasizing the ""Queen's Death."" The video covers a range of events, including the memorial or funeral, the ascension of the new monarch, and the public reaction, but the thumbnail suggests that the entire video is solely about the Queen's death.

#### Step 5: Assess Whether the Thumbnail Uses Exaggeration, False Promises, or Clickbait Tactics
The thumbnail uses exaggeration by focusing on the Queen's death, which is not the sole subject of the video. It misleads viewers into expecting a more focused narrative on this single event when the video covers a broader range of activities and emotions surrounding the transition of power.

#### Step 6: Categorize the Thumbnail
Based on the analysis, the thumbnail is misleading because it overstates the primary focus of the video by emphasizing the Queen's death, which is not the sole subject of the content.

#### Step 7: Provide a Brief Explanation for the Decision
The thumbnail inaccurately represents the video's content by focusing on the Queen's death, which is only one part of the broader narrative. It misleads viewers into expecting a more focused narrative on this single event when the video covers a range of activities and emotions surrounding the transition of power. Therefore, the thumbnail is misleading."
dhe73UMqREI,"### Analysis and Categorization:

**Step 1:** Examine the thumbnail.
The thumbnail shows a group of people, presumably the royal family, smiling and enjoying themselves at a concert. The text on the thumbnail reads ""PRINCE WILLIAM GROOVES!""

**Step 2:** Read through the video subtitles and content description.
The subtitles suggest that Prince William is dancing or ""grooving"" at a concert, which aligns with the image shown in the thumbnail. However, the content description provides more context about the video being a compilation of scenes related to Taylor Swift's concert in London and its connection to the British royal family.

**Step 3:** Compare the thumbnail to the actual video content.
The thumbnail depicts Prince William at a concert, which matches the subtitle suggesting he is grooving. However, the video content includes multiple scenes beyond just the concert, such as the Changing of the Guard ceremony and a charity event at Kensington Palace.

**Step 4:** Determine if the thumbnail accurately represents the video's main topic or content.
While the thumbnail does show Prince William at a concert, it does not represent the full scope of the video content. The video includes scenes unrelated to the concert, such as the Changing of the Guard ceremony and a charity event.

**Step 5:** Assess whether the thumbnail uses exaggeration, false promises, or clickbait tactics.
The thumbnail uses a clickbait tactic by suggesting that Prince William is specifically grooving at a concert when the video content includes much more than just this scene.

**Step 6:** Categorize the thumbnail as either ""Misleading"" or ""Not Misleading"".
Based on the analysis, the thumbnail is misleading because it focuses on a single scene (Prince William grooving at a concert) while the video contains multiple scenes that do not necessarily revolve around this specific moment.

**Explanation:**
The thumbnail is misleading because it creates an expectation based on a single scene that is not representative of the entire video content. The video includes a variety of scenes that extend beyond just the concert, making the thumbnail's depiction of Prince William grooving at a concert inaccurate and potentially misleading."
OBXajYNKhbA,"### Analysis:

1. **Examine the thumbnail**: The thumbnail shows a person riding a motorcycle at night in Paris, with the Eiffel Tower prominently visible in the background. The image captures a dynamic and adventurous moment, which aligns well with the video's theme of thrill and excitement.

2. **Read through the video subtitles and content description**: Since subtitles are not available, we rely on the video description for context. The video showcases a thrilling journey across Paris and Los Angeles, emphasizing the Olympic spirit and the transition between host cities.

3. **Compare the thumbnail to the actual video content**: The thumbnail effectively represents the adventurous and exciting nature of the video. It captures the essence of the motorcycle ride through Paris, which is a key element of the video.

4. **Determine if the thumbnail accurately represents the video's main topic or content**: The thumbnail accurately reflects the main topic of the video, which is a thrilling journey across iconic locations in Paris and Los Angeles, culminating in the Olympic torch handover.

5. **Assess whether the thumbnail uses exaggeration, false promises, or clickbait tactics**: There is no indication of exaggeration or false promises in the thumbnail. It simply presents a snapshot of the exciting motorcycle ride that is a significant part of the video.

6. **Categorize the thumbnail as either ""Misleading"" or ""Not Misleading""**: Based on the analysis above, the thumbnail does not mislead viewers about the content of the video. It accurately represents the adventurous and exciting elements of the video.

7. **Provide a brief explanation for your decision**: The thumbnail effectively captures the adventurous and thrilling aspects of the video, which are central themes throughout the content. It does not use any exaggerated elements or false promises, making it a clear representation of the video's content.

**Conclusion**: The thumbnail is **Not Misleading**."
RpkbKSKhXTY,"### Analysis:

1. **Examine the thumbnail**: The thumbnail shows a group of people seated in what looks like a stadium setting, with a focus on a few individuals in the foreground. The image includes a caption that reads ""Fabulous"" and a subtitle that says ""PA!""

2. **Read through the video subtitles and content description**: The video content revolves around a young prince, Louis, asking to sit on his grandfather's knee during a royal celebration. The video captures the tender moment between the young prince and his grandfather, emphasizing the warmth and informality of the interaction amidst a formal event.

3. **Compare the thumbnail to the actual video content**: The thumbnail does not depict the specific moment described in the video. Instead, it shows a general view of a crowd at an event, which is not the central focus of the video content.

4. **Determine if the thumbnail accurately represents the video's main topic or content**: The thumbnail fails to capture the specific heartwarming moment involving the young prince and his grandfather. It does not convey the emotional core of the video.

5. **Assess whether the thumbnail uses exaggeration, false promises, or clickbait tactics**: The thumbnail does not use any exaggerated elements or false promises. However, it does not accurately represent the content of the video.

6. **Categorize the thumbnail as either ""Misleading"" or ""Not Misleading""**: Given that the thumbnail does not accurately represent the specific content of the video, it can be considered misleading.

7. **Brief explanation for the decision**: The thumbnail fails to capture the central moment of the video, which involves a young prince sitting on his grandfather's lap. By showing a general view of a crowd, it misleads viewers into expecting a different type of content than what is actually presented in the video.

**Final Decision**: The thumbnail is **Misleading**."
BBp36xDZpZ4,"### Analysis of the Thumbnail and Video Content

#### Step 1: Examine the Thumbnail
The thumbnail features a celebratory scene with players from Manchester United, specifically highlighting Wayne Rooney and Michael Carrick. The scoreboard shows a final score of 5-6, indicating a dramatic victory for Manchester United against Celtic. The logo of Manchester United is prominently displayed, along with the scoreline.

#### Step 2: Read Through the Video Subtitles and Content Description
The video content describes a match between Manchester United and Celtic, with a focus on the build-up, gameplay, and specific moments of the match. The subtitles provide commentary on the match, mentioning key players and moments, but do not explicitly state the final score or the celebratory nature depicted in the thumbnail.

#### Step 3: Compare the Thumbnail to the Actual Video Content
The thumbnail shows a celebratory scene with players from Manchester United, which aligns with the final score of 5-6 mentioned in the video description. However, the video content does not explicitly confirm the final score or the celebratory nature shown in the thumbnail.

#### Step 4: Determine if the Thumbnail Accurately Represents the Video's Main Topic or Content
The thumbnail accurately represents the celebratory nature of the match, which is a significant part of the video content. However, the thumbnail does not explicitly mention the final score or the celebratory scene, which might lead viewers to expect a different outcome based on the thumbnail alone.

#### Step 5: Assess Whether the Thumbnail Uses Exaggeration, False Promises, or Clickbait Tactics
The thumbnail does not use exaggerated claims or false promises. It accurately reflects the celebratory nature of the match, which is a true aspect of the video content.

#### Step 6: Categorize the Thumbnail as Either ""Misleading"" or ""Not Misleading""
Given that the thumbnail accurately represents a significant part of the video content (the celebratory scene), but does not explicitly mention the final score or the celebratory nature, it can be considered slightly misleading due to the lack of explicit information about the final score.

#### Step 7: Provide a Brief Explanation for Your Decision
The thumbnail is not entirely misleading because it accurately depicts a celebratory scene, which is a true part of the video content. However, it does not explicitly convey the final score or the celebratory nature, which might lead viewers to expect a different outcome based on the thumbnail alone. Therefore, it can be categorized as ""Not Misleading"" but with a slight caveat regarding the lack of explicit information about the final score."
2hPi38x90ks,"### Analysis of the Provided Information

#### Step 1: Examine the Thumbnail
The thumbnail shows a man and a woman seated on a couch in what appears to be a formal setting, likely a living room or a similar space within a grand house. Both individuals are dressed formally, which aligns with the context of a high-profile interview or news segment.

#### Step 2: Read Through the Video Subtitles and Content Description
The subtitles indicate that the video is an interview about a proposal. The content describes the details of the proposal, including the location (Kenya), the timing (three weeks prior), and the emotional reactions of both parties involved. The conversation also touches on the ring chosen for the proposal and the reactions of the families involved.

#### Step 3: Compare the Thumbnail to the Actual Video Content
The thumbnail depicts a formal interview setting, which matches the description of the video content. It does not show any elements that suggest a misleading representation of the content.

#### Step 4: Determine if the Thumbnail Accurately Represents the Video's Main Topic or Content
The thumbnail accurately represents the main topic of the video, which is an interview about a proposal. It does not mislead viewers into expecting a different type of content.

#### Step 5: Assess Whether the Thumbnail Uses Exaggeration, False Promises, or Clickbait Tactics
There are no exaggerated elements or false promises in the thumbnail. It simply presents the scene of an interview, which is consistent with the content described.

#### Step 6: Categorize the Thumbnail
Based on the analysis, the thumbnail is not misleading.

#### Step 7: Provide a Brief Explanation for the Decision
The thumbnail accurately reflects the formal interview setting and the topic of the video, which is about a proposal. There are no elements that suggest misleading content or false promises. Therefore, the thumbnail is categorized as ""Not Misleading."""
-klCJ_4PGRo,"### Analysis:

#### Step 1: Examine the Thumbnail
The thumbnail shows four individuals seated around a round table in a studio setting, which aligns with the description of a sports talk show or podcast. The backdrop includes sports jerseys, reinforcing the sports theme. The hosts appear engaged in conversation, which suggests a typical talk show format.

#### Step 2: Read Through the Subtitles and Content Description
The subtitles indicate a discussion about football players, specifically mentioning Salah and Harry Kane. The conversation revolves around their performances, achievements, and the perception of their value within the Premier League. The hosts express opinions about Salah being underrated compared to other players like Harry Kane and Hazard.

#### Step 3: Compare the Thumbnail to the Actual Video Content
The thumbnail accurately depicts the setting and participants of the video. It shows a group of hosts engaged in a discussion, which matches the content described in the video description. The sports theme and the presence of sports jerseys in the background are consistent with the video's focus on sports-related topics.

#### Step 4: Determine if the Thumbnail Accurately Represents the Video's Main Topic or Content
The thumbnail effectively represents the main topic of the video, which is a sports talk show discussing football players and their performances. The hosts' engagement and the sports-themed backdrop confirm that the video is indeed a sports discussion show.

#### Step 5: Assess Whether the Thumbnail Uses Exaggeration, False Promises, or Clickbait Tactics
There are no elements in the thumbnail that suggest exaggeration, false promises, or clickbait tactics. The thumbnail simply presents the hosts in a typical talk show setting, which accurately reflects the content of the video.

#### Step 6: Categorize the Thumbnail
Based on the analysis, the thumbnail is not misleading. It accurately represents the setting and participants of the video, which is a sports talk show discussing football players.

#### Explanation:
The thumbnail correctly portrays the setting and participants of the video, which is a sports talk show discussing football players. There are no exaggerated claims or misleading elements present in the thumbnail. Therefore, the thumbnail is categorized as **Not Misleading**."
QAJoFps0OgA,"### Analysis:

1. **Examine the Thumbnail**: The thumbnail depicts a group of swimmers in the water, with a large inflatable object prominently featured. The image suggests an aquatic event involving obstacles or challenges.

2. **Read Through the Video Content**: The video showcases a swimming event in the Florida Keys. It includes scenes of swimmers navigating through the water, interacting with inflatable obstacles, and participating in what appears to be a competitive or recreational race. The presence of a lighthouse and clear waters is also highlighted.

3. **Compare the Thumbnail to the Actual Video Content**: The thumbnail accurately represents the main topic of the video, which is a swimming event in the Florida Keys. The large inflatable object in the thumbnail matches the inflatable obstacles seen in the video.

4. **Determine Accuracy Representation**: The thumbnail correctly reflects the content of the video, showing swimmers in the water with an obstacle course element.

5. **Assess for Exaggeration, False Promises, or Clickbait Tactics**: There are no signs of exaggeration, false promises, or clickbait tactics in the thumbnail. It simply presents the event as depicted in the video.

6. **Categorize the Thumbnail**: Based on the analysis, the thumbnail is accurate and does not mislead viewers about the content of the video.

7. **Explanation**: The thumbnail effectively communicates the nature of the event—a swimming competition in the Florida Keys with obstacles. It accurately portrays the setting and activity without any misleading elements.

**Conclusion**: The thumbnail is **Not Misleading**."
XJgOiFkOgzo,"### Analysis and Categorization:

#### Step 1: Examine the Thumbnail
The thumbnail features Joe Root holding a cricket bat, with the text ""JOE ROOT FASTEST HUNDRED."" The image prominently displays the branding of Cinch and the England Cricket logo.

#### Step 2: Read Through the Video Content Description
The video showcases highlights from a cricket Test match between England and New Zealand at Trent Bridge. It includes gameplay, fielding, the ball in motion, the crowd's reactions, and the overall game environment. The focus is on a particular batsman (number 66), but it does not explicitly mention Joe Root or a ""fastest hundred.""

#### Step 3: Compare the Thumbnail to the Actual Video Content
The thumbnail suggests that the video is about Joe Root achieving the fastest hundred in a Test match. However, the video content description does not confirm this. Instead, it focuses on general highlights of the match without specifying any particular player or achievement.

#### Step 4: Determine if the Thumbnail Accurately Represents the Video's Main Topic or Content
The thumbnail misleads viewers into expecting a specific highlight involving Joe Root and a ""fastest hundred,"" which is not explicitly mentioned in the video content description.

#### Step 5: Assess Whether the Thumbnail Uses Exaggeration, False Promises, or Clickbait Tactics
The thumbnail uses exaggerated language (""FASTEST HUNDRED"") to attract attention, which may lead viewers to expect a specific achievement that is not necessarily present in the video.

#### Step 6: Categorize the Thumbnail
Based on the analysis, the thumbnail is misleading because it promises a specific achievement (Joe Root's fastest hundred) that is not confirmed in the video content description.

#### Explanation:
The thumbnail creates an expectation that is not fulfilled in the video content. While the video does feature Joe Root, it does not specifically highlight his fastest hundred. Therefore, the thumbnail uses clickbait tactics by promising a specific achievement that is not guaranteed to be shown in the video."
mK4k80Eaw24,"### Analysis:

1. **Examine the Thumbnail**:
   - The thumbnail features two individuals standing side-by-side, one dressed in a checkered blazer and the other in a dark suit. Both are positioned between the American and British flags.
   - The individuals appear to be posing formally, which aligns with the context of a diplomatic meeting.

2. **Read Through the Subtitles and Content Description**:
   - The subtitles discuss a ""Strange Pose"" by Prince Harry during a photo opportunity with the First Lady.
   - The content description mentions a diplomatic meeting between high-profile representatives from the United States and the United Kingdom, with a focus on a specific hand gesture made by Prince Harry.

3. **Compare the Thumbnail to the Actual Video Content**:
   - The thumbnail depicts a formal photo opportunity, which matches the beginning of the video where the individuals are posing between the US and UK flags.
   - However, the video content shifts to focus on the hand gesture and subsequent analysis of the gesture rather than the formal photo opportunity itself.

4. **Determine if the Thumbnail Accurately Represents the Video's Main Topic or Content**:
   - While the thumbnail correctly depicts the setting of a diplomatic meeting, it does not convey the specific focus of the video, which is the analysis of the hand gesture.
   - The thumbnail does not highlight the hand gesture or the subsequent media analysis, which is a significant part of the video content.

5. **Assess Whether the Thumbnail Uses Exaggeration, False Promises, or Clickbait Tactics**:
   - The thumbnail does not use exaggerated language or false promises. It accurately represents the setting of the diplomatic meeting.
   - However, it does not provide any indication of the specific focus of the video, which could be considered misleading as it does not prepare viewers for the detailed analysis of the hand gesture.

6. **Categorize the Thumbnail as Either ""Misleading"" or ""Not Misleading""**:
   - Given that the thumbnail does not clearly indicate the specific focus of the video (i.e., the hand gesture), it can be considered misleading.

7. **Brief Explanation for the Decision**:
   - The thumbnail accurately depicts the setting of a diplomatic meeting but fails to convey the specific focus of the video, which is the analysis of a hand gesture. This omission misleads viewers into expecting a different type of content than what they ultimately receive.

### Conclusion:
The thumbnail is **misleading** because it does not accurately represent the specific focus of the video content, which is the analysis of a hand gesture during a diplomatic meeting."
BFsiy6rjdYg,"### Analysis:

1. **Examine the thumbnail**: The thumbnail shows two characters in a snowy forest setting, one dressed in dark, heavy clothing with fur trim, and the other in a similar style but with lighter tones. They appear to be engaged in a serious conversation, which aligns with the overall tone described in the video description.

2. **Read through the video subtitles and content description**: Since subtitles are not available, we rely on the video description for context. The description mentions a dramatic scene set in a snowy forest, featuring two characters having an intense conversation that transitions into a moment of joy and relief.

3. **Compare the thumbnail to the actual video content**: The thumbnail accurately depicts the snowy forest setting and the two characters engaged in what seems to be a significant interaction. It captures the essence of the scene without exaggeration or misleading elements.

4. **Determine if the thumbnail accurately represents the video's main topic or content**: The thumbnail effectively represents the main topic of the video, which is a dramatic and emotionally charged encounter between two characters in a wintry setting.

5. **Assess whether the thumbnail uses exaggeration, false promises, or clickbait tactics**: There are no signs of exaggeration, false promises, or clickbait tactics in the thumbnail. It simply presents the scene as it is described in the video description.

6. **Categorize the thumbnail as either ""Misleading"" or ""Not Misleading""**: Based on the analysis above, the thumbnail does not contain any misleading elements. It accurately reflects the content of the video.

7. **Brief explanation for the decision**: The thumbnail accurately portrays the snowy forest setting and the interaction between the two characters, which matches the description of the video. There are no exaggerated or misleading elements present.

**Conclusion**: The thumbnail is **Not Misleading**."
jXGBQLSvqYQ,"### Analysis of the Provided Information

#### Step 1: Examine the Thumbnail
The thumbnail shows a man in a white suit jacket sitting on a talk show set, with a cityscape background that includes the Hollywood sign. The setting suggests a formal interview environment, likely related to a talk show or a similar talk-based program.

#### Step 2: Read Through the Video Subtitles and Content Description
The subtitles and content description indicate a compilation of various scenes featuring prominent African American actors and entertainers in different settings. The scenes include interviews, casual conversations, performances, and interactions in various environments such as bars, lounges, and talk shows. The content seems to focus on the personalities and experiences of these individuals rather than a specific topic or event.

#### Step 3: Compare the Thumbnail to the Actual Video Content
The thumbnail depicts a formal interview setting, which aligns somewhat with the content described in the video. However, the video content includes a wide range of scenes beyond just interviews, including casual interactions, performances, and other activities.

#### Step 4: Determine if the Thumbnail Accurately Represents the Video's Main Topic or Content
While the thumbnail does represent a talk show interview, the video content is much broader and includes various types of scenes that are not exclusively interviews. The thumbnail does not fully capture the diversity of the video content.

#### Step 5: Assess Whether the Thumbnail Uses Exaggeration, False Promises, or Clickbait Tactics
The thumbnail does not use any exaggerated elements or false promises. It simply shows a typical talk show interview setting, which is accurate based on the content description.

#### Step 6: Categorize the Thumbnail as Either ""Misleading"" or ""Not Misleading""
Given that the thumbnail accurately represents a part of the video content (a talk show interview), but fails to convey the full range of scenes included in the video, it can be considered **misleading**.

#### Explanation for Decision
The thumbnail effectively captures a key element of the video content (an interview setting) but does not reflect the broader nature of the compilation. It gives viewers a limited expectation of the video's content, which may lead them to expect a more focused interview-style program rather than a diverse collection of scenes featuring prominent African American actors and entertainers. Therefore, the thumbnail is misleading."
VcNCBP2IRUc,"### Analysis:

1. **Examine the thumbnail**: The thumbnail shows a man seated at a table signing documents, with two other individuals standing behind him. The setting appears to be a formal, ornately decorated room, which aligns with the description of a royal ceremony.

2. **Read through the video subtitles and content description**: Since there are no subtitles, we rely on the video description for context. The description confirms that the video documents a significant royal ceremony, specifically the proclamation ceremony for King Charles III.

3. **Compare the thumbnail to the actual video content**: The thumbnail accurately depicts the main action shown in the video—a man signing documents in a formal setting. The presence of other individuals in the background also matches the description of a larger ceremony involving multiple participants.

4. **Determine if the thumbnail accurately represents the video's main topic or content**: The thumbnail correctly represents the key elements of the video—formal signing of documents in a ceremonial setting.

5. **Assess whether the thumbnail uses exaggeration, false promises, or clickbait tactics**: There is no indication of exaggeration, false promises, or clickbait tactics in the thumbnail. It simply presents a factual depiction of the scene.

6. **Categorize the thumbnail**: Based on the analysis, the thumbnail does not contain any misleading elements; it accurately reflects the content of the video.

7. **Brief explanation**: The thumbnail effectively communicates the essence of the video without any misleading elements. It shows a formal signing ceremony in a royal setting, which matches the description provided. Therefore, the thumbnail is not misleading.

**Conclusion**: The thumbnail is **Not Misleading**."
UCoGG0qSSrQ,"### Analysis of the Thumbnail and Video Content

#### Step 1: Examine the Thumbnail
The thumbnail features three individuals, two of whom appear to be associated with Chelsea Football Club, as indicated by the Chelsea logo in the background. The third individual is shown in a separate frame, seemingly engaged in a discussion or interview.

#### Step 2: Read Through the Video Subtitles and Content Description
The subtitles and content description indicate that the video discusses a potential rift between the co-owners of Chelsea Football Club, specifically Betad Ali and Todd Bley. The video explains the history of Chelsea's ownership, the current situation involving Todd Bley and Clear Lake Capital, and the recent reports suggesting a rift between the co-owners.

#### Step 3: Compare the Thumbnail to the Actual Video Content
The thumbnail shows three individuals, which aligns with the presence of multiple speakers in the video. However, the focus of the thumbnail seems to be on the individuals rather than the specific topic discussed in the video.

#### Step 4: Determine if the Thumbnail Accurately Represents the Video's Main Topic or Content
The thumbnail does not directly represent the main topic of the video, which is the potential rift between the co-owners of Chelsea Football Club. Instead, it shows individuals that may be involved in the discussion, but it does not convey the specific content of the video.

#### Step 5: Assess Whether the Thumbnail Uses Exaggeration, False Promises, or Clickbait Tactics
The thumbnail does not use exaggerated language or false promises. It simply shows individuals who might be involved in the discussion, which is appropriate for a news segment.

#### Step 6: Categorize the Thumbnail as Either ""Misleading"" or ""Not Misleading""
Given that the thumbnail does not accurately represent the main topic of the video, it can be considered misleading.

#### Step 7: Provide a Brief Explanation for Your Decision
The thumbnail shows individuals that may be involved in the discussion but does not convey the specific content of the video, which is about the potential rift between the co-owners of Chelsea Football Club. Therefore, the thumbnail is misleading.

**Final Answer:** The thumbnail is **Misleading**."
pMdJxVjZMRI,"### Analysis:

1. **Examine the Thumbnail**:
   - The thumbnail features a stylized image of Pandora's box with intricate designs, accompanied by hands reaching towards it. The title ""THE MYTH OF PANDORA'S BOX"" is prominently displayed.

2. **Read Through the Video Subtitles and Content Description**:
   - The subtitles provide a detailed account of the myth of Pandora's box, explaining the origin of Pandora, her attributes, and the consequences of opening the box.
   - The content description describes an animated retelling of the myth, emphasizing themes of curiosity, consequence, and hope.

3. **Compare the Thumbnail to the Actual Video Content**:
   - The thumbnail effectively captures the essence of Pandora's box and the mythological theme, which aligns closely with the content described in the subtitles and the video description.

4. **Determine if the Thumbnail Accurately Represents the Video's Main Topic or Content**:
   - The thumbnail accurately represents the main topic of the video, which is the myth of Pandora's box and its exploration of themes related to curiosity and consequence.

5. **Assess Whether the Thumbnail Uses Exaggeration, False Promises, or Clickbait Tactics**:
   - There is no indication of exaggeration, false promises, or clickbait tactics in the thumbnail. It clearly communicates the subject matter without misleading viewers.

6. **Categorize the Thumbnail**:
   - Based on the analysis, the thumbnail is not misleading.

7. **Explanation**:
   - The thumbnail effectively conveys the central theme of the video, which is the myth of Pandora's box. It does not use any exaggerated elements or misleading information. Instead, it accurately represents the content of the video, which is an educational exploration of the myth and its themes. Therefore, the thumbnail is categorized as ""Not Misleading."""
1mKRARKggGQ,"### Analysis:

1. **Examine the thumbnail**: The thumbnail shows a group of formally dressed individuals, including what appears to be a woman in a blue polka dot dress and a man in a suit. The setting seems to be outdoors, possibly near a building entrance, which aligns with the context of a royal visit.

2. **Read through the video subtitles and content description**: Since there are no subtitles, we rely on the video description for context.

3. **Compare the thumbnail to the actual video content**:
   - The thumbnail depicts a scene where individuals are gathered, which matches the opening of the video.
   - The thumbnail does not specifically highlight any fall or commotion, which is a significant part of the video content.

4. **Determine if the thumbnail accurately represents the video's main topic or content**:
   - The thumbnail does not convey the unexpected fall or the subsequent commotion that occurs in the video.
   - It lacks the dynamic action depicted in the video, which involves a person falling and others rushing to assist.

5. **Assess whether the thumbnail uses exaggeration, false promises, or clickbait tactics**:
   - The thumbnail does not use exaggerated visuals or language to attract viewers.
   - There is no indication of clickbait tactics; it simply shows a scene that could be related to the royal visit.

6. **Categorize the thumbnail**:
   - Given that the thumbnail does not accurately represent the main event (the fall and the subsequent commotion), it can be considered misleading.

7. **Brief explanation**:
   - The thumbnail fails to capture the essence of the unexpected event that unfolds in the video, which is a significant part of the narrative. It gives viewers a false impression of the content they will see, leading them to expect a different scene than what actually happens.

### Conclusion:
The thumbnail is **misleading** because it does not accurately represent the main event in the video, which involves a fall and the subsequent commotion among the attendees."
WRsnHpIQPN8,"### Analysis:

1. **Examine the Thumbnail**:
   - The thumbnail features two individuals, one of whom appears to be a woman with long hair wearing a red outfit, and another individual in a suit standing behind her. The background suggests a formal event with dim lighting and possibly a stage or podium.

2. **Read Through the Subtitles and Content Description**:
   - The subtitles indicate that the video includes a speech by someone referred to as ""Windsor,"" which is likely Prince William, given the context of the event being a royal occasion.
   - The content description mentions a significant event, likely a ceremony or celebration, taking place in an outdoor stadium at night. It highlights the presence of a large crowd, a VIP section, and a formal atmosphere.

3. **Compare the Thumbnail to the Actual Video Content**:
   - The thumbnail shows a woman and a man in a formal setting, which aligns with the description of a royal event.
   - However, the thumbnail does not depict the large outdoor stadium or the crowd mentioned in the video description.

4. **Determine if the Thumbnail Accurately Represents the Video's Main Topic or Content**:
   - While the thumbnail correctly depicts a formal event, it fails to convey the scale and setting described in the video description. The thumbnail does not show the stadium or the large crowd, which are central elements of the event.

5. **Assess Whether the Thumbnail Uses Exaggeration, False Promises, or Clickbait Tactics**:
   - The thumbnail does not use exaggeration or false promises but rather provides a general representation of a formal event.
   - However, it lacks the specific details of the event's scale and setting, which might mislead viewers into expecting a smaller or less grand event than what is actually shown.

6. **Categorize the Thumbnail as Either ""Misleading"" or ""Not Misleading""**:
   - Given that the thumbnail does not fully represent the scale and setting of the event, it can be considered misleading.

7. **Brief Explanation**:
   - The thumbnail effectively captures the formal nature of the event but fails to convey the large scale and outdoor stadium setting depicted in the video. This omission may lead viewers to expect a smaller or less grand event, thus making the thumbnail misleading.

### Conclusion:
The thumbnail is **misleading** because it fails to accurately represent the scale and setting of the event shown in the video."
2lvRv2mnYLU,"### Analysis:

1. **Examine the thumbnail**: The thumbnail shows a man standing on a beach, holding a soccer ball. The image suggests a casual, recreational activity involving soccer.

2. **Read the video subtitles and content description**: The subtitles appear to be unrelated to the video content. They seem to be random phrases or possibly part of a conversation that is not directly related to the man on the beach. The content description describes a man enjoying a leisurely time on the beach, playing with a soccer ball in a relaxed manner.

3. **Compare the thumbnail to the actual video content**: The thumbnail depicts a man on a beach with a soccer ball, which aligns with the content described in the video. However, the subtitles do not match the video content at all.

4. **Determine if the thumbnail accurately represents the video's main topic or content**: The thumbnail accurately represents the main topic of the video, which is a man enjoying a beach day and playing with a soccer ball.

5. **Assess whether the thumbnail uses exaggeration, false promises, or clickbait tactics**: There is no exaggeration or clickbait in the thumbnail. It accurately reflects the content of the video.

6. **Categorize the thumbnail**: Based on the analysis, the thumbnail is not misleading because it correctly represents the main topic of the video.

7. **Explanation**: The thumbnail accurately depicts the man on the beach with a soccer ball, which matches the content of the video. The subtitles do not affect the accuracy of the thumbnail since they are not related to the video content. Therefore, the thumbnail is not misleading.

**Final Decision**: Not Misleading"
QvbpeETBoGg,"### Analysis of the Thumbnail and Video Content

#### Step 1: Examine the Thumbnail
The thumbnail shows a man performing various exercises, including lying on a mat, standing with arm gestures, jumping, and doing push-ups. The text ""CR7 WORKOUT"" is prominently displayed.

#### Step 2: Read Through the Video Subtitles and Content Description
The video content includes a variety of exercises such as lunges, push-ups, planks, and leg exercises. The instructor provides detailed instructions and encourages viewers to perform the exercises correctly. The video is described as a comprehensive at-home workout routine aimed at fitness enthusiasts.

#### Step 3: Compare the Thumbnail to the Actual Video Content
The thumbnail accurately depicts the type of exercises shown in the video. It shows the man performing the exercises mentioned in the video description, which include push-ups, leg exercises, and core work.

#### Step 4: Determine if the Thumbnail Accurately Represents the Video's Main Topic or Content
The thumbnail effectively represents the main topic of the video, which is a fitness workout routine. It captures the essence of the exercises demonstrated in the video.

#### Step 5: Assess Whether the Thumbnail Uses Exaggeration, False Promises, or Clickbait Tactics
There are no exaggerated claims or false promises in the thumbnail. It simply shows the man performing the exercises, which aligns with the content of the video.

#### Step 6: Categorize the Thumbnail as Either ""Misleading"" or ""Not Misleading""
The thumbnail is **not misleading**.

#### Explanation
The thumbnail accurately reflects the content of the video, showing the man performing the exercises that are described in the video. There are no misleading elements or exaggerated claims that misrepresent the video's content. Therefore, the thumbnail is appropriate and not misleading."
Ie3w5uvj-Eo,"### Analysis:

1. **Examine the thumbnail**: The thumbnail shows two individuals sitting on a couch in a formal living room setting. The individuals appear relaxed and are smiling, which gives off a casual and friendly vibe.

2. **Read through the video subtitles and content description**: The subtitles indicate that the individuals are being filmed and that there might be some playful banter about rolling ""r's."" However, the content description provides a much broader overview of the video, detailing various public engagements, personal moments, and community interactions.

3. **Compare the thumbnail to the actual video content**: The thumbnail depicts a casual, relaxed interaction between two individuals, which aligns somewhat with the content described in the video. However, the thumbnail does not capture the full range of activities mentioned in the video description, such as formal visits, public events, community engagement, and interactions with farm animals.

4. **Determine if the thumbnail accurately represents the video's main topic or content**: While the thumbnail captures a moment from the video, it does not fully represent the diverse range of activities depicted throughout the video. It fails to convey the extensive public engagements and personal interactions that are highlighted in the content description.

5. **Assess whether the thumbnail uses exaggeration, false promises, or clickbait tactics**: The thumbnail does not use any exaggerated elements or false promises. It simply presents a snapshot of the individuals in a relaxed setting, which is a part of the overall content but not representative of all the activities shown in the video.

6. **Categorize the thumbnail as either ""Misleading"" or ""Not Misleading""**: Given that the thumbnail does not accurately represent the full scope of the video's content, it can be considered misleading.

7. **Brief explanation for the decision**: The thumbnail provides a limited view of the video content, focusing on a casual moment that does not reflect the extensive range of public engagements and personal interactions described in the video. This limitation misleads viewers into expecting a more relaxed and informal experience rather than the multifaceted and varied activities showcased in the video.

**Final Decision**: The thumbnail is **Misleading**."
oi1a4UDpo44,"### Analysis of the Thumbnail and Video Content

#### Step 1: Examine the Thumbnail
The thumbnail shows two frames side-by-side:
- On the left, a woman (likely Kate Middleton) is holding a young boy (likely Prince Louis), and the boy appears to be covering his mother's mouth.
- On the right, the same young boy is making a playful face, sticking his tongue out.

#### Step 2: Read Through the Video Subtitles and Content Description
The subtitles mention that Prince Louis is teasing his mother, Kate Middleton, during the Queen's Platinum Jubilee Pageant. The video highlights a memorable moment where Louis covers his mother's mouth while she is speaking to him. It also mentions that Louis made a playful face by sticking his tongue out at his mother.

#### Step 3: Compare the Thumbnail to the Actual Video Content
The thumbnail accurately depicts the main interaction shown in the video: Prince Louis covering his mother's mouth. However, the second frame in the thumbnail shows Louis making a playful face, which is not explicitly mentioned in the subtitles or the video content description.

#### Step 4: Determine if the Thumbnail Accurately Represents the Video's Main Topic or Content
While the thumbnail captures a significant moment from the video, it does not fully represent the entire sequence of events described in the subtitles. The playful face shown in the thumbnail is not a part of the main interaction depicted.

#### Step 5: Assess Whether the Thumbnail Uses Exaggeration, False Promises, or Clickbait Tactics
The thumbnail does not use exaggeration or false promises. It accurately reflects a key moment from the video but does not include the additional playful face that is mentioned in the subtitles.

#### Step 6: Categorize the Thumbnail as Either ""Misleading"" or ""Not Misleading""
Based on the analysis, the thumbnail is **not misleading** because it accurately represents the main interaction shown in the video. However, it does not fully capture the entire sequence of events described in the subtitles.

#### Explanation
The thumbnail effectively captures the main interaction between Prince Louis and his mother, which is a significant part of the video content. While it does not include the additional playful face mentioned in the subtitles, it still provides a clear representation of the key moment. Therefore, the thumbnail is not misleading but could be considered incomplete in terms of capturing the full sequence of events described in the subtitles."
ShptLld81eE,"### Analysis:

1. **Examine the Thumbnail**: The thumbnail depicts a soccer match in progress, showing players on the field with a crowd of spectators in the background. It does not visually indicate any incident or disruption.

2. **Read the Subtitles and Content Description**: The subtitles and the content description clearly describe a dramatic incident involving a safety barrier collapse during a soccer match, resulting in injuries and the abandonment of the match. The description emphasizes the sudden disruption and the resulting chaos.

3. **Compare the Thumbnail to the Actual Video Content**: The thumbnail fails to convey the severity and suddenness of the incident described in the subtitles and content description. It does not show the crowd in panic, the collapsed barrier, or the injured individuals.

4. **Determine Accuracy Representation**: The thumbnail does not accurately represent the main topic or content of the video. It lacks the visual elements that would convey the dramatic nature of the incident.

5. **Assess for Exaggeration, False Promises, or Clickbait Tactics**: The thumbnail does not use exaggeration, false promises, or clickbait tactics. However, it fails to provide context or hint at the incident that is central to the video’s content.

6. **Categorize the Thumbnail**: Given that the thumbnail fails to represent the main topic or content of the video, it is misleading.

7. **Explanation**: The thumbnail is misleading because it does not prepare the viewer for the dramatic incident described in the subtitles and content description. It fails to set the right expectation and does not visually communicate the sudden disruption and chaos that occur in the video.

**Final Decision**: The thumbnail is **Misleading**."
vEqiOSYkdWY,"### Analysis:

1. **Examine the Thumbnail**: The thumbnail shows a referee pointing a red card at a player, which suggests a serious disciplinary incident during a match.
   
2. **Read Through the Video Content Description**: The video description outlines a series of dramatic moments from professional soccer matches, including physical contact, goal-scoring attempts, passionate fans, and tense interactions between players and officials. It emphasizes the intensity and emotion of the matches but does not specifically highlight any single incident involving a red card.

3. **Compare the Thumbnail to the Actual Video Content**: The thumbnail depicts a specific incident involving a red card, which is a significant event that can escalate tensions in a match. However, the video content description does not explicitly mention this particular incident.

4. **Determine if the Thumbnail Accurately Represents the Video's Main Topic or Content**: While the thumbnail captures a high-stakes moment, it does not necessarily represent the overall content of the video. The video seems to be a montage of various dramatic moments rather than focusing on a single incident like the one shown in the thumbnail.

5. **Assess Whether the Thumbnail Uses Exaggeration, False Promises, or Clickbait Tactics**: The thumbnail could be seen as misleading because it focuses on a specific incident (a red card) that might not be the primary theme of the video. The video content is broader and more varied, encompassing multiple intense moments across different matches.

6. **Categorize the Thumbnail**: Given the discrepancy between the thumbnail and the video content, the thumbnail is misleading.

7. **Brief Explanation**: The thumbnail suggests a specific incident involving a red card, which is a significant event in soccer. However, the video content is a montage of various dramatic moments from different matches, not just focusing on a single incident. Therefore, the thumbnail misleads viewers into expecting a specific event that may not be the central theme of the video."
HwXFdgo_P0Q,"### Analysis of the YouTube Video Thumbnail and Content

#### Step 1: Examine the Thumbnail
The thumbnail shows a woman sitting in front of a table filled with British Gas bills. The text overlay reads ""CUSTOMERS' ANGER OVER BRITISH GAS BILLING SYSTEM.""

#### Step 2: Read Through the Video Subtitles and Content Description
The subtitles and the video content describe a story about British Gas customers complaining about receiving numerous bills, which could affect their credit ratings. The issue is attributed to a change in the billing system, and the company claims there is no fault within the new system itself.

#### Step 3: Compare the Thumbnail to the Actual Video Content
The thumbnail accurately represents the main topic of the video, which is indeed about British Gas customers complaining about their billing system and the resulting issues.

#### Step 4: Determine if the Thumbnail Accurately Represents the Video's Main Topic or Content
The thumbnail effectively captures the essence of the video's content, showing a customer dealing with multiple bills, which aligns with the theme of the story.

#### Step 5: Assess Whether the Thumbnail Uses Exaggeration, False Promises, or Clickbait Tactics
There is no indication of exaggeration, false promises, or clickbait tactics in the thumbnail. It clearly conveys the core message of the video without any misleading elements.

#### Step 6: Categorize the Thumbnail
Based on the analysis, the thumbnail is not misleading.

#### Step 7: Provide a Brief Explanation for the Decision
The thumbnail accurately reflects the main topic of the video, which is about British Gas customers experiencing issues with their billing system. It does not use any exaggerated language or misleading imagery. Therefore, the thumbnail is categorized as ""Not Misleading."""
XHIu5oKTiMM,"### Analysis:

1. **Examine the Thumbnail**:
   - The thumbnail features a player in a white jersey celebrating, with the scoreline ""Manchester United 0-3 Liverpool"" prominently displayed.
   - The Premier League logo and the Sky Sports branding are also visible.

2. **Read Through the Video Content Description**:
   - The video shows scenes from a professional football match between Manchester United and Liverpool.
   - It includes various angles of gameplay, crowd reactions, and a focus on the VAR technology.
   - The video captures the intensity and excitement of a Premier League match at Old Trafford.

3. **Compare the Thumbnail to the Actual Video Content**:
   - The thumbnail suggests a specific outcome of the match (a 0-3 scoreline).
   - However, the video content does not explicitly show the final score or the outcome of the match.
   - The thumbnail implies a decisive victory for Liverpool, which may not necessarily reflect the actual content of the video.

4. **Determine Accuracy Representation**:
   - While the thumbnail correctly identifies the teams and the league, it misleads viewers into expecting a specific result that might not be shown in the video.

5. **Assess for Exaggeration, False Promises, or Clickbait Tactics**:
   - The thumbnail does not use exaggerated language or false promises but rather a factual representation of the teams involved.
   - However, it does not provide enough context to ensure that the viewer understands the actual content of the video.

6. **Categorize the Thumbnail**:
   - Given that the thumbnail provides a misleading impression of the match's outcome without any accompanying video content to confirm it, it can be considered misleading.

7. **Explanation**:
   - The thumbnail effectively highlights the teams and the league but fails to convey the actual content of the video, which does not necessarily feature the final score or the outcome of the match. This can lead viewers to expect a specific result that may not be depicted in the video, thus making the thumbnail misleading.

### Conclusion:
The thumbnail is **misleading** because it suggests a specific match outcome (Liverpool winning 3-0) that may not be reflected in the actual video content."
EiEifW_Gob0,"### Analysis of the YouTube Video Thumbnail and Content

#### Step 1: Examine the Thumbnail
The thumbnail features two individuals seated across from each other in what appears to be a late-night talk show setting. One individual is dressed in a suit and the other in casual attire. The backdrop includes a cityscape view, which is typical for such shows. The text overlay reads ""Prince Harry Takes The Colbert Questioner.""

#### Step 2: Read Through the Video Subtitles and Content Description
The subtitles reveal that this is an interview between Prince Harry and Stephen Colbert. The conversation covers a variety of topics ranging from personal anecdotes to cultural differences and humorous exchanges. The content is described as a mix of serious discussion and lighter moments, with both participants appearing engaged and comfortable.

#### Step 3: Compare the Thumbnail to the Actual Video Content
The thumbnail accurately depicts the setting and participants of the interview. It correctly identifies the host (Stephen Colbert) and the guest (Prince Harry). The text overlay ""Prince Harry Takes The Colbert Questioner"" matches the content of the video, which is indeed an interview format where Prince Harry answers a series of questions posed by Stephen Colbert.

#### Step 4: Determine if the Thumbnail Accurately Represents the Video's Main Topic or Content
The thumbnail effectively represents the main topic of the video, which is an interview between Prince Harry and Stephen Colbert. It does not mislead viewers into expecting a different type of content or a more dramatic or sensationalized version of the interview.

#### Step 5: Assess Whether the Thumbnail Uses Exaggeration, False Promises, or Clickbait Tactics
There are no elements in the thumbnail that use exaggeration, false promises, or clickbait tactics. The thumbnail is straightforward and informative, providing clear expectations for the viewer.

#### Step 6: Categorize the Thumbnail as Either ""Misleading"" or ""Not Misleading""
Based on the analysis above, the thumbnail is not misleading. It accurately represents the content of the video without any exaggeration or false promises.

#### Explanation
The thumbnail is clear and honest, providing accurate information about the video's content. It sets appropriate expectations for the viewer, ensuring they understand that it is an interview between Prince Harry and Stephen Colbert discussing various topics. There are no misleading elements, and the thumbnail effectively communicates the nature of the video.

**Final Decision:** Not Misleading"
8bACuhV5RPM,"### Analysis of the Thumbnail and Video Content

#### Step 1: Examine the Thumbnail
The thumbnail shows a man and a woman in a close-up shot, appearing to be in a serious or emotional conversation. The woman has her hand near her face, which could suggest distress or contemplation.

#### Step 2: Read Through the Video Subtitles and Content Description
The subtitles and the video content description indicate a series of dramatic scenes involving a couple navigating through various situations, including a game day, a dinner party, and a mysterious spherical device. The tone of the video seems to be tense and emotionally charged, with elements of mystery and conflict.

#### Step 3: Compare the Thumbnail to the Actual Video Content
The thumbnail captures a moment that aligns closely with the emotional and dramatic nature of the scenes described. It shows the couple in a serious conversation, which matches the overall tone of the video content.

#### Step 4: Determine if the Thumbnail Accurately Represents the Video's Main Topic or Content
The thumbnail accurately represents the emotional and dramatic content of the video. It captures a key moment that reflects the tension and complexity of the narrative.

#### Step 5: Assess Whether the Thumbnail Uses Exaggeration, False Promises, or Clickbait Tactics
There is no indication of exaggeration, false promises, or clickbait tactics in the thumbnail. It simply presents a scene that is representative of the video's content.

#### Step 6: Categorize the Thumbnail as Either ""Misleading"" or ""Not Misleading""
Based on the analysis, the thumbnail is **Not Misleading**.

#### Explanation
The thumbnail effectively captures a moment that reflects the emotional and dramatic tone of the video. It does not use exaggerated visuals or misleading elements to attract viewers. Instead, it provides a clear representation of the content, which is consistent with the video's depiction of a tense and complex narrative involving a couple dealing with various situations."
JFj1tk1vMN4,"### Analysis of the Thumbnail and Video Content

#### Step 1: Examine the Thumbnail
The thumbnail features two images:
1. A man in a suit, likely the same person mentioned in the video description.
2. A photograph of the man alongside Queen Elizabeth II, taken during a formal meeting.

#### Step 2: Read Through the Video Subtitles and Content Description
The subtitles and the content description focus on the speaker's interactions with the Queen of England, particularly during visits to London and Buckingham Palace. The speaker describes the Queen's kindness, her sense of humor, and her thoughtful gestures towards him and his family.

#### Step 3: Compare the Thumbnail to the Actual Video Content
The thumbnail accurately depicts the main theme of the video, which revolves around the speaker's interactions with the Queen of England. It shows the speaker in a formal setting and alongside the Queen, which aligns with the content described in the subtitles and the video description.

#### Step 4: Determine if the Thumbnail Accurately Represents the Video's Main Topic or Content
The thumbnail effectively represents the main topic of the video, which is the speaker's reflections on his interactions with the Queen of England. It captures the essence of the content without exaggeration or false promises.

#### Step 5: Assess Whether the Thumbnail Uses Exaggeration, False Promises, or Clickbait Tactics
There are no elements in the thumbnail that use exaggeration, false promises, or clickbait tactics. It simply presents the speaker in a formal setting alongside the Queen, which is consistent with the video content.

#### Step 6: Categorize the Thumbnail
Based on the analysis, the thumbnail is not misleading.

#### Step 7: Provide a Brief Explanation for the Decision
The thumbnail accurately reflects the main topic of the video, which is the speaker's interactions with the Queen of England. It does not use any exaggerated elements or false promises, and it correctly represents the formal nature of the interactions depicted in the video. Therefore, the thumbnail is categorized as ""Not Misleading."""
ctKmI0vbMzg,"### Analysis:

1. **Examine the thumbnail**: The thumbnail shows a man and a woman standing in an ornate room holding a baby wrapped in a white blanket. The setting appears formal and grand, suggesting a significant event.

2. **Read the subtitles and content description**: The subtitles indicate that the video is about a royal couple welcoming their newborn baby. The content description confirms this, mentioning a grand setting, a couple walking with a baby, and the couple expressing joy and pride.

3. **Compare the thumbnail to the actual video content**: The thumbnail accurately depicts the main elements of the video content: a couple with a newborn baby in a grand setting. The setting matches the description of a palace or castle, and the couple's expressions align with the described joy and pride.

4. **Determine accuracy**: The thumbnail correctly represents the main topic of the video, which is the introduction of a newborn baby by a royal couple in a grand setting.

5. **Assess for misleading elements**: There are no exaggerated claims, false promises, or clickbait tactics used in the thumbnail. It accurately reflects the content of the video.

6. **Categorize the thumbnail**: Based on the analysis, the thumbnail is not misleading.

7. **Explanation**: The thumbnail accurately portrays the main subject matter of the video, which is the introduction of a newborn baby by a royal couple in a grand setting. There are no misleading elements or exaggerated claims present in the thumbnail.

**Conclusion**: The thumbnail is **Not Misleading**."
Z6uuGWCUuOc,"### Analysis:

1. **Examine the thumbnail**: The thumbnail shows a room filled with people, but it does not indicate any tilt or flooding. It appears to be a typical indoor setting without any signs of emergency or danger.

2. **Read through the video subtitles and content description**: The video content description clearly describes a dramatic incident involving a ferry or large passenger boat that tilts and floods rapidly due to an emergency situation.

3. **Compare the thumbnail to the actual video content**: The thumbnail does not reflect the chaotic and dangerous situation described in the video content. It fails to convey the urgency and severity depicted in the video.

4. **Determine if the thumbnail accurately represents the video's main topic or content**: The thumbnail does not accurately represent the main topic or content of the video. It does not show the tilt or flooding that is central to the incident being documented.

5. **Assess whether the thumbnail uses exaggeration, false promises, or clickbait tactics**: The thumbnail does not use exaggeration, false promises, or clickbait tactics; it simply fails to provide accurate visual representation of the video's content.

6. **Categorize the thumbnail as either ""Misleading"" or ""Not Misleading""**: Based on the analysis, the thumbnail is misleading because it fails to convey the critical elements of the video's content, specifically the tilt and flooding of the cabin.

7. **Provide a brief explanation for your decision**: The thumbnail fails to visually communicate the key aspects of the video, which include the tilt of the cabin and the flooding caused by the emergency situation. By not showing these elements, the thumbnail misleads viewers about the nature and intensity of the incident depicted in the video.

**Conclusion**: The thumbnail is **Misleading**."
6ovcjMT6Ai8,"### Analysis:

1. **Examine the thumbnail**: The thumbnail shows two individuals in a formal setting, likely a gallery or museum, discussing artwork. The text overlay reads ""THE BEARD IS BACK.""

2. **Read through the video content**: The video depicts a formal visit to an art exhibition or gallery. It includes scenes of people examining and discussing various artworks, both inside and outside a building. The main visitor, a man in a blue suit, interacts with others, including staff or artists, and engages in conversations about the art.

3. **Compare the thumbnail to the actual video content**: The thumbnail shows a scene that aligns with the beginning of the video where the main visitor is seen in a formal setting discussing artwork. However, the text ""THE BEARD IS BACK"" does not directly relate to the content of the video.

4. **Determine if the thumbnail accurately represents the video's main topic or content**: The thumbnail accurately represents the setting and activity depicted in the video but misleads regarding the specific focus of the visit. The text ""THE BEARD IS BACK"" suggests a personal update or return of someone named ""The Beard,"" which is not mentioned or implied in the video content.

5. **Assess whether the thumbnail uses exaggeration, false promises, or clickbait tactics**: The thumbnail uses a clickbait tactic by suggesting a personal update (""THE BEARD IS BACK"") that is not supported by the video content.

6. **Categorize the thumbnail**: Based on the analysis, the thumbnail is misleading because it implies a personal update about ""The Beard"" that is not present in the video content.

7. **Brief explanation**: The thumbnail inaccurately suggests a personal update about ""The Beard"" when the video content focuses on a formal visit to an art exhibition. The text ""THE BEARD IS BACK"" is not relevant to the actual content of the video, making the thumbnail misleading.

**Conclusion**: The thumbnail is **Misleading**."
y5Bv_rPTTWc,"### Analysis:

1. **Examine the thumbnail**: The thumbnail features a woman with shoulder-length wavy brown hair, wearing a bright blue blazer, smiling. The background includes a blurred image of flowers and greenery, suggesting a relaxed and informal setting typical of talk shows.

2. **Read through the video subtitles and content description**: The subtitles and the video content describe an interview about a person claiming to have swapped souls with an alien. The setting is a talk show environment, and the interviewee discusses her experiences and beliefs related to extraterrestrial life and soul swapping.

3. **Compare the thumbnail to the actual video content**: The thumbnail does not visually represent the content of the video. It shows a woman in a casual setting, which contrasts with the serious and potentially controversial topic discussed in the video.

4. **Determine if the thumbnail accurately represents the video's main topic or content**: The thumbnail does not accurately represent the main topic of the video, which involves a discussion about an alien encounter and soul swapping. The image of a smiling woman in a casual setting does not convey the seriousness or the controversial nature of the topic.

5. **Assess whether the thumbnail uses exaggeration, false promises, or clickbait tactics**: The thumbnail does not use any exaggerated elements or false promises. However, it fails to convey the serious and potentially controversial nature of the topic discussed in the video.

6. **Categorize the thumbnail as either ""Misleading"" or ""Not Misleading""**: Given that the thumbnail does not accurately represent the content of the video and fails to convey the serious and controversial nature of the topic, it can be considered misleading.

7. **Brief explanation for the decision**: The thumbnail shows a woman in a casual setting, which does not reflect the serious and potentially controversial topic of the video. It fails to convey the essence of the interview about an alien encounter and soul swapping, making it misleading.

**Final Decision**: The thumbnail is **Misleading**."
3jAsNXXCiBg,"### Analysis of the Thumbnail and Video Content

#### Step 1: Examine the Thumbnail
The thumbnail features a close-up of a man's face, appearing distressed and sunburnt, with the word ""WONDER"" prominently displayed. The background suggests a coastal or oceanic setting, which aligns with the video's theme of survival in a coastal environment.

#### Step 2: Read Through the Video Subtitles and Content Description
The subtitles and content description indicate a survival challenge involving a man drifting alone at sea in a small raft. The video highlights themes of isolation, struggle, and endurance, focusing on the challenges faced by the protagonist.

#### Step 3: Compare the Thumbnail to the Actual Video Content
The thumbnail effectively captures the essence of the video's content. It shows a man in a state of distress, which aligns with the narrative of isolation and struggle described in the subtitles and content description.

#### Step 4: Determine if the Thumbnail Accurately Represents the Video's Main Topic or Content
The thumbnail accurately represents the main topic of the video, which is a survival challenge involving a man drifting alone at sea. The image of the distressed man in a raft matches the overall theme of the video.

#### Step 5: Assess Whether the Thumbnail Uses Exaggeration, False Promises, or Clickbait Tactics
There is no indication of exaggeration, false promises, or clickbait tactics in the thumbnail. It simply presents a realistic depiction of the protagonist's condition during the survival challenge.

#### Step 6: Categorize the Thumbnail
Based on the analysis, the thumbnail is not misleading. It accurately represents the main topic and content of the video.

#### Step 7: Provide a Brief Explanation for the Decision
The thumbnail effectively captures the essence of the video's content, showing a man in a state of distress during a survival challenge at sea. It does not use any exaggerated elements or clickbait tactics, thus it is not misleading.

**Conclusion:** The thumbnail is **Not Misleading**."
jzyJ2p5H_HE,"### Analysis:

1. **Examine the Thumbnail**:
   - The thumbnail shows two cricket players, one from India (wearing a cap) and one from England (wearing a helmet). They appear to be engaged in a conversation, which suggests a moment of interaction or discussion during the match.

2. **Read Through the Subtitles and Content Description**:
   - The subtitles mention a ""little chat"" between Johnny Bairstow and Virat Kohli, indicating a moment of interaction between the two players.
   - The content description confirms that the video captures various moments from a cricket match between England and India, focusing on interactions between players and key moments of play.

3. **Compare the Thumbnail to the Actual Video Content**:
   - The thumbnail depicts a moment of interaction between players, which aligns with the video content that includes a ""little chat"" between Johnny Bairstow and Virat Kohli.
   - The video also shows other interactions and moments of play, but the thumbnail specifically highlights the interaction mentioned in the subtitles.

4. **Determine if the Thumbnail Accurately Represents the Video's Main Topic or Content**:
   - The thumbnail accurately represents the main topic of the video, which is the interaction between Johnny Bairstow and Virat Kohli during the match.

5. **Assess Whether the Thumbnail Uses Exaggeration, False Promises, or Clickbait Tactics**:
   - The thumbnail does not use any exaggerated elements or false promises. It simply shows a moment of interaction between the players, which is consistent with the video content.

6. **Categorize the Thumbnail**:
   - Based on the analysis, the thumbnail is not misleading because it accurately represents the main topic of the video.

### Conclusion:
The thumbnail is **Not Misleading**. It accurately represents the main topic of the video, which is the interaction between Johnny Bairstow and Virat Kohli during the cricket match."
-0jp9XK86Dw,"### Analysis:

1. **Examine the Thumbnail**:
   - The thumbnail features a still image of Sachin Tendulkar holding a bat, wearing a blue uniform with the Indian national team colors.
   - The text on the thumbnail reads: ""SACHIN TENDULKAR 85 V PAKISTAN CWC 2011 SEMI-FINAL.""

2. **Read Through the Video Subtitles and Content Description**:
   - The subtitles mention Sachin Tendulkar hitting a boundary and reaching a milestone (half-century).
   - The content description describes a high-stakes cricket match between India and Pakistan, focusing on key moments such as batting performances, fielding actions, and crowd reactions.

3. **Compare the Thumbnail to the Actual Video Content**:
   - The thumbnail prominently features Sachin Tendulkar, which aligns with the video content as he is mentioned in the subtitles and described as a key player.
   - The text ""85"" suggests a specific score achieved by Tendulkar, which is also mentioned in the subtitles as he reaches a half-century.
   - The context of the match (Pakistan vs. India, CWC 2011 semi-final) matches the content description.

4. **Determine if the Thumbnail Accurately Represents the Video's Main Topic or Content**:
   - The thumbnail accurately represents the main topic of the video, which centers around Sachin Tendulkar's performance during the match.
   - It does not exaggerate or mislead viewers about the content.

5. **Assess Whether the Thumbnail Uses Exaggeration, False Promises, or Clickbait Tactics**:
   - There is no indication of exaggeration or false promises in the thumbnail.
   - The thumbnail is straightforward and informative, providing clear details about the player, the score, and the match context.

6. **Categorize the Thumbnail**:
   - Based on the analysis, the thumbnail is not misleading.

7. **Explanation**:
   - The thumbnail accurately reflects the content of the video, highlighting Sachin Tendulkar's performance during the match. It provides relevant information without any misleading elements or exaggerated claims.

### Conclusion:
The thumbnail is **Not Misleading**. It accurately represents the main topic and content of the video, providing clear and relevant information to potential viewers."
1QCuCbccSiU,"### Analysis:

1. **Examine the Thumbnail**:
   - The thumbnail shows a group of players celebrating, with one player in a white jersey and another in a green jersey. The text indicates it is a highlights clip for an England vs Switzerland match.

2. **Read Through the Video Content Description**:
   - The video content describes a high-stakes international soccer match featuring players in red and white uniforms, likely representing Switzerland and England respectively. The video showcases various aspects of the match including gameplay, fan support, and the intensity of the competition.

3. **Compare the Thumbnail to the Actual Video Content**:
   - The thumbnail depicts players celebrating, which aligns with the end of a match where players typically celebrate goals or victories. However, the video content does not explicitly show a celebration scene but rather focuses on the gameplay and the overall atmosphere of the match.

4. **Determine Accuracy Representation**:
   - While the thumbnail suggests a celebratory moment, the video content primarily focuses on the gameplay and the overall match atmosphere rather than a specific celebratory scene.

5. **Assess for Exaggeration, False Promises, or Clickbait Tactics**:
   - The thumbnail does not use exaggerated language or false promises. It accurately reflects the content shown in the video, albeit focusing on a different aspect of the match.

6. **Categorize the Thumbnail**:
   - Given that the thumbnail accurately represents the content of the video, albeit focusing on a different aspect, it is not misleading.

### Conclusion:
The thumbnail is **Not Misleading** because it accurately represents the content of the video, which primarily focuses on the gameplay and the overall match atmosphere rather than a specific celebratory moment depicted in the thumbnail."
Jx24ay589mQ,"### Analysis:

1. **Examine the thumbnail**: The thumbnail shows a group of people running on a track, with a crowd watching them. It appears to depict a race or a similar competitive event.

2. **Read the subtitles and content description**: The subtitles and the content description indicate that the video is about a mental health awareness event called ""Heads Together,"" which involves running and community engagement. The video does not suggest any competitive racing scenario but rather a supportive and communal event focused on mental health.

3. **Compare the thumbnail to the actual video content**: The thumbnail depicts a competitive running event, while the video content describes a non-competitive, community-focused event centered around mental health awareness.

4. **Determine if the thumbnail accurately represents the video's main topic or content**: The thumbnail misrepresents the nature of the event by suggesting a competitive running race when the video actually documents a community gathering for mental health awareness.

5. **Assess whether the thumbnail uses exaggeration, false promises, or clickbait tactics**: The thumbnail uses clickbait by implying a competitive event when the video content is about a supportive community gathering.

6. **Categorize the thumbnail as either ""Misleading"" or ""Not Misleading""**: Based on the analysis, the thumbnail is misleading.

7. **Brief explanation for the decision**: The thumbnail incorrectly suggests a competitive running event when the video content is about a community gathering for mental health awareness. This misleads viewers into expecting a different type of event than what is actually shown in the video.

**Final Decision**: The thumbnail is **Misleading**."
LEBCc-Qpilw,"### Analysis of the Thumbnail and Video Content

#### Step 1: Examine the Thumbnail
The thumbnail shows a man in a home setting, wearing a sports jersey, and an underwater scene featuring a large cylindrical object resembling a submarine or scientific equipment submerged in water.

#### Step 2: Read Through the Video Subtitles and Content Description
The subtitles discuss a serious incident involving a submarine named OceanGate, which lost communication and tracking while at a depth of 3,500 feet. The speaker expresses regret for not speaking up earlier about the safety concerns regarding the submarine's technology, particularly the use of composite materials.

#### Step 3: Compare the Thumbnail to the Actual Video Content
The thumbnail depicts a man in a home setting, which aligns with the initial part of the video where the speaker is giving a talk. However, the underwater scenes shown in the thumbnail do not match the content described in the subtitles. The subtitles mention a specific incident involving a submarine losing communication and tracking, which is not visually represented in the thumbnail.

#### Step 4: Determine if the Thumbnail Accurately Represents the Video's Main Topic or Content
The thumbnail does not accurately represent the main topic of the video, which is the discussion of a serious incident involving a submarine. Instead, it shows a general underwater scene that is not directly related to the specific incident described in the subtitles.

#### Step 5: Assess Whether the Thumbnail Uses Exaggeration, False Promises, or Clickbait Tactics
The thumbnail does not use exaggeration, false promises, or clickbait tactics. It simply shows a generic underwater scene, which is not misleading in itself but does not accurately reflect the specific content of the video.

#### Step 6: Categorize the Thumbnail as Either ""Misleading"" or ""Not Misleading""
Based on the analysis, the thumbnail is **misleading** because it does not accurately represent the main topic of the video, which is the discussion of a specific submarine incident.

#### Explanation
The thumbnail shows a generic underwater scene, which is not directly related to the specific incident involving the OceanGate submarine. While the underwater scenes in the video content are relevant, the thumbnail fails to convey the seriousness and specific nature of the incident discussed in the subtitles. Therefore, the thumbnail misleads viewers into expecting a different type of content than what is actually presented in the video."
h4obVdAaVgc,"### Analysis:

1. **Examine the Thumbnail**:
   - The thumbnail features a player in an England jersey celebrating, with the text ""HIGHLIGHTS"" prominently displayed.
   - The logos for Ireland and England are shown, indicating the match between these two nations.
   - The ITV Sport logo suggests that this is a broadcast from ITV Sport.

2. **Read Through the Video Content Description**:
   - The video showcases scenes from an international soccer match between Ireland and England.
   - It includes various moments such as players walking onto the field, wide shots of the field, close-ups of players, and gameplay highlights.
   - The video captures the intensity and emotion of the match, showing both the on-field action and the passionate atmosphere in the stadium.

3. **Compare the Thumbnail to the Actual Video Content**:
   - The thumbnail depicts a player in an England jersey celebrating, which aligns with the content of the video as it shows England players in action.
   - However, the thumbnail does not provide any specific details about the match's progress or the final score, which is 2-0 in favor of England.

4. **Determine if the Thumbnail Accurately Represents the Video's Main Topic or Content**:
   - While the thumbnail correctly identifies the teams involved, it does not convey the specific outcome of the match or the overall tone of the video.
   - The thumbnail suggests a celebratory moment but does not reflect the high-stakes nature of the match or the intense gameplay depicted in the video.

5. **Assess Whether the Thumbnail Uses Exaggeration, False Promises, or Clickbait Tactics**:
   - The thumbnail does not use exaggerated language or false promises.
   - However, it does not fully represent the content of the video, as it does not highlight the key elements like the final score or the overall intensity of the match.

6. **Categorize the Thumbnail as Either ""Misleading"" or ""Not Misleading""**:
   - Given that the thumbnail does not provide enough context about the match's outcome or the overall content of the video, it can be considered misleading.

7. **Brief Explanation for the Decision**:
   - The thumbnail focuses on a celebratory moment, which is part of the video content but does not give a comprehensive overview of the match's progression or the final result. This omission might mislead viewers into expecting a different type of content than what they actually receive.

### Conclusion:
The thumbnail is **misleading** because it does not accurately represent the main topic or content of the video, particularly the final score and the overall intensity of the match."
Li-DOisUu-g,"### Analysis of the Thumbnail and Video Content

#### Step 1: Examine the Thumbnail
The thumbnail features a lighthouse surrounded by a stormy sea, with a red arrow pointing to the lighthouse and the word ""ME"" above it. The image suggests that the viewer will be placed in a challenging situation involving a lighthouse.

#### Step 2: Read Through the Video Subtitles and Content Description
The subtitles indicate that the video involves a group of people exploring a lighthouse located in a remote area known as the ""world's loneliest lighthouse."" The group faces challenges such as extreme weather conditions, lack of amenities, and isolation. The video describes the group's journey to reach the lighthouse, their experience inside the lighthouse, and their survival efforts for 24 hours.

#### Step 3: Compare the Thumbnail to the Actual Video Content
The thumbnail depicts a lighthouse in a stormy setting, which aligns with the video's depiction of a challenging environment. However, the thumbnail does not explicitly convey the 24-hour survival challenge or the isolation experienced by the group.

#### Step 4: Determine if the Thumbnail Accurately Represents the Video's Main Topic or Content
While the thumbnail accurately represents the lighthouse setting, it does not clearly communicate the 24-hour survival challenge or the isolation experienced by the group. The thumbnail is somewhat misleading because it does not fully capture the essence of the survival aspect of the video.

#### Step 5: Assess Whether the Thumbnail Uses Exaggeration, False Promises, or Clickbait Tactics
The thumbnail uses a dramatic image of a lighthouse in a stormy sea, which could be considered slightly exaggerated to attract viewers. However, the thumbnail does not make false promises or use clickbait tactics; it simply sets the stage for the adventure.

#### Step 6: Categorize the Thumbnail as Either ""Misleading"" or ""Not Misleading""
Based on the analysis, the thumbnail is **misleading** because it does not fully represent the 24-hour survival challenge and the isolation experienced by the group.

#### Explanation for Decision
The thumbnail effectively captures the lighthouse setting but fails to convey the full scope of the survival challenge and isolation faced by the group. While the thumbnail is visually striking, it does not provide a comprehensive representation of the video's main topic, making it misleading."
8ToP_EnAlLU,"### Analysis of the Thumbnail and Video Content

#### Step 1: Examine the Thumbnail
The thumbnail features a still image from the HBO series *Game of Thrones*. It shows a character dressed in dark religious attire, likely a nun or similar figure, seated in a dimly lit, medieval-style room. The character appears stern and contemplative, which aligns with the serious tone suggested by the video content.

#### Step 2: Read Through the Video Subtitles and Content Description
The subtitles reveal a conversation between a nun-like character and a man in armor. The dialogue suggests themes of betrayal, political maneuvering, and personal conflict. The nun speaks about past mistakes and the consequences of those actions, indicating a deep and complex narrative involving power, loyalty, and personal sacrifice.

#### Step 3: Compare the Thumbnail to the Actual Video Content
The thumbnail effectively captures the essence of the scene depicted in the video. The character's attire and the setting match the medieval fantasy world of *Game of Thrones*, and the serious expression aligns with the tense and serious mood of the conversation.

#### Step 4: Determine if the Thumbnail Accurately Represents the Video's Main Topic or Content
The thumbnail accurately represents the main topic and content of the video. It shows a character in a contemplative state within a significant setting, which matches the overall theme of the scene.

#### Step 5: Assess Whether the Thumbnail Uses Exaggeration, False Promises, or Clickbait Tactics
There are no elements in the thumbnail that use exaggeration, false promises, or clickbait tactics. It simply presents a still image that reflects the scene's mood and setting.

#### Step 6: Categorize the Thumbnail as Either ""Misleading"" or ""Not Misleading""
Based on the analysis, the thumbnail is **Not Misleading**.

#### Explanation
The thumbnail accurately depicts the character and setting from the video, which is a key element of the scene. It does not misrepresent the content or the mood of the conversation. Therefore, it does not use any misleading tactics such as exaggeration or clickbait."
1JsRIZQpkRU,"### Analysis and Categorization:

**Step 1:** Examine the thumbnail.
The thumbnail features a presenter standing in front of a large image of Earth, which is partially obscured by clouds and stars. The BBC logo is visible in the top right corner.

**Step 2:** Read through the video subtitles and content description.
The subtitles and the video content describe a documentary-style piece focused on global environmental issues, including pollution, natural disasters, and the urgent need for action to address climate change and environmental degradation.

**Step 3:** Compare the thumbnail to the actual video content.
The thumbnail depicts a scene that aligns closely with the theme of the video—discussing the Earth and its environment. It effectively sets the stage for a documentary about global environmental issues.

**Step 4:** Determine if the thumbnail accurately represents the video's main topic or content.
The thumbnail accurately represents the main topic of the video, which is the Earth and its environmental challenges. It does not mislead viewers about the content.

**Step 5:** Assess whether the thumbnail uses exaggeration, false promises, or clickbait tactics.
There are no elements in the thumbnail that suggest exaggeration, false promises, or clickbait tactics. It simply presents a visual that matches the theme of the video.

**Step 6:** Categorize the thumbnail as either ""Misleading"" or ""Not Misleading.""
Based on the analysis, the thumbnail is **Not Misleading**.

**Explanation:**
The thumbnail accurately reflects the content of the video, which discusses global environmental issues. It does not contain any misleading elements or exaggerated claims. The image of the Earth in the thumbnail serves as a clear and appropriate representation of the subject matter, ensuring that viewers understand the nature of the content they are about to watch."
CHAcNEzQfT4,"### Analysis:

1. **Examine the Thumbnail**:
   - The thumbnail shows a player from Manchester City celebrating after scoring a goal. The scoreboard indicates a scoreline of 1-3, suggesting that Manchester City won the match against West Ham United.
   - The Premier League logo and the Sky Sports branding are prominently displayed, indicating that this is a highlight reel from a Premier League match.

2. **Read Through the Video Content Description**:
   - The video content describes a full match between West Ham United and Manchester City, including various scenes of gameplay, celebrations, and intense moments.
   - It does not specifically highlight any particular goal or celebration but rather provides a general overview of the match.

3. **Compare the Thumbnail to the Actual Video Content**:
   - The thumbnail shows a specific moment where Manchester City scores a goal, which is part of the match but not necessarily representative of the entire video content.
   - The video content includes multiple scenes of gameplay, challenges, and the overall match dynamics, not just a single goal celebration.

4. **Determine Accuracy Representation**:
   - While the thumbnail does show a goal celebration, it does not provide a comprehensive representation of the entire match. The video content includes various aspects of the match, not just the goal shown in the thumbnail.

5. **Assess for Exaggeration, False Promises, or Clickbait Tactics**:
   - There is no exaggeration or false promise in the thumbnail. However, it might give viewers the impression that the video focuses solely on the goal celebration when the video actually covers the entire match.

6. **Categorize the Thumbnail**:
   - Given that the thumbnail does not accurately represent the full content of the video, it could be considered misleading because it may lead viewers to expect a video focused only on the goal celebration when the video covers the entire match.

### Conclusion:
The thumbnail is **misleading** because it suggests that the video focuses on a single goal celebration when the video actually covers the entire match, including various gameplay moments and the overall atmosphere of the match."
Xg6sA-Z_yo4,"### Analysis:

1. **Examine the Thumbnail**: The thumbnail shows a raccoon running on a soccer field, which aligns closely with the video content described. It depicts the raccoon in motion, which is a key element of the video.

2. **Read Through the Subtitles and Content Description**: The subtitles and the video description confirm that the video features a raccoon running on a soccer field during a match between Philadelphia and New York City. The raccoon's presence causes chaos and interruption in the game, leading to a chase involving multiple people on the field.

3. **Compare the Thumbnail to the Actual Video Content**: The thumbnail accurately represents the main topic of the video, which is a raccoon running on a soccer field during a match. The thumbnail does not exaggerate or mislead viewers about the content.

4. **Assess Whether the Thumbnail Uses Exaggeration, False Promises, or Clickbait Tactics**: There is no indication of exaggeration or false promises in the thumbnail. It simply shows the raccoon in action, which matches the video content.

5. **Categorize the Thumbnail**: Based on the analysis above, the thumbnail accurately represents the video's main topic without using any misleading elements.

### Conclusion:

The thumbnail is **Not Misleading** because it accurately depicts the main subject of the video, which is a raccoon running on a soccer field during a match. There are no exaggerated elements or misleading promises in the thumbnail."
QdCWqUTQm-A,"### Analysis:

1. **Examine the Thumbnail**:
   - The thumbnail features a man in a suit and tie, wearing glasses, with a serious expression.
   - The text overlay reads: ""Starmer: 'NHS is broken in unforgivable ways'"".

2. **Read Through the Subtitles and Content Description**:
   - The subtitles confirm that the speaker, Starmer, states the NHS is broken in unforgivable ways.
   - The content description supports this by detailing Starmer’s discussion about the NHS being broken and the need for reform.

3. **Compare the Thumbnail to the Actual Video Content**:
   - The thumbnail accurately reflects the main topic discussed in the video: the NHS being broken and the need for reform.
   - The serious tone and attire of the man in the thumbnail align with the formal and serious nature of the discussion in the video.

4. **Assess Whether the Thumbnail Uses Exaggeration, False Promises, or Clickbait Tactics**:
   - There is no exaggeration or clickbait in the thumbnail. It directly conveys the main point of the video without any misleading elements.

5. **Categorize the Thumbnail**:
   - The thumbnail is not misleading because it accurately represents the main topic of the video.

### Conclusion:
The thumbnail is **Not Misleading**. It correctly portrays the main topic discussed in the video, which is the NHS being broken and the need for reform. The serious tone and attire of the man in the thumbnail match the formal and serious nature of the discussion in the video."
uxbQATBAXf8,"### Analysis:

1. **Examine the thumbnail**: The thumbnail shows two individuals sitting on a couch. One is dressed as Deadpool, and the other appears to be a well-known celebrity (David Beckham). The background suggests a modern, stylish living room. The title ""DEADPOOL 2"" is prominently displayed.

2. **Read through the video content**: The video features a humorous interaction between Deadpool and a celebrity in a domestic setting. It includes elements like a mariachi band and a humorous attempt at a hug, which are exaggerated and comedic.

3. **Compare the thumbnail to the actual video content**: The thumbnail accurately depicts the main characters and setting of the video. It shows the interaction between Deadpool and the celebrity, which aligns with the content described.

4. **Determine if the thumbnail accurately represents the video's main topic or content**: The thumbnail effectively represents the core theme of the video, which is a humorous interaction between Deadpool and a celebrity in a domestic setting.

5. **Assess whether the thumbnail uses exaggeration, false promises, or clickbait tactics**: The thumbnail does not use any exaggeration or false promises. It accurately reflects the content of the video.

6. **Categorize the thumbnail**: Based on the analysis, the thumbnail is not misleading.

7. **Explanation**: The thumbnail accurately represents the video's content, showing the interaction between Deadpool and the celebrity in a domestic setting. There are no misleading elements or exaggerated claims that misrepresent the video's content.

**Conclusion**: The thumbnail is **Not Misleading**."
bm1gvNQtYJQ,"### Analysis of the Provided Information

#### Step 1: Examine the Thumbnail
The thumbnail features a man with short dark hair, wearing a dark-colored shirt. The text overlay reads, ""PUT YOUR MANNERS BACK IN.""

#### Step 2: Read Through the Video Subtitles and Content Description
The subtitles indicate a discussion about a past marriage and the desire for Nicole to remarry. The conversation also mentions the importance of maintaining a professional relationship between the parties involved. The overall tone suggests a serious and reflective discussion about personal relationships and responsibilities.

#### Step 3: Compare the Thumbnail to the Actual Video Content
The thumbnail shows a man who appears to be engaged in a serious conversation, which aligns with the content described in the subtitles. However, the text ""PUT YOUR MANNERS BACK IN"" does not directly relate to the content of the subtitles or the overall theme of the interview.

#### Step 4: Determine if the Thumbnail Accurately Represents the Video's Main Topic or Content
The thumbnail does not accurately represent the main topic or content of the video. While the man in the thumbnail appears to be engaged in a serious conversation, the text ""PUT YOUR MANNERS BACK IN"" introduces a new element that is not present in the subtitles or the content description.

#### Step 5: Assess Whether the Thumbnail Uses Exaggeration, False Promises, or Clickbait Tactics
The thumbnail uses a phrase that is not directly related to the content of the video. It introduces a new element (the need for manners) that is not addressed in the subtitles or the content description. This could be seen as misleading because it suggests a different context than what is actually discussed in the video.

#### Step 6: Categorize the Thumbnail as Either ""Misleading"" or ""Not Misleading""
Based on the analysis, the thumbnail is misleading.

#### Explanation for the Decision
The thumbnail introduces a new element (""PUT YOUR MANNERS BACK IN"") that is not present in the subtitles or the content description. While the man in the thumbnail appears to be engaged in a serious conversation, the text does not accurately reflect the content of the video. This creates a misleading impression that the video is about a different topic than what is actually discussed."
IrX_KZwM5ZM,"### Analysis:

1. **Examine the thumbnail**: The thumbnail shows two individuals embracing each other warmly, suggesting an emotional or affectionate moment between them. The image conveys a sense of closeness and intimacy.

2. **Read through the video subtitles and content description**: Since subtitles are not available, we rely solely on the video description provided.

3. **Compare the thumbnail to the actual video content**:
   - The video content includes various scenes depicting the relationship and careers of two young pop stars over time.
   - It shows them at red carpet events, in interviews, on stage, and in intimate moments.
   - The video captures their growth from fresh-faced teens to more mature performers, highlighting their evolving relationship and individual journeys.

4. **Determine if the thumbnail accurately represents the video's main topic or content**:
   - The thumbnail accurately depicts a moment of affection between the two individuals, which aligns with the intimate and emotional moments shown in the video.

5. **Assess whether the thumbnail uses exaggeration, false promises, or clickbait tactics**:
   - The thumbnail does not use any exaggerated elements or false promises. It simply captures a genuine moment of affection between the two individuals.

6. **Categorize the thumbnail as either ""Misleading"" or ""Not Misleading""**:
   - Based on the analysis, the thumbnail accurately represents the content of the video without any misleading elements.

7. **Provide a brief explanation for your decision**:
   - The thumbnail effectively captures a moment of intimacy and affection between the two individuals, which is consistent with the video content. It does not mislead viewers about the nature of the video or the relationship depicted.

### Conclusion:
The thumbnail is **Not Misleading**. It accurately represents the content of the video, which includes intimate moments between the two individuals."
3dLz8CrX2LY,"### Analysis of the Thumbnail and Video Content

#### Step 1: Examine the Thumbnail
The thumbnail features two individuals, one of whom is identified as Rodri, a footballer associated with Manchester City. The text ""HART X RODRI"" suggests a comparison or discussion between Hart and Rodri, which is a common format used in sports interviews or discussions.

#### Step 2: Read Through the Video Subtitles and Content Description
The video content revolves around an interview with Rodri, discussing his career, experiences with Manchester City, and his role in the Spanish national team. The subtitles indicate a conversation about his achievements, personal experiences, and reflections on his career milestones.

#### Step 3: Compare the Thumbnail to the Actual Video Content
The thumbnail shows two individuals, one of whom is Rodri, which aligns with the video content where Rodri is indeed the subject of the interview. However, the text ""HART X RODRI"" implies a comparison or discussion involving Hart, which is not explicitly mentioned in the video content.

#### Step 4: Determine if the Thumbnail Accurately Represents the Video's Main Topic or Content
While the thumbnail correctly identifies Rodri as the interviewee, the mention of ""HART X RODRI"" introduces an element of confusion. The thumbnail does not clearly convey that the interview is solely about Rodri without any reference to Hart.

#### Step 5: Assess Whether the Thumbnail Uses Exaggeration, False Promises, or Clickbait Tactics
The thumbnail uses a mix of factual and misleading elements. It accurately represents Rodri as the interviewee but introduces an unnecessary element (""HART X RODRI"") that does not align with the actual content of the video.

#### Step 6: Categorize the Thumbnail as Either ""Misleading"" or ""Not Misleading""
Given that the thumbnail introduces an element (""HART X RODRI"") that is not present in the actual video content, the thumbnail is misleading.

#### Step 7: Provide a Brief Explanation for Your Decision
The thumbnail inaccurately suggests a comparison or discussion involving Hart, which is not the focus of the video. While it correctly identifies Rodri as the interviewee, the inclusion of ""HART X RODRI"" creates confusion and misleads viewers about the content of the video.

**Final Decision:** The thumbnail is **Misleading**."
9KXHnqrXZhk,"### Analysis:

1. **Examine the Thumbnail**: The thumbnail shows a soccer player celebrating a goal with arms outstretched, wearing a light blue jersey with the number 7. The background includes a blurred image of a soccer goal and a crowd, suggesting a celebratory moment during a match.

2. **Read Through the Video Content Description**: The video is described as a highlight reel of a soccer match featuring a star player's performance and the emotional journey of the game. It includes scenes of gameplay, a dramatic moment, behind-the-scenes reactions, and celebrations, culminating in the star player's triumphant celebration.

3. **Compare the Thumbnail to the Actual Video Content**: The thumbnail accurately depicts a key moment from the video—a star player celebrating a goal. This aligns well with the content described in the video description, which emphasizes the star player's performance and the team's success.

4. **Determine Accuracy Representation**: The thumbnail correctly represents the main topic of the video, which is the star player's performance and the team's triumph. It does not exaggerate or mislead viewers about the content.

5. **Assess for Exaggeration, False Promises, or Clickbait Tactics**: There are no indications of exaggeration, false promises, or clickbait tactics in the thumbnail. It simply shows a celebratory moment that is part of the video's content.

6. **Categorize the Thumbnail**: Based on the analysis, the thumbnail is not misleading.

7. **Explanation**: The thumbnail accurately reflects the content of the video, which focuses on the star player's performance and the team's success. It does not use any exaggerated elements or false promises. Therefore, the thumbnail is appropriate and not misleading.

**Conclusion**: The thumbnail is **Not Misleading**."
HI52nXTLmb8,"### Analysis:

1. **Examine the Thumbnail**:
   - The thumbnail features a man with red hair and a beard, wearing a navy jacket and blue shirt. The background appears to be an indoor setting, possibly an interview environment.
   - The ABC News logo is prominently displayed, indicating that the content is likely from a news broadcast.

2. **Read Through the Video Subtitles and Content Description**:
   - The subtitles indicate that the video discusses Prince Harry's memoir and his reflections on his family dynamics, particularly focusing on tensions with his brother, Prince William.
   - The content description mentions interviews, public appearances, and media scrutiny, aligning with the theme suggested by the thumbnail.

3. **Compare the Thumbnail to the Actual Video Content**:
   - The thumbnail shows a man in a professional setting, which matches the interview segments described in the content description.
   - The video content includes various settings, including formal events and interviews, which are consistent with the professional appearance depicted in the thumbnail.

4. **Determine if the Thumbnail Accurately Represents the Video's Main Topic or Content**:
   - The thumbnail accurately represents the professional and interview-based nature of the video content.
   - It does not mislead viewers about the type of content they can expect.

5. **Assess Whether the Thumbnail Uses Exaggeration, False Promises, or Clickbait Tactics**:
   - The thumbnail does not use any exaggerated elements or false promises.
   - It simply presents a professional interview setting, which is appropriate for the content described.

6. **Categorize the Thumbnail**:
   - Based on the analysis, the thumbnail is not misleading.

### Conclusion:
The thumbnail is **Not Misleading** because it accurately represents the professional and interview-based nature of the video content. It does not use any exaggerated elements or false promises, and it appropriately sets the expectation for the viewer."
A7tqPA-mt4s,"### Analysis:

1. **Examine the Thumbnail**: The thumbnail depicts a rider falling off a motorcycle while navigating a steep, rocky terrain. The rider is lying on the ground, and the motorcycle is overturned beside them. The image conveys a sense of danger and mishap.

2. **Read Through the Video Content Description**: The video content describes an enduro motorcycle race featuring challenging sections, including steep and treacherous parts where riders often fall. The video highlights the difficulty and danger of the course, showing crashed motorcycles and the extreme nature of the sport.

3. **Compare the Thumbnail to the Actual Video Content**: The thumbnail accurately reflects one of the most intense and dangerous moments from the video, which is a common occurrence during such races. However, the thumbnail does not provide a comprehensive overview of the entire event.

4. **Determine Accuracy Representation**: While the thumbnail captures a significant moment of the race, it does not represent the entirety of the video content. The video includes various scenes of the race, including successful runs, jumps, and the overall atmosphere of the event.

5. **Assess Exaggeration, False Promises, or Clickbait Tactics**: The thumbnail does not use exaggeration or false promises. It accurately depicts a real-life scenario that can be expected in an enduro race.

6. **Categorize the Thumbnail**: Given that the thumbnail accurately represents a significant part of the video but does not give a full picture of the event, it could be considered misleading because it focuses on a single dramatic moment rather than the overall experience.

7. **Explanation**: The thumbnail is misleading because it only shows a single, dramatic moment (a rider falling) without providing context or a broader view of the event. While this moment is representative of the challenges faced in the race, it does not convey the excitement, skill, and endurance displayed by the riders throughout the event.

**Conclusion**: The thumbnail is **misleading** because it focuses on a single dramatic moment rather than giving a comprehensive view of the enduro motorcycle race."
DgbN6uc2JaY,"### Analysis:

1. **Examine the thumbnail**: The thumbnail shows a man and a woman interacting closely with a young boy outdoors, with a crowd of people in the background. The setting appears to be a public gathering or event.

2. **Read through the video content description**: The video depicts a high-profile arrival at an airfield or military base. It includes scenes of individuals exiting an aircraft, a family descending the stairs, interactions with officials, and the family walking around the tarmac. The focus is on the family, particularly the child, amidst a crowd of onlookers and press.

3. **Compare the thumbnail to the actual video content**:
   - The thumbnail shows a family interaction in a public setting.
   - The video content describes a high-profile arrival involving military personnel and a significant crowd, which is not depicted in the thumbnail.

4. **Determine if the thumbnail accurately represents the video's main topic or content**:
   - The thumbnail does not accurately represent the main topic of the video, which is a high-profile arrival at an airfield.
   - The thumbnail suggests a more casual, family-oriented event rather than a formal military arrival.

5. **Assess whether the thumbnail uses exaggeration, false promises, or clickbait tactics**:
   - The thumbnail does not use exaggeration or false promises but misleads viewers into expecting a different type of event than what is shown in the video.

6. **Categorize the thumbnail**:
   - The thumbnail is misleading because it does not accurately reflect the content of the video.

7. **Brief explanation**:
   - The thumbnail depicts a family interaction in a public setting, which is not the primary focus of the video. The video content is about a high-profile arrival at an airfield, which is not conveyed by the thumbnail. This misleads viewers into expecting a different type of event.

### Conclusion:
The thumbnail is **misleading**."
gI4qHCdcaQs,"### Analysis of the Provided Information

#### Step 1: Examine the Thumbnail
The thumbnail shows two individuals in a courtroom setting. One individual appears to be testifying, while the other is likely a lawyer or another participant in the courtroom. The setting suggests a legal proceeding, which aligns with the video content described.

#### Step 2: Read Through the Video Subtitles and Content Description
The subtitles indicate a discussion about a witness's testimony regarding interactions with someone named Debbie Lloyd and the lack of information about an injury sustained by Mr. Depp's hand on March 8th. The conversation revolves around hearsay objections and the witness's lack of knowledge about the cause of the injury.

#### Step 3: Compare the Thumbnail to the Actual Video Content
The thumbnail accurately depicts a courtroom setting with individuals engaged in a legal proceeding. It captures the essence of the video content, showing a witness being questioned and a lawyer or another participant present.

#### Step 4: Determine if the Thumbnail Accurately Represents the Video's Main Topic or Content
The thumbnail effectively represents the main topic of the video, which is a courtroom proceeding involving testimony and legal questioning. It does not mislead viewers about the nature of the content.

#### Step 5: Assess Whether the Thumbnail Uses Exaggeration, False Promises, or Clickbait Tactics
There are no elements in the thumbnail that use exaggeration, false promises, or clickbait tactics. It simply presents a realistic depiction of a courtroom scene.

#### Step 6: Categorize the Thumbnail as Either ""Misleading"" or ""Not Misleading""
Based on the analysis, the thumbnail is **Not Misleading**.

#### Explanation
The thumbnail accurately reflects the content of the video, which is a courtroom proceeding involving testimony and legal questioning. It does not use any misleading elements such as exaggerated visuals or clickbait tactics. Therefore, it appropriately represents the video's main topic without misleading viewers."
YZK5J4PN67E,"### Analysis:

1. **Examine the thumbnail**: The thumbnail shows a person making a gesture that resembles a phone call sign (""call me"") with their hands. The background is a vibrant orange with geometric shapes, which matches the set design of ""The Graham Norton Show.""

2. **Read through the video subtitles and content description**: Since there are no subtitles provided, we rely on the video description for context. The video depicts a talk show setting with multiple guests engaging in conversation, with a festive atmosphere and some thematic elements like Christmas decorations.

3. **Compare the thumbnail to the actual video content**: The thumbnail shows a single individual making a gesture, which does not necessarily represent the overall content of the video. The video features multiple guests interacting in a talk show format, with a festive theme.

4. **Determine if the thumbnail accurately represents the video's main topic or content**: The thumbnail does not accurately represent the main topic or content of the video. It focuses on a single gesture rather than the group interaction and festive atmosphere depicted in the video.

5. **Assess whether the thumbnail uses exaggeration, false promises, or clickbait tactics**: The thumbnail does not use any exaggerated elements or false promises. However, it fails to convey the essence of the video content.

6. **Categorize the thumbnail as either ""Misleading"" or ""Not Misleading""**: Given that the thumbnail does not accurately represent the video's content and focuses on a single element rather than the group interaction and festive theme, it can be considered misleading.

7. **Brief explanation for the decision**: The thumbnail fails to capture the essence of the video content, which involves multiple guests in a festive talk show setting. By focusing on a single gesture, it misleads viewers into expecting a different type of content than what is actually shown in the video.

**Conclusion**: The thumbnail is **misleading**."
rniYjUoNbOU,"### Analysis:

1. **Examine the Thumbnail**: The thumbnail features a man with short blonde hair and facial hair, dressed in all black, seated in front of a backdrop of a nighttime cityscape with twinkling lights and skyscrapers. The text overlay identifies the guest as ""DAVID BECKHAM.""

2. **Read the Subtitles**: The subtitles indicate that the guest is David Beckham, a famous athlete known for bringing Lionel Messi to the United States and bringing the Spice Girls back together. The video is described as a late-night talk show interview.

3. **Compare the Thumbnail to the Actual Video Content**:
   - The thumbnail shows a man with short blonde hair and facial hair, which matches the description of David Beckham.
   - The setting of the thumbnail (a nighttime cityscape) aligns with the late-night talk show environment described in the subtitles.
   - The text overlay correctly identifies the guest as David Beckham.

4. **Determine Accuracy**:
   - The thumbnail accurately represents the guest and the setting of the interview.
   - There are no exaggerated elements or misleading claims in the thumbnail.

5. **Assess for Exaggeration, False Promises, or Clickbait Tactics**:
   - The thumbnail does not use any exaggerated elements or false promises.
   - There is no clickbait tactic present in the thumbnail.

6. **Categorize the Thumbnail**:
   - The thumbnail is not misleading.

### Explanation:

The thumbnail accurately represents the guest (David Beckham) and the setting of the interview (a late-night talk show). It does not contain any misleading elements, exaggerated claims, or clickbait tactics. Therefore, the thumbnail is categorized as ""Not Misleading."""
BXd62mMu1UY,"### Analysis:

1. **Examine the thumbnail**: The thumbnail depicts a man carrying a woman in his arms while standing next to a car during sunset. The image suggests a romantic or intimate moment, which aligns closely with the theme of a relationship depicted in the video.

2. **Read through the video subtitles and content description**: Since subtitles are not available, we rely on the video content description provided.

3. **Compare the thumbnail to the actual video content**:
   - The thumbnail shows a romantic moment, which is consistent with the intimate scenes described in the video.
   - However, the video also includes scenes of conflict, contemplation, and isolation, which are not immediately apparent in the thumbnail.

4. **Determine if the thumbnail accurately represents the video's main topic or content**:
   - While the thumbnail captures a romantic moment, it does not fully represent the broader themes of conflict and introspection that are present in the video.

5. **Assess whether the thumbnail uses exaggeration, false promises, or clickbait tactics**:
   - The thumbnail does not use exaggerated elements but rather focuses on a specific, emotionally charged moment.
   - It does not promise or suggest anything misleading beyond the romantic aspect of the relationship.

6. **Categorize the thumbnail as either ""Misleading"" or ""Not Misleading""**:
   - Given that the thumbnail accurately reflects one aspect of the video (the romantic moment), but fails to convey the full spectrum of the relationship dynamics (conflict, introspection, etc.), it can be considered misleading.

7. **Brief explanation for the decision**:
   - The thumbnail effectively captures a romantic moment, which is a key element of the video. However, it fails to convey the broader emotional depth and complexity of the relationship portrayed throughout the rest of the video. This omission could mislead viewers into expecting a purely romantic narrative when the video contains significant elements of conflict and introspection.

### Conclusion:
The thumbnail is **misleading** because it does not fully represent the multifaceted nature of the relationship depicted in the video."
j1EUsGrIgMY,"### Analysis:

1. **Examine the thumbnail**: The thumbnail shows a close-up of an older gentleman outdoors in a natural setting, likely a garden. The BBC News logo is visible, indicating a news segment or documentary.

2. **Read the subtitles and content description**: The subtitles indicate a conversation between two individuals discussing topics related to nature, gardens, and environmental concerns. The content description confirms that the video is set in a lush garden and involves a discussion about the environment and sustainability.

3. **Compare the thumbnail to the actual video content**: The thumbnail depicts a scene consistent with the video content described. It shows an outdoor setting with natural elements, aligning with the garden theme mentioned in the subtitles and description.

4. **Determine if the thumbnail accurately represents the video's main topic or content**: The thumbnail accurately represents the main topic of the video, which is a discussion about nature and environmental issues within a garden setting.

5. **Assess for exaggeration, false promises, or clickbait tactics**: There are no indications of exaggeration, false promises, or clickbait tactics in the thumbnail. It simply presents a scene that matches the content described.

6. **Categorize the thumbnail**: Based on the analysis, the thumbnail is not misleading.

7. **Explanation**: The thumbnail correctly portrays the setting and subject matter of the video, which is a discussion about nature and environmental issues within a garden. It does not use any exaggerated elements or misleading information.

**Conclusion**: The thumbnail is **Not Misleading**."
Ob_JBRxGDPo,"### Analysis of the Thumbnail and Video Content

#### Step 1: Examine the Thumbnail
The thumbnail shows a studio setting with four panelists sitting on a modern set. The logos of Manchester United and Liverpool are prominently displayed, along with the names ""Kelly & Wrighty."" The image suggests a sports analysis show discussing a match between these two teams.

#### Step 2: Read Through the Video Subtitles and Content Description
The subtitles indicate that the video discusses a match between Manchester United and Liverpool, focusing on their performances and strategies. The content description mentions various segments including discussions about the teams' performances, player statistics, and the overall dynamics of the match.

#### Step 3: Compare the Thumbnail to the Actual Video Content
The thumbnail accurately represents the main topic of the video, which is a sports analysis show discussing a match between Manchester United and Liverpool. The presence of the team logos and the studio setting aligns with the content described in the video.

#### Step 4: Determine if the Thumbnail Accurately Represents the Video's Main Topic or Content
The thumbnail effectively conveys the main topic of the video, which is a sports analysis show discussing a match between Manchester United and Liverpool. It does not mislead viewers into expecting a different type of content.

#### Step 5: Assess Whether the Thumbnail Uses Exaggeration, False Promises, or Clickbait Tactics
There are no elements in the thumbnail that use exaggeration, false promises, or clickbait tactics. The thumbnail is straightforward and informative.

#### Step 6: Categorize the Thumbnail
Based on the analysis, the thumbnail is not misleading.

#### Explanation
The thumbnail accurately represents the main topic of the video, which is a sports analysis show discussing a match between Manchester United and Liverpool. It does not contain any misleading elements or exaggerated claims. Therefore, the thumbnail is categorized as ""Not Misleading."""
8Dps3vSSw-4,"### Analysis of the Thumbnail and Video Content

#### Step 1: Examine the Thumbnail
The thumbnail features two individuals, one of whom is wearing a cap and the other a necklace. The background includes the MTV logo and the words ""BEST OF."" The image suggests a casual, entertainment-focused setting, which aligns with the theme of the video.

#### Step 2: Read Through the Video Subtitles and Content Description
The video content is described as a compilation of funny or entertaining clips, likely from a show called ""Ridiculousness."" The subtitles provide context for some of the clips shown, such as a person skydiving and the potential consequences of not using a parachute. However, the overall tone of the video is lighthearted and comedic, focusing on capturing people's reactions to unexpected or silly situations.

#### Step 3: Compare the Thumbnail to the Actual Video Content
The thumbnail shows two individuals in a casual setting, which matches the general theme of the video. However, the thumbnail does not specifically highlight the content related to the skydiving incident mentioned in the subtitles. Instead, it appears to be a generic representation of the show's format.

#### Step 4: Determine if the Thumbnail Accurately Represents the Video's Main Topic or Content
While the thumbnail accurately represents the general theme of the show, it does not clearly indicate the specific content of the video, particularly the skydiving segment. The thumbnail does not visually convey the dramatic nature of the skydiving incident or the reaction it evokes.

#### Step 5: Assess Whether the Thumbnail Uses Exaggeration, False Promises, or Clickbait Tactics
The thumbnail does not use exaggerated visuals or false promises. It simply presents a generic image of the show's hosts, which is appropriate for a compilation video.

#### Step 6: Categorize the Thumbnail as Either ""Misleading"" or ""Not Misleading""
Given that the thumbnail does not clearly represent the specific content of the video, particularly the dramatic skydiving segment, it can be considered misleading.

#### Step 7: Provide a Brief Explanation for Your Decision
The thumbnail fails to accurately represent the specific content of the video, particularly the dramatic skydiving incident. While it accurately represents the general theme of the show, it does not visually convey the dramatic nature of the segment, which might mislead viewers into expecting a different type of content. Therefore, the thumbnail is misleading."
Hop6L1p00L0,"### Analysis of the Provided Information

#### Step 1: Examine the Thumbnail
The thumbnail depicts a panel discussion or interview setting with four individuals seated on a stage with red curtains in the background. The participants appear engaged in conversation, suggesting a formal and professional environment typical of film industry discussions.

#### Step 2: Read Through the Video Subtitles and Content Description
The subtitles and content description indicate that the video features a panel discussion involving prominent figures in the film industry. The participants discuss their experiences and insights related to filmmaking, specifically mentioning influential films like ""2001: A Space Odyssey"" and ""Dr. Zhivago."" The discussion includes personal anecdotes about the impact of these films on the participants' lives and careers.

#### Step 3: Compare the Thumbnail to the Actual Video Content
The thumbnail accurately represents the setting and participants described in the video content. It shows a panel discussion with four individuals, which aligns with the description of the video being a panel discussion or interview about the film industry.

#### Step 4: Determine if the Thumbnail Accurately Represents the Video's Main Topic or Content
The thumbnail effectively captures the essence of the video content, which is a panel discussion among film industry professionals discussing their experiences and insights. There are no discrepancies between the thumbnail and the actual video content.

#### Step 5: Assess Whether the Thumbnail Uses Exaggeration, False Promises, or Clickbait Tactics
The thumbnail does not use any exaggerated elements, false promises, or clickbait tactics. It simply depicts a standard panel discussion format, which is appropriate for the content described.

#### Step 6: Categorize the Thumbnail as Either ""Misleading"" or ""Not Misleading""
Based on the analysis, the thumbnail is **Not Misleading**.

#### Explanation
The thumbnail accurately reflects the setting and participants of the video, which is a panel discussion about the film industry. It does not use any misleading elements or clickbait tactics. Therefore, it appropriately represents the content of the video without any misleading aspects."
WY-Jk3Ubs4U,"### Analysis:

1. **Examine the Thumbnail:**
   - The thumbnail features a close-up of a middle-aged man with short gray hair, wearing a navy blue polo shirt.
   - The text overlay reads: ""WHAT IS PRINCE ANDREW REALLY LIKE?""

2. **Read Through the Video Subtitles and Content Description:**
   - The subtitles mention specific incidents involving Prince Andrew, such as the discovery of 72 teddy bears on his bed and his behavior towards staff.
   - The content description discusses the role of a Royal Protection Officer, focusing on the protection of the Queen, Prince Philip, and Prince Andrew.
   - The video seems to delve into the personal interactions and behaviors of Prince Andrew, which aligns with the subtitle's question about his personality.

3. **Compare the Thumbnail to the Actual Video Content:**
   - The thumbnail shows a close-up of a man, which is relevant to the video content since it features interviews or discussions about Prince Andrew.
   - However, the text ""WHAT IS PRINCE ANDREW REALLY LIKE?"" suggests a more personal and possibly critical exploration of Prince Andrew's character, which is not explicitly indicated in the video description.

4. **Determine if the Thumbnail Accurately Represents the Video's Main Topic or Content:**
   - While the thumbnail does feature a man who is likely Prince Andrew, the text implies a deeper dive into his personality traits rather than just providing factual information about his role or interactions.
   - The thumbnail does not clearly convey the specific nature of the content, which focuses on security and protection roles rather than a personal critique.

5. **Assess Whether the Thumbnail Uses Exaggeration, False Promises, or Clickbait Tactics:**
   - The thumbnail does not use exaggerated language or false promises.
   - However, the text ""WHAT IS PRINCE ANDREW REALLY LIKE?"" might be considered clickbait as it suggests a more personal and potentially critical exploration of Prince Andrew’s character, which is not necessarily implied by the video content itself.

6. **Categorize the Thumbnail as Either ""Misleading"" or ""Not Misleading"":**
   - Given that the thumbnail does not clearly represent the actual content of the video (which focuses on security roles rather than a personal critique), and the text ""WHAT IS PRINCE ANDREW REALLY LIKE?"" might be misleading by implying a more personal exploration than the video provides, the thumbnail can be categorized as **misleading**.

### Explanation:
The thumbnail is misleading because it suggests a more personal and critical exploration of Prince Andrew’s character, which is not the primary focus of the video content. The text ""WHAT IS PRINCE ANDREW REALLY LIKE?"" implies a deeper dive into his personality traits, which is not evident from the video description. Therefore, the thumbnail misleads viewers by not accurately representing the actual content of the video."
oMjPz0v5wkg,"### Analysis and Categorization:

#### Step 1: Examine the Thumbnail
The thumbnail features a still image of Tom Cruise sitting on a couch next to David Letterman, with the text ""TOM CRUISE'S CRAZY TOP TEN"" prominently displayed. The image suggests a casual and conversational setting, which aligns with the typical format of a late-night talk show.

#### Step 2: Read Through the Subtitles and Content Description
The subtitles indicate that the video is about a segment where Tom Cruise shares a ""Top Ten List"" of the craziest things people say about him on the internet. The content description confirms this, mentioning that the video shows Tom Cruise reading out various internet rumors and jokes about himself.

#### Step 3: Compare the Thumbnail to the Actual Video Content
The thumbnail accurately represents the main topic of the video, which is Tom Cruise discussing a list of internet rumors about himself. The image of Tom Cruise sitting on a couch with David Letterman sets the expectation for a talk show format, which matches the actual content.

#### Step 4: Determine if the Thumbnail Accurately Represents the Video's Main Topic or Content
The thumbnail correctly depicts the core theme of the video, which is Tom Cruise sharing a list of internet rumors about himself. There are no misleading elements in the thumbnail that suggest a different topic or content.

#### Step 5: Assess Whether the Thumbnail Uses Exaggeration, False Promises, or Clickbait Tactics
There is no exaggeration or false promise in the thumbnail. It does not use clickbait tactics by promising something more sensational than what is actually shown in the video.

#### Step 6: Categorize the Thumbnail
Based on the analysis, the thumbnail is accurate and does not contain any misleading elements.

#### Step 7: Provide a Brief Explanation for the Decision
The thumbnail accurately represents the main topic of the video, which is Tom Cruise discussing a list of internet rumors about himself. There are no misleading elements or exaggerated promises in the thumbnail, making it a ""Not Misleading"" thumbnail.

**Final Categorization:** Not Misleading"
OAbIYyJuFfA,"### Analysis:

1. **Examine the thumbnail**: The thumbnail shows a woman sitting on a wicker chair outdoors, with a serene background of trees and natural light. The image is in black and white, giving it a timeless and reflective aesthetic.

2. **Read through the video subtitles and content description**: The subtitles mention themes of time passing quickly, particularly regarding children growing up. The content description emphasizes introspection, connection, and the theme of living in the present moment, which aligns closely with the Calvin Klein watch commercial's message.

3. **Compare the thumbnail to the actual video content**: The thumbnail depicts a calm, reflective scene that matches the overall tone of the video. It captures the essence of the introspective and contemplative mood described in the video content.

4. **Determine if the thumbnail accurately represents the video's main topic or content**: The thumbnail effectively conveys the theme of living in the present moment and the reflective nature of the video. It does not misrepresent the content but rather sets the viewer's expectations appropriately.

5. **Assess whether the thumbnail uses exaggeration, false promises, or clickbait tactics**: There is no indication of exaggeration, false promises, or clickbait tactics in the thumbnail. It accurately reflects the content of the video.

6. **Categorize the thumbnail as either ""Misleading"" or ""Not Misleading""**: Based on the analysis, the thumbnail is not misleading. It accurately represents the reflective and introspective nature of the video content.

7. **Brief explanation for the decision**: The thumbnail effectively captures the mood and theme of the video, which revolves around living in the present moment and the passage of time. It does not mislead viewers about the content or purpose of the video.

**Conclusion**: The thumbnail is **Not Misleading**."
RADMoVY-EMI,"### Analysis of the Thumbnail and Video Content

1. **Examine the thumbnail**: The thumbnail shows a man in a suit standing at a podium with microphones, holding what appears to be an award or ceremonial object. The background features green clover shapes, which might suggest a connection to St. Patrick's Day or Irish culture.

2. **Read the subtitles and content description**: The subtitles indicate that the video is about a ""coronation concert,"" featuring a ""special address"" by ""His Royal Highness the Prince of Wales."" The content describes a celebration involving a large crowd, a speaker delivering an address, and references to the royal family and their contributions to society.

3. **Compare the thumbnail to the actual video content**:
   - The thumbnail depicts a man in a suit, which aligns with the description of a ""royal highness.""
   - However, the presence of green clover shapes in the background suggests a thematic element related to St. Patrick's Day or Irish culture, which is not explicitly mentioned in the video content.
   - The video content focuses on a ""coronation concert"" and a ""special address,"" which are not directly related to St. Patrick's Day themes.

4. **Determine if the thumbnail accurately represents the video's main topic or content**:
   - The thumbnail does not accurately represent the main topic of the video, which is a ""coronation concert"" and a ""special address"" by the Prince of Wales.
   - The green clover shapes in the background are misleading as they suggest a theme that is not present in the video content.

5. **Assess whether the thumbnail uses exaggeration, false promises, or clickbait tactics**:
   - The thumbnail uses misleading imagery by suggesting a connection to St. Patrick's Day, which is not evident in the video content.
   - There is no exaggeration or false promises in the thumbnail; it simply misleads viewers into expecting a different theme than what is actually presented.

6. **Categorize the thumbnail as either ""Misleading"" or ""Not Misleading""**:
   - Based on the analysis, the thumbnail is misleading because it suggests a connection to St. Patrick's Day themes that are not present in the video content.

### Final Decision
The thumbnail is **Misleading** because it uses imagery that suggests a connection to St. Patrick's Day themes, which are not present in the video content about a ""coronation concert"" and a ""special address"" by the Prince of Wales."
3jL6LlUL5wE,"### Analysis:

1. **Examine the thumbnail**: The thumbnail shows a close-up view of a lighthouse with the text ""I Live Here"" overlaid, suggesting that the video is about someone living in a lighthouse.
   
2. **Read the subtitles and content description**: The subtitles indicate that the video is about a person named Sheila Consaul who purchased and renovated a lighthouse in Fairport Harbor, Ohio. The video describes her experience living in the lighthouse, including the challenges she faced due to its remote location and lack of utilities.

3. **Compare the thumbnail to the actual video content**:
   - The thumbnail suggests that the video is primarily about living in a lighthouse.
   - The subtitles and content description confirm that the video is indeed about Sheila Consaul's experience living in the lighthouse, including the challenges she faces.

4. **Determine if the thumbnail accurately represents the video's main topic or content**:
   - The thumbnail accurately represents the main topic of the video, which is about living in a lighthouse.
   - The subtitles and content description support this, as they describe the experience of living in the lighthouse.

5. **Assess whether the thumbnail uses exaggeration, false promises, or clickbait tactics**:
   - The thumbnail does not use any exaggerated claims or false promises.
   - It accurately reflects the content described in the subtitles and the video description.

6. **Categorize the thumbnail**:
   - Since the thumbnail accurately represents the main topic and content of the video, it is not misleading.

### Conclusion:
The thumbnail is **Not Misleading**. It accurately represents the main topic of the video, which is about living in a lighthouse, as described in the subtitles and the content description."
OYZ6zC2wV2M,"### Analysis:

1. **Examine the Thumbnail**: The thumbnail shows a group of military personnel in formal uniforms standing at attention, facing a senior royal figure who is dressed in a dark coat. The setting appears to be outdoors near a grand building, which could be Windsor Castle.

2. **Read Through the Subtitles and Content Description**: Since there are no subtitles, we rely on the video description for context. The description confirms that it is a formal royal event involving the British monarchy, with interactions between the royal figure and military personnel.

3. **Compare the Thumbnail to Actual Video Content**: The thumbnail accurately depicts the scene described in the video description. It shows a senior royal figure being greeted by military personnel in uniform, which aligns with the opening scenes of the video.

4. **Determine Accuracy Representation**: The thumbnail correctly represents the main topic of the video, which is a formal royal event involving the British monarchy. It captures the essence of the interaction between the royal figure and the military personnel.

5. **Assess for Exaggeration, False Promises, or Clickbait Tactics**: There are no elements in the thumbnail that suggest exaggeration, false promises, or clickbait tactics. It simply presents a factual depiction of the event.

6. **Categorize the Thumbnail**: Based on the analysis, the thumbnail does not contain any misleading elements. It accurately represents the content of the video.

7. **Explanation**: The thumbnail effectively communicates the nature of the event depicted in the video without any misleading elements. It accurately portrays the interaction between the royal figure and the military personnel, which is the central theme of the video.

**Conclusion**: The thumbnail is **Not Misleading**."
zG3i9UX14Bk,"### Analysis of the YouTube Video Thumbnail and Content

#### Step 1: Examine the thumbnail
The thumbnail shows a group of five individuals seated in a formal, opulent room resembling Windsor Castle. The setting includes ornate furniture, antique clocks, and lush greenery, suggesting a prestigious environment. The individuals appear to be engaged in a serious discussion, which aligns with the formal atmosphere depicted.

#### Step 2: Read through the video subtitles and content description
The subtitles indicate that the video features interviews with the Prince of Wales, the Princess of Wales, and the Princess Royal. The content description confirms that the video takes place in Windsor Castle and involves a high-profile interview or discussion.

#### Step 3: Compare the thumbnail to the actual video content
The thumbnail accurately depicts the setting and participants mentioned in the subtitles. The formal room, the presence of the individuals identified in the subtitles, and the overall ambiance match the description of the video content.

#### Step 4: Determine if the thumbnail accurately represents the video's main topic or content
The thumbnail correctly represents the main topic of the video, which is an interview involving the Prince of Wales, the Princess of Wales, and the Princess Royal at Windsor Castle.

#### Step 5: Assess whether the thumbnail uses exaggeration, false promises, or clickbait tactics
There are no elements in the thumbnail that suggest exaggeration, false promises, or clickbait tactics. It accurately reflects the content described in the subtitles and video description.

#### Step 6: Categorize the thumbnail as either ""Misleading"" or ""Not Misleading""
Based on the analysis, the thumbnail is **Not Misleading**.

#### Explanation
The thumbnail effectively communicates the key elements of the video—formal setting, high-profile participants, and the location of Windsor Castle. There are no misleading elements or exaggerated claims that misrepresent the content. Therefore, the thumbnail accurately represents the video's main topic and content."
T3bW0dKZ_h8,"### Analysis:

1. **Examine the thumbnail**: The thumbnail shows Prince William and Kate holding a baby, with the text ""William and Kate introduce third child to public.""
   
2. **Read the video content**: The video depicts a couple emerging from a hospital, presenting themselves and their newborn baby to the public. The couple is seen interacting with the crowd, posing for photos, and engaging with the media.

3. **Compare the thumbnail to the video content**:
   - The thumbnail correctly identifies the individuals involved (Prince William and Kate).
   - It accurately describes the event as introducing their third child to the public.
   - The image of the couple holding a baby aligns with the video content.

4. **Determine accuracy**: The thumbnail accurately represents the main topic of the video, which is the introduction of their third child to the public.

5. **Assess for exaggeration, false promises, or clickbait tactics**: There are no elements in the thumbnail that use exaggeration, false promises, or clickbait tactics. It clearly communicates the key points of the event without misleading the viewer.

6. **Categorize the thumbnail**: Based on the analysis, the thumbnail is not misleading.

7. **Explanation**: The thumbnail effectively summarizes the main event depicted in the video without any exaggeration or misleading elements. It accurately conveys the identity of the individuals and the significance of the event, which is the introduction of their third child to the public.

### Conclusion:
The thumbnail is **Not Misleading**."
ApPkdTNbcY8,"### Analysis:

1. **Examine the thumbnail**: The thumbnail shows a young boy in a plaid shirt holding a red spherical object, likely a ball or a globe, on an airplane. The boy looks curious and intrigued. There is no indication of any interaction with an adult passenger or any playful activities depicted.

2. **Read through the video subtitles and content description**: The subtitles suggest a conversation about ice cream, which does not align with the playful interactions described in the video content. The video content describes a series of playful interactions involving various objects such as balls, cards, and balloon animals, which are not mentioned in the subtitles.

3. **Compare the thumbnail to the actual video content**: The thumbnail does not accurately represent the video's main topic or content. It shows a static image of a boy on an airplane without any indication of the playful interactions described in the video.

4. **Determine if the thumbnail accurately represents the video's main topic or content**: The thumbnail fails to capture the essence of the video, which revolves around playful interactions and entertainment during the flight.

5. **Assess whether the thumbnail uses exaggeration, false promises, or clickbait tactics**: The thumbnail does not use exaggeration, false promises, or clickbait tactics; it simply fails to represent the actual content of the video.

6. **Categorize the thumbnail as either ""Misleading"" or ""Not Misleading""**: Given that the thumbnail does not accurately represent the video's content and fails to convey the playful and interactive nature of the video, it is misleading.

7. **Brief explanation for the decision**: The thumbnail depicts a static image of a boy on an airplane, which does not reflect the dynamic and playful interactions shown in the video. This misrepresents the main theme of the video, making it misleading.

**Conclusion**: The thumbnail is **Misleading**."
9bI6h_9K4s0,"### Analysis:

1. **Examine the thumbnail**: The thumbnail shows a scene where a young woman is holding a sword to the throat of a man in armor, suggesting a confrontational or threatening situation.
   
2. **Read the subtitles and content description**: The subtitles indicate a training session between Brienne and Podrick, where they are practicing swordsmanship. The content description describes a tense, snowy courtyard scene with Brienne and Podrick engaging in a duel or training exercise.

3. **Compare the thumbnail to the actual video content**:
   - The thumbnail depicts a confrontational scene with a sword pointed at someone’s throat.
   - The video content shows Brienne and Podrick practicing swordsmanship, which is a much calmer and less threatening activity.

4. **Determine if the thumbnail accurately represents the video's main topic or content**:
   - The thumbnail does not accurately represent the actual content of the video, which focuses on a training session rather than a confrontation.

5. **Assess whether the thumbnail uses exaggeration, false promises, or clickbait tactics**:
   - The thumbnail uses exaggerated imagery to suggest a more intense and dangerous scenario than what is actually depicted in the video.

6. **Categorize the thumbnail as either ""Misleading"" or ""Not Misleading""**:
   - The thumbnail is misleading because it suggests a more intense and confrontational scene than what the video actually portrays.

7. **Explanation for the decision**:
   - The thumbnail creates a false impression by showing a sword pointed at someone’s throat, which is not reflective of the actual content of the video. The video is a training session between Brienne and Podrick, which is a much calmer and less threatening activity. Therefore, the thumbnail is misleading.

### Conclusion:
The thumbnail is **misleading** because it suggests a more intense and confrontational scene than what the video actually portrays."
5kJ9NfYwlcI,"### Analysis:

1. **Examine the Thumbnail:**
   - The thumbnail shows a man in a formal setting, likely an outdoor location with greenery and a body of water in the background.
   - The logo ""London Comment"" is visible, which suggests that the content is related to a news commentary or interview program.

2. **Read Through the Video Subtitles and Content Description:**
   - The subtitles discuss a news story about the Queen of England and her corgi dogs, mentioning events such as a state visit to Buckingham Palace and the behavior of the dogs.
   - The content description confirms that the video is part of a news commentary or interview program titled ""London Comment"" on CBS News, focusing on a specific news topic involving the Queen and her corgi dogs.

3. **Compare the Thumbnail to the Actual Video Content:**
   - The thumbnail depicts a formal setting, which aligns with the professional tone suggested by the ""London Comment"" logo.
   - The content of the video, however, focuses on a specific news story about the Queen and her corgi dogs, which is quite different from the general news commentary or interview format implied by the thumbnail.

4. **Determine if the Thumbnail Accurately Represents the Video's Main Topic or Content:**
   - The thumbnail does not accurately represent the main topic of the video, which is a specific news story about the Queen and her corgi dogs.
   - The thumbnail suggests a broader news commentary or interview program, which is misleading because the video content is focused on a single news story.

5. **Assess Whether the Thumbnail Uses Exaggeration, False Promises, or Clickbait Tactics:**
   - The thumbnail does not use exaggeration, false promises, or clickbait tactics; it simply misrepresents the content of the video.
   - The thumbnail implies a general news program, whereas the video content is specifically about a single news story.

6. **Categorize the Thumbnail as Either ""Misleading"" or ""Not Misleading"":**
   - Based on the analysis, the thumbnail is misleading.

7. **Brief Explanation for the Decision:**
   - The thumbnail suggests a general news commentary or interview program, which is not accurate for the video content. The video is specifically about a news story involving the Queen and her corgi dogs, which is a departure from the typical format implied by the thumbnail. Therefore, the thumbnail is misleading.

**Final Category:** Misleading"
YxGWU4JibVk,"### Analysis:

1. **Examine the Thumbnail**: The thumbnail shows a person in a sports uniform standing on a field, pointing upwards with their index finger. There is no indication of the specific activities or setting depicted in the video.

2. **Read Through the Subtitles and Content Description**: The subtitles appear to be random phrases and do not provide any context related to the video content. The content description outlines a comprehensive training regimen that includes various indoor and outdoor activities, such as agility drills, balance exercises, cardio, and field work.

3. **Compare the Thumbnail to the Actual Video Content**: The thumbnail does not accurately represent the video's main topics or content. It does not depict any of the activities mentioned in the video description, such as agility drills, balance exercises, or field work.

4. **Determine Accuracy Representation**: The thumbnail fails to represent the diverse range of activities shown in the video. It suggests a general sports-related activity but does not convey the specific focus on training routines and the comprehensive nature of the athlete's preparation regimen.

5. **Assess for Exaggeration, False Promises, or Clickbait Tactics**: The thumbnail does not use exaggerated language or false promises. However, it does not accurately reflect the detailed and varied content of the video.

6. **Categorize the Thumbnail**: Given that the thumbnail does not accurately represent the video's main topics or content, it can be considered misleading.

7. **Explanation**: The thumbnail fails to provide a clear and accurate representation of the video's content. It does not indicate the specific activities or the comprehensive nature of the training regimen described in the video. Therefore, the thumbnail is misleading.

**Final Decision**: The thumbnail is **Misleading**."
CISeEFTsgDA,"### Analysis of the Thumbnail and Video Content

#### Step 1: Examine the Thumbnail
The thumbnail features a serene image of a wilderness setting with mountains, forests, and a waterfall in the background. In the foreground, there are people canoeing on a lake. The word ""INDIGENOUS"" is prominently displayed in bold letters at the top of the image.

#### Step 2: Read Through the Video Subtitles and Content Description
The video content describes the importance of water and canoeing in Indigenous cultures in Canada. It highlights the diversity of Indigenous groups such as Algonquin, Cree, and others, and explains the differences between terms like ""indigenous,"" ""aboriginal,"" ""native,"" and ""Indian."" The video also mentions the three main groups of Indigenous peoples in Canada: First Nations, Métis, and Inuit.

#### Step 3: Compare the Thumbnail to the Actual Video Content
The thumbnail effectively captures the essence of the video content, which revolves around Indigenous cultures in Canada, particularly focusing on canoeing and the natural environment. The image of people canoeing aligns well with the video's emphasis on water activities and Indigenous traditions.

#### Step 4: Determine if the Thumbnail Accurately Represents the Video's Main Topic or Content
The thumbnail accurately represents the main topic of the video, which is the exploration of Indigenous cultures in Canada, specifically their connection to nature and water activities like canoeing.

#### Step 5: Assess Whether the Thumbnail Uses Exaggeration, False Promises, or Clickbait Tactics
There are no exaggerated claims or false promises in the thumbnail. It simply presents a visually appealing image that matches the content of the video.

#### Step 6: Categorize the Thumbnail as Either ""Misleading"" or ""Not Misleading""
Based on the analysis, the thumbnail is **Not Misleading**.

#### Explanation
The thumbnail effectively communicates the theme of the video without any misleading elements. It accurately reflects the content of the video, which focuses on Indigenous cultures in Canada, particularly their connection to nature and water activities. The image of people canoeing on a lake directly relates to the video's main theme and does not mislead viewers into expecting content that is not present."
S0A6jXH27yI,"### Analysis and Categorization:

#### Step 1: Examine the Thumbnail
The thumbnail shows two images:
1. A player in a Manchester City away kit celebrating with both fists raised.
2. The same player in a different setting, possibly an interview, wearing a bright yellow vest and smiling.

#### Step 2: Read Through the Video Subtitles and Content Description
Since there are no subtitles, we rely on the video description for context.

#### Step 3: Compare the Thumbnail to the Actual Video Content
The thumbnail depicts a celebratory moment and an interview setting, which aligns closely with the content described in the video. The player is shown in both a celebratory pose and during an interview, which matches the scenes described in the video.

#### Step 4: Determine if the Thumbnail Accurately Represents the Video's Main Topic or Content
The thumbnail accurately represents the main topics discussed in the video: a post-match celebration and an interview with the player. It captures the essence of the content without exaggeration or misleading elements.

#### Step 5: Assess Whether the Thumbnail Uses Exaggeration, False Promises, or Clickbait Tactics
There are no exaggerated elements or false promises in the thumbnail. It simply shows the player in two different contexts related to the match.

#### Step 6: Categorize the Thumbnail
Based on the analysis, the thumbnail does not use any misleading tactics. It accurately reflects the content of the video.

#### Step 7: Provide a Brief Explanation for the Decision
The thumbnail effectively communicates the key elements of the video—post-match celebration and player interview—without any misleading or exaggerated elements. Therefore, the thumbnail is **Not Misleading**."
nrcrGIf0M98,"### Analysis:

1. **Examine the Thumbnail**:
   - The thumbnail shows three individuals, two of whom appear to be a couple, with one person wearing sunglasses and dreadlocks, which aligns with the description of the musician mentioned in the video content.

2. **Read Through the Subtitles and Content Description**:
   - The subtitles mention Lisa Benet and Lenny, indicating a discussion about their relationship and Lenny's 60th birthday celebration.
   - The content description confirms that the video features various moments of the musician, including public appearances, interviews, and personal content, with a focus on their career and personal life.

3. **Compare the Thumbnail to the Actual Video Content**:
   - The thumbnail accurately depicts the individuals mentioned in the subtitles and the content description.
   - The presence of dreadlocks and sunglasses matches the description of the musician.

4. **Determine if the Thumbnail Accurately Represents the Video's Main Topic or Content**:
   - The thumbnail effectively represents the main topic of the video, which revolves around the musician's life, career, and personal relationships.

5. **Assess Whether the Thumbnail Uses Exaggeration, False Promises, or Clickbait Tactics**:
   - There is no indication of exaggeration, false promises, or clickbait tactics in the thumbnail.

6. **Categorize the Thumbnail**:
   - The thumbnail is not misleading because it accurately reflects the content described in the video.

### Conclusion:
The thumbnail is **Not Misleading**. It accurately represents the main topic and content of the video, which focuses on the musician's life, career, and personal relationships."
TRGHIN2PGIA,"### Analysis of the Thumbnail and Video Content

#### Step 1: Examine the Thumbnail
The thumbnail shows a split image. On the left, there is a photo of a man with long hair and a beard, presumably the actor mentioned in the video description. On the right, there is a scene from the movie *American Psycho*, featuring a character in a headset, which is associated with the film's intense and dark themes.

#### Step 2: Read Through the Video Subtitles and Content Description
The video content primarily consists of an interview with the actor, interspersed with clips from various films. The actor discusses his experiences and insights into his roles, particularly referencing *American Psycho*. The clips shown are from different movies, including *American Psycho*.

#### Step 3: Compare the Thumbnail to the Actual Video Content
The thumbnail prominently features a scene from *American Psycho*, which is a film known for its intense and dark themes. However, the video content itself does not focus on *American Psycho*; instead, it is an interview with the actor discussing his career and roles, with clips from various films shown intermittently.

#### Step 4: Determine if the Thumbnail Accurately Represents the Video's Main Topic or Content
The thumbnail suggests that the video is primarily about *American Psycho*, which is not the case. The video is an interview with the actor, discussing his career and roles, with some clips from different films shown.

#### Step 5: Assess Whether the Thumbnail Uses Exaggeration, False Promises, or Clickbait Tactics
The thumbnail uses a scene from *American Psycho* to suggest that the video is about the film, which is misleading because the video is an interview with the actor discussing his career and roles.

#### Step 6: Categorize the Thumbnail as Either ""Misleading"" or ""Not Misleading""
The thumbnail is **misleading** because it suggests that the video is primarily about *American Psycho*, which is not the case. It misleads viewers into expecting a discussion about the film when the video is actually an interview with the actor.

#### Explanation
The thumbnail uses a scene from *American Psycho* to attract attention, which is misleading because the video content is an interview with the actor discussing his career and roles, with clips from various films shown intermittently. This creates a false expectation for the viewer, leading to potential disappointment upon watching the video."
UFBZ_uAbxS0,"### Analysis:

1. **Examine the thumbnail**: The thumbnail shows a person sitting indoors, wearing a dark turtleneck sweater, in what appears to be a formal or professional setting. The background includes bookshelves and a lamp, suggesting an intellectual or sophisticated environment.

2. **Read through the video subtitles and content description**: The subtitles are not available, but the content description indicates that the video features an interview or documentary-style segment with a well-known actor discussing a meaningful and personal topic.

3. **Compare the thumbnail to the actual video content**: The thumbnail depicts a scene that aligns closely with the described setting and atmosphere of the video. It shows a person in a formal indoor setting, which matches the description of the interview or documentary segment.

4. **Determine if the thumbnail accurately represents the video's main topic or content**: The thumbnail accurately represents the setting and mood of the video, which is an interview or documentary segment with a serious and thoughtful tone.

5. **Assess whether the thumbnail uses exaggeration, false promises, or clickbait tactics**: There are no elements in the thumbnail that suggest exaggeration, false promises, or clickbait tactics. The image is straightforward and representative of the content.

6. **Categorize the thumbnail as either ""Misleading"" or ""Not Misleading""**: Based on the analysis, the thumbnail does not mislead viewers about the content of the video. It accurately reflects the setting and tone of the interview or documentary segment.

7. **Provide a brief explanation for your decision**: The thumbnail accurately portrays the setting and mood of the video, which is an interview or documentary segment with a serious and thoughtful tone. There are no misleading elements present in the thumbnail.

**Conclusion**: The thumbnail is **Not Misleading**."
o88is6MRXko,"### Analysis of the Thumbnail and Video Content

#### Step 1: Examine the Thumbnail
The thumbnail features a blonde soccer player with a distinctive hairstyle, wearing a Manchester City jersey. The text ""Saturday Social"" is prominently displayed, along with a search bar containing questions related to Erling Haaland, such as ""Could Erling Haaland have played for England?"" and ""Is Erling Haaland better than his dad?""

#### Step 2: Read Through the Video Subtitles and Content Description
The video content includes interviews with a soccer player (likely Erling Haaland) discussing various topics related to his career, personal life, and achievements. The questions posed in the search bar on the thumbnail align closely with the content discussed in the video.

#### Step 3: Compare the Thumbnail to the Actual Video Content
The thumbnail accurately represents the main topic of the video, which revolves around Erling Haaland and his career. The questions listed in the search bar are directly addressed in the video content.

#### Step 4: Determine if the Thumbnail Accurately Represents the Video's Main Topic or Content
The thumbnail effectively captures the essence of the video, which is an interview with Erling Haaland discussing various aspects of his life and career.

#### Step 5: Assess Whether the Thumbnail Uses Exaggeration, False Promises, or Clickbait Tactics
There are no exaggerated claims or false promises in the thumbnail. The questions listed are genuine and relate directly to the content of the video.

#### Step 6: Categorize the Thumbnail as Either ""Misleading"" or ""Not Misleading""
The thumbnail is not misleading. It accurately reflects the content of the video and the topics discussed.

#### Step 7: Provide a Brief Explanation for Your Decision
The thumbnail correctly represents the main topic of the video, which is an interview with Erling Haaland discussing various aspects of his life and career. The questions listed in the search bar match the content discussed in the video, ensuring that viewers understand the nature of the content they are about to watch. Therefore, the thumbnail is not misleading."
CqRJ7Eag18c,"### Analysis:

1. **Examine the thumbnail**: The thumbnail shows three children sitting at a table indoors. One child is wearing a blindfold, and another is looking at a plate. The setting appears to be a casual indoor environment, likely a home.

2. **Read through the video subtitles and content description**: The subtitles include phrases like ""united by a kiss,"" ""Let the party come,"" ""Feliz,"" ""Happy you,"" ""We wish,"" and ""all."" These suggest themes of celebration, joy, and possibly a birthday party.

3. **Compare the thumbnail to the actual video content**:
   - The thumbnail depicts children in a casual setting, which aligns with the idea of a family gathering or celebration.
   - However, the specific action of one child being blindfolded and the presence of a plate suggest a game or activity rather than a formal celebration.

4. **Determine if the thumbnail accurately represents the video's main topic or content**:
   - The thumbnail does not clearly indicate that this is a birthday celebration or a formal gathering. It suggests a more casual, playful activity involving children.

5. **Assess whether the thumbnail uses exaggeration, false promises, or clickbait tactics**:
   - The thumbnail does not use exaggerated visuals or false promises. It simply shows children in a setting that could be part of a celebration but does not explicitly convey the nature of the event.

6. **Categorize the thumbnail as either ""Misleading"" or ""Not Misleading""**:
   - Given that the thumbnail does not clearly depict a birthday celebration or a formal gathering, it can be considered misleading because it does not accurately represent the main topic of the video.

7. **Brief explanation for the decision**:
   - The thumbnail shows children in a setting that could be part of a celebration but does not explicitly convey the nature of the event. While the video content includes elements of a birthday celebration, the thumbnail does not provide enough context to accurately represent the main topic of the video.

### Conclusion:
The thumbnail is **misleading** because it does not clearly depict the main topic of the video, which is a birthday celebration."
TzNCqZsFdKE,"### Analysis:

1. **Examine the Thumbnail**: The thumbnail shows a man in a suit interacting with individuals in uniform under a tent-like structure. The setting appears to be outdoors, possibly near a vehicle, which aligns with the description of a distribution center or similar facility.

2. **Read Through the Subtitles and Content Description**: Since subtitles are not available, we rely on the video description for context.

3. **Compare the Thumbnail to the Actual Video Content**:
   - The thumbnail depicts a formal interaction between a man in a suit and individuals in uniform, which matches the initial part of the video where the royal figure is engaging with staff.
   - However, the thumbnail does not show any signs of chaos or medical assistance, which are prominent elements in the latter parts of the video.

4. **Determine Accuracy Representation**: The thumbnail accurately represents the initial part of the video but fails to convey the subsequent events involving the fainting incident and the unveiling ceremony.

5. **Assess for Exaggeration, False Promises, or Clickbait Tactics**: The thumbnail does not use exaggerated visuals or false promises. It simply presents a scene that is partially accurate but lacks the full context of the unfolding events.

6. **Categorize the Thumbnail**: Given that the thumbnail only captures a small portion of the video's content and does not reflect the entire sequence of events, it can be considered misleading.

7. **Explanation**: The thumbnail provides a snapshot of the beginning of the video but does not capture the dramatic and significant events that follow, such as the fainting incident and the unveiling ceremony. This omission misleads viewers into expecting a less eventful or different scenario than what actually unfolds.

### Conclusion:
The thumbnail is **misleading** because it fails to represent the full scope of the video's content, particularly the unexpected events and ceremonial aspects that occur later in the footage."
igmUnkx0fBw,"### Analysis of the Provided Information

#### Step 1: Examine the Thumbnail
The thumbnail features a man with tattoos, smiling, surrounded by various hot sauce bottles. The logo ""HOT ONES"" is prominently displayed, along with the text ""Original"" and ""AIN 100%"". The image suggests a hot sauce tasting challenge.

#### Step 2: Read Through the Video Subtitles and Content Description
The subtitles indicate that the video is part of a show called ""Hot Ones,"" which involves a hot sauce tasting challenge. The video features David Beckham participating in the challenge alongside an interviewer. The content describes the process of tasting increasingly spicy hot sauces, with reactions ranging from enjoyment to discomfort.

#### Step 3: Compare the Thumbnail to the Actual Video Content
The thumbnail accurately represents the main topic of the video, which is a hot sauce tasting challenge. It shows the participant (David Beckham) and the hot sauce bottles, aligning with the content described in the video.

#### Step 4: Determine if the Thumbnail Accurately Represents the Video's Main Topic or Content
The thumbnail effectively conveys the theme of the video, which is a hot sauce tasting challenge. It does not mislead viewers about the nature of the content.

#### Step 5: Assess Whether the Thumbnail Uses Exaggeration, False Promises, or Clickbait Tactics
There is no indication of exaggeration, false promises, or clickbait tactics in the thumbnail. It clearly depicts the context of the video without misleading the viewer.

#### Step 6: Categorize the Thumbnail
Based on the analysis, the thumbnail is not misleading.

#### Step 7: Provide a Brief Explanation for the Decision
The thumbnail accurately represents the content of the video, which is a hot sauce tasting challenge. It does not use any misleading elements or tactics that could mislead viewers about the nature of the video. Therefore, the thumbnail is categorized as ""Not Misleading."""
odhUPMYXpX4,"### Analysis of the Provided Information

#### Step 1: Examine the Thumbnail
The thumbnail shows two young girls dressed in pink tutus and tiaras, holding microphones and appearing to be performing. The setting looks like a stage with a backdrop that includes plants and decorative elements, suggesting a formal performance environment.

#### Step 2: Read Through the Video Subtitles and Content Description
The subtitles indicate that the video features two young girls named Sophia Grace and Rosie, who are being interviewed on ""The Ellen Show."" The girls are described as performing a song, specifically ""Super Bass"" by Nicki Minaj. The video content describes the girls as being interviewed, transitioning to a performance, and engaging with the audience enthusiastically.

#### Step 3: Compare the Thumbnail to the Actual Video Content
- **Thumbnail:** Shows the girls in a performance setting, which aligns with the video content where they are performing.
- **Video Content:** The girls are initially interviewed, then transition to performing a song. The thumbnail captures the performance aspect well, but it does not convey the interview portion.

#### Step 4: Determine if the Thumbnail Accurately Represents the Video's Main Topic or Content
The thumbnail accurately represents the performance aspect of the video, which is a significant part of the content. However, it does not capture the interview segment, which is also a crucial part of the show.

#### Step 5: Assess Whether the Thumbnail Uses Exaggeration, False Promises, or Clickbait Tactics
The thumbnail does not use exaggeration, false promises, or clickbait tactics. It simply shows the girls performing, which is a fair representation of the video content.

#### Step 6: Categorize the Thumbnail as Either ""Misleading"" or ""Not Misleading""
Given that the thumbnail accurately represents the performance aspect of the video but does not capture the interview segment, it can be considered misleading because it does not fully represent the entire content of the video.

#### Step 7: Provide a Brief Explanation for Your Decision
The thumbnail is misleading because it only shows the performance part of the video without indicating the interview segment that precedes the performance. While the performance is a key part of the video, the thumbnail fails to provide a comprehensive view of the entire content, thus misleading viewers about the full nature of the video.

**Final Decision:** Misleading"
nwtZG78DXEY,"### Analysis:

1. **Examine the Thumbnail**:
   - The thumbnail shows a close-up of two individuals dressed formally, one in a yellow outfit and the other in a dark suit with medals.
   - The background includes a large group of people seated in what looks like a grand hall, possibly a cathedral.

2. **Read Through the Video Subtitles and Content Description**:
   - The video content description mentions a royal event at St. Paul's Cathedral, likely the Platinum Jubilee celebrations for Queen Elizabeth II.
   - It describes scenes of arrivals, interactions among attendees, and departures, emphasizing the formal attire and the solemn yet celebratory atmosphere.

3. **Compare the Thumbnail to the Actual Video Content**:
   - The thumbnail shows a close-up of two individuals, which aligns with the video content that focuses on notable guests arriving at the event.
   - However, the thumbnail does not provide any indication of the large gathering or the solemn yet celebratory atmosphere described in the video.

4. **Determine if the Thumbnail Accurately Represents the Video's Main Topic or Content**:
   - While the thumbnail captures a moment involving two individuals, it fails to convey the broader context of the event, such as the large gathering and the overall atmosphere described in the video.

5. **Assess Whether the Thumbnail Uses Exaggeration, False Promises, or Clickbait Tactics**:
   - The thumbnail does not use exaggerated visuals or false promises but rather shows a moment that could be part of the event.
   - However, it lacks the broader context that would give viewers a clear idea of the event's scale and the type of content they can expect.

6. **Categorize the Thumbnail as Either ""Misleading"" or ""Not Misleading""**:
   - Given that the thumbnail only shows a small portion of the event without providing a comprehensive view of the gathering and the overall atmosphere, it can be considered misleading.

7. **Brief Explanation for the Decision**:
   - The thumbnail focuses on a close-up of two individuals, which might mislead viewers into expecting a video that primarily centers around these two individuals rather than the broader event and its atmosphere. It fails to convey the scale and the celebratory nature of the event depicted in the video description.

### Conclusion:
The thumbnail is **misleading** because it does not accurately represent the main topic or content of the video, failing to convey the large gathering and the solemn yet celebratory atmosphere of the event."
SVaBrM8pRak,"### Analysis:

1. **Examine the Thumbnail**:
   - The thumbnail features two players in yellow jerseys, suggesting they are from Crystal Palace.
   - The text indicates it is a Premier League match between Chelsea and Crystal Palace, ending in a 1-1 draw.
   - The logo for Sky Sports is present, indicating the broadcast platform.

2. **Read Through the Video Content Description**:
   - The video showcases a match between Chelsea and Crystal Palace.
   - It includes various scenes of gameplay, including tackling, goalkeeping, and set pieces.
   - The video captures the intensity and excitement of the match.

3. **Compare the Thumbnail to the Actual Video Content**:
   - The thumbnail shows players in yellow jerseys, which aligns with Crystal Palace.
   - The score mentioned in the thumbnail (1-1) matches the final score described in the video content.
   - The Premier League branding and Sky Sports logo are consistent with the match being covered.

4. **Determine Accuracy**:
   - The thumbnail accurately represents the teams involved (Chelsea vs. Crystal Palace).
   - The score and league context are correctly depicted.
   - There are no exaggerated elements or misleading claims.

5. **Assess for Exaggeration, False Promises, or Clickbait Tactics**:
   - The thumbnail does not use any exaggerated visuals or text that might mislead viewers.
   - There are no false promises or clickbait tactics evident.

6. **Categorize the Thumbnail**:
   - Based on the analysis, the thumbnail accurately represents the content of the video.

7. **Explanation**:
   - The thumbnail effectively communicates the key elements of the video: the teams playing, the league, and the outcome of the match.
   - There are no misleading elements or exaggerations that could mislead viewers into expecting something different from what the video delivers.

### Conclusion:
The thumbnail is **Not Misleading**. It accurately represents the content of the video, providing clear and relevant information about the match without any misleading elements."
9u0RjKKsPaU,"### Analysis and Categorization:

#### Step 1: Examine the Thumbnail
The thumbnail shows a group of armed security personnel standing on a road in a desert-like environment. The individuals appear to be in a state of readiness, holding weapons and looking alert. The presence of police vehicles with flashing lights further suggests a high-security situation.

#### Step 2: Read Through the Subtitles and Content Description
The subtitles mention a specific location (""Jordan Valley"") and a person named ""Marj Ibn Amer."" The content description describes a tense security situation at a checkpoint or border area, involving armed personnel, civilian vehicles, and a mix of interactions between security forces and civilians.

#### Step 3: Compare the Thumbnail to the Actual Video Content
The thumbnail accurately depicts the setting and the presence of armed security personnel, which aligns with the video content. However, the thumbnail does not explicitly convey the specific details mentioned in the subtitles (e.g., the location ""Jordan Valley,"" the individual ""Marj Ibn Amer"").

#### Step 4: Determine if the Thumbnail Accurately Represents the Video's Main Topic or Content
While the thumbnail effectively captures the essence of a high-security situation, it lacks the specific context provided in the subtitles and the detailed narrative of the video content. The thumbnail does not provide enough information to fully understand the specific incident being described.

#### Step 5: Assess Whether the Thumbnail Uses Exaggeration, False Promises, or Clickbait Tactics
The thumbnail does not use exaggerated imagery or false promises. It simply presents a realistic depiction of a security situation, which is consistent with the video content.

#### Step 6: Categorize the Thumbnail
Based on the analysis, the thumbnail is **Not Misleading** because it accurately represents the general setting and mood of the video but fails to convey the specific details mentioned in the subtitles.

#### Explanation:
The thumbnail effectively sets the scene for a high-security situation, which matches the overall tone and atmosphere of the video. However, it does not provide the viewer with the specific context or details mentioned in the subtitles, such as the location and the individual involved. While this omission does not mislead viewers into expecting something entirely different, it could potentially lead to confusion about the exact nature of the incident being depicted. Therefore, while not misleading, the thumbnail could be improved to better reflect the specific elements mentioned in the subtitles."
RXo7w9uhSQ0,"### Analysis of the Thumbnail and Video Content

#### Step 1: Examine the Thumbnail
The thumbnail shows a man sitting in a chair, wearing a blue shirt, with a framed photograph of another person in the background. The setting appears to be a cozy, domestic interior with decorative items like plates and flowers.

#### Step 2: Read Through the Video Subtitles and Content Description
The subtitles indicate that the video is an interview discussing environmental issues, specifically climate change and community conservation efforts. The speaker expresses a desire to create positive energy around environmental challenges and mentions the ""Earth Shot"" initiative, which aims to galvanize solutions for environmental problems.

#### Step 3: Compare the Thumbnail to the Actual Video Content
The thumbnail depicts a casual, domestic setting, which aligns with the description of the interview being conducted in a home-like environment. However, the content of the video focuses on a serious discussion about environmental issues, which is not immediately apparent from the thumbnail.

#### Step 4: Determine if the Thumbnail Accurately Represents the Video's Main Topic or Content
While the setting in the thumbnail matches the described interview setting, the content of the video is about a serious discussion on environmental issues rather than a casual conversation. The thumbnail does not effectively convey the gravity and seriousness of the topic discussed in the video.

#### Step 5: Assess Whether the Thumbnail Uses Exaggeration, False Promises, or Clickbait Tactics
The thumbnail does not use any exaggerated elements or false promises. It simply shows a man in a relaxed setting, which could be misleading as it does not reflect the serious tone of the discussion about environmental issues.

#### Step 6: Categorize the Thumbnail as Either ""Misleading"" or ""Not Misleading""
Based on the analysis, the thumbnail is misleading because it does not accurately represent the serious and substantive content of the video.

#### Explanation for Decision
The thumbnail shows a casual, domestic setting, which may give viewers the impression that the video is a light-hearted or informal discussion. In contrast, the video content is a serious interview about environmental issues, which requires a more formal and focused presentation. Therefore, the thumbnail misleads viewers about the nature and seriousness of the content."
V7b_kGNQF90,"### Analysis and Categorization:

#### Step 1: Examine the Thumbnail
The thumbnail features a player in a red and white jersey celebrating a goal. The text ""HARRY KANE 2024"" is prominently displayed, suggesting that the video focuses on Harry Kane's performances in the year 2024.

#### Step 2: Read Through the Video Subtitles and Content Description
Since there are no subtitles, we rely on the video content description provided. The video is described as a compilation of soccer highlights featuring various matches and players, with a focus on Harry Kane's performance.

#### Step 3: Compare the Thumbnail to the Actual Video Content
The thumbnail depicts a specific moment where Harry Kane is celebrating a goal. The video content, however, is a broader compilation of soccer highlights featuring multiple players across different matches, not just focusing on one player's performance in 2024.

#### Step 4: Determine if the Thumbnail Accurately Represents the Video's Main Topic or Content
The thumbnail suggests that the video is a focused highlight reel of Harry Kane's performances in 2024. However, the video content is a general compilation of soccer highlights featuring multiple players and matches, which does not align with the specific focus implied by the thumbnail.

#### Step 5: Assess Whether the Thumbnail Uses Exaggeration, False Promises, or Clickbait Tactics
The thumbnail uses a specific image and text to suggest a very targeted and exclusive content piece (a 2024 highlight reel of Harry Kane). This can be seen as misleading because the video content is much broader and does not specifically focus on 2024 performances.

#### Step 6: Categorize the Thumbnail
Based on the analysis, the thumbnail is misleading because it implies a specific focus on Harry Kane's 2024 performances when the video content is a general compilation of soccer highlights featuring multiple players and matches.

#### Explanation:
The thumbnail creates an expectation that the video will be a dedicated highlight reel of Harry Kane's 2024 performances, which is not what the video content delivers. It misleads viewers into thinking they will see a comprehensive look at Kane's 2024 season when the video is actually a broader compilation of soccer highlights."
lBvix8cJ_zc,"### Analysis and Conclusion:

#### Step 1: Examine the Thumbnail
The thumbnail shows three individuals sitting on a couch in a formal setting, likely a living room. The individuals appear to be engaged in a conversation, with one person gesturing as if explaining something. The setting suggests a formal interview or discussion, which aligns with the content described in the video.

#### Step 2: Read Through the Video Subtitles and Content Description
The subtitles indicate that the video includes interviews and casual conversations involving members of the British royal family and celebrities. The content revolves around discussions about the Prince's Trust, its impact on young people, and the personal experiences of the individuals involved.

#### Step 3: Compare the Thumbnail to the Actual Video Content
The thumbnail depicts a formal interview setting, which matches the description of the video content. The individuals in the thumbnail are seated in a manner consistent with the formal living room setting described in the video.

#### Step 4: Determine if the Thumbnail Accurately Represents the Video's Main Topic or Content
The thumbnail accurately represents the formal interview setting and the topic of the Prince's Trust discussed in the video. There are no elements in the thumbnail that suggest misleading content.

#### Step 5: Assess Whether the Thumbnail Uses Exaggeration, False Promises, or Clickbait Tactics
There are no exaggerated elements or false promises in the thumbnail. It simply depicts a formal interview setting, which is consistent with the content described in the video.

#### Step 6: Categorize the Thumbnail as Either ""Misleading"" or ""Not Misleading""
Based on the analysis, the thumbnail does not use exaggeration, false promises, or clickbait tactics. It accurately represents the formal interview setting and the topic discussed in the video.

#### Step 7: Provide a Brief Explanation for Your Decision
The thumbnail accurately reflects the formal interview setting and the topic of the Prince's Trust discussed in the video. There are no misleading elements or exaggerated claims present in the thumbnail. Therefore, the thumbnail is categorized as ""Not Misleading.""

### Final Answer:
The thumbnail is **Not Misleading**."
HNwoRxZzbjM,"### Analysis:

1. **Examine the thumbnail**: The thumbnail features a still image of Amber Heard on a talk show set, specifically ""The Tonight Show Starring Jimmy Fallon."" The image includes the show's logo and the name ""Amber Heard.""

2. **Read through the video content**: The video content describes a late-night talk show interview where the host (Jimmy Fallon) is interviewing a young blonde woman (Amber Heard). The interview involves discussions about a magazine cover, animated conversation, and a transition to include another male guest. The atmosphere is described as light-hearted and entertaining.

3. **Compare the thumbnail to the actual video content**:
   - The thumbnail correctly identifies the show (""The Tonight Show"") and the guest (""Amber Heard"").
   - The setting matches the talk show environment depicted in the video.
   - The content of the interview, including the discussion about a magazine cover and the presence of another guest, is not explicitly shown in the thumbnail but is implied by the context of the video.

4. **Determine accuracy representation**: The thumbnail accurately represents the main topic of the video, which is an interview on a late-night talk show involving Amber Heard.

5. **Assess for exaggeration, false promises, or clickbait tactics**: There are no elements in the thumbnail that suggest exaggeration, false promises, or clickbait tactics. It clearly indicates the show and the guest without any misleading claims.

6. **Categorize the thumbnail**: Based on the analysis, the thumbnail is not misleading.

7. **Explanation**: The thumbnail accurately reflects the content of the video by identifying the show and the guest. It does not use any exaggerated claims or misleading elements. Therefore, it is categorized as ""Not Misleading.""

### Final Decision:
**Not Misleading**

**Explanation**: The thumbnail accurately represents the show and the guest involved in the video content without any misleading elements."
quGTvp_S6ns,"### Analysis of the Provided Information

#### Step 1: Examine the Thumbnail
The thumbnail shows a man speaking into a microphone, with the Premier League logo prominently displayed. The image suggests that the video is related to Premier League football coverage.

#### Step 2: Read Through the Video Subtitles and Content Description
The subtitles indicate that the video features a post-match interview with Unai Emery, the manager of Aston Villa. The content description mentions scenes of Premier League football coverage, including interviews, expert discussions, and studio promotions.

#### Step 3: Compare the Thumbnail to the Actual Video Content
The thumbnail depicts a man speaking into a microphone, which aligns with the content described in the video subtitles. The Premier League branding on the thumbnail matches the theme of the video content.

#### Step 4: Determine if the Thumbnail Accurately Represents the Video's Main Topic or Content
The thumbnail accurately represents the main topic of the video, which is Premier League football coverage, including interviews and expert discussions.

#### Step 5: Assess Whether the Thumbnail Uses Exaggeration, False Promises, or Clickbait Tactics
There are no elements in the thumbnail that suggest exaggeration, false promises, or clickbait tactics. The thumbnail is straightforward and informative.

#### Step 6: Categorize the Thumbnail as Either ""Misleading"" or ""Not Misleading""
Based on the analysis, the thumbnail does not contain any misleading elements. It accurately represents the content of the video.

#### Step 7: Provide a Brief Explanation for Your Decision
The thumbnail accurately reflects the content of the video, which includes interviews and expert discussions related to Premier League football. There are no misleading elements or exaggerated claims in the thumbnail.

**Conclusion:** The thumbnail is **Not Misleading**."
mkWEFpSzDuQ,"### Analysis and Categorization:

#### Step 1: Examine the Thumbnail
The thumbnail features Prince Harry and Meghan Markle smiling together, with the text overlay reading ""HARRY TO 'RECEIVE MILLIONS'"". 

#### Step 2: Read Through the Video Content Description
The video content describes a comprehensive overview of a royal inheritance situation involving Prince Harry and the royal family. It includes historical and recent footage, discussions about the distribution of funds, and the structure of the trust established by the late Queen Mother.

#### Step 3: Compare the Thumbnail to the Actual Video Content
The thumbnail prominently features Prince Harry and Meghan Markle, which aligns with the video content as they are central figures in the narrative. However, the text ""HARRY TO 'RECEIVE MILLIONS'"" suggests a specific focus on Prince Harry receiving a significant inheritance amount.

#### Step 4: Determine Accuracy Representation
While the thumbnail correctly identifies Prince Harry as a key figure in the video, the claim of receiving ""millions"" is not explicitly supported by the video content. The video discusses the overall royal inheritance situation but does not provide specific details about Prince Harry receiving a particular sum of money.

#### Step 5: Assess for Exaggeration, False Promises, or Clickbait Tactics
The thumbnail uses the word ""millions"" to create a sense of grandeur and importance, which might mislead viewers into expecting a detailed account of Prince Harry's inheritance. However, the video content does not substantiate this claim with specific figures or details.

#### Step 6: Categorize the Thumbnail
Based on the analysis, the thumbnail is somewhat misleading because it implies a specific financial outcome (Prince Harry receiving millions) that is not fully supported by the video content.

#### Step 7: Provide a Brief Explanation
The thumbnail effectively highlights Prince Harry as a central figure but exaggerates the specific financial aspect of his inheritance. While the video does cover the broader topic of royal inheritance, it does not delve deeply into the specifics mentioned in the thumbnail. Therefore, the thumbnail can be considered misleading due to the lack of supporting details in the video content."
I81j1CEXfhc,"### Analysis of the Thumbnail and Video Content

1. **Examine the thumbnail**: The thumbnail shows two individuals on a red carpet, one dressed in a black suit and sunglasses, and the other in a beige dress with an elaborate hairstyle. The setting appears to be a formal event, likely the Met Gala based on the red carpet and the presence of attendees in high fashion attire.

2. **Read the video subtitles and content description**: The subtitles indicate a conversation between a man in a red suit (Mr. Lenny Kra) and another individual (Mr. Kravis). The conversation revolves around compliments about their appearance, the theme of the event, and the fashion choices. The man in the red suit mentions that the woman is ""rocking it"" and that she is ""beautifully dressed,"" which aligns with the fashion-focused nature of the event.

3. **Compare the thumbnail to the actual video content**: The thumbnail depicts a scene that matches the video content. Both the man in the black suit and the woman in the beige dress are shown on the red carpet, and the overall setting and atmosphere are consistent with the Met Gala.

4. **Determine if the thumbnail accurately represents the video's main topic or content**: The thumbnail accurately represents the main topic of the video, which is the Met Gala red carpet and the fashion and personalities of the attendees.

5. **Assess whether the thumbnail uses exaggeration, false promises, or clickbait tactics**: There is no indication of exaggeration, false promises, or clickbait tactics in the thumbnail. It simply shows a scene from the event without any misleading elements.

6. **Categorize the thumbnail as either ""Misleading"" or ""Not Misleading""**: Based on the analysis, the thumbnail does not contain any misleading elements and accurately represents the video's content.

7. **Brief explanation for the decision**: The thumbnail accurately reflects the scene depicted in the video, which is a segment of the Met Gala red carpet featuring attendees in high fashion. There are no exaggerated claims or misleading elements present in the thumbnail.

**Conclusion**: The thumbnail is **Not Misleading**."
ZutmqaiGRrk,"### Analysis of the Thumbnail and Video Content

#### Step 1: Examine the Thumbnail
The thumbnail shows a family portrait featuring a man, a woman, and a baby. The baby appears to be interacting with a butterfly, and the overall tone suggests a warm, familial moment. The image is bright and cheerful, with natural lighting and a relaxed atmosphere.

#### Step 2: Read Through the Video Subtitles and Content Description
The subtitles and content description indicate that the video is about the arrival and early days of a royal baby, specifically Prince George of Cambridge. It covers the public announcement, the birth, and the family's reactions and activities surrounding the royal baby's first year.

#### Step 3: Compare the Thumbnail to the Actual Video Content
The thumbnail depicts a family moment involving a baby interacting with a butterfly, which aligns closely with the content described in the video. The video content includes family moments, the birth announcement, and the baby's first year, which are all consistent with the theme suggested by the thumbnail.

#### Step 4: Determine if the Thumbnail Accurately Represents the Video's Main Topic or Content
The thumbnail accurately represents the main topic of the video, which is the arrival and early days of a royal baby. The image of a family with a baby interacting with a butterfly is a common and relatable depiction of a family moment, which fits well within the context of the royal baby's story.

#### Step 5: Assess Whether the Thumbnail Uses Exaggeration, False Promises, or Clickbait Tactics
There are no elements in the thumbnail that suggest exaggeration, false promises, or clickbait tactics. The image is straightforward and focuses on a family moment, which is appropriate for the content of the video.

#### Step 6: Categorize the Thumbnail as Either ""Misleading"" or ""Not Misleading""
Based on the analysis, the thumbnail is not misleading. It accurately represents the main topic of the video and does not use any exaggerated or misleading elements.

#### Explanation
The thumbnail effectively captures the essence of the video content, which revolves around the arrival and early days of a royal baby. It does not mislead viewers by promising content that is not present or by using exaggerated or misleading elements. Therefore, the thumbnail is categorized as ""Not Misleading."""
JQBH1PGIVc4,"### Analysis:

1. **Examine the Thumbnail**: The thumbnail shows three individuals hugging each other, with one person having their hair painted in the colors of the French flag. This image suggests a celebratory or emotional moment involving a team or national pride.

2. **Read Through the Subtitles and Content Description**: The subtitles and the video description indicate that the video is about David Beckham's final match for Paris Saint-Germain (PSG), where he is being farewelled by his teammates and the crowd. The content emphasizes the emotional nature of the occasion, with scenes of hugging teammates, the player waving to the crowd, and the overall bittersweet atmosphere.

3. **Compare the Thumbnail to the Actual Video Content**: The thumbnail depicts a scene of hugging, which aligns with the emotional farewell theme described in the video. However, the thumbnail does not specifically highlight the context of David Beckham's final match or the fact that it is his last professional appearance with PSG.

4. **Determine Accuracy Representation**: While the thumbnail captures a moment of emotional connection, it does not clearly convey that this is David Beckham's final match with PSG. The thumbnail could be misleading because it might lead viewers to believe that the video is about a general celebration or a different event rather than a specific farewell match.

5. **Assess for Exaggeration, False Promises, or Clickbait Tactics**: The thumbnail does not use exaggerated language or false promises. It simply shows a group of people hugging, which is a common visual element in sports videos depicting emotional moments.

6. **Categorize the Thumbnail**: Given that the thumbnail does not explicitly communicate the specific context of David Beckham's final match with PSG, it can be considered misleading.

7. **Explanation**: The thumbnail is misleading because it does not provide enough context to inform viewers that they are watching a farewell match for David Beckham with PSG. It could lead viewers to expect a different type of content, such as a general sports celebration or another event, rather than the specific farewell match depicted in the video.

**Final Decision**: The thumbnail is **Misleading**."
T8Tw7XwfboA,"### Analysis:

#### Step 1: Examine the Thumbnail
The thumbnail shows a person holding a knife in front of a long row of colorful balloons. The image suggests a challenge or game involving cutting balloons, which could imply danger or destruction.

#### Step 2: Read Through the Video Subtitles and Content Description
The subtitles and the video description indicate a playful and lighthearted activity involving balloons. The participants are seen interacting with the balloons in a fun and chaotic manner, with no indication of any dangerous or destructive elements.

#### Step 3: Compare the Thumbnail to the Actual Video Content
The thumbnail depicts a scenario that looks dangerous and potentially harmful (cutting balloons), while the video content shows a playful interaction with balloons without any signs of danger.

#### Step 4: Determine if the Thumbnail Accurately Represents the Video's Main Topic or Content
The thumbnail does not accurately represent the video's main topic or content. It suggests a dangerous activity when the video is actually about a fun, playful interaction with balloons.

#### Step 5: Assess Whether the Thumbnail Uses Exaggeration, False Promises, or Clickbait Tactics
The thumbnail uses exaggerated imagery to attract viewers, promising a dangerous or thrilling experience when the video is actually about a fun, playful activity.

#### Step 6: Categorize the Thumbnail
The thumbnail is **Misleading** because it suggests a dangerous activity when the video is actually about a fun, playful interaction with balloons.

#### Explanation:
The thumbnail creates a misleading impression by showing a knife in front of balloons, which could lead viewers to expect a dangerous or thrilling experience. However, the video content is entirely focused on a playful and safe interaction with balloons, without any elements of danger or destruction. This discrepancy between the thumbnail and the actual video content makes the thumbnail misleading."
KPLWWIOCOOQ,"### Analysis of the Thumbnail and Video Content

#### Step 1: Examine the Thumbnail
The thumbnail features a character dressed in white armor, sitting atop a horse amidst a snowy landscape. The image is predominantly blue-toned, giving it a cold, wintry feel. The HBO logo is prominently displayed in the top right corner, and the text ""GOT OFFICIAL TRAILER"" is written below the character.

#### Step 2: Read Through the Video Subtitles and Content Description
The video content includes various scenes from ""Game of Thrones,"" depicting intense and dramatic moments. It showcases characters in medieval attire, both in intimate settings and in large-scale battles. The scenes include references to power struggles, warfare, and supernatural elements, which align with the show's themes.

#### Step 3: Compare the Thumbnail to the Actual Video Content
The thumbnail effectively captures the essence of the show by featuring a character in white armor, which is a recurring motif in ""Game of Thrones."" The snowy backdrop and the HBO branding reinforce the show's setting and production quality. However, the specific character depicted in the thumbnail does not appear in the video content described above.

#### Step 4: Determine if the Thumbnail Accurately Represents the Video's Main Topic or Content
While the thumbnail does represent the show's theme of epic fantasy and medieval drama, it does not accurately reflect the specific scenes or characters shown in the video content. The character in the thumbnail is not explicitly mentioned in the video description, and the scenes depicted in the video are more varied and include multiple characters and settings.

#### Step 5: Assess Whether the Thumbnail Uses Exaggeration, False Promises, or Clickbait Tactics
The thumbnail does not use exaggerated imagery or false promises. It accurately reflects the show's genre and setting but fails to specify the exact scenes or characters featured in the video.

#### Step 6: Categorize the Thumbnail as Either ""Misleading"" or ""Not Misleading""
Given that the thumbnail does not accurately represent the specific scenes or characters shown in the video content, it can be considered misleading.

#### Explanation for Decision
The thumbnail effectively conveys the show's genre and setting but does not provide accurate information about the specific scenes or characters featured in the video. While it accurately represents the show's theme, it fails to match the content shown in the video, making it misleading."
Y9EUPrd_oJw,"### Analysis:

1. **Examine the thumbnail**: The thumbnail shows King Charles III in a formal setting, dressed in a black suit and tie, which aligns with the attire typically worn during official royal addresses. The background suggests an ornate, formal room, consistent with the setting described in the video content.

2. **Read the subtitles and content description**: The subtitles confirm that this is King Charles III delivering his first official address after the death of Queen Elizabeth II. The content describes a somber and reflective speech where King Charles honors his mother and renews his commitment to lifelong service.

3. **Compare the thumbnail to the actual video content**: The thumbnail accurately depicts the setting and attire of King Charles III as described in the video content. There are no exaggerated elements or misleading visual cues.

4. **Assess accuracy representation**: The thumbnail correctly represents the main topic of the video, which is King Charles III's address following the death of Queen Elizabeth II.

5. **Check for misleading tactics**: There are no elements in the thumbnail that use exaggeration, false promises, or clickbait tactics. It simply presents a factual image of King Charles III in a formal setting.

### Conclusion:

The thumbnail is **Not Misleading** because it accurately represents the setting and attire of King Charles III as depicted in the video content. It does not use any misleading tactics or exaggerations."
sBwolw5Cm9U,"### Analysis of the Thumbnail and Video Content

#### Step 1: Examine the Thumbnail
The thumbnail shows a young child lying on the floor with a finger to their lips, suggesting silence or secrecy. In the background, an adult is holding a baseball bat, which could imply a playful or competitive activity.

#### Step 2: Read Through the Video Subtitles and Content Description
The subtitles indicate that the video is about a father-son hide-and-seek game. The content description confirms this, mentioning that the video is a vlog-style recording of a day at a skate park or indoor skating facility, with a focus on a hide-and-seek game involving the adult and the child.

#### Step 3: Compare the Thumbnail to the Actual Video Content
The thumbnail depicts a scene of secrecy and a playful activity (possibly related to the baseball bat), while the video content is primarily about a hide-and-seek game within a skate park setting. The two images do not align closely in terms of context or activity.

#### Step 4: Determine if the Thumbnail Accurately Represents the Video's Main Topic or Content
The thumbnail does not accurately represent the main topic or content of the video. It suggests a different activity (possibly related to sports) rather than the hide-and-seek game depicted in the video.

#### Step 5: Assess Whether the Thumbnail Uses Exaggeration, False Promises, or Clickbait Tactics
The thumbnail uses a misleading image that does not reflect the actual content of the video. It does not promise or suggest any exaggerated or misleading content.

#### Step 6: Categorize the Thumbnail
Based on the analysis, the thumbnail is misleading because it does not accurately represent the main topic or content of the video.

#### Step 7: Provide a Brief Explanation for the Decision
The thumbnail shows a scene of secrecy and a possible sports-related activity, which does not match the actual content of the video, which is a hide-and-seek game within a skate park. Therefore, the thumbnail is misleading."
uLMaR3IM-lc,"### Analysis and Categorization:

#### Step 1: Examine the Thumbnail
The thumbnail features a woman sitting in front of Buckingham Palace, with a backdrop of colorful flowers and a clear blue sky. The image suggests a calm and serene environment, which contrasts sharply with the somber and tragic nature of the news being reported.

#### Step 2: Read Through the Subtitles and Content Description
The subtitles indicate that the video is about the death of Queen Elizabeth II, with breaking news about her passing. The content description confirms that the video is a compilation of news coverage from various international sources, focusing on the Queen's death and its impact globally.

#### Step 3: Compare the Thumbnail to the Actual Video Content
The thumbnail depicts a peaceful scene at Buckingham Palace, which does not align with the serious and mournful tone set by the video content. The somber news of the Queen's death is not reflected in the thumbnail.

#### Step 4: Determine if the Thumbnail Accurately Represents the Video's Main Topic or Content
The thumbnail fails to convey the gravity of the situation depicted in the video. It does not reflect the breaking news about the Queen's death or the emotional reactions of the crowds and news anchors.

#### Step 5: Assess Whether the Thumbnail Uses Exaggeration, False Promises, or Clickbait Tactics
The thumbnail does not use any exaggerated elements or false promises. However, it does not accurately represent the content of the video, which is misleading.

#### Step 6: Categorize the Thumbnail
Based on the analysis, the thumbnail is misleading because it does not accurately represent the somber and tragic nature of the news being covered.

#### Explanation:
The thumbnail creates a misleading impression by showing a serene and picturesque scene at Buckingham Palace, which contrasts with the serious and mournful news about the Queen's death. This discrepancy between the thumbnail and the actual content of the video misleads viewers about the subject matter they are about to watch."
rBQQZ30w94w,"### Analysis and Conclusion:

**Step 1:** Examine the thumbnail.
- The thumbnail shows a young boy and an adult in a room, with the boy making a ""shh"" gesture and the adult appearing to be in motion, possibly running away or hiding.

**Step 2:** Read through the video subtitles and content description.
- The subtitles indicate that the video involves ""hide and seek,"" specifically mentioning ""round two"" and ""round three."" The content description also confirms that the video is about a ""tour or introduction to a skateboarding facility, possibly for a lesson or special event.""

**Step 3:** Compare the thumbnail to the actual video content.
- The thumbnail depicts a scene that suggests a playful, secretive activity involving hiding and seeking, which aligns with the ""hide and seek"" theme mentioned in the subtitles.
- However, the video content description clearly states that the video is about a skateboarding facility tour, which does not involve hide and seek.

**Step 4:** Determine if the thumbnail accurately represents the video's main topic or content.
- The thumbnail does not accurately represent the main topic of the video, which is a skateboarding facility tour rather than a hide and seek game.

**Step 5:** Assess whether the thumbnail uses exaggeration, false promises, or clickbait tactics.
- The thumbnail does not use exaggeration, false promises, or clickbait tactics; it simply misrepresents the content of the video.

**Step 6:** Categorize the thumbnail as either ""Misleading"" or ""Not Misleading.""
- Based on the analysis, the thumbnail is misleading because it suggests a hide and seek game when the video is actually about a skateboarding facility tour.

**Step 7:** Provide a brief explanation for the decision.
- The thumbnail incorrectly implies that the video is about a hide and seek game, which is not the case. It misleads viewers into expecting a different type of content than what is actually presented in the video.

**Final Decision:** The thumbnail is **Misleading**."
vQxu1_FoHL4,"### Analysis and Categorization:

#### Step 1: Examine the Thumbnail
The thumbnail features two images side-by-side:
- On the left, a player in a red Manchester United jersey appears to be celebrating or shouting.
- On the right, a player in a blue Everton jersey is shown kicking the ball.

#### Step 2: Read Through the Video Subtitles and Content Description
The video content description focuses on iconic moments and highlights from Manchester United's history in the Premier League. It includes scenes of players in red jerseys (Manchester United) and blue jerseys (Everton), as well as celebrations and goal-scoring opportunities.

#### Step 3: Compare the Thumbnail to the Actual Video Content
The thumbnail shows a player in a red Manchester United jersey and a player in a blue Everton jersey. However, the video content primarily revolves around Manchester United's matches and highlights, with no significant focus on Everton.

#### Step 4: Determine if the Thumbnail Accurately Represents the Video's Main Topic or Content
The thumbnail does not accurately represent the video's main topic or content. While it includes a player from Manchester United, the majority of the video content is dedicated to Manchester United's matches and highlights, not those involving Everton.

#### Step 5: Assess Whether the Thumbnail Uses Exaggeration, False Promises, or Clickbait Tactics
The thumbnail does not use exaggeration, false promises, or clickbait tactics. It simply shows two players from different teams, which might be misleading but is not intentionally misleading.

#### Step 6: Categorize the Thumbnail
Based on the analysis, the thumbnail is misleading because it does not accurately represent the video's main topic or content.

#### Explanation:
The thumbnail suggests that the video will feature a comparison or interaction between players from Manchester United and Everton, which is not the case. The video is a compilation of Manchester United's Premier League history, focusing on their matches and highlights. Therefore, the thumbnail is misleading as it does not reflect the actual content of the video."
V4PPWYCqPKo,"### Analysis:

1. **Examine the Thumbnail**: The thumbnail depicts a scene where a woman in a blue robe is standing before a large group of soldiers, holding what appears to be a flag or banner. The soldiers are equipped with spears and shields, and the setting looks like a desert with stone fortifications in the background. The overall impression is of a significant military gathering or preparation for battle.

2. **Read Through the Subtitles and Content Description**: The subtitles include phrases like ""thank you,"" ""foreign,"" ""they belong to me,"" ""this is done,"" ""you hold the whip,"" ""don't forget this,"" ""no you don't never dies,"" ""He,"" and ""lyrics."" These phrases do not directly relate to the visual content described in the thumbnail. Instead, they seem to be lyrics or dialogue that might be part of a song or spoken during a scene but do not provide context for the battle depicted in the thumbnail.

3. **Compare the Thumbnail to the Actual Video Content**: The thumbnail shows a scene of a woman leading a group of soldiers, which aligns with the description of a battle or military operation. However, the subtitles do not match the visual content of the thumbnail.

4. **Determine if the Thumbnail Accurately Represents the Video's Main Topic or Content**: The thumbnail accurately represents the main topic of the video, which is a battle or military operation. It does not mislead viewers into expecting something different from the content shown in the thumbnail.

5. **Assess Whether the Thumbnail Uses Exaggeration, False Promises, or Clickbait Tactics**: The thumbnail does not use any exaggerated elements or false promises. It simply shows a scene that matches the description of a battle or military operation.

6. **Categorize the Thumbnail**: Based on the analysis, the thumbnail is not misleading because it accurately represents the main topic of the video, which is a battle or military operation.

7. **Brief Explanation**: The thumbnail correctly depicts a scene of a woman leading a group of soldiers, which aligns with the description of a battle or military operation. The subtitles do not correspond to the visual content of the thumbnail, but they do not affect the accuracy of the thumbnail itself. Therefore, the thumbnail is not misleading.

**Conclusion**: The thumbnail is **Not Misleading**."
Utm6rywZ65U,"### Analysis and Categorization:

1. **Examine the Thumbnail**:
   - The thumbnail features two players in action during a cricket match. One player is wearing an Australian uniform, while the other is in an English uniform. The text overlay reads ""ENGLAND VS AUSTRALIA ASHES DAY ONE FIRST TEST HIGHLIGHTS.""

2. **Read Through the Video Content Description**:
   - The video content includes various scenes from a cricket match between England and Australia, including batting, fielding, umpiring decisions, and crowd reactions. It captures the essence of a Test match but does not specifically highlight ""Day One First Test Highlights.""

3. **Compare the Thumbnail to the Actual Video Content**:
   - The thumbnail suggests that the video will focus on specific highlights from the first day of the Ashes series between England and Australia. However, the video content does not explicitly mention or highlight any specific ""Day One First Test Highlights."" Instead, it provides a general overview of the match.

4. **Determine Accuracy Representation**:
   - The thumbnail implies that the video will showcase specific highlights from the first day of the Ashes series. While the video does capture moments from a Test match between England and Australia, it does not specifically focus on ""Day One First Test Highlights.""

5. **Assess for Exaggeration, False Promises, or Clickbait Tactics**:
   - The thumbnail uses the term ""Highlights,"" which could imply that the video will provide a condensed version of the most exciting moments from the first day of the Ashes series. However, the video content does not necessarily align with this expectation.

6. **Categorize the Thumbnail**:
   - Given that the thumbnail suggests a specific focus on ""Day One First Test Highlights"" but the video content does not explicitly highlight these moments, the thumbnail can be considered misleading.

### Final Decision:
**Misleading**

**Explanation**: The thumbnail suggests that the video will focus on specific highlights from the first day of the Ashes series, but the video content does not explicitly highlight these moments. The use of the word ""Highlights"" in the thumbnail may lead viewers to expect a more focused and condensed version of the first day's events, which is not what the video provides."
MuaaU0BuCnU,"### Analysis:

1. **Examine the Thumbnail:**
   - The thumbnail features a man in a blue shirt outdoors, with the text overlay: ""THE EARTHSHTO PRIZE 'IT'S TIME FOR US TO SHOW LEADERSHIP'"".

2. **Read the Video Subtitles:**
   - The subtitles discuss the historical significance of a tree near Windsor Castle, the impact of human activities on the environment, and the urgent need for leadership to address climate change and environmental degradation.

3. **Compare the Thumbnail to the Video Content:**
   - The thumbnail shows a man speaking outdoors, which aligns with the video content being set in an outdoor environment.
   - However, the text overlay ""THE EARTHSHTO PRIZE 'IT'S TIME FOR US TO SHOW LEADERSHIP'"" does not directly relate to the specific content discussed in the subtitles. It seems to be a general call for leadership rather than a specific reference to the Earthshot Prize or the specific topic discussed in the video.

4. **Assess the Accuracy Representation:**
   - While the outdoor setting matches the video content, the text overlay is misleading because it does not accurately represent the specific content of the video. The video discusses the importance of leadership in addressing climate change and environmental issues, but the thumbnail text does not provide any context about the Earthshot Prize or the specific message about leadership.

5. **Determine Misleading Tactics:**
   - The thumbnail uses a general call for leadership without specifying the context or the specific issue being addressed (climate change). This could mislead viewers into thinking the video is about a different topic or event.

6. **Categorize the Thumbnail:**
   - Based on the analysis, the thumbnail is misleading because it does not accurately represent the specific content of the video.

### Conclusion:
The thumbnail is **misleading** because it does not accurately reflect the specific content of the video, which focuses on the urgent need for leadership in addressing climate change and environmental issues. The text overlay ""THE EARTHSHTO PRIZE 'IT'S TIME FOR US TO SHOW LEADERSHIP'"" is not relevant to the specific topic discussed in the video."
UrIphPnkHZo,"### Analysis:

1. **Examine the Thumbnail**: The thumbnail shows three individuals on a red carpet event, which aligns with the description of a red carpet interview at a Hollywood event. The setting looks appropriate for such an event, with a backdrop that resembles a red carpet venue.

2. **Read the Subtitles and Content Description**: The subtitles indicate a casual and friendly conversation between the interviewer and the two celebrities. The content description confirms that the video is indeed a red carpet interview featuring an interviewer from Access Hollywood engaging with two celebrities.

3. **Compare the Thumbnail to the Actual Video Content**: The thumbnail accurately depicts the setting and participants described in the video content. There are no discrepancies between the thumbnail and the actual video content.

4. **Determine Accuracy Representation**: The thumbnail correctly represents the main topic of the video, which is a red carpet interview at a Hollywood event.

5. **Assess for Exaggeration, False Promises, or Clickbait Tactics**: There are no elements in the thumbnail that use exaggeration, false promises, or clickbait tactics. It simply shows a standard red carpet interview setup.

6. **Categorize the Thumbnail**: Based on the analysis, the thumbnail is not misleading.

7. **Explanation**: The thumbnail accurately reflects the content of the video, showing a red carpet interview scenario without any misleading elements. It provides a clear visual representation of the setting and participants involved in the interview.

**Conclusion**: The thumbnail is **Not Misleading**."
NewuhAriR9k,"### Analysis and Categorization:

**Step 1:** Examine the thumbnail.
The thumbnail features a woman in a white form-fitting gown on a red carpet, surrounded by photographers. The image is clear and visually appealing, suggesting a glamorous event.

**Step 2:** Read through the video subtitles and content description.
The subtitles indicate applause and gratitude, which aligns with the end of a red carpet event where attendees often acknowledge the crowd. The content description confirms that the video depicts a high-profile red carpet event, likely at a film festival or premiere, focusing on a woman in a white gown.

**Step 3:** Compare the thumbnail to the actual video content.
The thumbnail accurately represents the main subject of the video—a woman on a red carpet wearing a white gown. The background of photographers is also consistent with the video content.

**Step 4:** Determine if the thumbnail accurately represents the video's main topic or content.
The thumbnail effectively captures the essence of the video, showing a glamorous moment on a red carpet. It does not mislead viewers into expecting something different from what is shown in the video.

**Step 5:** Assess whether the thumbnail uses exaggeration, false promises, or clickbait tactics.
There are no elements in the thumbnail that suggest exaggeration, false promises, or clickbait tactics. The image is straightforward and representative of the content.

**Step 6:** Categorize the thumbnail as either ""Misleading"" or ""Not Misleading.""
Based on the analysis, the thumbnail is not misleading.

**Step 7:** Provide a brief explanation for the decision.
The thumbnail accurately reflects the content of the video, depicting a woman on a red carpet in a glamorous setting. There are no exaggerated elements or misleading aspects present in the thumbnail. Therefore, the thumbnail is categorized as ""Not Misleading."""
_p2WyFriHNI,"### Analysis:

1. **Examine the Thumbnail:**
   - The thumbnail shows two individuals in a broadcast booth, wearing headsets and holding microphones with the Sky Sports logo. They appear to be engaged in a discussion, which aligns with the video content described.

2. **Read Through the Video Subtitles and Content Description:**
   - The subtitles indicate that the video is part of ""The Gary Neville Podcast,"" hosted by Jamie Carragher, and it discusses a football match involving Manchester United, specifically focusing on Casemiro's performance and the impact on the team and players.
   - The content description confirms that the video captures a lively sports commentary session with two experienced professionals discussing football in a professional setting.

3. **Compare the Thumbnail to the Actual Video Content:**
   - The thumbnail accurately depicts the setting and activity shown in the video. It shows two individuals in a broadcast booth, which matches the professional sports commentary environment described in the video.

4. **Determine if the Thumbnail Accurately Represents the Video's Main Topic or Content:**
   - The thumbnail effectively represents the main topic of the video, which is a sports commentary session discussing a football match.

5. **Assess Whether the Thumbnail Uses Exaggeration, False Promises, or Clickbait Tactics:**
   - There is no indication of exaggeration, false promises, or clickbait tactics in the thumbnail. It clearly conveys the nature of the content without misleading viewers.

6. **Categorize the Thumbnail:**
   - Based on the analysis, the thumbnail is not misleading.

### Explanation:

The thumbnail accurately represents the content of the video, which is a sports commentary session discussing a football match. It does not use any exaggerated elements or false promises. Therefore, the thumbnail is categorized as ""Not Misleading."""
lFBZJGSgyVQ,"### Analysis of the Provided Information

#### Step 1: Examine the Thumbnail
The thumbnail features a dark blue night sky with radiating light beams emanating from a central bright point, resembling a lighthouse. The text ""MY lighthouse"" is prominently displayed in the center. The overall imagery suggests themes of guidance, hope, and divine presence.

#### Step 2: Read Through the Video Subtitles and Content Description
The subtitles and the content description both revolve around themes of finding guidance, comfort, and safety in faith during difficult times. The lighthouse metaphor is central, symbolizing God or a higher power as a guiding light through life's storms and troubles. The lyrics emphasize themes of trust, peace, and divine protection.

#### Step 3: Compare the Thumbnail to the Actual Video Content
The thumbnail effectively captures the essence of the video's content. The imagery of a lighthouse aligns perfectly with the metaphor used in the lyrics (""my lighthouse""). The visual theme of light breaking through darkness matches the lyrical theme of finding guidance and hope in challenging situations.

#### Step 4: Determine if the Thumbnail Accurately Represents the Video's Main Topic or Content
The thumbnail accurately represents the main topic of the video, which is about finding guidance, comfort, and safety in faith during difficult times. The imagery of a lighthouse and the visual theme of light breaking through darkness are directly aligned with the lyrical and thematic elements of the video.

#### Step 5: Assess Whether the Thumbnail Uses Exaggeration, False Promises, or Clickbait Tactics
There are no signs of exaggeration, false promises, or clickbait tactics in the thumbnail. The imagery and text are straightforward and do not mislead viewers into expecting something different from the actual content.

#### Step 6: Categorize the Thumbnail as Either ""Misleading"" or ""Not Misleading""
Based on the analysis above, the thumbnail is **Not Misleading**.

#### Explanation
The thumbnail effectively communicates the central theme of the video without any misleading elements. It accurately represents the imagery and metaphor used in the lyrics, ensuring that viewers understand the nature of the content before clicking on the video. The imagery of a lighthouse breaking through darkness aligns perfectly with the lyrical themes of guidance and hope, making it a clear and honest representation of the video's content."
gsmApvRGInU,"### Analysis and Categorization:

**Step 1:** Examine the thumbnail.
The thumbnail features a man and a woman in formal attire, with the text ""ROYAL BLOOPERS."" The image shows them in a candid moment, which aligns with the theme suggested by the title.

**Step 2:** Read through the video subtitles and content description.
The subtitles indicate that the video includes moments of laughter, informal behavior, and candid interactions among members of the Royal Family. The content description confirms this, describing the video as a compilation of lighthearted and humorous moments from the Royal Family.

**Step 3:** Compare the thumbnail to the actual video content.
The thumbnail accurately depicts the theme of the video, which is a collection of candid and humorous moments involving the Royal Family. It does not misrepresent the content by showing a formal event or a serious moment.

**Step 4:** Determine if the thumbnail accurately represents the video's main topic or content.
The thumbnail correctly represents the video's content as a compilation of bloopers and candid moments from the Royal Family.

**Step 5:** Assess whether the thumbnail uses exaggeration, false promises, or clickbait tactics.
There is no exaggeration or false promise in the thumbnail. It clearly indicates that the video contains ""ROYAL BLOOPERS,"" which matches the content described in the video.

**Step 6:** Categorize the thumbnail as either ""Misleading"" or ""Not Misleading.""
Based on the analysis, the thumbnail is not misleading. It accurately reflects the content of the video.

**Step 7:** Provide a brief explanation for the decision.
The thumbnail effectively communicates the theme of the video, which is a collection of candid and humorous moments from the Royal Family. It does not use any misleading elements or false promises, ensuring that viewers understand what to expect from the video.

**Final Decision:** Not Misleading"
v1iZtBM23bY,"### Analysis of the Thumbnail and Video Content

#### Step 1: Examine the Thumbnail
The thumbnail shows two individuals wearing aviator helmets and smiling. The setting appears to be inside a cockpit, which aligns with the aviation theme suggested by the video content.

#### Step 2: Read Through the Video Subtitles and Content Description
The subtitles indicate that James Corden is meeting Tom Cruise early in the morning at Burbank Airport. They discuss flying, with Tom Cruise agreeing to take James for a flight. The conversation includes references to Tom Cruise's past experiences with flying and the idea of flying in a 75-year-old plane.

#### Step 3: Compare the Thumbnail to the Actual Video Content
The thumbnail depicts two individuals in a cockpit, which matches the aviation theme mentioned in the subtitles. However, the video content reveals that they are not actually flying; instead, they are discussing flying and preparing for a flight.

#### Step 4: Determine if the Thumbnail Accurately Represents the Video's Main Topic or Content
The thumbnail accurately represents the aviation theme, but it does not convey the actual content of the video, which involves a discussion rather than an actual flight.

#### Step 5: Assess Whether the Thumbnail Uses Exaggeration, False Promises, or Clickbait Tactics
The thumbnail does not use exaggeration, false promises, or clickbait tactics. It accurately reflects the aviation theme but fails to convey the actual content of the video.

#### Step 6: Categorize the Thumbnail as Either ""Misleading"" or ""Not Misleading""
Given that the thumbnail accurately represents the aviation theme but does not convey the actual content of the video (which involves a discussion rather than an actual flight), the thumbnail is **misleading**.

#### Explanation
The thumbnail suggests that viewers will see an actual flight, which is not the case. Instead, the video focuses on a discussion about flying and preparation for a flight. Therefore, the thumbnail misleads viewers by not accurately representing the actual content of the video."
vMhk-Tt1tXU,"### Analysis of the Thumbnail and Video Content

#### Step 1: Examine the Thumbnail
The thumbnail features two players, one from England and one from Belgium, with the score displayed as 2-2. The word ""HIGHLIGHTS"" is prominently shown, indicating that this is likely a highlight reel of a match.

#### Step 2: Read Through the Video Subtitles and Content Description
The video content describes a match where the final score is 2-2, with both teams having scored twice each. The match appears to be a closely contested game with several key moments highlighted, including goals scored by players from both teams.

#### Step 3: Compare the Thumbnail to the Actual Video Content
The thumbnail shows two players, one from each team, which aligns with the content of the video. However, the score displayed on the thumbnail (2-2) matches the final score mentioned in the video description. The ""HIGHLIGHTS"" label also matches the content of the video, which is indeed a highlight reel of the match.

#### Step 4: Determine if the Thumbnail Accurately Represents the Video's Main Topic or Content
The thumbnail accurately represents the main topic of the video, which is a highlight reel of a match between England and Belgium resulting in a 2-2 draw. It correctly shows the final score and includes players from both teams, which are relevant elements of the match.

#### Step 5: Assess Whether the Thumbnail Uses Exaggeration, False Promises, or Clickbait Tactics
There are no exaggerated claims or false promises in the thumbnail. It simply presents the final score and highlights the teams involved, which is appropriate for a highlight reel.

#### Step 6: Categorize the Thumbnail as Either ""Misleading"" or ""Not Misleading""
Based on the analysis, the thumbnail is not misleading. It accurately reflects the content of the video and provides a clear indication of what viewers can expect.

#### Step 7: Provide a Brief Explanation for the Decision
The thumbnail accurately depicts the final score and includes players from both teams, which are key elements of the match. There are no exaggerated claims or misleading elements present. Therefore, the thumbnail is categorized as ""Not Misleading.""

### Final Decision
**Category:** Not Misleading

**Explanation:** The thumbnail accurately represents the final score and includes players from both teams, which are relevant elements of the match. There are no exaggerated claims or misleading elements present."
KBY5k__89As,"### Analysis:

1. **Examine the thumbnail**: The thumbnail shows a group of dancers in a modern dance studio, performing synchronized movements. The dancers are dressed in black outfits, and the studio has a sleek, minimalist design with gray floors, white lighting, and teal accents on the walls.

2. **Read through the video subtitles and content description**: There are no subtitles available in the video. The content description describes a high-energy, meticulously choreographed dance routine performed by a skilled group of dancers in a professional studio setting.

3. **Compare the thumbnail to the actual video content**: The thumbnail accurately depicts the setting and the general activity shown in the video. It shows dancers in a modern dance studio performing synchronized movements, which aligns well with the description of the video content.

4. **Determine if the thumbnail accurately represents the video's main topic or content**: The thumbnail effectively represents the main topic of the video, which is a choreographed dance performance in a modern dance studio.

5. **Assess whether the thumbnail uses exaggeration, false promises, or clickbait tactics**: The thumbnail does not use any exaggerated elements or false promises. It simply shows what is expected from the video based on the content description.

6. **Categorize the thumbnail as either ""Misleading"" or ""Not Misleading""**: Based on the analysis, the thumbnail is not misleading because it accurately represents the setting and activity depicted in the video.

7. **Provide a brief explanation for your decision**: The thumbnail accurately reflects the video content without any exaggeration or misleading elements. It shows a group of dancers in a modern dance studio performing synchronized movements, which matches the description of the video.

**Conclusion**: The thumbnail is **Not Misleading**."
EyRyJ37_5xE,"### Analysis:

1. **Examine the Thumbnail**:
   - The thumbnail features two images side-by-side. On the left, there is a formal image of a man and a woman dressed in elegant attire, likely from a high-profile event. On the right, there is a scene featuring a blonde woman in a red outfit, possibly from a film or television series.

2. **Read Through the Video Subtitles and Content Description**:
   - The subtitles appear to be in a foreign language, which suggests they might be unrelated to the content or could be placeholders.
   - The content description outlines a documentary-style narrative about a complex and controversial relationship involving members of the British royal family and high society, focusing on affairs, scandals, and tragedy.

3. **Compare the Thumbnail to the Actual Video Content**:
   - The thumbnail shows a formal event and a scene from a film or TV series, which do not directly relate to the documentary's content about the British royal family and high society scandals.

4. **Determine if the Thumbnail Accurately Represents the Video's Main Topic or Content**:
   - The thumbnail does not accurately represent the main topic of the video, which is a documentary about the British royal family and high society scandals, including affairs and tragedies.

5. **Assess Whether the Thumbnail Uses Exaggeration, False Promises, or Clickbait Tactics**:
   - The thumbnail does not use exaggeration, false promises, or clickbait tactics but fails to accurately represent the content of the video.

6. **Categorize the Thumbnail**:
   - Given that the thumbnail does not accurately represent the main topic or content of the video, it can be categorized as ""Misleading.""

7. **Brief Explanation**:
   - The thumbnail features images that are not directly related to the documentary's subject matter. It shows a formal event and a scene from a film or TV series, which misleads viewers into expecting a different type of content than what the video actually provides. This misrepresentation could lead viewers to watch the video expecting a different narrative or style, which is not aligned with the actual content."
6-Y14rMfnMI,"### Analysis of the Thumbnail and Video Content

1. **Examine the Thumbnail**:
   - The thumbnail features two chibi-style characters side-by-side. Both characters have similar black hair with pink highlights, and they are dressed in maid outfits. One character is holding a lollipop, and both appear to be in a playful or mischievous mood.

2. **Read Through the Video Subtitles and Content Description**:
   - The subtitles are mostly music-related (""[Music]"", repeated multiple times), which suggests that the video might be an introduction or outro sequence rather than a detailed showcase of the character.
   - The content description indicates that the video is an animated character showcase, likely for a game or media franchise. It mentions various scenes, including a logo reveal, different poses and expressions of the character, and a transition between chibi and more mature styles.

3. **Compare the Thumbnail to the Actual Video Content**:
   - The thumbnail shows two chibi characters, which aligns with the initial part of the video where the character is introduced in a chibi style.
   - However, the thumbnail does not capture the more mature, detailed animation style seen later in the video, nor does it convey the variety of expressions and poses shown throughout the video.

4. **Determine if the Thumbnail Accurately Represents the Video's Main Topic or Content**:
   - While the thumbnail correctly depicts the character in a chibi style, it fails to represent the full range of content shown in the video, particularly the more mature and detailed animation style.

5. **Assess Whether the Thumbnail Uses Exaggeration, False Promises, or Clickbait Tactics**:
   - The thumbnail does not use exaggerated elements or false promises. It accurately reflects the chibi style of the character, which is indeed a significant part of the video.

6. **Categorize the Thumbnail as Either ""Misleading"" or ""Not Misleading""**:
   - Given that the thumbnail only partially represents the video content and does not fully convey the more mature and detailed animation style, it can be considered misleading.

7. **Brief Explanation for the Decision**:
   - The thumbnail effectively captures the chibi style of the character but fails to reflect the more mature and detailed animation style that is prominently featured in the latter parts of the video. This omission misleads viewers into expecting a video that primarily showcases the chibi version of the character, when the majority of the content involves more detailed and varied animations.

### Conclusion:
The thumbnail is **misleading** because it does not accurately represent the full range of content shown in the video, particularly the more mature and detailed animation style."
f5d_Yz5eC60,"### Analysis of the Thumbnail and Video Content

1. **Examine the Thumbnail**:
   - The thumbnail shows a woman in a black bodysuit walking confidently down a corridor, accompanied by several men in suits. The setting appears to be a public or semi-public space, possibly an event venue or arena.

2. **Read Through the Subtitles and Content Description**:
   - The subtitles suggest a focus on the woman's beauty and the context of her arrival, implying a paparazzi-style scenario where she is the center of attention.
   - The content description confirms this, describing a sequence of images capturing a celebrity or public figure arriving at or leaving an event, with a strong emphasis on the woman's attire and the surrounding entourage.

3. **Compare the Thumbnail to the Actual Video Content**:
   - The thumbnail accurately depicts the main subject (a woman in a black bodysuit) and the setting (a corridor with security personnel). It captures the essence of the video content, which revolves around a public figure being escorted through a public space.

4. **Determine if the Thumbnail Accurately Represents the Video's Main Topic or Content**:
   - The thumbnail effectively represents the main topic of the video, which is a paparazzi-style capture of a public figure in transit.

5. **Assess Whether the Thumbnail Uses Exaggeration, False Promises, or Clickbait Tactics**:
   - The thumbnail does not use any exaggerated elements or false promises. It accurately reflects the content described in the video.

6. **Categorize the Thumbnail**:
   - Given that the thumbnail accurately represents the main topic and content of the video without any misleading elements, it can be categorized as ""Not Misleading.""

7. **Brief Explanation**:
   - The thumbnail correctly portrays the subject matter of the video, which is a paparazzi-style capture of a public figure in transit. It does not use any exaggerated elements or false promises, ensuring that viewers understand the nature of the content they are about to watch.

### Conclusion:
The thumbnail is **Not Misleading**."
2-0OMIYVUKM,"### Analysis of the Thumbnail and Video Content

1. **Examine the thumbnail**: The thumbnail shows a man holding a baby on a soccer field at night. The background suggests a sports stadium setting, which aligns with the video's theme of sports training.

2. **Read through the video subtitles and content description**: The video content describes a professional athlete's training regimen, which includes various exercises both indoors and outdoors. The athlete is shown performing strength, agility, and sport-specific drills across different locations within a training facility.

3. **Compare the thumbnail to the actual video content**: The thumbnail depicts a scene that is not directly related to the main content of the video. While the video does show a soccer field, the primary focus is on the athlete's training activities rather than a casual moment with a baby.

4. **Determine if the thumbnail accurately represents the video's main topic or content**: The thumbnail does not accurately represent the main topic of the video, which is the athlete's training regimen. It suggests a more relaxed, family-oriented scenario that is not depicted in the video content.

5. **Assess whether the thumbnail uses exaggeration, false promises, or clickbait tactics**: The thumbnail uses a misleading image that does not reflect the actual content of the video. It creates an expectation that is not met in the video.

6. **Categorize the thumbnail as either ""Misleading"" or ""Not Misleading""**: Based on the analysis, the thumbnail is misleading because it does not accurately represent the video's main content.

7. **Provide a brief explanation for your decision**: The thumbnail shows a scene that is not representative of the video's main content, which focuses on a professional athlete's training regimen. It creates an expectation of a family-friendly or casual moment that is not present in the video, thus misleading viewers about the actual content they will see.

**Final Decision**: The thumbnail is **Misleading**."
W3xmvLgdOVI,"### Analysis of the Thumbnail and Video Content

1. **Examine the thumbnail**: The thumbnail shows a couple standing outside a building, with the woman holding a newborn baby wrapped in a white blanket. The image is clear and depicts a family moment, which aligns closely with the content described in the video.

2. **Read the video subtitles and content description**: The subtitles confirm that the video covers the birth of a royal baby, specifically mentioning the Duke and Duchess of Cambridge showing off their newborn son for the first time. The video also captures the couple's interactions with the baby, the media presence, and the celebratory atmosphere surrounding the event.

3. **Compare the thumbnail to the actual video content**: The thumbnail accurately represents the main topic of the video, which is the birth of a royal baby and the family's interaction with the media and the public.

4. **Determine if the thumbnail accurately represents the video's main topic or content**: The thumbnail effectively conveys the central theme of the video, which is the birth of a royal baby and the family's public appearance.

5. **Assess whether the thumbnail uses exaggeration, false promises, or clickbait tactics**: The thumbnail does not use any exaggerated elements or false promises. It simply shows a family moment, which is representative of the content.

6. **Categorize the thumbnail as either ""Misleading"" or ""Not Misleading""**: Based on the analysis, the thumbnail is not misleading.

7. **Provide a brief explanation for your decision**: The thumbnail accurately reflects the content of the video, which is the birth of a royal baby and the family's public appearance. There are no exaggerated elements or false promises in the thumbnail, making it a truthful representation of the video's content.

**Final Decision**: The thumbnail is **Not Misleading**."
e8D6Nhrhsxs,"### Analysis:

1. **Examine the thumbnail**: The thumbnail shows two individuals sitting on a red couch against a vibrant background with the BBC logo visible. The individuals appear to be engaged in a conversation, with one person smiling and the other appearing surprised or amused.

2. **Read the subtitles and content description**: The subtitles suggest a humorous interaction involving a song lyric about a power outage and a desire for a rainy night. The content description mentions a talk show format with a charismatic host and engaging guests discussing various topics, including humor.

3. **Compare the thumbnail to the actual video content**: The thumbnail depicts a scene that aligns well with the description of a talk show setting. It captures the essence of a conversation between guests, which matches the content described in the video.

4. **Determine accuracy representation**: The thumbnail accurately represents the setting and mood of the talk show, showing guests in a relaxed and conversational environment. There are no exaggerated elements or misleading aspects present.

5. **Assess for misleading tactics**: There are no signs of exaggeration, false promises, or clickbait tactics in the thumbnail. It simply presents a snapshot of the show's atmosphere without any misleading elements.

6. **Categorize the thumbnail**: Based on the analysis, the thumbnail does not contain any misleading elements and accurately reflects the content of the video.

7. **Explanation**: The thumbnail effectively communicates the setting and tone of the talk show, which is consistent with the video content. It does not use any exaggerated or misleading elements to attract viewers.

**Conclusion**: The thumbnail is **Not Misleading**."
Xg8TTKuSGbA,"### Analysis of the Thumbnail and Video Content

#### Step 1: Examine the Thumbnail
The thumbnail features a man in a suit with a background that includes logos for UEFA Europa League and UEFA Champions League. The text overlay reads, ""GOALS ARE LIKE KETCHUP.""

#### Step 2: Read Through the Video Subtitles and Content Description
The subtitles indicate that the video is about a prestigious soccer awards ceremony, specifically the UEFA Champions League awards. The focus is on Cristiano Ronaldo receiving a trophy for his record-breaking goal-scoring achievements in the Champions League. The video includes speeches and interviews about Ronaldo's career and his significance to the competition.

#### Step 3: Compare the Thumbnail to the Actual Video Content
The thumbnail suggests that the video is about a humorous or metaphorical statement about goals being like ketchup. However, the video content is entirely focused on a formal awards ceremony celebrating Cristiano Ronaldo's achievements in the Champions League.

#### Step 4: Determine if the Thumbnail Accurately Represents the Video's Main Topic or Content
The thumbnail does not accurately represent the main topic or content of the video. It misleads viewers into expecting a humorous or casual discussion about goals being like ketchup, which is completely unrelated to the formal nature of the awards ceremony.

#### Step 5: Assess Whether the Thumbnail Uses Exaggeration, False Promises, or Clickbait Tactics
The thumbnail uses exaggerated expectations by suggesting a humorous or casual tone that contrasts sharply with the formal and celebratory nature of the awards ceremony.

#### Step 6: Categorize the Thumbnail as Either ""Misleading"" or ""Not Misleading""
The thumbnail is clearly misleading.

#### Explanation for Decision
The thumbnail sets up an expectation of a light-hearted or humorous segment about goals being like ketchup, which is entirely unrelated to the formal and celebratory nature of the awards ceremony. This creates a misleading impression that does not align with the actual content of the video. Therefore, the thumbnail is misleading."
-gYneEqfhuM,"### Analysis:

1. **Examine the Thumbnail**:
   - The thumbnail features an older man in a suit, set against a backdrop of flowers. The text overlay reads, ""The King’s ‘rollercoaster year’ filled with health challenges.""

2. **Read Through the Subtitles and Content Description**:
   - The subtitles and the video content confirm that the year has been marked by health challenges for the King, including a diagnosis of cancer and other health issues affecting the royal family.
   - The video highlights the King's continued participation in official duties and ceremonies despite these challenges.

3. **Compare the Thumbnail to the Actual Video Content**:
   - The thumbnail accurately reflects the theme of the video, which is about the King's health challenges and the challenges faced by the monarchy as a whole.
   - The text ""rollercoaster year"" aligns well with the narrative of the video, which indeed portrays a tumultuous period for the monarchy.

4. **Assess Whether the Thumbnail Uses Exaggeration, False Promises, or Clickbait Tactics**:
   - There is no indication of exaggeration or clickbait tactics in the thumbnail. It succinctly conveys the main theme of the video without misleading the viewer.

5. **Categorize the Thumbnail**:
   - Given that the thumbnail accurately represents the main topic and content of the video, it does not use any misleading elements.

### Conclusion:
The thumbnail is **Not Misleading**. It effectively communicates the central theme of the video, which is the King's health challenges and the challenges faced by the monarchy during a ""rollercoaster year."""
QHOmj2TO4mM,"### Analysis:

1. **Examine the Thumbnail**:
   - The thumbnail features two individuals, a man and a woman, both smiling and looking directly at the camera.
   - The text on the thumbnail reads: ""Talk About SPORTS in ENGLISH.""
   - There are images of people playing sports in the background, including soccer, basketball, and tennis.

2. **Read Through the Video Subtitles and Content Description**:
   - The subtitles confirm that the video is about learning how to talk about sports in English.
   - The content description mentions various scenes where the presenters discuss sports preferences, habits, and activities in English.
   - The video includes discussions about different sports, such as basketball, tennis, and cycling, and how to express different levels of interest in sports.

3. **Compare the Thumbnail to the Actual Video Content**:
   - The thumbnail accurately represents the main topic of the video, which is discussing sports in English.
   - The images of people playing sports in the background align with the content described in the video.
   - The presence of the British flag suggests that the content is related to English language learning.

4. **Determine if the Thumbnail Accurately Represents the Video's Main Topic or Content**:
   - The thumbnail effectively communicates the primary focus of the video, which is teaching English learners how to talk about sports.
   - There are no misleading elements in the thumbnail that suggest the video contains content different from what is advertised.

5. **Assess Whether the Thumbnail Uses Exaggeration, False Promises, or Clickbait Tactics**:
   - The thumbnail does not use any exaggerated claims or false promises.
   - It clearly states the purpose of the video and provides a visual representation of the content.

6. **Categorize the Thumbnail**:
   - Based on the analysis, the thumbnail is not misleading.

### Conclusion:
The thumbnail is **Not Misleading** because it accurately represents the main topic of the video, which is teaching English learners how to talk about sports in English. The images and text on the thumbnail align with the content described in the video, and there are no misleading elements."
v6rKIGxAz7c,"### Analysis:

1. **Examine the thumbnail**: The thumbnail features Jamie Foxx and Denzel Washington smiling and laughing together. The text overlay reads ""JAMIE FOXX + DENZEL WASHINGTON.""

2. **Read the video subtitles**: The subtitles include phrases like ""I got jokes!"" and ""Put me in the movie,"" which suggest a humorous and light-hearted tone.

3. **Compare the thumbnail to the actual video content**: The video content indeed features Jamie Foxx and Denzel Washington in a casual, friendly conversation. They share laughs and engage in a relaxed dialogue, which aligns with the thumbnail's depiction of them smiling and laughing together.

4. **Assess accuracy**: The thumbnail accurately represents the main topic of the video, which is a conversation between the two actors. There are no exaggerated elements or misleading aspects.

5. **Check for misleading tactics**: The thumbnail does not use exaggeration, false promises, or clickbait tactics. It simply shows the two actors in a positive, engaging interaction.

### Conclusion:

The thumbnail is **Not Misleading** because it accurately reflects the content of the video. It captures the essence of the conversation between Jamie Foxx and Denzel Washington, showing them in a friendly and humorous interaction without any misleading elements."
FOlmTg8mKPk,"### Analysis:

1. **Examine the thumbnail**: The thumbnail shows a town crier in traditional attire, holding a bell and a scroll, standing in front of a brick building. The image suggests a formal and ceremonial event.

2. **Read the subtitles**: The subtitles indicate that the video is about the birth of a royal child (a princess) on May 2nd, 2015. It mentions the Duke and Duchess of Cambridge and refers to the new princess being in line to the throne.

3. **Compare the thumbnail to the video content**:
   - The thumbnail depicts a town crier, which aligns with the traditional role of announcing important events.
   - However, the subtitles suggest a specific royal announcement regarding the birth of a new princess.

4. **Determine accuracy**: The thumbnail does not explicitly show any royal announcement or the presence of a royal family member. Instead, it portrays a general ceremonial scene involving a town crier.

5. **Assess for exaggeration, false promises, or clickbait**: The thumbnail does not promise or exaggerate the content of the video. It accurately reflects the scene depicted but fails to convey the specific royal announcement mentioned in the subtitles.

6. **Categorize the thumbnail**: Given that the thumbnail does not accurately represent the specific royal announcement described in the subtitles, it can be considered misleading.

7. **Explanation**: The thumbnail shows a town crier, which is part of the scene but does not provide context about the royal announcement. The subtitles mention a specific royal event, which is not visually represented in the thumbnail. Therefore, the thumbnail is misleading because it does not fully convey the content promised in the subtitles.

### Conclusion:
The thumbnail is **misleading** because it does not accurately represent the specific royal announcement described in the subtitles."
bbEbBHFBAkY,"### Analysis:

1. **Examine the thumbnail**: The thumbnail shows a man in a suit holding what looks like a cap or hat, which is often associated with graduation ceremonies where students receive their caps after receiving their degrees.

2. **Read through the video subtitles and content description**: The video content description describes a formal ceremony, likely a graduation or honorary degree conferral at a prestigious institution. It mentions a woman in professional attire, individuals in academic robes, and a young man receiving something (possibly a degree or award). The presence of distinguished guests and the audience's applause suggest a celebratory and formal event.

3. **Compare the thumbnail to the actual video content**: The thumbnail depicts a man in a suit holding a cap, which aligns with the description of a graduation ceremony. However, the video content includes scenes of a woman in professional attire, individuals in academic robes, and a young man receiving something, which are not directly depicted in the thumbnail.

4. **Determine if the thumbnail accurately represents the video's main topic or content**: While the thumbnail correctly represents a graduation ceremony, it does not fully capture the broader context of the event described in the video content. The thumbnail focuses solely on the individual in a suit, whereas the video includes multiple scenes involving different participants and elements of the ceremony.

5. **Assess whether the thumbnail uses exaggeration, false promises, or clickbait tactics**: The thumbnail does not use any exaggerated elements or false promises. It accurately reflects one aspect of the ceremony but fails to convey the full scope of the event.

6. **Categorize the thumbnail as either ""Misleading"" or ""Not Misleading""**: Given that the thumbnail accurately represents a key element of the ceremony (a graduation cap), but fails to convey the broader context of the event, it can be considered misleading because it does not provide a comprehensive representation of the video's content.

7. **Brief explanation for the decision**: The thumbnail is misleading because while it correctly depicts a graduation cap, which is a significant part of the ceremony, it does not reflect the full range of activities and participants involved in the event. The video content includes scenes of a woman in professional attire, individuals in academic robes, and a young man receiving something, which are not shown in the thumbnail.

**Conclusion**: The thumbnail is **misleading**."
NQMicLluWfs,"### Analysis:

1. **Examine the Thumbnail:**
   - The thumbnail shows a person wearing a crown and ornate robes, which aligns with the imagery described in the video content. It depicts a ceremonial setting, likely a coronation, which matches the theme of the video.

2. **Read Through the Subtitles and Content Description:**
   - The subtitles describe the ceremonial elements of a coronation, including the crowning, the presentation of regalia, and the solemn atmosphere of the event.
   - The content description confirms that the video depicts a grand royal coronation ceremony, emphasizing the historical and traditional aspects of the event.

3. **Compare the Thumbnail to the Actual Video Content:**
   - The thumbnail accurately represents the main topic of the video, which is a royal coronation ceremony.
   - The image of the person in ornate robes and a crown matches the description of the events unfolding in the video.

4. **Determine if the Thumbnail Accurately Represents the Video's Main Topic or Content:**
   - The thumbnail correctly portrays the essence of the video content, which is a royal coronation ceremony.

5. **Assess Whether the Thumbnail Uses Exaggeration, False Promises, or Clickbait Tactics:**
   - There is no indication of exaggeration, false promises, or clickbait tactics in the thumbnail. It accurately reflects the content of the video.

6. **Categorize the Thumbnail:**
   - Given that the thumbnail accurately represents the main topic and content of the video, it is not misleading.

7. **Explanation:**
   - The thumbnail effectively communicates the subject matter of the video without any misleading elements. It accurately depicts the ceremonial attire and setting associated with a royal coronation, which is consistent with the detailed description provided in the video content.

**Conclusion:**
The thumbnail is **Not Misleading**."
7CTtYz2R4nw,"### Analysis of the YouTube Video Thumbnail

#### Step 1: Examine the thumbnail
The thumbnail features two individuals prominently displayed side-by-side. One individual is dressed in a vibrant purple blazer, and the other is wearing a Scout uniform with a colorful necktie. The background suggests outdoor settings, which aligns with the theme of public engagement and community involvement.

#### Step 2: Read through the video subtitles and content description
The subtitles indicate that the video focuses on the royal couple (Kate Middleton and Prince William) and the new UK Chief Scout, Dwayne Fields. The content highlights their interactions with children, public appearances, and the announcement of Dwayne Fields' appointment as the new UK Chief Scout.

#### Step 3: Compare the thumbnail to the actual video content
The thumbnail effectively captures the essence of the video content. It shows two key figures who are central to the narrative: the royal couple and the new Chief Scout. The outdoor setting in the thumbnail matches the scenes described in the video, which feature both the royal couple and the new Chief Scout in various public engagements.

#### Step 4: Determine if the thumbnail accurately represents the video's main topic or content
The thumbnail accurately represents the main topics discussed in the video: the royal couple and the new UK Chief Scout. It does not mislead viewers into expecting a different subject matter.

#### Step 5: Assess whether the thumbnail uses exaggeration, false promises, or clickbait tactics
There are no elements in the thumbnail that suggest exaggeration, false promises, or clickbait tactics. The thumbnail is straightforward and informative, providing a clear preview of the video's content.

#### Step 6: Categorize the thumbnail as either ""Misleading"" or ""Not Misleading""
Based on the analysis, the thumbnail is **Not Misleading**.

#### Explanation
The thumbnail accurately reflects the content of the video, which primarily showcases the royal couple and the new UK Chief Scout. It does not contain any misleading elements or exaggerated claims. Therefore, it serves its purpose well by giving viewers a clear idea of what to expect from the video."
OWCSDTTqm3E,"### Analysis and Conclusion:

#### Step 1: Examine the Thumbnail
The thumbnail features a person wearing a Manchester City jersey, standing prominently in front of a colorful background with numbered steps (5 to 1). The text ""LUKE"" is displayed, along with the BBC logo, suggesting a connection to a BBC production.

#### Step 2: Read Through the Video Subtitles and Content Description
The subtitles indicate that the video involves a ranking or competition among football fans, likely involving questions and challenges related to football knowledge. The participants are from different football clubs (Manchester United, Manchester City, Tottenham, Arsenal, and Liverpool), and there is mention of a prize pool (£300).

#### Step 3: Compare the Thumbnail to the Actual Video Content
The thumbnail depicts a single individual in a Manchester City jersey, which aligns with the content described in the video. However, the thumbnail does not provide any indication of the ranking or competition aspect mentioned in the subtitles and content description.

#### Step 4: Determine if the Thumbnail Accurately Represents the Video's Main Topic or Content
The thumbnail does not clearly convey the ranking or competition element that is central to the video's content. It focuses on a single individual rather than showcasing the group dynamics or the ranking process.

#### Step 5: Assess Whether the Thumbnail Uses Exaggeration, False Promises, or Clickbait Tactics
The thumbnail does not use exaggerated language or false promises. Instead, it presents a single individual in a sports jersey, which could be misleading because it does not reflect the group dynamic or the ranking aspect of the video.

#### Step 6: Categorize the Thumbnail as Either ""Misleading"" or ""Not Misleading""
Based on the analysis, the thumbnail is **misleading** because it fails to convey the key elements of the video's content—namely, the ranking or competition aspect involving multiple participants.

#### Explanation:
The thumbnail effectively highlights a single individual but lacks context regarding the group participation and ranking process. This omission misleads viewers into expecting a video focused solely on a single fan's perspective rather than a collaborative ranking competition involving multiple participants. Therefore, the thumbnail is misleading."
HhV2082VhPA,"### Analysis:

1. **Examine the thumbnail**: The thumbnail shows a man seated at a table signing documents, with a green arrow pointing towards the papers on the table. The Daily Mail logo is visible in the corner.

2. **Read through the video content**:
   - The video depicts a formal royal ceremony involving the signing of documents.
   - The setting is grand and ornate, indicative of a significant event.
   - The man signing the documents appears to be a central figure, likely a monarch or someone of high rank.
   - The overall tone suggests a momentous occasion, such as an accession or coronation.

3. **Compare the thumbnail to the actual video content**:
   - The thumbnail accurately depicts the main action (signing documents) which is a key element of the ceremony shown in the video.
   - The setting and the presence of other officials in the background align with the grandeur described in the video.

4. **Determine if the thumbnail accurately represents the video's main topic or content**:
   - The thumbnail correctly represents the core activity of the video, which is the signing of documents during a formal ceremony.
   - There are no misleading elements that suggest a different context or outcome than what is depicted.

5. **Assess whether the thumbnail uses exaggeration, false promises, or clickbait tactics**:
   - The thumbnail does not use any exaggerated elements or false promises.
   - It accurately reflects the content of the video without misleading the viewer.

6. **Categorize the thumbnail**:
   - Based on the analysis, the thumbnail is not misleading.

7. **Explanation**:
   - The thumbnail accurately portrays the main action of the video, which is the signing of documents during a formal ceremony. It does not mislead viewers into expecting a different type of content or outcome. The setting and the presence of other officials in the background further reinforce the authenticity of the depiction.

### Conclusion:
The thumbnail is **Not Misleading**. It accurately represents the main topic and content of the video, providing a clear and honest preview of the formal royal ceremony being documented."
oTpTVqJX8ho,"### Analysis:

1. **Examine the Thumbnail**:
   - The thumbnail features a player in a red jersey, seemingly celebrating a goal. The text overlay reads ""Ten of the Best David Beckham Goals.""

2. **Read Through the Video Content Description**:
   - The video showcases a player's career in the Premier League, featuring various moments such as dribbling, physical encounters, match action, tactical plays, and dramatic saves. It also highlights camaraderie among teammates and the crowd's reactions.

3. **Compare the Thumbnail to the Actual Video Content**:
   - The thumbnail depicts a player celebrating a goal, which aligns with the video content that includes moments of scoring and dramatic saves.
   - However, the thumbnail specifically mentions ""David Beckham Goals,"" suggesting it focuses solely on his goals, whereas the video content is broader and includes other aspects of his career.

4. **Determine Accuracy Representation**:
   - While the thumbnail correctly identifies the player and the general theme (goals), it does not fully represent the comprehensive nature of the video content. The video covers more than just his goals; it includes his career progression, teamwork, and the overall atmosphere of the matches.

5. **Assess for Exaggeration, False Promises, or Clickbait Tactics**:
   - The thumbnail does not use exaggerated language or false promises but rather accurately reflects the content by mentioning ""goals."" However, it might be misleading because it suggests a focus on goals alone when the video includes much more.

6. **Categorize the Thumbnail**:
   - Given that the thumbnail accurately represents the player and the theme of the video but fails to convey the full scope of the content, it can be considered misleading.

7. **Explanation**:
   - The thumbnail effectively captures the player's celebratory moment but misleads viewers into expecting a video strictly focused on his goals. The video content is richer and includes multiple aspects of his career, making the thumbnail somewhat deceptive in terms of viewer expectations.

### Conclusion:
The thumbnail is **misleading** because while it correctly identifies the player and the theme, it fails to convey the comprehensive nature of the video content, which includes more than just his goals."
rJBhkkzNDkQ,"### Analysis of the Thumbnail and Video Content

#### Step 1: Examine the Thumbnail
The thumbnail features three cartoon characters, each wearing sports-related attire (a soccer jersey, a football helmet, and a baseball cap). The word ""SPORTS"" is prominently displayed above them. The image suggests a theme related to sports.

#### Step 2: Read Through the Video Subtitles and Content Description
The subtitles and the video content describe a narrative involving sports, specifically soccer (football), and the speaker's personal experiences with sports. The video includes scenes of sports-related activities, interactions between characters, and reflections on the speaker's past involvement in sports.

#### Step 3: Compare the Thumbnail to the Actual Video Content
The thumbnail accurately represents the theme of sports, which aligns closely with the content described in the video. The characters depicted in the thumbnail are engaged in sports activities, which matches the overall theme of the video.

#### Step 4: Determine if the Thumbnail Accurately Represents the Video's Main Topic or Content
The thumbnail effectively conveys the main topic of the video, which revolves around sports and the speaker's personal experiences with them. It does not mislead viewers into expecting a different type of content.

#### Step 5: Assess Whether the Thumbnail Uses Exaggeration, False Promises, or Clickbait Tactics
The thumbnail does not use any exaggerated elements or false promises. It clearly communicates the theme of sports, which is consistent with the video content.

#### Step 6: Categorize the Thumbnail as Either ""Misleading"" or ""Not Misleading""
Based on the analysis, the thumbnail is **Not Misleading**.

#### Explanation
The thumbnail accurately reflects the theme of the video, which is centered around sports. It does not promise or suggest any content that is not present in the video. Therefore, it does not use any misleading tactics and is appropriately representative of the video's content."
wxUtr7Qq798,"### Analysis:

1. **Examine the thumbnail**: The thumbnail shows a group of people on a running track, with individuals wearing light blue shirts and headbands, suggesting a team or charity event. The setting looks like a typical running track environment.

2. **Read through the video subtitles and content description**: Since there are no subtitles, we rely on the video description for context. The description outlines a charity running event where participants engage in warm-ups, a race, and post-race celebrations.

3. **Compare the thumbnail to the actual video content**: The thumbnail accurately depicts the setting and participants of the event described in the video. It shows a group of people on a running track, which aligns with the description of a charity running event.

4. **Determine if the thumbnail accurately represents the video's main topic or content**: The thumbnail correctly represents the main topic of the video, which is a charity running event.

5. **Assess whether the thumbnail uses exaggeration, false promises, or clickbait tactics**: There is no indication that the thumbnail uses any form of exaggeration, false promises, or clickbait tactics. It simply shows the setting and participants of the event.

6. **Categorize the thumbnail as either ""Misleading"" or ""Not Misleading""**: Based on the analysis, the thumbnail does not mislead viewers about the content of the video.

7. **Brief explanation for the decision**: The thumbnail accurately reflects the setting and participants of the charity running event described in the video. It does not use any misleading elements such as exaggerated claims or clickbait tactics. Therefore, the thumbnail is not misleading.

**Conclusion**: The thumbnail is **Not Misleading**."
CIRjxMDC5k8,"### Analysis and Categorization:

#### Step 1: Examine the Thumbnail
The provided thumbnail does not appear to be included in the given information. Therefore, we cannot visually assess the thumbnail for misleading elements based on the provided data.

#### Step 2: Read Through the Subtitles and Content Description
The subtitles and the content description indicate that the video is an interview about a historic moment in Neymar's career, specifically his debut or first goal for Santos FC. The narrator, Milton Leite, recounts the events surrounding this moment, emphasizing the anticipation and significance of the event.

#### Step 3: Compare the Thumbnail to the Actual Video Content
Since the thumbnail is not provided, we cannot directly compare it to the video content. However, based on the description, the video content aligns closely with the theme suggested by the title ""MOMENTO HISTÓRICO.""

#### Step 4: Determine if the Thumbnail Accurately Represents the Video's Main Topic or Content
Given that the video content revolves around a significant moment in Neymar's career, the title ""MOMENTO HISTÓRICO"" suggests that the video will indeed cover a historic event. There is no indication in the provided information that the thumbnail would be misleading.

#### Step 5: Assess Whether the Thumbnail Uses Exaggeration, False Promises, or Clickbait Tactics
There is no evidence of exaggeration, false promises, or clickbait tactics in the provided information. The title ""MOMENTO HISTÓRICO"" is straightforward and accurately reflects the content described.

#### Step 6: Categorize the Thumbnail
Based on the analysis above, the thumbnail is not misleading.

#### Explanation:
The thumbnail would need to be visually assessed to ensure it accurately represents the content of the video. Since the thumbnail is not provided, we cannot definitively state whether it is misleading or not. However, the content description clearly indicates that the video focuses on a historic moment in Neymar's career, which aligns well with the title ""MOMENTO HISTÓRICO."" Therefore, without visual confirmation of the thumbnail, we can only conclude that the provided information does not suggest any misleading elements.

### Final Decision:
**Not Misleading**

**Explanation:** The video content aligns with the title ""MOMENTO HISTÓRICO,"" suggesting a historic moment in Neymar's career. Without the thumbnail, we cannot confirm its accuracy, but the textual content supports the idea that the video will cover a significant event in Neymar's career."
lqbZAYlGfKs,"### Analysis and Categorization:

#### Step 1: Examine the Thumbnail
The thumbnail features a player in a light blue jersey, pointing towards the camera with a celebratory expression. The text on the thumbnail reads ""ENG-BEL HIGHLIGHTS.""

#### Step 2: Read Through the Video Subtitles and Content Description
The subtitles and the video content description describe a series of key moments from an international football match between England and Belgium. The video highlights various stages of the match, including goal-scoring moments, tense plays near the goal, and the overall ebb and flow of the game.

#### Step 3: Compare the Thumbnail to the Actual Video Content
The thumbnail shows a player celebrating, which aligns with the excitement and highlights typically featured in sports videos. However, the thumbnail does not explicitly indicate that the match ended in a draw or that England equalized late in the game. It focuses more on the celebratory moment rather than the overall outcome of the match.

#### Step 4: Determine if the Thumbnail Accurately Represents the Video's Main Topic or Content
While the thumbnail captures a celebratory moment, it does not provide enough context to convey the full narrative of the match. The thumbnail suggests a positive outcome for Belgium, which is misleading because the video actually ends with a 2-2 draw, with England equalizing late in the game.

#### Step 5: Assess Whether the Thumbnail Uses Exaggeration, False Promises, or Clickbait Tactics
The thumbnail uses a celebratory image to attract viewers' attention, which could be seen as clickbait. However, the thumbnail itself does not make any false promises or use exaggerated language; it simply presents a moment of celebration.

#### Step 6: Categorize the Thumbnail as Either ""Misleading"" or ""Not Misleading""
Based on the analysis, the thumbnail is **misleading** because it does not accurately represent the final outcome of the match. While it captures a celebratory moment, it fails to convey the full story of the match, particularly the late equalizer by England.

#### Explanation:
The thumbnail is misleading because it focuses on a single celebratory moment without providing context about the match's conclusion. It suggests a positive outcome for Belgium, which is not the case as the match ended in a draw with England equalizing late in the game. This omission misleads viewers into expecting a different result than what is ultimately shown in the video."
403jzB62dAs,"### Analysis:

1. **Examine the Thumbnail**:
   - The thumbnail shows a large dragon flying over a stone amphitheater, with a group of people gathered below. The image conveys a sense of grandeur and fantasy, aligning closely with the themes of Game of Thrones.

2. **Read Through the Video Subtitles and Content Description**:
   - The video content description confirms that it is set in a fantasy world reminiscent of Game of Thrones, featuring a significant gathering of characters in a stone amphitheater. Dragons are present, which matches the imagery in the thumbnail.

3. **Compare the Thumbnail to the Actual Video Content**:
   - The thumbnail accurately depicts the setting and elements shown in the video. The presence of the dragon, the stone amphitheater, and the gathering of characters are all consistent with the video content.

4. **Determine if the Thumbnail Accurately Represents the Video's Main Topic or Content**:
   - The thumbnail effectively represents the main topic of the video, which is a significant gathering involving dragons and characters in a fantasy setting.

5. **Assess Whether the Thumbnail Uses Exaggeration, False Promises, or Clickbait Tactics**:
   - There is no exaggeration or false promise in the thumbnail. It accurately reflects the content described in the video.

6. **Categorize the Thumbnail**:
   - Given that the thumbnail accurately represents the video's content without any misleading elements, it should be categorized as ""Not Misleading.""

7. **Brief Explanation**:
   - The thumbnail correctly portrays the setting and elements of the video, which is a significant gathering involving dragons and characters in a fantasy setting. There are no exaggerated claims or misleading elements in the thumbnail, making it appropriate for the video content.

### Conclusion:
The thumbnail is **Not Misleading**."
MJX7VGcJF1c,"### Analysis of the Thumbnail and Content

#### Step 1: Examine the Thumbnail
The thumbnail features two individuals dressed in formal attire, one of whom appears to be wearing medals and decorations. The setting seems to be a formal event, likely a state dinner or a similar high-profile occasion.

#### Step 2: Read Through the Subtitles and Content Description
The subtitles mention a ""state banquet at Buckingham Palace,"" a ""Granddad joke,"" and a ""Pokemon reference."" The content description includes scenes from a formal dinner, a royal expert speaking, and a reference to a ""Pokemon phrase.""

#### Step 3: Compare the Thumbnail to the Actual Video Content
- The thumbnail shows a formal event with individuals in formal attire.
- The video content includes scenes from a formal dinner, which aligns with the thumbnail.
- However, the video also includes scenes unrelated to the formal dinner, such as a cartoon character, a concert, and a woman in a leopard print top discussing health updates.

#### Step 4: Determine if the Thumbnail Accurately Represents the Video's Main Topic or Content
The thumbnail accurately represents the formal dinner setting, which is a significant part of the video content. However, the inclusion of other unrelated scenes (like the cartoon character and the woman discussing health) suggests that the thumbnail might not fully capture the entirety of the video's content.

#### Step 5: Assess Whether the Thumbnail Uses Exaggeration, False Promises, or Clickbait Tactics
The thumbnail does not use exaggerated claims or false promises. It accurately reflects the formal dinner setting, which is a key element of the video content.

#### Step 6: Categorize the Thumbnail as Either ""Misleading"" or ""Not Misleading""
Given that the thumbnail accurately represents the formal dinner setting, which is a significant part of the video content, but does not fully capture the entire range of content included in the video, it can be considered slightly misleading.

#### Step 7: Provide a Brief Explanation for Your Decision
The thumbnail accurately represents the formal dinner setting, which is a significant part of the video content. However, it does not fully capture the entire range of content included in the video, which includes unrelated scenes like a cartoon character and a woman discussing health updates. Therefore, while the thumbnail is not entirely misleading, it could be considered slightly misleading due to its limited representation of the full video content.

**Final Decision:** Not Misleading"
jqWJ7xAbPnA,"### Analysis of the Thumbnail and Video Content

#### Step 1: Examine the Thumbnail
The thumbnail features a close-up shot of a blonde woman with a serious expression. The NBC News logo and the ""TODAY"" show logo are prominently displayed, indicating that this is an exclusive interview segment.

#### Step 2: Read Through the Video Subtitles and Content Description
The subtitles and content description indicate that the video is an interview with Amber Heard discussing a significant legal case involving Johnny Depp. The video covers various aspects of the case, including courtroom settings, emotional reactions, and discussions about allegations of domestic and sexual abuse.

#### Step 3: Compare the Thumbnail to the Actual Video Content
The thumbnail shows a close-up of a woman with a serious expression, which aligns with the serious and intense tone described in the video content. However, the thumbnail does not provide specific details about the legal proceedings or the nature of the allegations discussed in the interview.

#### Step 4: Determine if the Thumbnail Accurately Represents the Video's Main Topic or Content
While the thumbnail captures the serious tone of the interview, it does not convey the specific content or context of the legal proceedings or the allegations discussed. It lacks the detail necessary to fully represent the video's main topic.

#### Step 5: Assess Whether the Thumbnail Uses Exaggeration, False Promises, or Clickbait Tactics
The thumbnail does not use exaggerated language or false promises. It simply presents a close-up of a woman, which is appropriate for a news interview segment.

#### Step 6: Categorize the Thumbnail as Either ""Misleading"" or ""Not Misleading""
Based on the analysis, the thumbnail is **not misleading** because it accurately reflects the serious tone of the interview but fails to provide specific details about the content of the video.

#### Explanation
The thumbnail effectively sets the tone for the interview but does not provide enough information to fully represent the specific content of the video. While it accurately conveys the seriousness of the interview, it lacks the detail needed to inform viewers about the specific topics discussed, such as the legal proceedings and allegations of abuse. Therefore, while not misleading, the thumbnail could be improved to better reflect the specific content of the video."
2kdqmzbqlVs,"### Analysis and Categorization:

#### Step 1: Examine the Thumbnail
The thumbnail features a woman taking a selfie on a balcony, wearing jewelry and holding a drink. The image conveys a sense of luxury and personal style, which aligns with the glamorous and fashionable elements mentioned in the video description.

#### Step 2: Read Through the Video Subtitles and Content Description
Since there are no subtitles, we rely on the video content description provided.

#### Step 3: Compare the Thumbnail to the Actual Video Content
The thumbnail depicts a woman taking a selfie, which is one of the scenes described in the video. However, the video also includes a variety of other scenes such as a dressing room, a beach, interviews, family dinners, and casual moments with friends and family.

#### Step 4: Determine if the Thumbnail Accurately Represents the Video's Main Topic or Content
While the thumbnail captures a moment from the video, it does not represent the full scope of the content. The video covers multiple aspects of the woman's life, including glamorous events, personal relationships, and family dynamics, which are not fully represented by just one scene.

#### Step 5: Assess Whether the Thumbnail Uses Exaggeration, False Promises, or Clickbait Tactics
The thumbnail does not use exaggerated or misleading elements. It simply shows a moment that is part of the broader narrative but does not promise or suggest the entire range of content covered in the video.

#### Step 6: Categorize the Thumbnail
Based on the analysis, the thumbnail is not misleading because it accurately reflects one of the scenes in the video. However, it does not provide a comprehensive representation of the entire content, which could potentially lead viewers to expect more glamorous or glamorous-focused content than what the video actually contains.

#### Step 7: Provide a Brief Explanation for Your Decision
The thumbnail accurately depicts a scene from the video but fails to convey the multifaceted nature of the content. While it does not use exaggerated or misleading elements, it does not fully represent the diverse range of scenes and themes present in the video. Therefore, the thumbnail can be considered **Not Misleading** but somewhat incomplete in its representation of the full content."
hmFQqjMF_f0,"### Analysis and Conclusion:

**Step 1:** Examine the thumbnail.
The thumbnail features a cartoon illustration of a girl playing tennis, accompanied by the title ""How Playing Sports Benefits Your Body and Your Brain."" The image is clear and directly related to the topic mentioned in the subtitles.

**Step 2:** Read through the video subtitles and content description.
The subtitles discuss the benefits of sports for both the body and the brain, including physical health improvements, mental benefits such as improved focus, mood, and memory, and psychological benefits like increased self-esteem and resilience. The video emphasizes the importance of finding a sport that suits individual needs and the supportive community that comes with team sports.

**Step 3:** Compare the thumbnail to the actual video content.
The thumbnail accurately represents the main topic of the video, which is about the benefits of sports for both physical and mental health. It aligns well with the content described in the subtitles and the video itself.

**Step 4:** Determine if the thumbnail accurately represents the video's main topic or content.
The thumbnail effectively communicates the core message of the video without any misleading elements.

**Step 5:** Assess whether the thumbnail uses exaggeration, false promises, or clickbait tactics.
The thumbnail does not use any exaggerated claims or false promises. It simply presents the topic clearly and concisely.

**Step 6:** Categorize the thumbnail as either ""Misleading"" or ""Not Misleading.""
Based on the analysis, the thumbnail is **Not Misleading**.

**Explanation:**
The thumbnail accurately reflects the content of the video, which discusses the multifaceted benefits of sports for both physical and mental health. It does not overstate or misrepresent the information presented in the video. Therefore, it serves its purpose effectively without any misleading elements."
Wk7QDl6S7hc,"### Analysis of the Thumbnail and Video Content

#### Step 1: Examine the Thumbnail
The thumbnail shows a person kneeling beside a large container filled with golf balls, with a dramatic landscape in the background. The word ""HOLE"" is prominently displayed with an arrow pointing towards the container, suggesting that the video involves a golf challenge involving a large number of golf balls.

#### Step 2: Read Through the Video Subtitles and Content Description
The video describes a golf challenge where participants attempt to hit a hole-in-one using a large number of golf balls (2,000) on a makeshift golf course resembling a ski jump. The video includes multiple attempts with different types of balls (basketballs, soccer balls, and golf balls), each aiming to achieve a hole-in-one.

#### Step 3: Compare the Thumbnail to the Actual Video Content
The thumbnail depicts a scenario involving a large number of golf balls and a dramatic landscape, which aligns closely with the video content. However, the thumbnail does not explicitly mention the use of 2,000 golf balls or the specific challenges involved in the video.

#### Step 4: Determine if the Thumbnail Accurately Represents the Video's Main Topic or Content
While the thumbnail accurately represents the general theme of a golf challenge involving a large number of balls, it does not provide enough detail about the specific elements of the challenge (e.g., the number of balls used, the type of balls, etc.). This lack of specificity could lead viewers to expect a different kind of content.

#### Step 5: Assess Whether the Thumbnail Uses Exaggeration, False Promises, or Clickbait Tactics
The thumbnail does not use exaggerated language or false promises. It simply presents a visually appealing image that hints at the main topic of the video without misleading viewers about the specifics of the challenge.

#### Step 6: Categorize the Thumbnail as Either ""Misleading"" or ""Not Misleading""
Based on the analysis, the thumbnail is **not misleading** because it accurately represents the general theme of the video but lacks sufficient detail about the specific elements of the challenge.

#### Explanation
The thumbnail effectively captures the essence of the video content by showing a person with a large number of golf balls, which is a key element of the golf challenge described in the video. However, it does not specify the exact number of balls or the specific challenges involved, which could lead to viewer expectations that may not be fully met. Despite this minor omission, the thumbnail does not use any misleading tactics or false promises. Therefore, the thumbnail is categorized as **Not Misleading**."
lQLzQsYH7z8,"### Analysis:

#### Step 1: Examine the Thumbnail
The thumbnail depicts a character dressed in a purple outfit, holding a shield and a sword, standing amidst a forest setting. The character has a helmet and a cape, giving a medieval or fantasy warrior appearance. The background features stylized trees and a pink structure, suggesting a magical or mythical environment.

#### Step 2: Read Through the Video Subtitles and Content Description
The subtitles and the video content describe the myth of Perseus and Medusa, a well-known Greek myth involving a quest to obtain Medusa's head. The video includes elements like Perseus navigating through columned structures, encountering Medusa, and the use of magical items to complete the quest.

#### Step 3: Compare the Thumbnail to the Actual Video Content
The thumbnail shows a character in a medieval/fantasy setting, which aligns somewhat with the mythological theme of the video. However, the specific details such as the character's attire and the forest setting do not match the detailed descriptions of the Greek mythological setting described in the subtitles and content.

#### Step 4: Determine if the Thumbnail Accurately Represents the Video's Main Topic or Content
The thumbnail does not accurately represent the specific elements of the Greek mythological setting described in the subtitles. It lacks the architectural elements like columns and the celestial elements mentioned in the video.

#### Step 5: Assess Whether the Thumbnail Uses Exaggeration, False Promises, or Clickbait Tactics
The thumbnail does not use exaggerated or misleading elements. It simply presents a generic warrior character in a mystical setting, which is appropriate for a mythological video.

#### Step 6: Categorize the Thumbnail as Either ""Misleading"" or ""Not Misleading""
Based on the analysis, the thumbnail is **not misleading** because it accurately reflects the general theme of a mythological adventure but does not specifically convey the detailed elements of the Greek mythological setting.

#### Explanation:
The thumbnail provides a broad representation of a mythological adventure, which is fitting for the video's content. However, it does not accurately depict the specific elements of the Greek mythological setting described in the subtitles and content. Therefore, while it is not misleading, it could be improved to more closely match the detailed elements of the mythological setting to better represent the video's content."
CaFVx5sSCVE,"### Analysis:

1. **Examine the thumbnail**: The thumbnail shows a man in a suit, smiling, against a backdrop that includes the show's logo and a star graphic. It suggests a formal and light-hearted setting, which aligns with the typical style of a talk show.

2. **Read through the video subtitles and content description**: The subtitles indicate a discussion about family dynamics, particularly regarding children's involvement in sports. The content description confirms that the video features a talk show format with multiple guests, including a main interviewee, and a lively, entertaining atmosphere.

3. **Compare the thumbnail to the actual video content**: The thumbnail depicts a man in a suit, which matches the appearance of the main interviewee described in the content description. However, the thumbnail does not provide any visual cues about the specific topic being discussed (family dynamics and sports).

4. **Determine if the thumbnail accurately represents the video's main topic or content**: While the thumbnail accurately portrays the setting of a talk show, it does not give any indication of the specific content or topic being discussed. The thumbnail does not visually represent the family dynamics or sports-related conversation mentioned in the subtitles.

5. **Assess whether the thumbnail uses exaggeration, false promises, or clickbait tactics**: The thumbnail does not use any exaggerated elements or false promises. It simply presents a generic image of a talk show setting.

6. **Categorize the thumbnail as either ""Misleading"" or ""Not Misleading""**: Given that the thumbnail does not visually represent the specific content of the video (family dynamics and sports), it can be considered misleading.

7. **Brief explanation for the decision**: The thumbnail fails to convey the specific topic of the video, which is about family dynamics and sports. While it accurately represents the setting of a talk show, it does not provide enough context for viewers to understand the nature of the conversation. Therefore, the thumbnail is misleading.

### Conclusion:
**Misleading**

The thumbnail is misleading because it does not visually represent the specific content of the video, which discusses family dynamics and sports."
BnvO9QFI8r8,"### Analysis:

1. **Examine the Thumbnail**: The thumbnail shows a cricket player in an orange and black uniform, standing inside a batting cage, holding a bat, and appearing to be in mid-swing. The setting looks like a professional training facility.

2. **Read Through the Subtitles and Content Description**: Since there are no subtitles, we rely solely on the video description provided.

3. **Compare the Thumbnail to the Actual Video Content**:
   - The thumbnail depicts a cricket player in a batting cage, which aligns with the video description that mentions a cricket batting practice session within a practice net.
   - The player’s attire (orange and black) matches the description of the player wearing an orange and black outfit.
   - The setting described in the video (a cricket practice facility with a large building in the background) is consistent with the image shown in the thumbnail.

4. **Determine Accuracy Representation**: The thumbnail accurately represents the main topic of the video, which is a cricket batting practice session. It captures the essence of what the viewer would expect to see based on the video description.

5. **Assess for Exaggeration, False Promises, or Clickbait Tactics**: There are no elements in the thumbnail that suggest exaggeration, false promises, or clickbait tactics. The image is straightforward and informative.

6. **Categorization**: Based on the analysis, the thumbnail does not contain any misleading elements. It accurately reflects the content of the video.

7. **Explanation**: The thumbnail effectively communicates the subject matter of the video without any misleading elements. It shows a cricket player practicing batting, which matches the description of the video content. Therefore, it should be categorized as ""Not Misleading.""

### Final Decision:
**Not Misleading**

**Explanation**: The thumbnail accurately represents the cricket batting practice session depicted in the video, with no misleading elements present."
Q6Vy4fTHrR8,"### Analysis:

1. **Examine the thumbnail**: The thumbnail shows a group of people on a city street, with police officers present. The image suggests a confrontation or a crowd control situation, which aligns with the video's content.

2. **Read through the video subtitles and content description**: Since subtitles are not available, we rely on the video description for context.

3. **Compare the thumbnail to the actual video content**: The thumbnail depicts a scene that matches the video's depiction of a crowd on a city street with police officers present. The overall theme of crowd control and tension is consistent with the video's content.

4. **Determine if the thumbnail accurately represents the video's main topic or content**: The thumbnail accurately represents the main topic of the video, which is a crowd control situation involving police officers in an urban environment.

5. **Assess whether the thumbnail uses exaggeration, false promises, or clickbait tactics**: There is no indication of exaggeration, false promises, or clickbait tactics in the thumbnail. It simply shows a scene that matches the video's content.

6. **Categorize the thumbnail as either ""Misleading"" or ""Not Misleading""**: Based on the analysis, the thumbnail does not use any misleading elements; it accurately represents the video's content.

7. **Provide a brief explanation for your decision**: The thumbnail accurately reflects the scene depicted in the video, showing a crowd on a city street with police officers present. There are no exaggerated elements or misleading promises in the thumbnail.

**Conclusion**: The thumbnail is **Not Misleading**."
KlvfZcUKTKE,"### Analysis:

1. **Examine the thumbnail**: The thumbnail features a person wearing an Arsenal jersey with the word ""SACKED"" prominently displayed over them. The background includes the Sky Sports logo and Premier League branding.

2. **Read through the video content**: The video content described above does not mention any sackings or managerial changes. It is a compilation of scenes from Arsenal matches and related events, showcasing various aspects of the team's activities including gameplay, press conferences, and behind-the-scenes moments.

3. **Compare the thumbnail to the actual video content**: The thumbnail suggests that the video is about a manager being sacked, which is not mentioned or depicted in the video content. The video focuses on general scenes from Arsenal matches and events without any indication of a managerial change.

4. **Determine if the thumbnail accurately represents the video's main topic or content**: The thumbnail misleads viewers by suggesting a specific event (a manager being sacked) that is not present in the video content.

5. **Assess whether the thumbnail uses exaggeration, false promises, or clickbait tactics**: The thumbnail uses clickbait tactics by promising a specific event (a manager being sacked) that is not actually shown in the video.

6. **Categorize the thumbnail as either ""Misleading"" or ""Not Misleading""**: Based on the analysis, the thumbnail is misleading.

7. **Brief explanation for the decision**: The thumbnail falsely implies that the video content involves a manager being sacked, which is not true according to the video description. This creates a misleading expectation for the viewer, leading them to watch the video with incorrect assumptions about its content.

**Final Decision**: The thumbnail is **Misleading**."
nDKGAPppxwU,"### Analysis of the Provided Information

#### Step 1: Examine the Thumbnail
The thumbnail depicts a scene where a man and a woman are seated at a table with microphones, likely in a radio studio setting. The individuals appear to be engaged in a conversation, which aligns with the context of a radio broadcast or interview.

#### Step 2: Read Through the Video Subtitles and Content Description
The subtitles indicate that the video features a conversation about mental health awareness, specifically mentioning a charity called ""Heads Together."" The conversation includes discussions about the importance of mental health awareness and the impact of such campaigns.

#### Step 3: Compare the Thumbnail to the Actual Video Content
The thumbnail shows a scene that is consistent with the video content described. It depicts a radio studio environment with individuals engaged in a discussion, which matches the setting described in the video description.

#### Step 4: Determine if the Thumbnail Accurately Represents the Video's Main Topic or Content
The thumbnail accurately represents the main topic of the video, which is a radio broadcast or interview discussing mental health awareness and the ""Heads Together"" campaign.

#### Step 5: Assess Whether the Thumbnail Uses Exaggeration, False Promises, or Clickbait Tactics
There are no elements in the thumbnail that suggest exaggeration, false promises, or clickbait tactics. The image is straightforward and clearly depicts a radio studio setting.

#### Step 6: Categorize the Thumbnail as Either ""Misleading"" or ""Not Misleading""
Based on the analysis, the thumbnail is not misleading. It accurately represents the content of the video, which is a radio broadcast discussing mental health awareness.

#### Explanation
The thumbnail effectively communicates the setting and purpose of the video without any misleading elements. It accurately reflects the radio studio environment and the nature of the conversation, which is centered around mental health awareness. Therefore, the thumbnail is categorized as ""Not Misleading."""
qOU2xzJiXNU,"### Analysis:

1. **Examine the Thumbnail**:
   - The thumbnail features a player in a white jersey with the number 19, celebrating. The background includes the flags of the Netherlands and England, along with the ITV Sport logo and the word ""HIGHLIGHTS.""

2. **Read Through the Video Content Description**:
   - The video depicts a series of highlights from a soccer match between the Netherlands and England, including key moments such as goals, celebrations, and the overall competitive nature of the game.

3. **Compare the Thumbnail to the Actual Video Content**:
   - The thumbnail shows a player celebrating, which aligns with the content of the video where players celebrate after scoring goals or winning moments.
   - However, the thumbnail does not explicitly mention the specific outcome of the match or the final score, which is 2-1 in favor of England.

4. **Determine Accuracy Representation**:
   - While the thumbnail correctly depicts a celebratory moment, it does not provide any information about the final score or the winner of the match.
   - The thumbnail suggests that the video might focus on individual highlights rather than the overall narrative of the match.

5. **Assess for Exaggeration, False Promises, or Clickbait Tactics**:
   - There is no indication of exaggeration or false promises in the thumbnail. It simply presents a celebratory moment without misleading viewers about the match's outcome.
   - The thumbnail does not use clickbait tactics; it accurately reflects the content shown in the video.

6. **Categorize the Thumbnail**:
   - Given that the thumbnail accurately represents a celebratory moment from the match but does not provide crucial information like the final score or the winner, it can be considered misleading because it does not fully convey the outcome of the match.

### Conclusion:
The thumbnail is **misleading** because while it correctly depicts a celebratory moment, it fails to inform viewers about the final score or the winner of the match. This omission could mislead viewers into expecting more content or a different outcome than what is actually presented in the video."
pdbeEzTwJKY,"### Analysis:

1. **Examine the Thumbnail**:
   - The thumbnail features two players from England, one wearing the number 10 jersey, and the word ""HIGHLIGHTS"" prominently displayed.
   - The flags of England and Slovakia are shown, indicating the match between these two countries.
   - The ITV Sport logo is present, suggesting the source of the broadcast.

2. **Read Through the Video Content Description**:
   - The video covers a full match between England and Slovakia, starting with a promotional image for UEFA Euro 2024.
   - It shows various moments of the match, including goals scored by both teams, reactions from players, and the progression of the game.
   - The video highlights the competitive nature of the match, capturing key moments like scoring, defending, and celebrating.

3. **Compare the Thumbnail to the Actual Video Content**:
   - The thumbnail accurately represents the match between England and Slovakia, which is confirmed by the video content.
   - The presence of the ITV Sport logo suggests that this is indeed a highlight reel from their broadcast.
   - The focus on players and the mention of ""HIGHLIGHTS"" align well with the content described in the video.

4. **Assess for Exaggeration, False Promises, or Clickbait Tactics**:
   - There are no exaggerated claims or false promises in the thumbnail.
   - The thumbnail does not use clickbait tactics; it clearly indicates what the viewer can expect from the video.

5. **Categorize the Thumbnail**:
   - Given that the thumbnail accurately represents the content of the video and does not mislead viewers about the type of content they will watch, it is not misleading.

### Conclusion:
The thumbnail is **Not Misleading**. It accurately reflects the content of the video, which is a highlight reel of a match between England and Slovakia, broadcast by ITV Sport."
_BCfN5vSMHw,"### Analysis:

1. **Examine the thumbnail**: The thumbnail features a woman with short blonde hair wearing a green jacket, sitting in what appears to be a talk show setting. The background includes bookshelves and decorative elements typical of a talk show environment.

2. **Read through the video content**: The video content describes a talk show segment titled ""A Spoonful of Julie,"" featuring an older woman with short blonde hair wearing a green jacket. The segment involves lively conversation between the host and guests, with the host gesturing animatedly and the guests responding thoughtfully and humorously.

3. **Compare the thumbnail to the actual video content**: The thumbnail accurately depicts the setting and the appearance of the guest featured in the segment. It correctly represents the main topic of the video, which is a talk show interview with a specific guest.

4. **Determine accuracy representation**: The thumbnail does not exaggerate or misrepresent any aspect of the video content. It accurately reflects the setting and the appearance of the guest.

5. **Assess for misleading elements**: There are no elements in the thumbnail that use exaggeration, false promises, or clickbait tactics. The thumbnail is straightforward and truthful.

6. **Categorize the thumbnail**: Based on the analysis, the thumbnail is not misleading.

7. **Explanation**: The thumbnail accurately represents the setting and the appearance of the guest in the talk show segment. It does not contain any misleading elements or exaggerated claims. Therefore, it is categorized as ""Not Misleading.""

### Conclusion:
The thumbnail is **Not Misleading**."
cHylAeteEyI,"### Analysis of the Thumbnail and Video Content

1. **Thumbnail Examination**:
   - The thumbnail features three individuals, presumably the host and guests, smiling and appearing to be in a lighthearted and positive mood.
   - The text overlay reads ""FULL EPISODE"" and includes the Ellen logo, indicating that this is a full episode of the Ellen DeGeneres Show.

2. **Video Subtitles**:
   - The subtitles indicate a talk show format where the host engages with an audience, discusses various topics, and interacts with guests.
   - The content described in the video involves discussions about safety, health, and potentially humorous anecdotes related to food and daily activities.

3. **Comparison of Thumbnail and Video Content**:
   - The thumbnail suggests a typical talk show environment with a focus on entertainment and positive interactions between the host and guests.
   - The video content, however, delves into more serious topics such as safety awareness and health concerns, which are not typically associated with a typical talk show format.

4. **Assessment of Misleading Elements**:
   - The thumbnail does not accurately represent the serious and informative nature of the content discussed in the video.
   - The thumbnail implies a lighter, more entertaining atmosphere, which contrasts sharply with the substantive and educational tone of the talk show content.

5. **Conclusion**:
   - The thumbnail is misleading because it does not reflect the actual content of the video, which is more focused on safety and health discussions rather than a typical talk show format.

### Final Decision:
The thumbnail is **misleading** because it fails to accurately represent the serious and informative nature of the talk show content."
CFVLd9lk4KA,"### Analysis:

1. **Examine the thumbnail**: The thumbnail features Scarlett Johansson smiling directly at the camera against a backdrop of a city skyline at night. It prominently displays the title ""THE TONIGHT SHOW"" and her name, ""SCARLETT JOHANSSON.""

2. **Read the subtitles and content description**: The subtitles introduce Scarlett Johansson as a ""Tony-winning actor"" and ""one of the biggest movie stars on the planet."" The content description mentions her participation in the show, her recent movie ""Fly Me to the Moon,"" and her involvement in ""Jurassic World.""

3. **Compare the thumbnail to the actual video content**: The thumbnail accurately represents the main topic of the video, which is an interview with Scarlett Johansson on a late-night talk show. The setting, the host, and the guest match the description provided.

4. **Assess accuracy representation**: The thumbnail correctly depicts the setting and the subject matter of the video. There are no exaggerated elements or misleading information presented.

5. **Check for exaggeration, false promises, or clickbait tactics**: The thumbnail does not use any exaggerated elements or false promises. It simply presents the host welcoming Scarlett Johansson to the show, which aligns with the content described.

6. **Categorize the thumbnail**: Based on the analysis, the thumbnail is accurate and does not contain any misleading elements.

### Conclusion:

The thumbnail is **Not Misleading**. It accurately represents the content of the video, which is an interview with Scarlett Johansson on a late-night talk show. There are no exaggerated elements or misleading information present in the thumbnail."
YNsQtztDE2A,"### Analysis:

1. **Examine the thumbnail**: The thumbnail shows Princess Kate wearing sunglasses and a purple outfit, sitting in what appears to be a stadium or arena, likely at a sports event. The text overlay reads ""PRINCESS KATE'S SURPRISE APPEARANCE.""

2. **Read through the video content description**: The video depicts scenes from the Wimbledon tennis tournament, featuring a woman in a purple dress interacting with various individuals, including athletes and spectators. The setting includes the tennis courts, the grounds of the Wimbledon complex, and interactions with people of different backgrounds.

3. **Compare the thumbnail to the actual video content**:
   - The thumbnail suggests a surprise appearance of Princess Kate at a sports event.
   - The video content describes a series of events at Wimbledon, which is a tennis tournament, but does not specifically mention Princess Kate or any surprise appearances.

4. **Determine if the thumbnail accurately represents the video's main topic or content**:
   - The thumbnail implies a specific individual (Princess Kate) and a particular event (a surprise appearance), which is not explicitly mentioned in the video content.
   - The video content focuses on the general atmosphere and activities at Wimbledon without highlighting a specific surprise appearance.

5. **Assess whether the thumbnail uses exaggeration, false promises, or clickbait tactics**:
   - The thumbnail uses the term ""surprise appearance,"" which could be misleading because it suggests a specific individual and a specific event that the video does not confirm.
   - There is no indication in the video content that supports the idea of a surprise appearance by Princess Kate.

6. **Categorize the thumbnail**:
   - Given that the thumbnail makes a claim about Princess Kate’s surprise appearance at Wimbledon, which is not supported by the video content, the thumbnail is misleading.

7. **Brief explanation**:
   - The thumbnail creates an expectation based on the text ""PRINCESS KATE'S SURPRISE APPEARANCE,"" which is not substantiated by the video content. The video does not focus on a specific surprise appearance by Princess Kate but rather captures various scenes from the Wimbledon tournament. Therefore, the thumbnail misleads viewers by promising a specific event that is not depicted in the video.

### Conclusion:
The thumbnail is **misleading**."
pPZkWxoZy4I,"### Analysis:

1. **Examine the Thumbnail**: The thumbnail features a man in formal attire, smiling, which aligns with the general theme of the video showcasing a prominent royal family member engaged in various activities related to his role as a royal figure.

2. **Read Through the Subtitles and Content Description**: The subtitles discuss the financial aspects of the royal family, specifically the income and responsibilities of Prince William. The content description mentions various moments in the life of a royal family member, including formal events, ceremonies, and interactions with the public.

3. **Compare the Thumbnail to the Actual Video Content**: The thumbnail accurately represents the subject matter of the video, which focuses on the life and responsibilities of a prominent royal figure. The scenes depicted in the video, such as formal attire, ceremonial events, and interactions with the public, are consistent with the content suggested by the thumbnail.

4. **Determine if the Thumbnail Accurately Represents the Video's Main Topic or Content**: The thumbnail effectively captures the essence of the video, which revolves around the life and duties of a royal family member, particularly focusing on financial aspects and ceremonial engagements.

5. **Assess Whether the Thumbnail Uses Exaggeration, False Promises, or Clickbait Tactics**: There is no indication that the thumbnail uses exaggeration, false promises, or clickbait tactics. Instead, it provides a clear and accurate representation of the video's content.

6. **Categorize the Thumbnail**: Based on the analysis, the thumbnail is not misleading.

7. **Explanation**: The thumbnail accurately reflects the content of the video, which primarily showcases the life and responsibilities of a prominent royal figure, including financial matters and ceremonial engagements. There are no elements in the thumbnail that mislead viewers about the video's content.

**Conclusion**: The thumbnail is **Not Misleading**."
GlAjeTunopo,"### Analysis:

1. **Examine the thumbnail**: The thumbnail shows a man with white hair, wearing a light blue shirt, sitting in a studio setting with colorful, illuminated brick walls in the background. The BBC News logo is visible, indicating a professional broadcast environment.

2. **Read the video subtitles and content description**: The subtitles and content description indicate that the video is a discussion about conspiracy theories, particularly focusing on the actions of politicians and the media. The speaker discusses various conspiracy theories, including those related to the EU, the Iraq War, and the 9/11 attacks.

3. **Compare the thumbnail to the actual video content**:
   - The thumbnail depicts a single individual in a studio setting, which aligns with the professional broadcast environment described in the video description.
   - However, the content of the video involves multiple individuals discussing conspiracy theories, which is not depicted in the thumbnail.

4. **Determine if the thumbnail accurately represents the video's main topic or content**:
   - The thumbnail does not accurately represent the multiple individuals and the discussion about conspiracy theories that are central to the video content.

5. **Assess whether the thumbnail uses exaggeration, false promises, or clickbait tactics**:
   - There is no indication of exaggeration, false promises, or clickbait tactics in the thumbnail itself. It simply shows a man in a studio setting, which is appropriate for a news broadcast.

6. **Categorize the thumbnail**:
   - Given that the thumbnail does not accurately represent the multiple individuals and the discussion about conspiracy theories that are central to the video content, it is misleading.

7. **Explanation**:
   - The thumbnail fails to convey the full context of the video, which features multiple individuals discussing conspiracy theories. It only shows a single individual, which may lead viewers to expect a different type of content (e.g., a solo interview) rather than a group discussion about complex topics.

### Conclusion:
The thumbnail is **misleading** because it does not accurately represent the multiple individuals and the discussion about conspiracy theories that are central to the video content."
tuZZXi6qxjk,"### Analysis of the Provided Information

#### Step 1: Examine the Thumbnail
The thumbnail depicts a woman reading a book to a young child seated on her lap. The setting appears to be indoors, with a floral-patterned sofa visible in the background. The image is black and white, suggesting a historical context.

#### Step 2: Read Through the Video Subtitles and Content Description
The subtitles and the video content description indicate that the video is a historical montage about the early life and coronation of a British royal figure, likely Queen Elizabeth II. The scenes transition from childhood to adulthood, showcasing various moments of the royal's life, including family interactions, public appearances, and the coronation ceremony.

#### Step 3: Compare the Thumbnail to the Actual Video Content
The thumbnail shows a domestic scene where a woman is reading to a child. While this could be a part of the video content, it does not represent the majority of the video's content. The video primarily focuses on the royal's life, including public ceremonies and family moments, rather than a simple domestic interaction.

#### Step 4: Determine if the Thumbnail Accurately Represents the Video's Main Topic or Content
The thumbnail does not accurately represent the main topics or content of the video. It suggests a more intimate, domestic setting, whereas the video covers a wide range of events, including public ceremonies and significant life milestones.

#### Step 5: Assess Whether the Thumbnail Uses Exaggeration, False Promises, or Clickbait Tactics
The thumbnail does not use exaggeration, false promises, or clickbait tactics. However, it misleads viewers into expecting a more personal, domestic narrative when the video actually covers a broader range of historical events.

#### Step 6: Categorize the Thumbnail as Either ""Misleading"" or ""Not Misleading""
Based on the analysis, the thumbnail is **misleading** because it does not accurately reflect the content of the video. It suggests a more personal, domestic setting when the video covers a wide range of historical events related to the royal's life.

#### Explanation
The thumbnail effectively captures a moment of intimacy but fails to convey the broader historical narrative that the video aims to present. It misleads viewers into expecting a more personal story when the video is a historical montage covering significant events in the royal's life. Therefore, the thumbnail is misleading."
K8HOZlC5ECQ,"### Analysis of the Thumbnail and Video Content

#### Step 1: Examine the Thumbnail
The thumbnail features a woman and a young boy laughing together. The text overlay reads ""FUNNIEST MOMENTS"" and includes the logo for the ""Royal Family Channel.""

#### Step 2: Read Through the Video Subtitles and Content Description
The video content description mentions various scenes involving the British royal family, including public appearances, formal events, and interactions with the public. The subtitles include humorous anecdotes about the royal family's interactions and moments of laughter.

#### Step 3: Compare the Thumbnail to the Actual Video Content
The thumbnail depicts a scene of laughter, which aligns with the content described in the video subtitles. The video indeed features moments of humor and laughter involving the royal family.

#### Step 4: Determine if the Thumbnail Accurately Represents the Video's Main Topic or Content
The thumbnail accurately represents the main topic of the video, which is to showcase funny moments involving the royal family.

#### Step 5: Assess Whether the Thumbnail Uses Exaggeration, False Promises, or Clickbait Tactics
There is no exaggeration or false promise in the thumbnail. It clearly indicates that the video contains ""funniest moments,"" which is true based on the content description.

#### Step 6: Categorize the Thumbnail as Either ""Misleading"" or ""Not Misleading""
The thumbnail is not misleading because it accurately reflects the content of the video.

#### Explanation
The thumbnail effectively communicates the theme of the video, which is to highlight funny moments involving the royal family. It does not use exaggerated language or false promises, and it accurately represents the content of the video. Therefore, the thumbnail is categorized as ""Not Misleading."""
_6br-YeGh40,"### Analysis of the YouTube Video Thumbnail

#### Step 1: Examine the thumbnail
The thumbnail features a man wearing a military uniform with the words ""HUGE SUCCESS"" prominently displayed in bold letters. Below the image, the text reads ""TWO YEARS OF CHARLES' REIGN.""

#### Step 2: Read through the video subtitles and content description
The subtitles and content description indicate that the video covers the second anniversary of Queen Elizabeth II's death and King Charles' accession to the throne. The video discusses King Charles' reign, his interactions with the public, and his health issues. The tone is commemorative and respectful, focusing on the transition from Queen Elizabeth II to King Charles III.

#### Step 3: Compare the thumbnail to the actual video content
The thumbnail suggests that the video will primarily focus on King Charles' achievements and success during his reign. However, the video content, as described, covers a wide range of topics including the anniversary of Queen Elizabeth II's death, King Charles' interactions with the public, and his health issues. While the thumbnail does mention ""Two Years of Charles' Reign,"" it does not specifically highlight the ""huge success"" aspect.

#### Step 4: Determine if the thumbnail accurately represents the video's main topic or content
The thumbnail implies that the video will be predominantly about King Charles' accomplishments and success during his reign. However, the video content is more balanced and covers multiple aspects of King Charles' reign, including personal health issues and public engagements. Therefore, the thumbnail does not fully represent the comprehensive nature of the video content.

#### Step 5: Assess whether the thumbnail uses exaggeration, false promises, or clickbait tactics
The thumbnail uses the word ""HUGE SUCCESS"" which could be seen as an exaggeration. It suggests that the entire two-year period of King Charles' reign has been overwhelmingly successful, which may not be accurate based on the video content description.

#### Step 6: Categorize the thumbnail as either ""Misleading"" or ""Not Misleading""
Given that the thumbnail suggests a more celebratory and positive tone than the actual content of the video, which includes discussions of King Charles' health issues and the challenges faced during his reign, the thumbnail can be considered misleading.

#### Step 7: Provide a brief explanation for the decision
The thumbnail implies that King Charles' reign has been a huge success, which is not entirely supported by the video content. The video covers a range of topics including King Charles' health issues and the challenges faced during his reign, which are not highlighted in the thumbnail. Therefore, the thumbnail is misleading as it does not accurately reflect the comprehensive nature of the video content."
f2IsafsIW_8,"### Analysis:

1. **Examine the Thumbnail**:
   - The thumbnail features two men sitting outdoors under umbrellas during what appears to be a formal event. The setting looks like a garden or park, and it is raining heavily, as indicated by the umbrellas and the wet ground.

2. **Read Through the Video Subtitles and Content Description**:
   - There are no subtitles provided in the video description.
   - The content description mentions two distinct scenes: an outdoor event in the rain and a visit to Buckingham Palace.

3. **Compare the Thumbnail to the Actual Video Content**:
   - The thumbnail accurately depicts the outdoor event with people seated under umbrellas, which matches the first scene described in the video.
   - However, the thumbnail does not show any elements related to Buckingham Palace, which is the second scene in the video.

4. **Determine if the Thumbnail Accurately Represents the Video's Main Topic or Content**:
   - The thumbnail correctly represents the first scene but fails to represent the second scene, which is a significant part of the video content.

5. **Assess Whether the Thumbnail Uses Exaggeration, False Promises, or Clickbait Tactics**:
   - The thumbnail does not use exaggeration or false promises. It accurately reflects the first scene but does not provide any indication of the second scene.

6. **Categorize the Thumbnail as Either ""Misleading"" or ""Not Misleading""**:
   - Given that the thumbnail only represents the first scene and does not indicate the transition to Buckingham Palace, it can be considered misleading because it does not fully represent the entire content of the video.

7. **Brief Explanation for the Decision**:
   - The thumbnail accurately captures the first scene of the video but fails to convey the second scene, which is a crucial part of the content. This omission makes the thumbnail misleading as it does not give a complete picture of the video's content.

**Final Categorization**: Misleading"
4RPsfu2N5VI,"### Analysis and Categorization:

#### Step 1: Examine the Thumbnail
The thumbnail typically shows a still image or a brief clip from the video that represents the main topic or highlight of the content. Based on the provided information, the thumbnail likely depicts a scene from the video where a goal is scored, possibly with a celebratory moment following it.

#### Step 2: Read Through the Subtitles and Content Description
The subtitles indicate that the goal described is significant enough to be considered ""historical,"" which aligns with the content description that emphasizes the historical importance of the goal in Neymar's career.

#### Step 3: Compare the Thumbnail to the Actual Video Content
Given the content description, the thumbnail should ideally reflect the historical significance of the goal and the celebratory moments surrounding it. If the thumbnail shows a generic soccer match scene without any indication of a specific goal or celebration, it may not fully capture the essence of the video’s focus.

#### Step 4: Determine if the Thumbnail Accurately Represents the Video's Main Topic or Content
If the thumbnail does not visually represent the historical significance of the goal or the celebratory moments, it could be misleading because viewers might expect a more dramatic or iconic moment that the thumbnail fails to convey.

#### Step 5: Assess Whether the Thumbnail Uses Exaggeration, False Promises, or Clickbait Tactics
If the thumbnail is too generic or does not emphasize the historical nature of the goal, it could be seen as misleading because it does not adequately prepare the viewer for the content they are about to watch.

#### Step 6: Categorize the Thumbnail as Either ""Misleading"" or ""Not Misleading""
Based on the analysis above, if the thumbnail fails to visually represent the historical significance of the goal or the celebratory moments surrounding it, it can be categorized as **misleading**.

#### Explanation:
The thumbnail should ideally capture the historical significance of the goal and the celebratory moments following it. If it does not do so, viewers might be misled into expecting a less significant or less celebratory moment than what the video actually contains. Therefore, the thumbnail is misleading unless it clearly indicates the historical nature of the goal and the celebratory context."
WcOhPXnAi04,"### Analysis:

1. **Examine the thumbnail**: The thumbnail shows Kevin Hart sitting on a talk show set, smiling and looking engaged. The text overlay clearly identifies him as ""KEVIN HART.""

2. **Read the video subtitles and content description**: The subtitles indicate a casual conversation between Kevin Hart and Ellen DeGeneres. The content revolves around Hart's family life, including his children and his experiences overcoming fears.

3. **Compare the thumbnail to the actual video content**: The thumbnail depicts a typical talk show interview setup, which aligns closely with the content described in the video. The video does not contain any misleading elements or exaggerated content that would mislead viewers.

4. **Determine if the thumbnail accurately represents the video's main topic or content**: The thumbnail accurately represents the setting and the nature of the interview, which is a standard talk show format.

5. **Assess for exaggeration, false promises, or clickbait tactics**: There are no elements in the thumbnail that suggest exaggeration, false promises, or clickbait tactics. It simply presents a straightforward depiction of a talk show interview.

6. **Categorize the thumbnail**: Based on the analysis, the thumbnail is not misleading.

### Conclusion:

The thumbnail is **Not Misleading**. It accurately represents the setting and the nature of the content, which is a typical talk show interview featuring Kevin Hart discussing his family life and overcoming fears. There are no elements that mislead viewers about the content or the nature of the video."
YNZQ70nSycY,"### Analysis:

1. **Examine the thumbnail**: The thumbnail features a stylized illustration of a woman with long brown hair, wearing a bow and arrow, and surrounded by celestial elements like stars and a crescent moon. The image suggests a connection to mythology, specifically Artemis, the Greek goddess of the hunt.

2. **Read through the video subtitles and content description**: The subtitles appear to be unrelated to the content of the video. They seem to be random phrases that do not provide any context or relevance to the video's theme or content.

3. **Compare the thumbnail to the actual video content**: The thumbnail accurately represents the video's main topic, which is the introduction to Artemis, the Greek goddess of the hunt. The image of a woman with a bow and arrow, along with celestial elements, aligns perfectly with the content described in the video.

4. **Determine if the thumbnail accurately represents the video's main topic or content**: The thumbnail effectively captures the essence of the video, which is an introduction to Artemis and her role as a huntress in Greek mythology.

5. **Assess whether the thumbnail uses exaggeration, false promises, or clickbait tactics**: There is no indication of exaggeration, false promises, or clickbait tactics in the thumbnail. It accurately reflects the content of the video.

6. **Categorize the thumbnail as either ""Misleading"" or ""Not Misleading""**: Based on the analysis, the thumbnail is not misleading because it accurately represents the content of the video.

7. **Provide a brief explanation for your decision**: The thumbnail correctly depicts the subject matter of the video, which is an introduction to Artemis, the Greek goddess of the hunt. It does not contain any misleading elements or exaggerated claims. Therefore, the thumbnail is categorized as ""Not Misleading.""

### Conclusion:
The thumbnail is **Not Misleading**."
wTqpyUJxlRY,"### Analysis of the Thumbnail and Video Content

#### Step 1: Examine the Thumbnail
The thumbnail features a young boy making a playful gesture with his hands near his head, appearing excited and energetic. The background includes a table and part of a couch, suggesting an indoor setting.

#### Step 2: Read Through the Video Subtitles and Content Description
The subtitles indicate that the video involves a father-son hide-and-seek game. The boy is hiding, and the father is trying to find him. The video also mentions that the boy is the one hiding this time, and the father is the one trying to find him. The setting is described as a skate park or recreational facility, with various obstacles and equipment.

#### Step 3: Compare the Thumbnail to the Actual Video Content
The thumbnail depicts a playful and energetic scene, which aligns with the playful nature of the hide-and-seek game mentioned in the subtitles. However, the setting in the thumbnail does not explicitly suggest a skate park or recreational facility, which is a significant detail in the video content.

#### Step 4: Determine if the Thumbnail Accurately Represents the Video's Main Topic or Content
While the thumbnail captures the playful and energetic mood of the video, it does not clearly convey the specific setting (skate park) or the activity (hide-and-seek). The setting in the thumbnail is more general and does not provide enough context for viewers to understand the specific environment and activity depicted in the video.

#### Step 5: Assess Whether the Thumbnail Uses Exaggeration, False Promises, or Clickbait Tactics
The thumbnail does not use exaggerated visuals or false promises. It simply shows a playful scene that matches the content described in the subtitles.

#### Step 6: Categorize the Thumbnail as Either ""Misleading"" or ""Not Misleading""
Based on the analysis, the thumbnail is **not misleading**. While it does not explicitly depict the specific setting (skate park) or the activity (hide-and-seek), it accurately conveys the playful and energetic tone of the video. The thumbnail effectively captures the essence of the video without misleading viewers about the specific details of the content.

#### Explanation
The thumbnail successfully conveys the playful and energetic atmosphere of the video but lacks the specific details about the setting and activity. However, these details are not crucial for the viewer to understand the overall theme of the video, which is a father-son hide-and-seek game. Therefore, the thumbnail is not misleading."
f9573kGBtuE,"### Analysis:

1. **Examine the Thumbnail:** The thumbnail shows two young girls in pink tutus and tiaras performing on a brightly lit stage with a backdrop that includes the Ellen DeGeneres Show logo. The image suggests a lighthearted and family-friendly performance.

2. **Read Through the Subtitles and Content Description:** The video features two young girls performing alongside a pop star with blue hair and a colorful outfit. The host interacts with the performers, and the girls are seen dancing, twirling, and sometimes singing. The pop star also engages with the audience and the girls.

3. **Compare the Thumbnail to the Actual Video Content:** The thumbnail accurately represents the main topic of the video, which is a performance involving young girls and a pop star. The setting and the presence of the Ellen DeGeneres Show logo align with the content described.

4. **Determine if the Thumbnail Accurately Represents the Video's Main Topic or Content:** The thumbnail effectively captures the essence of the video, showing a performance that involves dancing and singing, which matches the content described.

5. **Assess Whether the Thumbnail Uses Exaggeration, False Promises, or Clickbait Tactics:** There is no indication of exaggeration, false promises, or clickbait tactics in the thumbnail. It simply presents the scene as it is without any misleading elements.

6. **Categorize the Thumbnail:** Based on the analysis, the thumbnail does not use any misleading elements and accurately represents the video's content.

7. **Explanation:** The thumbnail correctly depicts the scene of a performance involving young girls and a pop star on the Ellen DeGeneres Show. It does not exaggerate or mislead viewers about the content of the video.

**Conclusion:** The thumbnail is **Not Misleading**."
yBBSpeeN9t4,"### Analysis of the Thumbnail and Video Content

#### Step 1: Examine the Thumbnail
The thumbnail shows a man taking a photo of a hummingbird feeder with a child partially visible in the background. The image suggests a peaceful, family-oriented setting, likely capturing a moment of nature appreciation.

#### Step 2: Read Through the Subtitles and Content Description
The subtitles indicate that the video features Prince Harry and Meghan Markle’s son, Archie, and includes behind-the-scenes glimpses of their family life. The content description mentions various family moments, including interactions with hummingbirds, personal interviews, and reflections on the family’s experiences.

#### Step 3: Compare the Thumbnail to the Actual Video Content
The thumbnail depicts a tranquil scene with a hummingbird feeder, which aligns closely with the video content that includes moments of observing hummingbirds. However, the thumbnail does not explicitly show any of the family members or the emotional depth suggested by the subtitles and content description.

#### Step 4: Determine if the Thumbnail Accurately Represents the Video's Main Topic or Content
While the thumbnail captures a serene moment related to the theme of the video (nature and family), it does not fully represent the emotional and varied content described in the subtitles and video description. The thumbnail lacks the intensity and emotional range depicted in the video, such as the personal interviews, reflections on family dynamics, and the formal events like the wedding.

#### Step 5: Assess Whether the Thumbnail Uses Exaggeration, False Promises, or Clickbait Tactics
The thumbnail does not use exaggerated visuals or false promises. It accurately reflects a part of the video content but fails to convey the full spectrum of emotions and themes present in the video.

#### Step 6: Categorize the Thumbnail as Either ""Misleading"" or ""Not Misleading""
Given that the thumbnail provides a partial representation of the video content without fully capturing the emotional and varied nature of the scenes shown, it can be considered **misleading**.

#### Explanation for Decision
The thumbnail effectively captures a peaceful moment involving hummingbirds, which is a significant part of the video content. However, it fails to convey the emotional depth, personal interviews, and formal events that are integral to the video's narrative. By not fully representing the diverse content, the thumbnail may mislead viewers into expecting a less comprehensive or less emotionally rich experience than what the video actually offers."
7oxlCKMlpZw,"### Analysis of the Thumbnail and Video Content

#### Step 1: Examine the Thumbnail
The thumbnail shows two individuals seated on a tour bus, one of whom is holding a teacup. The setting appears to be outdoors, and the individuals are dressed casually. The overall tone suggests a relaxed, informal interaction.

#### Step 2: Read Through the Video Subtitles and Content Description
The subtitles indicate that the video features two individuals, James Corden and Prince Harry, engaging in a conversation while traveling on a tour bus. The conversation includes references to Los Angeles landmarks and a humorous exchange about Prince Harry's royal status. The content also mentions a tea session and a discussion about a house from the TV show *The Fresh Prince of Bel-Air*.

#### Step 3: Compare the Thumbnail to the Actual Video Content
The thumbnail depicts a scene that aligns closely with the opening of the video, where the two individuals are indeed on a tour bus, engaging in conversation. However, the thumbnail does not capture the subsequent scenes involving the tea session, the discussion about the *Fresh Prince of Bel-Air* house, or the visit to the cemetery or the obstacle course.

#### Step 4: Determine if the Thumbnail Accurately Represents the Video's Main Topic or Content
While the thumbnail captures a key moment from the beginning of the video, it fails to represent the diverse range of activities and locations featured throughout the video. The thumbnail does not convey the depth of the conversation or the broader narrative arc of the video.

#### Step 5: Assess Whether the Thumbnail Uses Exaggeration, False Promises, or Clickbait Tactics
The thumbnail does not use exaggerated visuals or false promises. It accurately reflects the initial scene but lacks context for the rest of the video's content.

#### Step 6: Categorize the Thumbnail as Either ""Misleading"" or ""Not Misleading""
Based on the analysis, the thumbnail is **misleading** because it does not provide a comprehensive representation of the entire video content. While it correctly depicts the opening scene, it fails to convey the multifaceted nature of the video, which includes various locations and activities beyond just the tour bus ride.

#### Explanation
The thumbnail effectively captures the initial scene but does not reflect the broader narrative of the video. It fails to communicate the diverse elements such as the tea session, the discussion about the *Fresh Prince of Bel-Air* house, the visit to the cemetery, and the obstacle course. Therefore, the thumbnail is misleading as it does not accurately represent the full scope of the video's content."
WBpVPpc-Uus,"### Analysis of the Provided Information

#### Step 1: Examine the Thumbnail
The thumbnail shows a cricket player in a blue uniform, likely an Indian batsman, preparing to face a delivery. The image captures a moment of concentration and readiness, which aligns with the video content described.

#### Step 2: Read Through the Video Subtitles and Content Description
The subtitles and content description focus on a batsman's performance during a cricket match. The video highlights the player's skills, techniques, and the excitement of the match. It emphasizes the player's ability to adjust to different types of deliveries and maintain a high run rate.

#### Step 3: Compare the Thumbnail to the Actual Video Content
The thumbnail depicts a moment where the batsman is preparing to face a delivery, which matches the opening scene of the video. The video content further elaborates on the player's performance throughout the match, showcasing his skills and the dynamic nature of the game.

#### Step 4: Determine if the Thumbnail Accurately Represents the Video's Main Topic or Content
The thumbnail accurately represents the main topic of the video, which is a cricket match featuring a batsman in action. It captures a crucial moment in the game, setting the stage for the viewer to expect a highlight reel of the player's performance.

#### Step 5: Assess Whether the Thumbnail Uses Exaggeration, False Promises, or Clickbait Tactics
There is no indication of exaggeration, false promises, or clickbait tactics in the thumbnail. It simply presents a realistic depiction of a cricket player preparing to face a delivery, which is a common and expected scenario in a cricket match.

#### Step 6: Categorize the Thumbnail as Either ""Misleading"" or ""Not Misleading""
Based on the analysis, the thumbnail is not misleading. It accurately represents the main topic and content of the video without using any exaggerated or misleading elements.

#### Step 7: Provide a Brief Explanation for Your Decision
The thumbnail effectively captures a moment from the cricket match, which is the central theme of the video. It sets the expectation for the viewer that the video will showcase the player's performance and the excitement of the match. Therefore, it is not misleading.

### Conclusion
The thumbnail is **Not Misleading**."
4cJfxdL6llE,"### Analysis:

#### Step 1: Examine the Thumbnail
The thumbnail features three individuals, presumably commentators or analysts, holding Sky Sports microphones. They appear to be in a studio setting, which aligns with the context of a sports broadcast. However, the image does not explicitly show the match or the stadium, which are key elements typically associated with a football match broadcast.

#### Step 2: Read Through the Video Subtitles and Content Description
The subtitles and content description indicate that the video is a post-match analysis of a football match between Manchester United and Liverpool, with a focus on the manager's pressure, team performance, and recent transfers. The discussion includes analysis of the match result (Manchester United losing 0-3), the manager's situation, and the impact of new signings on the team.

#### Step 3: Compare the Thumbnail to the Actual Video Content
The thumbnail does not visually represent the actual content of the video. It shows commentators in a studio setting, which is different from the live match environment described in the video description. The thumbnail does not capture the stadium, the match action, or the post-match analysis that is central to the video.

#### Step 4: Determine if the Thumbnail Accurately Represents the Video's Main Topic or Content
The thumbnail fails to convey the main topic of the video, which is a detailed analysis of a football match and its implications for the team and manager. Instead, it gives a misleading impression that the video is about a studio discussion without any connection to the match itself.

#### Step 5: Assess Whether the Thumbnail Uses Exaggeration, False Promises, or Clickbait Tactics
The thumbnail does not use exaggeration, false promises, or clickbait tactics. However, it is misleading because it does not accurately reflect the content of the video.

#### Step 6: Categorize the Thumbnail as Either ""Misleading"" or ""Not Misleading""
Based on the analysis, the thumbnail is **misleading**.

#### Explanation:
The thumbnail fails to provide a clear visual representation of the actual content of the video. It does not depict the match or the stadium, which are crucial elements of a football broadcast. Instead, it shows commentators in a studio setting, which is not the primary focus of the video. This misleads viewers into expecting a different type of content than what is actually presented in the video."
hDNSeob7_rA,"### Analysis:

#### Step 1: Examine the Thumbnail
The thumbnail shows a man wearing headphones, presumably a sports commentator or analyst, alongside an image of Cristiano Ronaldo celebrating a goal. The text overlay reads, ""ONCE IN A GENERATION TALENT!""

#### Step 2: Read Through the Video Subtitles and Content Description
The video content discusses Cristiano Ronaldo's achievements, particularly his 900th career goal. The hosts express admiration for Ronaldo's talent and discuss how he continues to perform despite aging. They also mention his adaptability and the respect he garners from his teammates.

#### Step 3: Compare the Thumbnail to the Actual Video Content
The thumbnail depicts a sports commentator and Ronaldo celebrating a goal, which aligns closely with the content of the video. The hosts indeed discuss Ronaldo's talent and achievements, including his 900th goal.

#### Step 4: Determine if the Thumbnail Accurately Represents the Video's Main Topic or Content
The thumbnail accurately represents the main topic of the video, which is discussing Cristiano Ronaldo's talent and achievements.

#### Step 5: Assess Whether the Thumbnail Uses Exaggeration, False Promises, or Clickbait Tactics
There is no exaggeration or false promise in the thumbnail. It accurately reflects the content of the video.

#### Step 6: Categorize the Thumbnail
The thumbnail is **Not Misleading**.

#### Explanation:
The thumbnail effectively communicates the main topic of the video, which is discussing Cristiano Ronaldo's talent and achievements. It does not use exaggerated claims or false promises. Therefore, it accurately represents the content of the video and does not mislead viewers."
XsFeMIIi5zY,"### Analysis of the YouTube Video Thumbnail and Content

#### Step 1: Examine the Thumbnail
The thumbnail features a large steel dart labeled as ""600KG STEEL DART"" aimed at a blue car. The image suggests a dramatic and potentially destructive scenario where the dart is intended to hit the car.

#### Step 2: Read Through the Video Subtitles and Content Description
The subtitles and the video content description indicate that the video involves a series of stunts and experiments, primarily focusing on a large dart being launched towards a car. The video describes the preparation and execution of a stunt involving a ""Mega Giant Dart,"" which is significantly larger than a standard dart. The car is shown in various precarious positions, and the climax involves the dart hitting the car, causing significant damage.

#### Step 3: Compare the Thumbnail to the Actual Video Content
The thumbnail depicts a large steel dart aimed at a car, which aligns closely with the video content described. The video indeed shows a large dart being launched towards a car, causing damage. However, the thumbnail does not specify the weight of the dart or the exact nature of the stunt, which might lead viewers to expect a more exaggerated or catastrophic outcome.

#### Step 4: Determine if the Thumbnail Accurately Represents the Video's Main Topic or Content
While the thumbnail accurately represents the main topic (a large dart hitting a car), it does not provide specific details about the weight of the dart or the nature of the stunt. This lack of detail might mislead viewers into expecting a more extreme or catastrophic event than what is actually depicted in the video.

#### Step 5: Assess Whether the Thumbnail Uses Exaggeration, False Promises, or Clickbait Tactics
The thumbnail uses exaggeration by depicting a large steel dart, which is a significant visual cue. However, the thumbnail does not use false promises or clickbait tactics; it simply presents the main elements of the video without overpromising or underdelivering.

#### Step 6: Categorize the Thumbnail as Either ""Misleading"" or ""Not Misleading""
Given that the thumbnail accurately represents the main topic of the video but lacks specific details about the weight of the dart and the nature of the stunt, it can be considered **misleading** because it may lead viewers to expect a more extreme or catastrophic outcome than what is actually shown in the video.

#### Explanation for Decision
The thumbnail effectively captures the essence of the video but fails to provide crucial details such as the weight of the dart and the specifics of the stunt. This omission might mislead viewers into expecting a more dramatic or catastrophic event, which is not necessarily the case based on the video content. Therefore, the thumbnail is misleading."
QgAjXE3CiG0,"### Analysis:

1. **Examine the Thumbnail**:
   - The thumbnail features a graphic with the Premier League logo, the score ""2-1,"" and the teams' logos (Newcastle United and Tottenham Hotspur).
   - It includes the words ""HIGHLIGHTS"" and ""sky sports,"" suggesting that it is a highlight reel from a match between these two teams.

2. **Read Through the Video Content Description**:
   - The video captures a soccer match between Newcastle United and another team, likely Tottenham Hotspur, based on the jersey colors mentioned.
   - The content includes various scenes of gameplay, player reactions, and the overall atmosphere of the match.

3. **Compare the Thumbnail to the Actual Video Content**:
   - The thumbnail correctly identifies the teams involved and the outcome of the match (Newcastle United won 2-1).
   - However, the thumbnail does not provide any visual representation of the gameplay or the specific moments described in the video content.

4. **Determine Accuracy Representation**:
   - While the thumbnail accurately states the teams and the final score, it fails to visually represent the content described in the video.
   - The video content includes scenes of gameplay, player reactions, and the overall atmosphere of the match, which are not depicted in the thumbnail.

5. **Assess for Exaggeration, False Promises, or Clickbait Tactics**:
   - The thumbnail does not use exaggerated visuals or false promises.
   - It simply provides basic information about the match without misleading the viewer into expecting a specific type of content.

6. **Categorize the Thumbnail**:
   - Given that the thumbnail provides accurate information but lacks a visual representation of the actual content, it can be considered misleading because it does not fully convey the dynamic nature of the match as described in the video.

### Conclusion:
The thumbnail is **misleading** because it fails to visually represent the dynamic and varied content of the match as described in the video. While it correctly identifies the teams and the final score, it does not give the viewer a sense of the excitement and intensity of the gameplay and player reactions depicted in the video."
p13ZuzsOr14,"### Analysis:

1. **Examine the Thumbnail**:
   - The thumbnail features a player in a white Tottenham Hotspur jersey, smiling widely, with the text ""BEST GOALS"" prominently displayed.
   - The background shows a match scene with players in action, but it does not clearly depict any specific goal or celebratory moment.

2. **Read Through the Video Subtitles and Content Description**:
   - The video description mentions that it is a highlight reel of memorable goals and moments from Premier League matches, focusing on a particular player’s performances for Tottenham Hotspur.
   - It describes various match scenarios, including goals, celebrations, and intense gameplay moments.

3. **Compare the Thumbnail to the Actual Video Content**:
   - The thumbnail suggests a general highlight reel of goals, which aligns with the video's description of being a collection of memorable moments.
   - However, the thumbnail does not specifically highlight a particular goal or a specific celebratory moment that might be featured in the video.

4. **Determine if the Thumbnail Accurately Represents the Video's Main Topic or Content**:
   - While the thumbnail suggests a general highlight reel, it does not provide enough detail to indicate that it is specifically about the best goals or a particular celebratory moment.
   - The thumbnail could potentially mislead viewers into expecting a specific goal or a particular celebratory moment that may not be the main focus of the video.

5. **Assess Whether the Thumbnail Uses Exaggeration, False Promises, or Clickbait Tactics**:
   - The thumbnail does not use exaggerated language or false promises.
   - However, it could be seen as misleading because it does not clearly convey that the video is a general highlight reel rather than focusing on a specific goal or moment.

6. **Categorize the Thumbnail as Either ""Misleading"" or ""Not Misleading""**:
   - Given that the thumbnail does not clearly indicate that it is a general highlight reel and could lead viewers to expect a specific goal or moment, it can be categorized as **""Misleading""**.

7. **Brief Explanation for the Decision**:
   - The thumbnail suggests a general highlight reel without specifying that it is focused on the best goals or a particular celebratory moment. This could mislead viewers into expecting a more targeted or specific content that might not be the main focus of the video."
rgb3sxJoZhM,"### Analysis of the Thumbnail and Video Content

#### Step 1: Examine the Thumbnail
The thumbnail features a woman with short hair, wearing a dark jacket, sitting in a chair. The text overlay reads ""Adrienne Arsenault Reports"" and ""The National,"" indicating that this is a report segment from a news program.

#### Step 2: Read Through the Video Subtitles and Content Description
The subtitles indicate that the video is an interview with Princess Anne, discussing topics such as losing both her parents within 18 months, the upcoming coronation, the future of the monarchy, and Canada. The content also mentions her involvement in charities, her role as an Olympian, and her responsibilities as a royal.

#### Step 3: Compare the Thumbnail to the Actual Video Content
The thumbnail depicts a woman in a chair, which aligns with the interview setting described in the subtitles. However, the thumbnail does not provide any visual cues about the specific topics discussed (such as the coronation or her royal duties).

#### Step 4: Determine if the Thumbnail Accurately Represents the Video's Main Topic or Content
The thumbnail accurately represents the setting of the interview but does not convey the specific content or themes discussed in the video. It does not visually communicate the historical significance or the personal reflections on the monarchy that are central to the interview.

#### Step 5: Assess Whether the Thumbnail Uses Exaggeration, False Promises, or Clickbait Tactics
The thumbnail does not use exaggeration, false promises, or clickbait tactics. It simply presents the setting of the interview without misleading viewers about the content.

#### Step 6: Categorize the Thumbnail as Either ""Misleading"" or ""Not Misleading""
Based on the analysis, the thumbnail is **Not Misleading**. While it does not fully convey the specific content of the interview, it accurately represents the setting of the interview and does not mislead viewers about the topics discussed.

#### Explanation
The thumbnail effectively sets the stage for an interview but fails to provide visual context about the specific topics discussed. However, since it does not mislead viewers into expecting content they would not find relevant, it is considered not misleading."
U_u91SjrEOE,"### Analysis and Conclusion:

**Step 1:** Examine the thumbnail.
The thumbnail features a stylized figure holding a torch, with the title ""The Myth of Prometheus."" The color scheme is vibrant, with teal and red tones, and the figure is depicted in a dynamic pose, suggesting action and significance.

**Step 2:** Read through the video subtitles and content description.
The subtitles provide a detailed account of the myth of Prometheus, including his role in creating humans, his defiance of Zeus, and the theft of fire. The content description outlines various scenes and themes, such as learning, knowledge, human progress, and the impact of Prometheus' actions on civilization.

**Step 3:** Compare the thumbnail to the actual video content.
The thumbnail effectively captures the essence of the myth of Prometheus, which revolves around themes of rebellion, enlightenment, and the theft of fire. The figure holding the torch symbolizes Prometheus' act of giving fire to humanity, which is a central element of the myth.

**Step 4:** Determine if the thumbnail accurately represents the video's main topic or content.
The thumbnail accurately represents the main topic of the video, which is the myth of Prometheus. It conveys the idea of Prometheus as a bringer of light and knowledge to humanity.

**Step 5:** Assess whether the thumbnail uses exaggeration, false promises, or clickbait tactics.
There are no elements in the thumbnail that suggest exaggeration, false promises, or clickbait tactics. The thumbnail is straightforward and clearly communicates the subject matter.

**Step 6:** Categorize the thumbnail as either ""Misleading"" or ""Not Misleading"".
Based on the analysis, the thumbnail is **not misleading**. It accurately represents the main topic of the video and does not use any deceptive elements.

**Explanation:**
The thumbnail effectively communicates the core theme of the myth of Prometheus without any misleading elements. It accurately depicts the figure holding the torch, which is a significant symbol in the myth. The vibrant colors and dynamic pose further enhance the visual appeal and relevance to the story being told. Therefore, the thumbnail is appropriate and not misleading."
mfsFTWdRfkw,"### Analysis:

1. **Examine the thumbnail**: The thumbnail shows a group of individuals wearing black attire, standing solemnly, which aligns with the typical appearance during a funeral or memorial service.

2. **Read through the video subtitles and content description**: Since the subtitles are not available, we rely on the video description for context.

3. **Compare the thumbnail to the actual video content**:
   - The thumbnail depicts a group of people in black attire, which matches the description of a funeral or memorial service.
   - The video content confirms that the event is indeed a major state funeral or memorial service, involving a prominent figure in the UK, with scenes of solemnity, formality, and grandeur.

4. **Determine if the thumbnail accurately represents the video's main topic or content**:
   - The thumbnail accurately represents the main topic of the video, which is a state funeral or memorial service.

5. **Assess whether the thumbnail uses exaggeration, false promises, or clickbait tactics**:
   - There is no indication of exaggeration, false promises, or clickbait tactics in the thumbnail.

6. **Categorize the thumbnail**:
   - Given that the thumbnail accurately represents the main topic and content of the video, it is not misleading.

7. **Explanation**:
   - The thumbnail effectively communicates the theme of the video without any misleading elements. It correctly portrays the solemn and respectful atmosphere expected at a state funeral or memorial service.

### Conclusion:
The thumbnail is **Not Misleading**."
XcorLEso5J8,"### Analysis of the Provided Information

#### Step 1: Examine the Thumbnail
The thumbnail shows two young girls sitting on a white couch with Ellen DeGeneres, who is seated across from them. The setting appears to be a talk show environment, which aligns with the content described in the video description.

#### Step 2: Read Through the Video Subtitles and Content Description
The subtitles and content description indicate that the video features two young girls as guests on The Ellen DeGeneres Show. The girls discuss their growth since their previous visit, share memories, and talk about their families. There is also mention of a recent wedding and a hoverboard demonstration towards the end.

#### Step 3: Compare the Thumbnail to the Actual Video Content
The thumbnail accurately depicts the setting and participants of the video. It shows Ellen DeGeneres interviewing two young girls, which matches the content described in the video.

#### Step 4: Determine if the Thumbnail Accurately Represents the Video's Main Topic or Content
The thumbnail correctly represents the main topic of the video, which is an interview between Ellen DeGeneres and two young girls discussing their lives and experiences.

#### Step 5: Assess Whether the Thumbnail Uses Exaggeration, False Promises, or Clickbait Tactics
The thumbnail does not use any exaggerated elements or false promises. It simply shows the hosts and guests in a typical talk show setting.

#### Step 6: Categorize the Thumbnail
Based on the analysis, the thumbnail is not misleading.

#### Step 7: Provide a Brief Explanation for the Decision
The thumbnail accurately reflects the content of the video, showing Ellen DeGeneres interviewing two young girls in a talk show setting. There are no exaggerated elements or misleading promises in the thumbnail. Therefore, the thumbnail is categorized as ""Not Misleading."""
jLThtN7BHSM,"### Analysis of the Thumbnail and Video Content

#### Step 1: Examine the Thumbnail
The thumbnail features two individuals wearing caps, one of whom appears to be a well-known cricketer. The image is somewhat blurry, which makes it difficult to discern specific details, but the context suggests it might be related to a cricket-related event or discussion.

#### Step 2: Read Through the Video Subtitles and Content Description
The subtitles and content description focus on a significant cricket match or tournament involving India, specifically highlighting the achievements and impact of Sachin Tendulkar. The video includes interviews with former players and captains, on-field action, and moments of celebration, emphasizing the importance of Tendulkar's legacy in cricket.

#### Step 3: Compare the Thumbnail to the Actual Video Content
The thumbnail does not directly depict any of the specific scenes mentioned in the video description. It does not show a cricket match, interviews with players, or any celebratory moments. Instead, it appears to be a generic image of two individuals, possibly related to cricket, but not necessarily connected to the specific content of the video.

#### Step 4: Determine if the Thumbnail Accurately Represents the Video's Main Topic or Content
The thumbnail does not accurately represent the main topics or content of the video. It fails to convey the significance of the cricket match, the interviews with former players, or the celebratory moments that are central to the video.

#### Step 5: Assess Whether the Thumbnail Uses Exaggeration, False Promises, or Clickbait Tactics
The thumbnail does not use exaggeration, false promises, or clickbait tactics. However, it is misleading because it does not provide any visual cue about the specific content of the video.

#### Step 6: Categorize the Thumbnail as Either ""Misleading"" or ""Not Misleading""
Based on the analysis, the thumbnail is **misleading**.

#### Explanation for the Decision
The thumbnail fails to accurately represent the content of the video. It does not depict any of the key elements such as cricket matches, interviews with former players, or celebratory moments. Instead, it shows two individuals that are not clearly linked to the specific content of the video. This lack of relevance and accuracy makes the thumbnail misleading, as viewers might expect a different type of content based on the thumbnail alone."
2Encm187scA,"### Analysis:

1. **Examine the thumbnail**: The thumbnail depicts a formal setting where a man is seated at a desk, signing documents, accompanied by a woman in a black outfit and hat standing beside him. The room appears to be richly decorated, which aligns with the description of an official signing ceremony.

2. **Read through the video subtitles and content description**: The video content involves a behind-the-scenes look at a signing ceremony, likely involving British royalty or high-ranking officials. The scene includes moments of frustration and confusion among the participants, which is not immediately apparent in the thumbnail.

3. **Compare the thumbnail to the actual video content**: The thumbnail shows a calm and composed scene, whereas the video content reveals a chaotic and stressful environment due to errors and misunderstandings during the signing process.

4. **Determine if the thumbnail accurately represents the video's main topic or content**: The thumbnail does not accurately represent the chaotic and stressful nature of the signing ceremony depicted in the video.

5. **Assess whether the thumbnail uses exaggeration, false promises, or clickbait tactics**: The thumbnail does not use any exaggerated elements or false promises; it simply presents a formal setting that matches the initial description but fails to convey the underlying tension and confusion.

6. **Categorize the thumbnail as either ""Misleading"" or ""Not Misleading""**: Given that the thumbnail fails to capture the essence of the chaotic and stressful elements present in the video, it can be considered misleading.

7. **Brief explanation for the decision**: The thumbnail presents a formal and composed scene, which contrasts sharply with the actual video content that shows moments of frustration and confusion. This discrepancy makes the thumbnail misleading as it does not accurately reflect the main topic or content of the video.

**Conclusion**: The thumbnail is **misleading**."
