video_id,classification
6mTlK0C0BNo,"### Analysis of the Thumbnail and Video Content

#### Step 1: Examine the Thumbnail
The thumbnail features two individuals standing in front of a private jet and a Lamborghini sports car. The individuals appear surprised or excited, which suggests a theme of luxury and surprise.

#### Step 2: Read Through the Video Subtitles and Content Description
The video subtitles indicate that the content creator is planning to surprise their friend Brent with 24 gifts for his 24th birthday within 24 hours. The video showcases various gifts, including coffee, a laptop, a car, and other items, but the primary focus seems to be on the surprise and the excitement surrounding the gifts.

#### Step 3: Compare the Thumbnail to the Actual Video Content
The thumbnail prominently displays a private jet and a Lamborghini, which are high-end luxury items. However, the video content does not feature these items prominently. Instead, the video focuses on smaller, more personal gifts such as coffee, a laptop, and a car ride.

#### Step 4: Determine if the Thumbnail Accurately Represents the Video's Main Topic or Content
The thumbnail suggests a theme of luxury and surprise, which aligns somewhat with the video's content. However, the emphasis on the private jet and Lamborghini in the thumbnail is exaggerated compared to the actual video content, which centers more on personal and smaller gifts.

#### Step 5: Assess Whether the Thumbnail Uses Exaggeration, False Promises, or Clickbait Tactics
The thumbnail uses exaggeration by prominently displaying high-end luxury items (private jet and Lamborghini) that are not the central focus of the video. The video content is more about the surprise and the personal nature of the gifts rather than the luxury items.

#### Step 6: Categorize the Thumbnail as Either ""Misleading"" or ""Not Misleading""
Based on the analysis, the thumbnail is misleading because it overemphasizes the luxury aspect of the video content, which is not the primary focus of the video.

#### Explanation
The thumbnail creates an expectation of luxury and grandeur that is not fulfilled in the video content. While the video does involve surprise and excitement, the emphasis on the private jet and Lamborghini in the thumbnail misleads viewers into expecting a video that primarily revolves around these high-end items, which is not the case. Therefore, the thumbnail is misleading."
IQr45nXSyy4,"### Analysis of the Thumbnail and Video Content

#### Step 1: Examine the Thumbnail
The thumbnail features a woman speaking directly to the camera with a subtitle that reads, ""I DIDN'T EXPECT HIM TO LEAVE ME."" The image in the thumbnail shows a woman and a man in what appears to be a casual outdoor setting, with the man pointing towards the woman.

#### Step 2: Read Through the Video Subtitles and Content Description
The subtitles indicate a narrative about a relationship ending due to significant tension and control issues. The video content describes a breakup between two individuals, with the woman expressing disappointment and frustration about the man leaving her.

#### Step 3: Compare the Thumbnail to the Actual Video Content
The thumbnail depicts a woman speaking about someone leaving her, which aligns closely with the subtitles stating that the man left the woman. However, the thumbnail does not provide specific details about the reasons for the breakup or the nature of the relationship depicted in the video.

#### Step 4: Determine if the Thumbnail Accurately Represents the Video's Main Topic or Content
The thumbnail accurately represents the main topic of the video, which is about a relationship ending. It captures the essence of the woman's statement about the man leaving her.

#### Step 5: Assess Whether the Thumbnail Uses Exaggeration, False Promises, or Clickbait Tactics
The thumbnail does not use exaggerated language or false promises. It simply conveys the core message of the video without adding misleading elements.

#### Step 6: Categorize the Thumbnail as Either ""Misleading"" or ""Not Misleading""
Based on the analysis, the thumbnail is **Not Misleading**. It accurately reflects the main topic of the video and does not use any misleading tactics.

#### Explanation
The thumbnail effectively communicates the central theme of the video—namely, the end of a relationship due to significant issues. It does not misrepresent the content or add any misleading elements. Therefore, it is appropriate and accurate for the thumbnail of this video."
I8pYwTAVSJQ,"### Analysis:

#### Step 1: Examine the Thumbnail
The thumbnail features a woman speaking into a microphone, with text overlaid that reads, ""PAYS THE DEBT IN BED!"" The image also includes smaller inset pictures of a man and a woman, presumably the celebrity couple in question.

#### Step 2: Read Through the Video Subtitles and Content Description
The subtitles and content description focus on allegations of infidelity, financial manipulation, and the breakdown of relationships involving a man named Duane Martin. The video discusses claims of Duane Martin causing relationship problems for multiple couples, including Will Smith and Jada Pinkett Smith, and Tisha Campbell and Michael Misick.

#### Step 3: Compare the Thumbnail to the Actual Video Content
The thumbnail does not directly depict any of the specific allegations or scenes discussed in the video. Instead, it shows a generic image of a woman speaking, which could be interpreted as a reaction or commentary on the situation rather than a direct representation of the content.

#### Step 4: Determine if the Thumbnail Accurately Represents the Video's Main Topic or Content
The thumbnail does not accurately represent the specific content of the video. It does not visually depict the allegations of infidelity, financial manipulation, or the breakdown of relationships that are central themes in the video.

#### Step 5: Assess Whether the Thumbnail Uses Exaggeration, False Promises, or Clickbait Tactics
The thumbnail uses exaggerated language (""PAYS THE DEBT IN BED!"") which could be seen as clickbait, as it promises a dramatic or sensational outcome that may not be fully represented in the video.

#### Step 6: Categorize the Thumbnail as Either ""Misleading"" or ""Not Misleading""
Based on the analysis above, the thumbnail is **misleading** because it does not accurately represent the specific content of the video and uses exaggerated language that may mislead viewers.

#### Explanation:
The thumbnail fails to provide a clear and accurate representation of the video's content. It does not visually depict the allegations of infidelity, financial manipulation, or the breakdown of relationships that are central themes in the video. Instead, it shows a generic image of a woman speaking, which could be interpreted as a reaction or commentary on the situation rather than a direct representation of the content. Additionally, the use of exaggerated language (""PAYS THE DEBT IN BED!"") can be seen as clickbait, promising a dramatic or sensational outcome that may not be fully represented in the video. Therefore, the thumbnail is misleading."
HkzhNby8-XA,"### Analysis of the YouTube Video Thumbnail and Content

#### Step 1: Examine the Thumbnail
The thumbnail features images of four individuals: Donald Trump, Harvey Weinstein, Oprah Winfrey, and Kamala Harris. The text overlay reads, ""BREAKING 'DON'T SHOW THIS TO KAMALA, PLEASE!'""

#### Step 2: Read Through the Video Subtitles and Content Description
The subtitles discuss controversial connections between Oprah Winfrey and notable figures like Donald Trump and Harvey Weinstein. The content description highlights Oprah Winfrey's career and influence, emphasizing her role as a media personality and entrepreneur, and touches on her political influence and involvement in film production.

#### Step 3: Compare the Thumbnail to the Actual Video Content
The thumbnail prominently features images of Donald Trump and Harvey Weinstein alongside Oprah Winfrey, suggesting a focus on her relationships with these individuals. However, the video content primarily discusses Oprah Winfrey's career and influence, with only a minor mention of her controversial connections to these figures.

#### Step 4: Determine if the Thumbnail Accurately Represents the Video's Main Topic or Content
The thumbnail does not accurately represent the main topic of the video. While it mentions controversial connections, the video focuses more on Oprah Winfrey's career and influence rather than her relationships with specific individuals.

#### Step 5: Assess Whether the Thumbnail Uses Exaggeration, False Promises, or Clickbait Tactics
The thumbnail uses exaggerated language (""BREAKING"") and a provocative statement (""DON'T SHOW THIS TO KAMALA, PLEASE!"") to attract viewers' attention. It implies that the video contains sensitive material about Oprah Winfrey's relationships with controversial figures, which may not be the case based on the video content.

#### Step 6: Categorize the Thumbnail as Either ""Misleading"" or ""Not Misleading""
The thumbnail is **misleading** because it suggests that the video will focus on controversial connections between Oprah Winfrey and Donald Trump and Harvey Weinstein, which is not the primary content of the video. Instead, the video primarily discusses Oprah Winfrey's career and influence.

#### Explanation
The thumbnail creates a misleading impression by focusing on controversial connections that are not the main focus of the video. It uses exaggerated language and a provocative statement to attract viewers, which is not appropriate for a video that primarily discusses Oprah Winfrey's career and influence. Therefore, the thumbnail is misleading."
H9DK1iJ3FVo,"### Analysis of the Thumbnail and Video Content

#### Step 1: Examine the Thumbnail
The thumbnail features two individuals, a woman and a man, with the text ""I AM SUING HER FOR AB3SE."" The image includes a gavel icon, which typically symbolizes a court or legal proceeding.

#### Step 2: Read Through the Video Subtitles and Content Description
The subtitles indicate a legal dispute between a couple, specifically mentioning a ""temporary protection order"" filed by a man named Michael against his wife Angela. The video discusses Angela's behavior, including her ""fiery temper,"" ""crazy outbursts,"" and attempts to dominate Michael. The context suggests a domestic violence scenario rather than a legal issue related to infidelity (""AB3SE"").

#### Step 3: Compare the Thumbnail to the Actual Video Content
The thumbnail depicts a legal proceeding, which aligns with the subtitle mentioning a ""temporary protection order."" However, the content of the video focuses on domestic violence and the couple's relationship issues, not an infidelity lawsuit.

#### Step 4: Determine if the Thumbnail Accurately Represents the Video's Main Topic or Content
The thumbnail accurately represents the legal aspect of the situation described in the subtitles. However, it does not reflect the primary focus of the video, which is the domestic violence and relationship dynamics between Michael and Angela.

#### Step 5: Assess Whether the Thumbnail Uses Exaggeration, False Promises, or Clickbait Tactics
The thumbnail does not use exaggerated language or false promises. It accurately reflects the legal aspect mentioned in the subtitles but misleads regarding the nature of the legal issue.

#### Step 6: Categorize the Thumbnail as Either ""Misleading"" or ""Not Misleading""
Based on the analysis, the thumbnail is **misleading** because it suggests a legal proceeding related to infidelity (""AB3SE""), whereas the video content primarily focuses on domestic violence and relationship issues.

#### Explanation for Decision
The thumbnail effectively conveys the legal aspect of the situation but fails to communicate the primary theme of the video, which revolves around domestic violence and relationship dynamics. This mismatch between the thumbnail and the video content leads to confusion and misrepresentation of the actual subject matter. Therefore, the thumbnail is misleading."
4DGqCTf7jFM,"### Analysis of the YouTube Video Thumbnail and Content

#### Step 1: Examine the Thumbnail
The thumbnail features a woman speaking into a microphone, with the text ""NOT ON MY WATCH, B*TCH"" prominently displayed below her. The image also includes smaller images of the same woman with other individuals, suggesting a discussion or confrontation involving multiple people.

#### Step 2: Read Through the Video Subtitles and Content Description
The subtitles indicate a discussion about a conflict between Mo'Nique and Oprah, with Mo'Nique defending Shannon Sharp against allegations of being targeted by Oprah's team. The content description confirms that the video is a compilation of various media appearances and performances featuring a prominent female comedian and other public figures, including interviews and performances.

#### Step 3: Compare the Thumbnail to the Actual Video Content
The thumbnail depicts a scene that aligns closely with the content described in the subtitles. It shows a woman speaking into a microphone, which matches the setting of interviews and performances mentioned in the video description. The text ""NOT ON MY WATCH, B*TCH"" is a direct quote from the subtitles, indicating that the thumbnail accurately represents the main topic discussed in the video.

#### Step 4: Determine if the Thumbnail Accurately Represents the Video's Main Topic or Content
The thumbnail effectively captures the essence of the video content, which revolves around a conflict between Mo'Nique and Oprah, with Mo'Nique defending Shannon Sharp. The text ""NOT ON MY WATCH, B*TCH"" is a key phrase from the subtitles, emphasizing the defensive stance of Mo'Nique.

#### Step 5: Assess Whether the Thumbnail Uses Exaggeration, False Promises, or Clickbait Tactics
There is no indication of exaggeration, false promises, or clickbait tactics in the thumbnail. The text ""NOT ON MY WATCH, B*TCH"" is a literal quote from the subtitles, which accurately reflects the content of the video.

#### Step 6: Categorize the Thumbnail as Either ""Misleading"" or ""Not Misleading""
Based on the analysis, the thumbnail does not use exaggerated claims, false promises, or clickbait tactics. It accurately represents the main topic and content of the video.

#### Step 7: Provide a Brief Explanation for Your Decision
The thumbnail accurately represents the main topic and content of the video, which discusses a conflict between Mo'Nique and Oprah, with Mo'Nique defending Shannon Sharp. The text ""NOT ON MY WATCH, B*TCH"" is a literal quote from the subtitles, which accurately reflects the content of the video. Therefore, the thumbnail is not misleading.

**Conclusion:** The thumbnail is **Not Misleading**."
fvhYpqmUcgI,"### Analysis:

1. **Examine the thumbnail**: The thumbnail features a person in a contorted position, seemingly performing a magic trick involving a horse. There is also a woman's face superimposed onto the body of the person, which is highly unusual and not typical of a magic performance.

2. **Read the video subtitles and content description**: The subtitles suggest themes of magic, illusions, and mysterious performances involving animals like rabbits, dogs, and lions. The content description mentions a young boy performing magic tricks, including the appearance of animals on stage.

3. **Compare the thumbnail to the actual video content**: The thumbnail depicts a person in a contorted position that does not align with the typical imagery associated with magic performances involving animals. The video content, however, describes a series of magic tricks involving animals appearing on stage.

4. **Determine if the thumbnail accurately represents the video's main topic or content**: The thumbnail does not accurately represent the video's content. It misleads viewers into expecting a performance involving a person in a contorted position rather than a magic show involving animals.

5. **Assess whether the thumbnail uses exaggeration, false promises, or clickbait tactics**: The thumbnail uses exaggerated imagery (a person in a contorted position) that does not match the actual content of the video. This creates a misleading expectation.

6. **Categorize the thumbnail as either ""Misleading"" or ""Not Misleading""**: Based on the analysis, the thumbnail is misleading.

7. **Brief explanation for the decision**: The thumbnail features an unusual and exaggerated image that does not reflect the actual content of the video. It misleads viewers into expecting a performance involving a person in a contorted position, which is not depicted in the video. Instead, the video content involves a magic show with animals appearing on stage, which is not suggested by the thumbnail.

**Final Decision**: The thumbnail is **Misleading**."
breg0bQS83U,"### Analysis:

1. **Examine the Thumbnail**:
   - The thumbnail shows a partially disassembled iPhone 15 Pro with the text ""iPhone 15 Pro (Original New)"" prominently displayed.
   - It also mentions ""Storage Expansion"" and indicates a change from ""128GB → 1TB.""

2. **Read Through the Video Subtitles and Content Description**:
   - The video content description does not mention any storage expansion or modification of the iPhone's storage capacity.
   - Instead, it focuses on the disassembly, repair, and reassembly processes of the iPhone, emphasizing the technical aspects of working with the device's internal components.

3. **Compare the Thumbnail to the Actual Video Content**:
   - The thumbnail suggests that the video will demonstrate how to expand the storage of an iPhone 15 Pro from 128GB to 1TB.
   - However, the video content description does not support this claim; it does not show any storage expansion or modification process.

4. **Determine if the Thumbnail Accurately Represents the Video's Main Topic or Content**:
   - The thumbnail misleads viewers by implying that the video will show a storage expansion process, which is not depicted in the video content.

5. **Assess Whether the Thumbnail Uses Exaggeration, False Promises, or Clickbait Tactics**:
   - The thumbnail uses exaggerated claims about expanding storage capacity, which are not supported by the video content.

6. **Categorize the Thumbnail as Either ""Misleading"" or ""Not Misleading""**:
   - Based on the analysis, the thumbnail is misleading because it falsely promises a storage expansion feature that is not demonstrated in the video.

7. **Brief Explanation for the Decision**:
   - The thumbnail incorrectly suggests that the video will show a storage expansion process, which is not the case. The video content focuses on the disassembly, repair, and reassembly of the iPhone without mentioning or demonstrating any storage modification. This discrepancy between the thumbnail and the actual video content misleads viewers about the video's content.

**Final Categorization**: Misleading"
ejpnVOP4xyk,"### Analysis:

#### Step 1: Examine the Thumbnail
The thumbnail features two individuals, one of whom appears to be Will Smith, and the other Eddie Murphy. The text overlay on the thumbnail reads:
- ""YOU'RE A P*SSY""
- ""BACK OFF!""

#### Step 2: Read Through the Video Subtitles and Content Description
The subtitles and content description indicate that the video is about a conflict between Will Smith and Eddie Murphy, specifically regarding a controversial joke Eddie Murphy made at the Golden Globes. The video discusses the slap incident from the Oscars and how it has affected Will Smith's relationship with Eddie Murphy.

#### Step 3: Compare the Thumbnail to the Actual Video Content
The thumbnail depicts a heated exchange between Will Smith and Eddie Murphy, which aligns with the content described in the subtitles. However, the specific phrases ""YOU'RE A P*SSY"" and ""BACK OFF!"" are not directly mentioned in the video description or subtitles. These phrases seem to be exaggerated or dramatized elements added to the thumbnail to create a sense of conflict and tension.

#### Step 4: Determine if the Thumbnail Accurately Represents the Video's Main Topic or Content
While the thumbnail captures the essence of the conflict between Will Smith and Eddie Murphy, the specific phrases used (""YOU'RE A P*SSY"" and ""BACK OFF!"") are not part of the actual video content. They appear to be added for dramatic effect rather than reflecting the actual dialogue or actions in the video.

#### Step 5: Assess Whether the Thumbnail Uses Exaggeration, False Promises, or Clickbait Tactics
The thumbnail uses exaggerated language (""YOU'RE A P*SSY"") and a confrontational tone (""BACK OFF!""), which are not present in the actual video content. This suggests that the thumbnail is using clickbait tactics to attract viewers' attention.

#### Step 6: Categorize the Thumbnail
Based on the analysis, the thumbnail is misleading because it uses exaggerated language and a confrontational tone that are not present in the actual video content.

#### Explanation:
The thumbnail creates a sense of conflict and tension that is not accurately represented in the video. While the conflict between Will Smith and Eddie Murphy is a central theme, the specific phrases ""YOU'RE A P*SSY"" and ""BACK OFF!"" are not part of the actual dialogue or actions in the video. Therefore, the thumbnail is misleading as it uses exaggerated language to attract viewers without accurately representing the video's content."
yS_GWY6B_y8,"### Analysis of the Thumbnail and Video Content

#### Step 1: Examine the Thumbnail
The thumbnail features a man with a surprised expression, accompanied by the text ""THEY'RE GROSS."" The image appears to be a still from the video, showing a group of people in a crowded environment, which seems to be a party or gathering.

#### Step 2: Read Through the Video Subtitles and Content Description
The subtitles and content description describe a series of events and interactions at a party hosted by Diddy. The video highlights questionable behavior, such as people dancing without removing their hats, a man taking the party to a bathroom with many girls in a bathtub, and another instance where a man is in Diddy's bedroom. The overall tone suggests that the party is chaotic and potentially inappropriate.

#### Step 3: Compare the Thumbnail to the Actual Video Content
The thumbnail depicts a man reacting to something, which aligns with the idea of a surprising or gross situation. However, the thumbnail does not provide any specific details about the nature of the party or the questionable behaviors described in the subtitles.

#### Step 4: Determine if the Thumbnail Accurately Represents the Video's Main Topic or Content
The thumbnail does not clearly convey the specific content of the video, which focuses on the chaotic and questionable behaviors at the party. While the thumbnail suggests a reaction to something ""gross,"" it does not specify the nature of the grossness depicted in the video.

#### Step 5: Assess Whether the Thumbnail Uses Exaggeration, False Promises, or Clickbait Tactics
The thumbnail uses a provocative statement (""THEY'RE GROSS"") to attract viewers' attention, which could be considered clickbait. However, the thumbnail itself does not provide enough context to fully understand the content of the video.

#### Step 6: Categorize the Thumbnail as Either ""Misleading"" or ""Not Misleading""
Given that the thumbnail does not provide sufficient context about the specific content of the video and uses a provocative statement that may not accurately represent the entire video, it can be categorized as **Misleading**.

#### Explanation for Decision
The thumbnail is misleading because it does not accurately represent the specific content of the video. While it suggests a reaction to something ""gross,"" it does not provide enough detail to convey the chaotic and questionable behaviors described in the subtitles. The use of the word ""GROSS"" in the thumbnail title is likely intended to attract viewers, but it does not effectively communicate the nature of the grossness depicted in the video."
ndKF0a11s6k,"### Analysis:

#### Step 1: Examine the Thumbnail
The thumbnail features three individuals, each with a dramatic expression:
- On the left, a person with short hair and sunglasses appears to be reacting with skepticism or frustration.
- In the center, a person with long black hair is depicted with tears streaming down their face, suggesting distress or emotional turmoil.
- On the right, a person with long dark hair is shown with a tear on their cheek, appearing to beg for forgiveness.

#### Step 2: Read Through the Video Subtitles and Content Description
The subtitles and the video content describe a conflict between Kim Kardashian and Anna Wintour, the editor-in-chief of Vogue. The narrative revolves around Kim's exclusion from a fashion show and the speculation that Anna believes Kim lacks natural talent. The video explores the tension and drama between the two, focusing on the power dynamics and the impact on Kim's career.

#### Step 3: Compare the Thumbnail to the Actual Video Content
The thumbnail captures a moment of emotional intensity, which aligns with the dramatic nature of the conflict described in the subtitles. However, the specific individuals in the thumbnail do not directly correspond to the characters mentioned in the video content (e.g., Kim Kardashian and Anna Wintour).

#### Step 4: Determine if the Thumbnail Accurately Represents the Video's Main Topic or Content
While the thumbnail conveys a sense of drama and conflict, it does not specifically represent the interaction between Kim Kardashian and Anna Wintour. Instead, it seems to be a generic depiction of emotional distress, which could be related to the broader theme of conflict and tension in the fashion industry but does not accurately reflect the specific storyline.

#### Step 5: Assess Whether the Thumbnail Uses Exaggeration, False Promises, or Clickbait Tactics
The thumbnail uses exaggerated expressions to convey emotion, which could be seen as a form of clickbait to attract viewers' attention. However, the thumbnail itself does not promise or guarantee the specific content of the video; it merely sets a tone of drama.

#### Step 6: Categorize the Thumbnail as Either ""Misleading"" or ""Not Misleading""
Given that the thumbnail does not accurately represent the specific interaction between Kim Kardashian and Anna Wintour, and instead focuses on a generic depiction of emotional distress, it can be categorized as **misleading**.

#### Explanation:
The thumbnail uses dramatic expressions to evoke emotion but does not provide clear visual cues that directly relate to the specific conflict between Kim Kardashian and Anna Wintour. While it captures the essence of drama and tension, it does not accurately represent the specific content of the video, thus misleading viewers about the exact nature of the conflict depicted."
c-8P-OeQkm8,"### Analysis of the YouTube Video Thumbnail and Content

#### Step 1: Examine the Thumbnail
The thumbnail shows two images:
1. A glamorous woman in a revealing outfit being escorted by security personnel.
2. A couple dressed in traditional Indian attire, seemingly engaged in a celebratory moment.

#### Step 2: Read Through the Video Subtitles and Content Description
The subtitles and content description focus on Kim Kardashian attending an Indian wedding and the controversy surrounding her fashion choices. The video highlights how her attire, particularly the revealing nature of her outfit, was criticized by some as disrespectful to traditional Indian wedding customs.

#### Step 3: Compare the Thumbnail to the Actual Video Content
- The thumbnail depicts a woman in a revealing outfit being escorted by security personnel, which aligns with the video content where it is mentioned that Kim Kardashian's attire drew criticism.
- The second image in the thumbnail shows a couple in traditional Indian attire, which matches the video content where it discusses the cultural norms and expectations around traditional Indian wedding attire.

#### Step 4: Determine if the Thumbnail Accurately Represents the Video's Main Topic or Content
The thumbnail effectively captures the essence of the video content by showing a controversial moment involving Kim Kardashian's attire at the wedding. It accurately represents the main topic of the video, which revolves around the criticism of her fashion choices and the resulting controversy.

#### Step 5: Assess Whether the Thumbnail Uses Exaggeration, False Promises, or Clickbait Tactics
The thumbnail does not use exaggerated visuals or false promises. Instead, it accurately reflects the content of the video, which centers on the controversy surrounding Kim Kardashian's attire at the wedding.

#### Step 6: Categorize the Thumbnail
Based on the analysis, the thumbnail is not misleading. It accurately represents the main topic and content of the video without using exaggerated visuals or false promises.

#### Step 7: Provide a Brief Explanation for the Decision
The thumbnail effectively captures the controversy surrounding Kim Kardashian's attire at the wedding, which is the central theme of the video. It does not use exaggerated visuals or false promises, making it a fair representation of the video's content. Therefore, the thumbnail is categorized as **Not Misleading**."
mpvuB9-retc,"### Analysis:

1. **Examine the thumbnail**: The thumbnail features a person in a contorted position, seemingly performing a physical feat, with a surprised reaction shot of an audience member and a man in the background. The text ""TOP 1 MAGIC SHOW"" is prominently displayed.

2. **Read through the video content description**: The video showcases a talent show with various acts including a quick-change act, fabric manipulation, magic tricks, and theatrical performances. The audience is engaged, and the judges react with surprise and appreciation.

3. **Compare the thumbnail to the actual video content**:
   - The thumbnail suggests a magic show, specifically highlighting a ""top 1 magic show.""
   - The video content includes magic tricks but also other types of acts such as quick changes and theatrical performances.

4. **Determine if the thumbnail accurately represents the video's main topic or content**:
   - While the thumbnail does mention ""magic show,"" it also implies a specific focus on a single act (""top 1""), which might mislead viewers into expecting a single magic trick rather than a diverse talent show.

5. **Assess whether the thumbnail uses exaggeration, false promises, or clickbait tactics**:
   - The thumbnail uses the word ""top 1"" which could imply a single standout magic act, potentially misleading viewers into expecting a singular highlight rather than a comprehensive talent show.

6. **Categorize the thumbnail as either ""Misleading"" or ""Not Misleading""**:
   - Given that the thumbnail suggests a specific type of act (magic) and a particular ranking (""top 1""), it may mislead viewers into expecting a single magic act when the video actually contains a variety of performances.

7. **Brief explanation for the decision**:
   - The thumbnail's emphasis on a ""top 1 magic show"" might lead viewers to expect a single standout magic act, whereas the video content includes multiple acts of different genres. This discrepancy between the thumbnail and the actual video content makes the thumbnail misleading.

### Conclusion:
The thumbnail is **misleading** because it suggests a specific type of act (magic) and a particular ranking (""top 1"") that may not accurately represent the diverse nature of the talent show featured in the video."
t45wNm1zYYs,"### Analysis of the Thumbnail and Video Content

#### Step 1: Examine the Thumbnail
The thumbnail shows a silhouette of an iPhone with the text ""17 Pro Max"" prominently displayed. The image suggests a focus on the iPhone 17 Pro Max model, specifically highlighting its camera system.

#### Step 2: Read Through the Video Subtitles and Content Description
The video content describes the expected features of the iPhone 17 series, including:
- A smaller Dynamic Island on the iPhone 17 Pro Max.
- Increased display sizes for the Pro models.
- A new display feature allowing for a higher refresh rate (120 Hz) and an always-on display.
- Under-display Face ID technology.
- A 48 MP telephoto lens for the Pro models.
- Improved front-facing cameras with a six-element lens configuration.
- A Wi-Fi 7 chip for enhanced connectivity.

#### Step 3: Compare the Thumbnail to the Actual Video Content
The thumbnail focuses on the iPhone 17 Pro Max, which aligns with the video content that discusses the features of this specific model. However, the video content covers multiple models within the iPhone 17 series, not just the Pro Max.

#### Step 4: Determine if the Thumbnail Accurately Represents the Video's Main Topic or Content
While the thumbnail correctly identifies the iPhone 17 Pro Max, it does not represent the broader scope of the video content. The video discusses various features across different models in the iPhone 17 series, not just the Pro Max.

#### Step 5: Assess Whether the Thumbnail Uses Exaggeration, False Promises, or Clickbait Tactics
The thumbnail does not use exaggerated language or false promises. It accurately reflects the focus on the iPhone 17 Pro Max, which is a valid part of the video content.

#### Step 6: Categorize the Thumbnail as Either ""Misleading"" or ""Not Misleading""
Given that the thumbnail accurately represents the focus on the iPhone 17 Pro Max but does not encompass the broader content of the video, it can be considered **Not Misleading**.

#### Explanation
The thumbnail effectively highlights the iPhone 17 Pro Max, which is a significant model discussed in the video. However, it does not convey the comprehensive nature of the video content that covers multiple models and features. Therefore, while the thumbnail is accurate in its focus, it is not fully representative of the entire video content, making it slightly misleading in terms of scope."
Y0oW-DmpXto,"### Analysis of the YouTube Video Thumbnail and Content

#### Step 1: Examine the Thumbnail
The thumbnail features two individuals, one appearing distressed or injured, and the other with a serious expression. The text overlay reads, ""EXCLUSIVE 'BIANCA TRIED TO K*LL KANYE'"".

#### Step 2: Read Through the Video Subtitles and Content Description
The subtitles and content description focus on allegations involving a well-known rapper named Kanye West, discussing his mental health issues, business dealings, and personal life. The narrative includes claims about his wife, Bianca, potentially being involved in schemes to ruin his life, and references to his involvement in producing adult films.

#### Step 3: Compare the Thumbnail to the Actual Video Content
The thumbnail depicts a dramatic scenario involving a person in distress, which aligns with the serious nature of the allegations made in the subtitles. However, the specific claim about Bianca trying to kill Kanye is not explicitly mentioned in the video content provided. The content focuses more on broader allegations about his mental health, business dealings, and personal life, rather than a specific incident involving Bianca attempting to harm Kanye.

#### Step 4: Determine if the Thumbnail Accurately Represents the Video's Main Topic or Content
While the thumbnail captures the gravity of the allegations, it does not accurately represent the main topics discussed in the video. The video content primarily revolves around broader allegations about Kanye West's mental health, business dealings, and personal life, rather than a specific incident involving Bianca attempting to harm Kanye.

#### Step 5: Assess Whether the Thumbnail Uses Exaggeration, False Promises, or Clickbait Tactics
The thumbnail uses exaggerated language (""EXCLUSIVE"") and a dramatic image to attract viewers. However, the specific claim about Bianca trying to kill Kanye is not substantiated in the provided content description. This could be considered clickbait as it promises a specific event that is not clearly supported by the video content.

#### Step 6: Categorize the Thumbnail as Either ""Misleading"" or ""Not Misleading""
Given that the thumbnail uses exaggerated language and a dramatic image to attract viewers, but the specific claim about Bianca trying to kill Kanye is not substantiated in the provided content description, the thumbnail can be categorized as **Misleading**.

#### Explanation
The thumbnail uses dramatic imagery and exaggerated language to attract viewers, but the specific claim about Bianca trying to kill Kanye is not substantiated in the provided content description. While the thumbnail captures the gravity of the allegations, it misleads viewers by promising a specific event that is not clearly supported by the video content."
2-Cwbh8kPx4,"### Analysis of the Thumbnail and Video Content

#### Step 1: Examine the Thumbnail
The thumbnail shows two images side-by-side labeled ""BEFORE"" and ""AFTER."" The ""BEFORE"" image depicts a person sitting on a couch, visibly overweight, with a plate of food in front of them. The ""AFTER"" image shows the same person, now thinner, sitting on the same couch. There is a red arrow pointing from the ""BEFORE"" image to the ""AFTER"" image, suggesting a transformation.

#### Step 2: Read Through the Video Subtitles and Content Description
The subtitles and content description focus on individuals dealing with extreme obesity and the challenges they face. The video discusses weight loss journeys, including surgeries, physical therapy, and emotional struggles. It highlights the dramatic transformations of participants in the TLC show ""My 600 Pound Life.""

#### Step 3: Compare the Thumbnail to the Actual Video Content
The thumbnail accurately represents the theme of the video, which is about weight loss transformations. However, the thumbnail does not provide specific details about the individuals or the context of their journeys. It focuses solely on the visual transformation without mentioning the underlying struggles or the nature of the show.

#### Step 4: Determine if the Thumbnail Accurately Represents the Video's Main Topic or Content
The thumbnail effectively captures the essence of the video's main topic, which is weight loss transformations. It does not mislead viewers into expecting a different type of content (e.g., a general lifestyle vlog).

#### Step 5: Assess Whether the Thumbnail Uses Exaggeration, False Promises, or Clickbait Tactics
The thumbnail does not use exaggerated language or false promises. It simply presents a visual representation of the transformation, which aligns with the content described in the video.

#### Step 6: Categorize the Thumbnail
Based on the analysis, the thumbnail is not misleading because it accurately represents the theme of the video without promising anything beyond what is shown visually.

#### Step 7: Provide a Brief Explanation for the Decision
The thumbnail effectively communicates the main theme of the video—weight loss transformations—without misleading viewers into expecting a different type of content. It accurately reflects the visual aspect of the video without using exaggerated language or false promises.

**Conclusion:** The thumbnail is **Not Misleading**."
ll_uab8-nFA,"### Analysis of the Thumbnail and Video Content

1. **Examine the Thumbnail**:
   - The thumbnail shows a blue iPhone 17 Pro Max with a prominent camera module and the text ""iPhone 17 Pro Max"" below it. The image is clear and visually appealing, suggesting a focus on the phone's design and camera capabilities.

2. **Read Through the Video Subtitles and Content Description**:
   - Since there are no subtitles, we rely on the video content description provided.
   - The video showcases various features of a conceptual iPhone, including its design, display quality, camera system, music playback capabilities, and technical specifications.

3. **Compare the Thumbnail to the Actual Video Content**:
   - The thumbnail accurately represents the main topic of the video, which is a conceptual iPhone model (likely the iPhone 17 Pro Max).
   - The video content aligns closely with the thumbnail, as it indeed features a blue iPhone with a triple-lens camera setup, which matches the image in the thumbnail.

4. **Determine if the Thumbnail Accurately Represents the Video's Main Topic or Content**:
   - The thumbnail effectively communicates the primary subject matter of the video, which is the iPhone 17 Pro Max.
   - There are no discrepancies between the thumbnail and the video content.

5. **Assess Whether the Thumbnail Uses Exaggeration, False Promises, or Clickbait Tactics**:
   - The thumbnail does not use any exaggerated claims or false promises.
   - It simply presents the iPhone in a visually appealing manner without misleading the viewer.

6. **Categorize the Thumbnail as Either ""Misleading"" or ""Not Misleading""**:
   - Based on the analysis, the thumbnail is not misleading.

7. **Brief Explanation for the Decision**:
   - The thumbnail accurately reflects the content of the video, which is a showcase of a conceptual iPhone model. It does not contain any misleading elements or false promises. The visual representation in the thumbnail matches the actual video content, ensuring that viewers understand the subject matter before clicking on the video.

**Final Decision**: The thumbnail is **Not Misleading**."
FNdExSQcMw0,"### Analysis of the YouTube Video Thumbnail

#### Step 1: Examine the Thumbnail
The thumbnail features two individuals, one labeled ""YOU'RE EVIL"" and the other labeled ""OH SH*T UP."" The image appears to be a split-screen showing different reactions or statements from the individuals.

#### Step 2: Read Through the Video Subtitles and Content Description
The subtitles and content description indicate that the video is a compilation of various clips featuring members of the Kardashian-Jenner family and their associates. The video discusses the drama involving Mason Disick, a child of the family, and his interactions with social media platforms like Instagram and TikTok.

#### Step 3: Compare the Thumbnail to the Actual Video Content
The thumbnail seems to focus on the reactions of two individuals, likely related to Mason Disick's social media activities. However, the video content primarily revolves around Mason's interactions with social media and the resulting drama, rather than the reactions of others.

#### Step 4: Determine if the Thumbnail Accurately Represents the Video's Main Topic or Content
The thumbnail does not accurately represent the main topic or content of the video. While it may capture a moment of reaction, it does not convey the primary focus of the video, which is Mason's social media activities and the resulting drama.

#### Step 5: Assess Whether the Thumbnail Uses Exaggeration, False Promises, or Clickbait Tactics
The thumbnail does not appear to use exaggeration, false promises, or clickbait tactics. It simply shows reactions, which could be misleading but do not necessarily misrepresent the content.

#### Step 6: Categorize the Thumbnail as Either ""Misleading"" or ""Not Misleading""
Based on the analysis, the thumbnail is **misleading** because it does not accurately represent the main topic or content of the video.

#### Explanation
The thumbnail focuses on reactions, which are secondary elements in the video. The video's main content revolves around Mason Disick's social media activities and the resulting drama, which are not depicted in the thumbnail. Therefore, the thumbnail misleads viewers about the primary focus of the video."
A8q7cGMOEf0,"### Analysis and Conclusion:

**Step 1:** Examine the thumbnail.
- The thumbnail features a young child dressed as a Buddhist monk, clapping, with the text ""Wonder girl talent.""

**Step 2:** Read through the video subtitles and content description.
- The video content is a compilation of various talent show auditions, primarily from ""Britain's Got Talent,"" featuring a performer in a bright red outfit, a pink-shirted performer, and a series of magical and comedic acts.

**Step 3:** Compare the thumbnail to the actual video content.
- The thumbnail depicts a young child in a Buddhist monk costume, which is not present in the video content. The video features a performer in a red outfit, a pink-shirted performer, and magical acts, none of which involve a child in a monk costume.

**Step 4:** Determine if the thumbnail accurately represents the video's main topic or content.
- The thumbnail does not accurately represent the video's main topic or content. It misleads viewers into expecting a performance involving a child in a monk costume, which is not depicted in the video.

**Step 5:** Assess whether the thumbnail uses exaggeration, false promises, or clickbait tactics.
- The thumbnail uses false promises by suggesting a child's performance that is not actually featured in the video. It creates an expectation that is not met, which is a form of clickbait.

**Step 6:** Categorize the thumbnail as either ""Misleading"" or ""Not Misleading.""
- The thumbnail is clearly ""Misleading.""

**Step 7:** Provide a brief explanation for the decision.
- The thumbnail misleads viewers by depicting a child in a monk costume, which is not present in the video content. It creates an expectation that is not fulfilled, thus using false promises and clickbait tactics.

**Final Decision:** The thumbnail is **Misleading**."
_EpnKL2Bamo,"### Analysis of the YouTube Video Thumbnail and Content

#### Step 1: Examine the Thumbnail
The thumbnail features three images:
1. An older woman's face.
2. A spoon filled with rice.
3. A glass of water.

#### Step 2: Read Through the Video Subtitles and Content Description
The subtitles and the video content describe making a DIY skin care product using rice, glycerin, and Vitamin E oil. The video demonstrates the steps involved in preparing the product, which includes washing rice, boiling it, and mixing it with other ingredients like glycerin and Vitamin E oil.

#### Step 3: Compare the Thumbnail to the Actual Video Content
The thumbnail shows an older woman's face, rice, and a glass of water. These elements do not directly relate to the actual content of the video, which focuses on the preparation of a DIY skin care product.

#### Step 4: Determine if the Thumbnail Accurately Represents the Video's Main Topic or Content
The thumbnail does not accurately represent the main topic of the video, which is the preparation of a DIY skin care product. Instead, it suggests a transformation or rejuvenation theme, which is not explicitly mentioned in the video content.

#### Step 5: Assess Whether the Thumbnail Uses Exaggeration, False Promises, or Clickbait Tactics
The thumbnail uses exaggerated imagery (an older woman's face) that might imply significant results from the product, which is not supported by the video content. It creates a misleading expectation that the product will dramatically improve skin appearance.

#### Step 6: Categorize the Thumbnail as Either ""Misleading"" or ""Not Misleading""
Based on the analysis, the thumbnail is **misleading** because it suggests a transformation or rejuvenation effect that is not supported by the actual video content.

#### Step 7: Provide a Brief Explanation for Your Decision
The thumbnail uses an older woman's face to imply significant results from the product, which is not aligned with the actual video content that focuses on the preparation of a DIY skin care product. This creates a misleading expectation that the product will dramatically improve skin appearance, which is not supported by the video's content."
XP2uFwNJssQ,"### Analysis of the Thumbnail and Video Content

#### Step 1: Examine the Thumbnail
The thumbnail features a woman with a dramatic expression, accompanied by a large red arrow pointing towards the word ""BROKE!"" The image also includes a smaller inset showing a performance stage with a performer singing into a microphone.

#### Step 2: Read Through the Video Subtitles and Content Description
The subtitles and content description indicate that the video discusses the financial struggles and controversies surrounding Kylie Jenner's cosmetics brand, Kylie Cosmetics. The video highlights allegations of bankruptcy, declining profits, negative press, and issues with product quality and customer satisfaction.

#### Step 3: Compare the Thumbnail to the Actual Video Content
The thumbnail prominently displays the word ""BROKE!"" which strongly implies that the video will discuss Kylie Jenner's financial troubles. However, the video content does not solely focus on her financial situation; it also covers issues such as product quality, customer dissatisfaction, and allegations of design theft and copying.

#### Step 4: Determine if the Thumbnail Accurately Represents the Video's Main Topic or Content
While the thumbnail does mention ""BROKE!"", the video content goes beyond just discussing financial troubles. It delves into broader issues affecting the brand, including product quality and customer feedback.

#### Step 5: Assess Whether the Thumbnail Uses Exaggeration, False Promises, or Clickbait Tactics
The thumbnail uses the word ""BROKE!"" in bold yellow letters, which could be considered clickbait as it suggests a dramatic financial downfall without fully conveying the complexity of the issues discussed in the video.

#### Step 6: Categorize the Thumbnail
Based on the analysis, the thumbnail is misleading because it overstates the primary issue (financial troubles) and does not fully represent the comprehensive nature of the video content, which includes product quality issues and customer dissatisfaction.

#### Explanation
The thumbnail uses the word ""BROKE!"" to attract viewers' attention, but the video content is more nuanced and covers multiple aspects of the brand's challenges. While the financial troubles are a significant part of the story, they are not the sole focus. Therefore, the thumbnail misleads viewers by oversimplifying the issues presented in the video."
oZWMe7xweDY,"### Analysis:

#### Step 1: Examine the Thumbnail
The thumbnail features a man wearing headphones and a beanie, along with two smaller images of a woman receiving a star on the Walk of Fame and standing with a man in a suit. The text overlay reads, ""SHE SACRIFICED EVERYONE.""

#### Step 2: Read Through the Video Subtitles and Content Description
The subtitles and content description focus on the tragic murder of Jennifer Hudson's family and the subsequent legal proceedings involving her estranged husband, William Balfor. The video discusses themes of sacrifice, betrayal, and the impact of the tragedy on Hudson's life and career.

#### Step 3: Compare the Thumbnail to the Actual Video Content
The thumbnail does not directly relate to the content of the video. It does not visually represent the murder of Jennifer Hudson's family or the legal proceedings surrounding the case. Instead, it features a man seemingly reacting to the story, which could be interpreted as a reaction to the tragic event itself rather than a direct representation of the video's content.

#### Step 4: Determine if the Thumbnail Accurately Represents the Video's Main Topic or Content
The thumbnail does not accurately represent the main topic or content of the video. It does not visually depict the murder or the legal proceedings, which are central elements of the video's narrative.

#### Step 5: Assess Whether the Thumbnail Uses Exaggeration, False Promises, or Clickbait Tactics
The thumbnail uses exaggerated language (""SHE SACRIFICED EVERYONE"") to create a sense of drama and intrigue, which may mislead viewers into expecting a more sensationalized or emotionally charged portrayal of the story.

#### Step 6: Categorize the Thumbnail
Based on the analysis, the thumbnail is misleading because it does not accurately represent the main topic or content of the video. It uses exaggerated language to create a sense of drama without providing a clear visual representation of the tragic event or the legal proceedings.

#### Explanation:
The thumbnail is misleading because it does not visually represent the core elements of the video's content. Instead, it uses exaggerated language to create a sense of drama, which may mislead viewers into expecting a more sensationalized or emotionally charged portrayal of the story. The thumbnail does not provide a clear visual representation of the murder or the legal proceedings, which are central elements of the video's narrative."
SXLvuLVEGI4,"### Analysis:

#### Step 1: Examine the Thumbnail
The thumbnail features two individuals, one of whom appears to be Jada Pinkett Smith, and the other appears to be Will Smith. The text overlay reads ""SHUT UP!"" which suggests a confrontational or heated interaction between the two.

#### Step 2: Read Through the Video Subtitles and Content Description
The subtitles indicate that the video is a compilation of interviews featuring Jada Pinkett Smith, discussing various controversial topics such as her relationship history, marriage, and her involvement with Scientology. The content description confirms that the video covers a range of topics related to Jada Pinkett Smith's life, including her relationship with Will Smith, her experiences with Scientology, and her interactions with her children.

#### Step 3: Compare the Thumbnail to the Actual Video Content
The thumbnail does not accurately represent the video's main topic or content. While the video does include interviews with Jada Pinkett Smith, the thumbnail suggests a confrontation between her and Will Smith, which is not explicitly mentioned in the video description. The thumbnail implies a more direct conflict than what the video content actually depicts.

#### Step 4: Determine if the Thumbnail Accurately Represents the Video's Main Topic or Content
The thumbnail does not accurately represent the video's main topic or content. It suggests a confrontation that is not present in the video.

#### Step 5: Assess Whether the Thumbnail Uses Exaggeration, False Promises, or Clickbait Tactics
The thumbnail uses exaggerated language (""SHUT UP!"") to create a sense of conflict, which is not supported by the video content. This could be considered clickbait as it promises a confrontation that is not actually depicted.

#### Step 6: Categorize the Thumbnail as Either ""Misleading"" or ""Not Misleading""
Based on the analysis, the thumbnail is misleading.

#### Explanation:
The thumbnail suggests a confrontation between Jada Pinkett Smith and Will Smith, which is not supported by the video content. The use of the phrase ""SHUT UP!"" creates a misleading impression that there is a direct conflict between the two, which is not the case. The thumbnail uses exaggerated language to attract viewers, which is a common tactic used in clickbait videos. Therefore, the thumbnail is misleading."
63gcs9-G8Vw,"### Analysis of the Provided Information

#### Step 1: Examine the Thumbnail
The thumbnail features two images side by side:
- On the left, an older woman with visible signs of aging such as wrinkles and sagging skin.
- On the right, a younger-looking woman with smooth and youthful skin.
Arrows point from the older woman’s face to the younger-looking woman’s face, and to bananas and cornstarch, suggesting that these ingredients are related to the transformation.

#### Step 2: Read Through the Video Subtitles and Content Description
The subtitles indicate that the video is about a homemade anti-aging treatment using bananas and cornstarch. The content description confirms that the video demonstrates how to make and apply a skincare treatment using these ingredients.

#### Step 3: Compare the Thumbnail to the Actual Video Content
The thumbnail accurately represents the main topic of the video, which is about creating a homemade anti-aging treatment. The images of the older and younger women suggest the transformation achieved by using the treatment. The presence of bananas and cornstarch in the thumbnail aligns with the video content.

#### Step 4: Determine if the Thumbnail Accurately Represents the Video's Main Topic or Content
The thumbnail correctly depicts the purpose of the video, which is to show how to create and apply a skincare treatment to improve skin appearance.

#### Step 5: Assess Whether the Thumbnail Uses Exaggeration, False Promises, or Clickbait Tactics
There is no exaggeration or false promise in the thumbnail. It clearly communicates the intended outcome of the treatment without overpromising.

#### Step 6: Categorize the Thumbnail
Based on the analysis, the thumbnail is not misleading.

#### Step 7: Provide a Brief Explanation for the Decision
The thumbnail accurately reflects the content of the video, which is about creating a homemade anti-aging treatment using bananas and cornstarch. It does not use exaggerated claims or misleading imagery. Therefore, the thumbnail is categorized as ""Not Misleading."""
5tTwPxJseNw,"### Analysis:

1. **Examine the thumbnail**:
   - The thumbnail features a woman with green hair, a chicken, and a man wearing a hat and sunglasses. The text overlay reads ""Beautiful talent.""

2. **Read through the video content**:
   - The video showcases a variety of performers, including magicians, comedians, and other entertainers. It includes scenes of magic tricks, illusions, and audience reactions.

3. **Compare the thumbnail to the actual video content**:
   - The thumbnail prominently features a chicken, which is not mentioned in the video content. The chicken does not appear in any of the scenes described.
   - The text ""Beautiful talent"" suggests that the video will feature impressive performances, but it does not specify that the chicken will be involved.

4. **Determine if the thumbnail accurately represents the video's main topic or content**:
   - The thumbnail misleads viewers by suggesting that a chicken is a significant part of the performance, which is not true according to the video content.

5. **Assess whether the thumbnail uses exaggeration, false promises, or clickbait tactics**:
   - The thumbnail uses clickbait by promising a ""beautiful talent"" performance that includes a chicken, which is not present in the video.

6. **Categorize the thumbnail as either ""Misleading"" or ""Not Misleading""**:
   - The thumbnail is misleading because it falsely promises the presence of a chicken in the video, which is not depicted in the actual content.

7. **Brief explanation for the decision**:
   - The thumbnail creates an expectation that a chicken is a key part of the performance, which is not supported by the video content. This misleads viewers into watching a video that does not deliver on the promise made in the thumbnail.

### Conclusion:
The thumbnail is **Misleading**."
JLAEDN0tpDk,"### Analysis of the Thumbnail and Video Content

#### Step 1: Examine the Thumbnail
The thumbnail features two images side by side:
- On the left, there is a woman with a bare face, looking directly at the camera with a neutral expression.
- On the right, there is a woman with a fully made-up and styled look, including makeup, hair styling, and accessories.

There is a large red arrow pointing from the left image to the right image, accompanied by a surprised emoji.

#### Step 2: Read Through the Video Subtitles and Content Description
The video content description outlines a makeup and styling tutorial or transformation, showing the process from a bare face to a fully made-up and styled look. The video includes various steps such as applying moisturizer, foundation, eye makeup, blush, and hair styling.

#### Step 3: Compare the Thumbnail to the Actual Video Content
The thumbnail accurately represents the transformation shown in the video. It depicts the progression from a bare face to a fully made-up and styled look, which aligns with the content described in the video.

#### Step 4: Determine if the Thumbnail Accurately Represents the Video's Main Topic or Content
The thumbnail correctly illustrates the transformation depicted in the video. It shows the before-and-after of the makeup and styling process.

#### Step 5: Assess Whether the Thumbnail Uses Exaggeration, False Promises, or Clickbait Tactics
The thumbnail does not use any exaggerated elements or false promises. It clearly shows the transformation without any misleading elements.

#### Step 6: Categorize the Thumbnail
Based on the analysis, the thumbnail is not misleading.

#### Step 7: Provide a Brief Explanation for the Decision
The thumbnail accurately represents the transformation shown in the video. It clearly illustrates the progression from a bare face to a fully made-up and styled look, which matches the content described in the video. There are no exaggerated elements or false promises used in the thumbnail.

**Final Decision:** Not Misleading"
ppL4VTbDLa0,"### Analysis of the Thumbnail and Video Content

#### Step 1: Examine the Thumbnail
The thumbnail shows two images side by side:
- On the left, there is a woman with curly hair and glasses, looking directly at the camera.
- On the right, there is a woman with straight hair and makeup, looking directly at the camera.

There is a red arrow pointing from the left image to the right image, accompanied by a surprised emoji.

#### Step 2: Read Through the Video Subtitles and Content Description
The video content description describes a makeup and beauty transformation tutorial. It outlines the steps taken to transform the woman's appearance, including applying makeup, contouring, highlighting, and styling the hair.

#### Step 3: Compare the Thumbnail to the Actual Video Content
The thumbnail suggests a transformation from one look to another, which aligns with the content description of a makeup tutorial. However, the thumbnail does not explicitly show the transformation process or the final result, focusing instead on the before-and-after comparison.

#### Step 4: Determine if the Thumbnail Accurately Represents the Video's Main Topic or Content
The thumbnail accurately represents the main topic of the video, which is a makeup transformation. It shows the before and after results, which is typical for such videos.

#### Step 5: Assess Whether the Thumbnail Uses Exaggeration, False Promises, or Clickbait Tactics
The thumbnail does not use exaggerated claims or false promises. It simply shows a before-and-after comparison, which is a common practice in makeup transformation videos.

#### Step 6: Categorize the Thumbnail as Either ""Misleading"" or ""Not Misleading""
Based on the analysis, the thumbnail is **Not Misleading**. It accurately represents the content of the video without using exaggerated claims or misleading elements.

#### Explanation
The thumbnail effectively communicates the purpose of the video (a makeup transformation) and provides a clear visual representation of the expected outcome. There are no misleading elements or exaggerated claims that might mislead viewers about the content or the extent of the transformation. Therefore, the thumbnail is appropriate and accurate for the video's content."
092SUEwysHQ,"### Analysis of the YouTube Video Thumbnail

#### Step 1: Examine the thumbnail
The thumbnail features two images side by side:
1. On the left, an older woman's face is shown.
2. On the right, a younger-looking woman's face is displayed.
Between these faces, there are images of a potato, a glass of water, and a jar of what appears to be a cream or lotion.

#### Step 2: Read through the video subtitles and content description
The subtitles suggest that the video involves using potatoes to remove wrinkles, tighten the skin, and whiten the skin. The content description confirms that the video is a tutorial on making a homemade skin moisturizer using natural ingredients like potatoes, honey, vitamin E oil, and coconut oil.

#### Step 3: Compare the thumbnail to the actual video content
The thumbnail shows a comparison between an older and a younger-looking face, which aligns with the idea of reducing wrinkles and improving skin texture. However, the images of the potato and the jar of cream suggest that the video focuses on the preparation of a cream rather than the results achieved by using the cream.

#### Step 4: Determine if the thumbnail accurately represents the video's main topic or content
The thumbnail does not accurately represent the video's main content because it emphasizes the end result (younger-looking skin) without showing the process of making the cream. It suggests that the viewer can expect immediate results just by looking at the image, which is misleading.

#### Step 5: Assess whether the thumbnail uses exaggeration, false promises, or clickbait tactics
The thumbnail uses exaggerated expectations by showing a dramatic transformation between the two faces. It implies that the viewer can achieve youthful skin simply by looking at the image, which is not supported by the video content.

#### Step 6: Categorize the thumbnail as either ""Misleading"" or ""Not Misleading""
Based on the analysis, the thumbnail is **Misleading**.

#### Explanation
The thumbnail creates an expectation that the viewer can achieve significant improvements in skin appearance just by looking at the image, which is not supported by the video content. It suggests that the viewer can expect immediate results without showing the process of making the cream, which is misleading."
oBWLZ1bx-CI,"### Analysis:

1. **Examine the Thumbnail**: The thumbnail features a woman crying with the text ""HE CHEATED ON ME."" It suggests a theme of betrayal and emotional distress.

2. **Read Through the Video Content**: The video content describes a high-profile celebrity relationship that includes various stages such as courtship, marriage, challenges, separation, reconciliation, and personal growth. It does not explicitly mention cheating or betrayal.

3. **Compare the Thumbnail to the Actual Video Content**: The thumbnail implies a specific scenario (cheating) that is not necessarily depicted in the video content. The video focuses more broadly on the relationship dynamics and personal journeys rather than a single incident of infidelity.

4. **Determine Accuracy Representation**: The thumbnail does not accurately represent the main topic or content of the video. While the video does touch on relationship issues, it does not center around a single instance of cheating.

5. **Assess Exaggeration, False Promises, or Clickbait Tactics**: The thumbnail uses exaggerated language (""HE CHEATED ON ME"") which might mislead viewers into expecting a specific type of content that is not present in the video.

6. **Categorize the Thumbnail**: Based on the analysis, the thumbnail is misleading because it suggests a specific scenario (cheating) that is not the primary focus of the video content.

7. **Explanation**: The thumbnail uses clickbait tactics by promising a story about betrayal when the video content is broader and more nuanced, focusing on the relationship's journey through various stages without highlighting a single incident of cheating.

**Conclusion**: The thumbnail is **Misleading**."
v9JOoK88wEQ,"### Analysis of the YouTube Video Thumbnail

#### Step 1: Examine the thumbnail
The thumbnail features a man speaking into a microphone, with a smaller inset image showing a couple in a celebratory setting. The text overlay reads, ""THEY WON'T LAST.""

#### Step 2: Read through the video subtitles and content description
The subtitles and content description indicate a discussion about a high-profile celebrity couple, specifically Jennifer Lopez (JLo) and Ben Affleck. The video highlights relationship issues, breakups, and public scrutiny surrounding their marriage.

#### Step 3: Compare the thumbnail to the actual video content
The thumbnail depicts a man speaking into a microphone, suggesting an interview or commentary format. However, the content of the video includes scenes of the couple in various settings, including a red carpet event, a party, and a news broadcast discussing their relationship problems.

#### Step 4: Determine if the thumbnail accurately represents the video's main topic or content
The thumbnail suggests that the video is primarily about a commentator providing insights or opinions about the couple's relationship. While the video does include commentary, the majority of the content focuses on scenes of the couple and news articles discussing their relationship issues.

#### Step 5: Assess whether the thumbnail uses exaggeration, false promises, or clickbait tactics
The thumbnail does not use exaggerated language or false promises. It simply indicates that the video discusses the couple's relationship and predicts that it won't last. However, the thumbnail does not fully represent the content of the video, as it does not show any of the scenes or news articles discussed in the video.

#### Step 6: Categorize the thumbnail as either ""Misleading"" or ""Not Misleading""
Given that the thumbnail does not accurately represent the majority of the video content, it can be considered misleading.

#### Step 7: Provide a brief explanation for the decision
The thumbnail suggests that the video is primarily about a commentator providing insights about the couple's relationship, but the video actually contains a significant amount of footage of the couple and news articles discussing their relationship issues. Therefore, the thumbnail is misleading as it does not accurately reflect the content of the video."
ZayWroC0WdE,"### Analysis of the Thumbnail and Video Content

#### Step 1: Examine the Thumbnail
The thumbnail features a man in a suit and tie, alongside images of two individuals kissing a woman. The text on the thumbnail reads ""EXCLUSIVE WATCH BEFORE DELETED!""

#### Step 2: Read Through the Video Subtitles and Content Description
The subtitles and content description focus on a public official named Tiffany Henard, discussing allegations of corruption, financial mismanagement, and hidden agendas surrounding her. The video highlights her involvement in a non-profit organization called ""Tiffany Henard Cares Foundation,"" which has faced scrutiny due to lack of transparency and accountability in its financial operations.

#### Step 3: Compare the Thumbnail to the Actual Video Content
The thumbnail depicts a scene involving a man in a suit and tie, which does not align with the content described in the subtitles and video description. The video content focuses on a public official named Tiffany Henard and her alleged issues related to her non-profit organization. The thumbnail does not visually represent the main subject or themes discussed in the video.

#### Step 4: Determine if the Thumbnail Accurately Represents the Video's Main Topic or Content
The thumbnail does not accurately represent the main topic or content of the video. It features a man in a suit and tie, which is unrelated to the public official and the non-profit organization discussed in the video.

#### Step 5: Assess Whether the Thumbnail Uses Exaggeration, False Promises, or Clickbait Tactics
The thumbnail uses exaggerated imagery (a man in a suit and tie kissing a woman) to attract viewers, which is misleading. It does not reflect the serious nature of the allegations and the content of the video.

#### Step 6: Categorize the Thumbnail as Either ""Misleading"" or ""Not Misleading""
Based on the analysis, the thumbnail is **misleading**.

#### Explanation for Decision
The thumbnail features imagery that is completely unrelated to the content of the video. It uses exaggerated imagery to attract viewers, which is misleading. The video content discusses allegations of corruption and financial mismanagement against a public official named Tiffany Henard, focusing on her non-profit organization. The thumbnail does not accurately represent the main topic or content of the video, making it misleading."
U5HKALbr0tY,"### Analysis of the YouTube Video Thumbnail and Content

#### Step 1: Examine the Thumbnail
The thumbnail features three individuals, two of whom appear to be adults and one a child. The text overlay reads, ""DON'T WORRY, I'LL LOOK AFTER YOU!"" The image seems to depict a protective or reassuring moment involving the child.

#### Step 2: Read Through the Video Subtitles and Content Description
The subtitles discuss Kim Kardashian's parenting style and the controversial behavior of her daughter, North West. The content description provides a detailed breakdown of various scenes, including interviews, public appearances, and family moments, but does not explicitly mention the parenting controversy or the specific incident involving North West's criticism of her mother's outfit.

#### Step 3: Compare the Thumbnail to the Actual Video Content
The thumbnail suggests a theme of protection and reassurance, which aligns somewhat with the content of the video discussing Kim Kardashian's parenting style and the controversy surrounding her daughter's behavior. However, the thumbnail does not directly reference the specific incident involving North West's criticism of her mother's outfit or the broader parenting debate.

#### Step 4: Determine if the Thumbnail Accurately Represents the Video's Main Topic or Content
While the thumbnail captures a general theme related to the video's content (celebrity family dynamics), it does not specifically highlight the parenting controversy or the incident involving North West's criticism of her mother's outfit. The thumbnail is somewhat generic and could be interpreted as representing any family moment rather than a specific incident.

#### Step 5: Assess Whether the Thumbnail Uses Exaggeration, False Promises, or Clickbait Tactics
The thumbnail does not use exaggerated language or false promises. It simply presents a scene that could be interpreted as a protective or reassuring moment, which is relevant to the overall theme of the video but does not specifically address the controversy.

#### Step 6: Categorize the Thumbnail as Either ""Misleading"" or ""Not Misleading""
Given that the thumbnail does not directly reference the specific incident or controversy discussed in the video, it can be considered **not misleading**. It accurately represents a general theme of family dynamics and protection, which is relevant to the overall content of the video.

#### Explanation
The thumbnail effectively captures a general theme of family dynamics and protection, which is relevant to the overall content of the video. However, it does not specifically highlight the parenting controversy or the incident involving North West's criticism of her mother's outfit. Therefore, while it may not fully represent the specific focus of the video, it does not use exaggerated language or false promises, making it not misleading."
GShctSD8HNg,"### Analysis:

**Step 1:** Examine the thumbnail.
- The thumbnail features a close-up shot of a man with long hair and facial hair, wearing a suit. The text overlay reads ""SAVE ME.""

**Step 2:** Read through the video subtitles and content description.
- The subtitles mention a serious situation involving Johnny Depp, including a physical injury, a bitter divorce, and a legal battle with his ex-wife Amber Heard.
- The content description confirms that the video is a compilation of interviews and promotional segments featuring Johnny Depp, showcasing his career progression and interactions with other celebrities and talk show hosts.

**Step 3:** Compare the thumbnail to the actual video content.
- The thumbnail depicts a serious moment, likely from an interview or a promotional segment, which aligns with the content described in the subtitles and the video description.

**Step 4:** Determine if the thumbnail accurately represents the video's main topic or content.
- The thumbnail accurately represents the serious tone and content of the video, as it shows a moment where the actor appears distressed and is discussing a difficult situation.

**Step 5:** Assess whether the thumbnail uses exaggeration, false promises, or clickbait tactics.
- There is no indication of exaggeration, false promises, or clickbait tactics in the thumbnail. It simply captures a moment from the video that reflects the serious nature of the content.

**Step 6:** Categorize the thumbnail as either ""Misleading"" or ""Not Misleading.""
- The thumbnail is not misleading. It accurately represents the serious and distressing content of the video.

**Step 7:** Provide a brief explanation for the decision.
- The thumbnail effectively conveys the serious and distressing nature of the content discussed in the video, which is evident from the subtitles and the video description. It does not use any exaggerated elements or false promises, making it a truthful representation of the video's content.

**Final Decision:** The thumbnail is **Not Misleading**."
skVFHFZ-Yjg,"### Analysis:

#### Step 1: Examine the Thumbnail
The thumbnail features two individuals, one of whom appears to be speaking directly to the camera. There is text overlaid on the image that reads, ""TRY TO GET AWAY NOW MFI."" The background includes a blurred image of a person in a red outfit, possibly from a different scene or context.

#### Step 2: Read Through the Video Subtitles and Content Description
The subtitles discuss a lawsuit involving Diddy, Ben Affleck, and Jennifer Lopez, specifically mentioning explosive footage from an FBI raid linked to Diddy. The content description provides a detailed overview of the video, which includes various scenes of celebrities, particularly focusing on Diddy, Ben Affleck, and Jennifer Lopez, and discusses their legal troubles and controversies.

#### Step 3: Compare the Thumbnail to the Actual Video Content
The thumbnail does not visually represent the content described in the subtitles. It does not depict any scenes related to the FBI raid or the lawsuit mentioned in the subtitles. Instead, it appears to be a generic image of two individuals, possibly unrelated to the specific content discussed in the subtitles.

#### Step 4: Determine if the Thumbnail Accurately Represents the Video's Main Topic or Content
The thumbnail fails to accurately represent the main topic or content of the video. It does not provide any visual cues that would lead viewers to expect the specific content discussed in the subtitles.

#### Step 5: Assess Whether the Thumbnail Uses Exaggeration, False Promises, or Clickbait Tactics
The thumbnail does not use exaggeration, false promises, or clickbait tactics. However, it is misleading because it does not visually represent the content discussed in the subtitles.

#### Step 6: Categorize the Thumbnail as Either ""Misleading"" or ""Not Misleading""
Based on the analysis, the thumbnail is **Misleading**.

#### Explanation:
The thumbnail does not visually represent the content discussed in the subtitles. It does not provide any visual cues that would lead viewers to expect the specific content related to the FBI raid and the lawsuit involving Diddy, Ben Affleck, and Jennifer Lopez. Instead, it appears to be a generic image of two individuals, which is unrelated to the specific content discussed in the subtitles. Therefore, the thumbnail is misleading."
KE18F26utDI,"The provided video description and subtitles suggest that the video is a documentary or retrospective about a prominent female pop star, covering her career, controversies, and performances. The thumbnail, however, contains a speech bubble with the text ""F*CK YOU PIERS!"" and the subtitle ""YOU'RE AN OLD EVIL PIG!"" This strongly implies a confrontation or criticism directed towards someone named Piers, which is not mentioned in the video description.

Given these points, the thumbnail is misleading because it introduces a specific personal conflict (between the artist and Piers) that is not addressed in the video content. The video seems to focus on the artist's career and controversies without involving any direct confrontation with Piers. Therefore, the thumbnail uses exaggerated language and clickbait tactics to attract viewers' attention, which does not accurately represent the video's content.

**Categorization:** Misleading

**Explanation:** The thumbnail introduces a personal conflict between the artist and Piers that is not present in the video content, using exaggerated language and clickbait tactics to attract viewers."
Yb11N2ZA7xg,"### Analysis of the Thumbnail and Video Content

#### Step 1: Examine the thumbnail
The thumbnail shows two images side-by-side:
- On the left, a person is having makeup applied, specifically focusing on the eyebrows.
- On the right, a person is shown with completed makeup, featuring dramatic eye makeup, sculpted features, and a polished appearance.

#### Step 2: Read through the video subtitles and content description
The subtitles appear to be in a foreign language and do not provide any meaningful context or information about the video content. The content description outlines a detailed makeup application process, starting from a bare-faced individual and progressing through various stages of makeup application until a finished look is achieved.

#### Step 3: Compare the thumbnail to the actual video content
The thumbnail accurately depicts the beginning and end of the makeup application process. It shows the transformation from a bare-faced individual to someone with a polished, dramatic makeup look.

#### Step 4: Determine if the thumbnail accurately represents the video's main topic or content
The thumbnail effectively captures the essence of the video content, which is a makeup transformation tutorial. It shows both the initial state and the final result, giving viewers a clear idea of what to expect.

#### Step 5: Assess whether the thumbnail uses exaggeration, false promises, or clickbait tactics
There is no exaggeration or false promise in the thumbnail. It simply presents the before-and-after of a makeup transformation, which aligns with the actual content described in the video.

#### Step 6: Categorize the thumbnail as either ""Misleading"" or ""Not Misleading""
Based on the analysis, the thumbnail is **Not Misleading**. It accurately represents the content of the video without using any misleading elements or exaggerated claims.

#### Explanation
The thumbnail effectively communicates the purpose of the video—a makeup transformation tutorial—by showing the progression from a bare-faced individual to someone with a polished, dramatic makeup look. There are no misleading elements or false promises in the thumbnail, making it a clear and accurate representation of the video's content."
ItiL7XpnKWE,"### Analysis of the YouTube Video Thumbnail and Content

#### Step 1: Examine the Thumbnail
The thumbnail features a split-screen image with two individuals, accompanied by the text ""SHE'S SO DISGUSTING!!"". The image includes a person with long blonde hair and another person with short light-colored hair.

#### Step 2: Read Through the Video Subtitles and Content Description
The subtitles and content description focus on Kim Kardashian's jealousy towards her ex-husband Kanye West's new relationship with Bianca Censori. The video discusses Kim's obsession with staying young and feeling insecure around younger, more attractive women. It also mentions that Kim is struggling to move on from her past relationships and is fixated on the results of Kanye's wife Bianca's breast enhancement.

#### Step 3: Compare the Thumbnail to the Actual Video Content
The thumbnail depicts two individuals, but the video content revolves around Kim Kardashian's reactions to her ex-husband's new relationship and her own insecurities. The thumbnail does not accurately represent the main topic of the video.

#### Step 4: Determine if the Thumbnail Accurately Represents the Video's Main Topic or Content
The thumbnail does not accurately represent the main topic of the video, which is Kim Kardashian's jealousy and insecurities related to her ex-husband's new relationship.

#### Step 5: Assess Whether the Thumbnail Uses Exaggeration, False Promises, or Clickbait Tactics
The thumbnail uses exaggerated language (""SHE'S SO DISGUSTING!!"") to attract viewers' attention, which is clickbait. However, the thumbnail itself does not provide any misleading information about the content of the video.

#### Step 6: Categorize the Thumbnail as Either ""Misleading"" or ""Not Misleading""
Given that the thumbnail uses exaggerated language to attract viewers but does not provide accurate information about the video's content, it can be categorized as **Misleading**.

#### Explanation for Decision
The thumbnail uses clickbait language (""SHE'S SO DISGUSTING!!"") to attract viewers, but it does not accurately represent the video's content. The video primarily focuses on Kim Kardashian's jealousy and insecurities rather than depicting a scene where someone is described as ""disgusting."" Therefore, the thumbnail is misleading as it does not provide a true representation of the video's content."
t1FlZC4_g70,"### Analysis and Categorization:

#### Step 1: Examine the Thumbnail
The thumbnail features a Fox News studio set with the text ""COCAINE-FUELED FOX NEWS BROADCASTS."" The image includes the Fox News logo prominently displayed, which is associated with the network's branding.

#### Step 2: Read Through the Video Subtitles and Content Description
The subtitles and content description indicate that the video discusses the host's experiences working with Fox News hosts, particularly focusing on their behavior during off-air events. The host mentions that some Fox News hosts would get high, specifically mentioning the use of cocaine. The video does not explicitly state that the hosts were on-air while using cocaine, but rather that they were getting high off-air.

#### Step 3: Compare the Thumbnail to the Actual Video Content
The thumbnail suggests that the video content involves Fox News hosts using cocaine during broadcasts. However, the video content describes off-air events where the hosts were getting high, not on-air broadcasts.

#### Step 4: Determine if the Thumbnail Accurately Represents the Video's Main Topic or Content
The thumbnail inaccurately represents the video's main topic. It implies that the video content involves cocaine use during Fox News broadcasts, which is not supported by the video itself. Instead, the video focuses on off-air events where the hosts were getting high.

#### Step 5: Assess Whether the Thumbnail Uses Exaggeration, False Promises, or Clickbait Tactics
The thumbnail uses exaggerated language (""COCAINE-FUELED"") and implies a sensationalized topic that is not actually discussed in the video. This creates a misleading impression that the video content is about on-air cocaine use, which is not the case.

#### Step 6: Categorize the Thumbnail as Either ""Misleading"" or ""Not Misleading""
Based on the analysis, the thumbnail is **misleading**.

#### Explanation:
The thumbnail uses exaggerated language and implies a sensationalized topic that is not actually discussed in the video. It suggests that the video content involves on-air cocaine use, which is not the case. Instead, the video focuses on off-air events where the hosts were getting high. Therefore, the thumbnail misleads viewers about the actual content of the video."
jOcptau119Q,"### Analysis of the YouTube Video Thumbnail and Content

#### Step 1: Examine the Thumbnail
The thumbnail features a woman with a bruised eye, accompanied by the text ""EXCLUSIVE KIM K ARRESTED FOR BEATING NORTH!""

#### Step 2: Read Through the Video Subtitles and Content Description
The subtitles and content description do not mention any arrest or physical altercation involving Kim Kardashian and North West. Instead, the video discusses allegations of poor parenting and behavioral issues within the Kardashian family, particularly focusing on Kim Kardashian's interactions with her niece North West.

#### Step 3: Compare the Thumbnail to the Actual Video Content
The thumbnail prominently displays a woman with a bruised eye and the text ""EXCLUSIVE KIM K ARRESTED FOR BEATING NORTH!"" This imagery and text strongly suggest a story about a physical altercation between Kim Kardashian and North West, which is not mentioned in the video content.

#### Step 4: Determine if the Thumbnail Accurately Represents the Video's Main Topic or Content
The thumbnail does not accurately represent the video's main topic or content. It misleads viewers by implying a serious criminal incident (an arrest) that is not discussed in the video.

#### Step 5: Assess Whether the Thumbnail Uses Exaggeration, False Promises, or Clickbait Tactics
The thumbnail uses exaggerated language (""EXCLUSIVE"") and implies a dramatic event (an arrest) that is not present in the video content. This is a clear example of clickbait tactics designed to attract viewers' attention.

#### Step 6: Categorize the Thumbnail as Either ""Misleading"" or ""Not Misleading""
Based on the analysis, the thumbnail is clearly misleading.

#### Step 7: Provide a Brief Explanation for Your Decision
The thumbnail uses exaggerated language and imagery to imply a serious criminal incident involving Kim Kardashian and North West, which is not mentioned in the video content. This is a classic example of clickbait, designed to attract viewers by promising a sensational story that is not actually presented in the video. Therefore, the thumbnail is misleading."
mhMHi_VP8SE,"### Analysis:

1. **Examine the thumbnail**: The thumbnail features a woman performing a contortionist act with a goat, which is visually striking but does not align with the content described in the video description.

2. **Read through the video subtitles and content description**: The video description clearly states that it is a compilation of scenes from a talent show called ""Dino Got Talent,"" focusing on a magician's act. It does not mention any contortionist acts or goats.

3. **Compare the thumbnail to the actual video content**: The thumbnail depicts a contortionist act involving a goat, which is completely different from the magician's act described in the video content.

4. **Determine if the thumbnail accurately represents the video's main topic or content**: The thumbnail does not represent the main topic or content of the video. It misleads viewers into expecting a contortionist act with a goat, which is not present in the video.

5. **Assess whether the thumbnail uses exaggeration, false promises, or clickbait tactics**: The thumbnail uses exaggerated imagery to attract viewers, promising a performance that is not actually depicted in the video.

6. **Categorize the thumbnail as either ""Misleading"" or ""Not Misleading""**: Based on the analysis, the thumbnail is clearly misleading.

7. **Brief explanation for the decision**: The thumbnail shows a contortionist act with a goat, which is not mentioned or depicted in the video content. This creates false expectations and misleads viewers into believing they will watch a specific type of performance when they are not.

**Conclusion**: The thumbnail is **Misleading**."
ys_6GHcwYWc,"### Analysis of the Thumbnail and Video Content

#### Step 1: Examine the Thumbnail
The thumbnail features two individuals, one with braided hair and another with short hair. The text overlay reads, ""YOU'RE THE PROBLEM.""

#### Step 2: Read Through the Video Subtitles and Content Description
The subtitles indicate that the video is a countdown of controversial interviews involving Jada Pinkett Smith. The content description mentions various segments, including discussions about Jada's relationships, discipline issues, and health concerns.

#### Step 3: Compare the Thumbnail to the Actual Video Content
The thumbnail does not directly relate to the content described in the subtitles. The thumbnail suggests a confrontation or a statement of blame, while the video content focuses on interviews and discussions about Jada Pinkett Smith's personal life and controversies.

#### Step 4: Determine if the Thumbnail Accurately Represents the Video's Main Topic or Content
The thumbnail does not accurately represent the video's main topic or content. It does not depict any of the specific segments mentioned in the subtitles, such as interviews or discussions about Jada's relationships or health issues.

#### Step 5: Assess Whether the Thumbnail Uses Exaggeration, False Promises, or Clickbait Tactics
The thumbnail uses exaggerated language (""YOU'RE THE PROBLEM"") that does not align with the actual content of the video. It creates a misleading impression that the video contains confrontational or accusatory content, which is not supported by the video's description.

#### Step 6: Categorize the Thumbnail as Either ""Misleading"" or ""Not Misleading""
Based on the analysis, the thumbnail is misleading.

#### Explanation for Decision
The thumbnail uses exaggerated language and imagery that do not accurately reflect the content of the video. It suggests a confrontational or accusatory tone, which is not present in the video's description. The thumbnail misleads viewers by implying that the video contains more dramatic or confrontational content than it actually does."
zqhJvkz71Og,"### Analysis of the YouTube Video Thumbnail

#### Step 1: Examine the Thumbnail
The thumbnail features a close-up of a man with a beard, and there is a smaller inset image of a woman with a red arrow pointing towards her. The text overlay reads, ""SHE'S A F*CKING WH*RE.""

#### Step 2: Read Through the Video Subtitles and Content Description
The subtitles mention a leaked FBI footage involving Jennifer Lopez and Diddy, which has sparked speculation and drama affecting Ben Affleck and Jennifer Lopez's marriage. The video discusses the couple's relationship dynamics, public appearances, and the impact of the leaked footage on their marriage.

#### Step 3: Compare the Thumbnail to the Actual Video Content
The thumbnail shows a man and a woman, but the text overlay is highly inflammatory and does not reflect the actual content of the video. The video does not feature a woman labeled as ""a fucking whore,"" nor does it discuss her involvement in Diddy's illegal business.

#### Step 4: Determine if the Thumbnail Accurately Represents the Video's Main Topic or Content
The thumbnail does not accurately represent the video's main topic or content. It misleads viewers by suggesting a more sensational and controversial narrative than what the video actually contains.

#### Step 5: Assess Whether the Thumbnail Uses Exaggeration, False Promises, or Clickbait Tactics
The thumbnail uses exaggerated language (""SHE'S A F*CKING WH*RE"") to attract attention, which is clickbait. It does not provide accurate information about the video's content.

#### Step 6: Categorize the Thumbnail as Either ""Misleading"" or ""Not Misleading""
The thumbnail is clearly misleading.

#### Step 7: Provide a Brief Explanation for Your Decision
The thumbnail uses inflammatory language and does not accurately represent the video's content. It suggests a more sensational narrative than what the video actually contains, which is designed to attract viewers without providing truthful information about the video's subject matter."
sO0sqLxIyDk,"### Analysis of the Thumbnail and Video Content

#### Step 1: Examine the Thumbnail
The thumbnail features two images side by side:
- On the left, there is a person with dark skin and curly hair.
- On the right, there is a person with light skin and straight blonde hair.
There is an arrow pointing from the left image to the right image, accompanied by a surprised emoji and the text ""+8 MILLION VIEWS!!!"".

#### Step 2: Read Through the Video Subtitles and Content Description
The video content describes a makeup tutorial or transformation sequence where the subject goes from a natural look to a fully made-up appearance, including changing into a blonde wig.

#### Step 3: Compare the Thumbnail to the Actual Video Content
The thumbnail suggests a transformation involving a significant change in appearance, which aligns with the video content. However, the thumbnail does not explicitly mention the wig change or the detailed makeup process described in the video.

#### Step 4: Determine if the Thumbnail Accurately Represents the Video's Main Topic or Content
While the thumbnail does indicate a transformation, it does not clearly communicate the specific elements of the transformation (e.g., the wig change) that are central to the video content. It focuses more on the overall aesthetic change rather than the detailed steps involved.

#### Step 5: Assess Whether the Thumbnail Uses Exaggeration, False Promises, or Clickbait Tactics
The thumbnail uses exaggerated imagery and a surprised emoji to attract attention, which might mislead viewers into expecting a more dramatic or surprising transformation than what the video actually provides.

#### Step 6: Categorize the Thumbnail as Either ""Misleading"" or ""Not Misleading""
Based on the analysis, the thumbnail is misleading because it does not accurately represent the specific elements of the video content, particularly the wig change, which is a key part of the transformation depicted in the video.

#### Explanation for Decision
The thumbnail uses a visual representation of a significant transformation but fails to convey the specific details of the transformation, such as the wig change. While the overall aesthetic change is evident, the viewer is not informed about the specific steps or elements of the transformation, leading to potential disappointment upon watching the video. Therefore, the thumbnail is misleading."
8UWdmOQKMwE,"### Analysis:

1. **Examine the Thumbnail:**
   - The thumbnail features a woman with a distressed expression and the text ""EXCLUSIVE"" prominently displayed.
   - The subtitle ""SHE TREATS ME LIKE SH*T"" is also visible, suggesting a negative interaction or treatment.

2. **Read Through the Video Subtitles and Content Description:**
   - The video discusses Jennifer Lopez's parenting style and how it might impact her blended family dynamics.
   - It mentions Ben Affleck's daughter's perspective on Jennifer's parenting, highlighting potential conflicts and tensions within the family.
   - The video aims to explore the complexities of blended family relationships and the challenges faced by Jennifer Lopez as a mother.

3. **Compare the Thumbnail to the Actual Video Content:**
   - The thumbnail suggests a dramatic and negative portrayal of Jennifer Lopez's parenting style.
   - However, the video content focuses on the complexities and challenges of blended family dynamics rather than presenting Jennifer Lopez as a bad parent.

4. **Assess Whether the Thumbnail Accurately Represents the Video's Main Topic or Content:**
   - The thumbnail does not accurately represent the video's main topic, which is about the challenges of blended family relationships and Jennifer Lopez's parenting style.
   - It exaggerates the negative aspects of Jennifer Lopez's parenting, which is not the primary focus of the video.

5. **Determine if the Thumbnail Uses Exaggeration, False Promises, or Clickbait Tactics:**
   - The thumbnail uses exaggerated language (""SHE TREATS ME LIKE SH*T"") to attract viewers.
   - It sets up an expectation of a dramatic revelation about Jennifer Lopez's parenting, which is not the case according to the video content.

6. **Categorize the Thumbnail as Either ""Misleading"" or ""Not Misleading"":**
   - Based on the analysis, the thumbnail is misleading because it exaggerates the negative aspects of Jennifer Lopez's parenting and sets up a dramatic reveal that is not supported by the video content.

7. **Brief Explanation for the Decision:**
   - The thumbnail uses exaggerated language and sets up a dramatic reveal about Jennifer Lopez's parenting, which is not the primary focus of the video. This creates a misleading impression that does not accurately reflect the content of the video.

**Conclusion: The thumbnail is Misleading.**"
NqVET_Xb2d4,"### Analysis of the YouTube Video Thumbnail

#### Step 1: Examine the thumbnail
The thumbnail features two images:
1. A close-up of a man with a serious expression.
2. A shirtless man with circled tattoos on his chest.

#### Step 2: Read the video subtitles
The subtitles read: 
- ""THEY WON'T CONTROL ME!""

#### Step 3: Compare the thumbnail to the video content
The thumbnail suggests a focus on a serious, intense individual, possibly discussing themes of defiance or resistance. However, the video content appears to be a compilation of various scenes from the actor's career, including award ceremonies, interviews, and dramatic roles. There is no clear indication that the video is centered around a single theme of defiance or resistance.

#### Step 4: Determine if the thumbnail accurately represents the video's main topic or content
The thumbnail does not accurately represent the video's main topic or content. It suggests a specific theme (defiance) that is not evident in the video description provided.

#### Step 5: Assess whether the thumbnail uses exaggeration, false promises, or clickbait tactics
The thumbnail uses exaggerated imagery (a serious face and circled tattoos) to suggest a specific theme that is not supported by the video content. This could be considered clickbait as it promises a specific narrative that is not delivered.

#### Step 6: Categorize the thumbnail as either ""Misleading"" or ""Not Misleading""
Based on the analysis, the thumbnail is **Misleading**.

#### Explanation
The thumbnail creates an expectation that the video will focus on a specific theme (defiance or resistance), which is not supported by the video content described. The use of exaggerated imagery and the promise of a specific narrative without delivering it constitutes clickbait and misleads viewers."
S5uo5W21jFs,"### Analysis of the YouTube Video Thumbnail and Content

#### Step 1: Examine the Thumbnail
The thumbnail features a woman smiling and the text ""EXCLUSIVE 'BIANCA FILED FOR DIVORCE'"". It includes images of a couple in a wedding dress and a woman in a revealing outfit.

#### Step 2: Read Through the Video Subtitles and Content Description
The subtitles and content description discuss allegations of Bianca filing for divorce due to issues such as manipulation, control, and a lack of prenup protection. The video seems to focus on the dynamics between Bianca and Kanye West, highlighting concerns about Bianca's well-being and the nature of their marriage.

#### Step 3: Compare the Thumbnail to the Actual Video Content
The thumbnail prominently displays the headline ""BIANCA FILED FOR DIVORCE,"" which aligns closely with the content described in the subtitles and the video description. However, the images included in the thumbnail (a couple in a wedding dress and a woman in a revealing outfit) do not directly relate to the core message of the video, which is about Bianca's alleged decision to end the marriage.

#### Step 4: Determine if the Thumbnail Accurately Represents the Video's Main Topic or Content
While the thumbnail correctly identifies the main topic (Bianca filing for divorce), the images do not visually represent the core issue discussed in the video. The images of the couple in a wedding dress and the woman in a revealing outfit might suggest a romantic context or a public appearance, but they do not convey the serious nature of the divorce allegations.

#### Step 5: Assess Whether the Thumbnail Uses Exaggeration, False Promises, or Clickbait Tactics
The thumbnail uses a sensational headline (""BIANCA FILED FOR DIVORCE"") which could be considered clickbait as it promises a dramatic revelation without providing immediate context. However, the inclusion of images of a couple in a wedding dress and a woman in a revealing outfit might be intended to attract viewers by associating the divorce with a romantic context.

#### Step 6: Categorize the Thumbnail as Either ""Misleading"" or ""Not Misleading""
Given that the thumbnail uses a sensational headline and includes images that do not directly relate to the core issue discussed in the video, it can be categorized as **misleading**.

#### Explanation for Decision
The thumbnail uses a sensational headline that promises a dramatic revelation about Bianca filing for divorce. While the content of the video discusses the allegations surrounding Bianca's decision to end the marriage, the images included in the thumbnail do not visually represent the core issue. This creates a misleading impression that the video will primarily focus on a romantic context rather than the serious allegations of manipulation and control within the marriage."
yZJKpieLJ3U,"### Analysis of the YouTube Video Thumbnail and Content

#### Step 1: Examine the Thumbnail
The thumbnail features two individuals, presumably a man and a woman, with the text ""EXCLUSIVE"" prominently displayed. Below the image, the text reads ""MANSION BURNT!"" There is also a smaller image within the thumbnail showing a burning house with the caption ""We Burned a House Down.""

#### Step 2: Read Through the Video Subtitles and Content Description
The subtitles describe a tragic event where the homes of celebrities, specifically the Kardashian-Barker household, were destroyed by fire. The video highlights the emotional impact on the family members involved, particularly Courtney Kardashian and Travis Barker, who lost their home.

#### Step 3: Compare the Thumbnail to the Actual Video Content
The thumbnail depicts a burning house, which aligns with the content of the video. However, the thumbnail does not explicitly mention the celebrities involved or the specific individuals affected by the fire. It focuses solely on the burning house, which could lead viewers to believe that the video is about a general house fire rather than a celebrity-related incident.

#### Step 4: Determine if the Thumbnail Accurately Represents the Video's Main Topic or Content
While the thumbnail correctly depicts the burning house, it lacks context regarding the celebrities involved and the specific individuals affected. This omission could mislead viewers into thinking the video is about a generic house fire rather than a celebrity-related tragedy.

#### Step 5: Assess Whether the Thumbnail Uses Exaggeration, False Promises, or Clickbait Tactics
The thumbnail uses the word ""EXCLUSIVE,"" which can be misleading as it suggests that the video contains exclusive content. However, the thumbnail itself does not provide enough context to justify the use of the word ""exclusive."" Additionally, the phrase ""MANSION BURNT!"" is sensationalized and could be considered clickbait, as it implies a significant event involving a mansion, which may not be entirely accurate based on the video content.

#### Step 6: Categorize the Thumbnail as Either ""Misleading"" or ""Not Misleading""
Given the lack of context regarding the celebrities involved and the specific individuals affected, the thumbnail can be considered **misleading**. It fails to provide sufficient information to accurately represent the video's main topic and content.

#### Explanation for Decision
The thumbnail effectively captures the essence of the burning house but lacks crucial details about the celebrities involved and the specific individuals affected. This omission can mislead viewers into expecting a generic house fire video rather than a celebrity-related tragedy. The use of the word ""EXCLUSIVE"" and the sensationalized title ""MANSION BURNT!"" further contribute to the misleading nature of the thumbnail."
AAw18Oo_qcY,"### Analysis:

1. **Examine the Thumbnail**:
   - The thumbnail features two individuals reacting with surprise and excitement.
   - There is also an image of a dog, which appears to be digitally edited into the scene.
   - The text overlay reads, ""The girl is a miracle.""

2. **Read Through the Video Subtitles and Content Description**:
   - The subtitles seem to be incomplete and do not provide context relevant to the video content.
   - The content description describes a magic or illusion performance involving a drinking straw and a banknote, which is a typical theme for such acts.

3. **Compare the Thumbnail to the Actual Video Content**:
   - The thumbnail suggests a magical act involving a girl, which could imply a different type of performance than what is described in the content description.
   - The presence of the dog in the thumbnail is not mentioned in the video content and seems to be irrelevant to the performance described.

4. **Determine if the Thumbnail Accurately Represents the Video's Main Topic or Content**:
   - The thumbnail does not accurately represent the video content because it suggests a different type of performance (involving a girl) that is not described in the video.
   - The dog in the thumbnail is not related to the performance described.

5. **Assess Whether the Thumbnail Uses Exaggeration, False Promises, or Clickbait Tactics**:
   - The thumbnail uses exaggerated imagery (a surprised audience and a digitally edited dog) to attract attention but does not align with the actual content of the video.
   - It creates a misleading expectation about the nature of the performance.

6. **Categorize the Thumbnail**:
   - Based on the analysis, the thumbnail is misleading.

7. **Brief Explanation**:
   - The thumbnail suggests a different type of performance involving a girl, which is not supported by the video content. Additionally, the presence of a digitally edited dog in the thumbnail is irrelevant to the performance described and adds to the misleading nature of the thumbnail.

### Conclusion:
The thumbnail is **misleading** because it suggests a different type of performance than what is actually shown in the video."
2ye08EJSnp8,"### Analysis of the Thumbnail and Video Content

#### Step 1: Examine the Thumbnail
The thumbnail features two individuals, one prominently labeled with the text ""HE'S A RUDE C*NT"". The image appears to be a composite or edited photo, suggesting a negative portrayal of one of the individuals.

#### Step 2: Read Through the Video Subtitles and Content Description
The subtitles and content description provide a positive and informative overview of Killian Murphy's career, highlighting his versatility, success, and personal life. The video seems to be a tribute or highlight reel showcasing Murphy's acting range and achievements.

#### Step 3: Compare the Thumbnail to the Actual Video Content
The thumbnail depicts a negative and potentially controversial statement about one of the individuals, which contrasts sharply with the positive and informative content described in the video.

#### Step 4: Determine if the Thumbnail Accurately Represents the Video's Main Topic or Content
The thumbnail does not accurately represent the video's main topic or content. Instead, it introduces a negative and potentially misleading element that is not supported by the video itself.

#### Step 5: Assess Whether the Thumbnail Uses Exaggeration, False Promises, or Clickbait Tactics
The thumbnail uses exaggerated language (""HE'S A RUDE C*NT"") to attract viewers, which is misleading and does not align with the positive and informative content of the video.

#### Step 6: Categorize the Thumbnail as Either ""Misleading"" or ""Not Misleading""
Based on the analysis, the thumbnail is **misleading**.

#### Explanation for Decision
The thumbnail introduces a negative and potentially controversial statement about one of the individuals featured in the video, which is not supported by the positive and informative content of the video. The use of exaggerated language (""HE'S A RUDE C*NT"") is likely intended to attract viewers but does not accurately represent the video's main topic or content. Therefore, the thumbnail is misleading."
hL7OdgaKjlk,"### Analysis of the Thumbnail and Video Content

#### Step 1: Examine the Thumbnail
The thumbnail features an image of an iPhone with a colorful home screen displaying various app icons. The Apple logo is prominently displayed alongside the word ""Weird."" The overall aesthetic suggests a focus on the iPhone itself, which aligns with the video content.

#### Step 2: Read Through the Video Subtitles and Content Description
The subtitles indicate that the video discusses the iPhone 16, its features, and expectations for the upcoming release. The content description mentions a mix of official Apple promotional content, concept designs, and commentary from a tech enthusiast, all centered around iPhone products.

#### Step 3: Compare the Thumbnail to the Actual Video Content
The thumbnail shows an iPhone with a colorful home screen, which is consistent with the video content that includes discussions about iPhones and their features. However, the subtitle ""Weird"" introduces a potential discrepancy.

#### Step 4: Determine if the Thumbnail Accurately Represents the Video's Main Topic or Content
The thumbnail accurately represents the main topic of the video, which is focused on iPhones and their features. The subtitle ""Weird,"" however, introduces ambiguity and may mislead viewers into expecting something unusual or unexpected from the video.

#### Step 5: Assess Whether the Thumbnail Uses Exaggeration, False Promises, or Clickbait Tactics
The thumbnail does not use exaggerated language or false promises. It accurately reflects the content of the video, which is a discussion about iPhones and their features.

#### Step 6: Categorize the Thumbnail as Either ""Misleading"" or ""Not Misleading""
The thumbnail is **not misleading** because it accurately represents the main topic of the video. However, the subtitle ""Weird"" introduces a slight element of ambiguity that could potentially mislead viewers into expecting something unusual or unexpected from the video.

#### Explanation
The thumbnail effectively communicates the main topic of the video, which is a discussion about iPhones and their features. The subtitle ""Weird"" introduces a minor element of ambiguity that might lead viewers to expect something unusual or unexpected. While this does not significantly mislead viewers, it could slightly confuse them about the nature of the content. Therefore, the thumbnail is categorized as **not misleading**, but with a slight caveat due to the ambiguous subtitle."
MZp3_9S_BVs,"### Analysis of the YouTube Video Thumbnail and Content

#### Step 1: Examine the Thumbnail
The thumbnail features a woman with long blonde hair, looking surprised or concerned. The text overlay reads: ""EXCLUSIVE 'NORTH ACCEPTED BIANCA AS MOTHER'"". The image includes smaller photos of a young girl with a woman who appears to be Bianca, and another photo of a young girl with a different woman.

#### Step 2: Read Through the Video Subtitles and Content Description
The subtitles discuss a conflict between Kim Kardashian and her daughter North, involving North's acceptance of Bianca as her mother. The content description provides a detailed account of various scenes showing Kim in different settings, often glamorous and professional, while also including candid moments and behind-the-scenes footage.

#### Step 3: Compare the Thumbnail to the Actual Video Content
The thumbnail prominently features the phrase ""NORTH ACCEPTED BIANCA AS MOTHER,"" which directly relates to the subtitle content. However, the thumbnail does not visually depict any of the specific scenes described in the subtitles, such as the interactions between Kim and North, or the public revelation about the situation.

#### Step 4: Determine if the Thumbnail Accurately Represents the Video's Main Topic or Content
The thumbnail accurately represents the main topic discussed in the subtitles, which is North accepting Bianca as her mother. However, the thumbnail does not provide any visual context or imagery related to the specific scenes or events described in the subtitles.

#### Step 5: Assess Whether the Thumbnail Uses Exaggeration, False Promises, or Clickbait Tactics
The thumbnail does not use exaggerated language or false promises. It clearly states the main topic without any misleading elements.

#### Step 6: Categorize the Thumbnail as Either ""Misleading"" or ""Not Misleading""
Based on the analysis, the thumbnail is **not misleading** because it accurately reflects the main topic discussed in the subtitles. However, it does not provide any visual context or imagery related to the specific scenes or events described in the subtitles.

#### Explanation
The thumbnail effectively communicates the main topic of the video, which is North accepting Bianca as her mother. While it does not provide any visual context or imagery related to the specific scenes or events described in the subtitles, it does not use exaggerated language or false promises. Therefore, the thumbnail is not misleading but rather informative and accurate in its representation of the main topic."
cskz74MUEc8,"### Analysis of the Thumbnail and Video Content

#### Step 1: Examine the Thumbnail
The thumbnail features two images:
1. A person with a bare face against a pink background.
2. The same person with a heavily made-up face, styled with dark hair and dramatic makeup.

An arrow points from the bare-faced image to the heavily made-up image, accompanied by a shocked emoji and the text ""+3 Million Views!!!"".

#### Step 2: Read Through the Video Subtitles and Content Description
The subtitles appear to be lyrics from a song, which do not relate to the makeup transformation video. The content description describes a makeup tutorial where the subject transforms from a bare-faced look to a polished, glamorous appearance.

#### Step 3: Compare the Thumbnail to the Actual Video Content
The thumbnail accurately depicts the transformation theme of the video. It shows a ""before"" and ""after"" look, which aligns with the content described in the video description.

#### Step 4: Determine if the Thumbnail Accurately Represents the Video's Main Topic or Content
The thumbnail correctly represents the main topic of the video, which is a makeup transformation tutorial.

#### Step 5: Assess Whether the Thumbnail Uses Exaggeration, False Promises, or Clickbait Tactics
The thumbnail does not use any exaggerated claims or false promises. It clearly indicates a transformation, which is the core theme of the video.

#### Step 6: Categorize the Thumbnail
Based on the analysis, the thumbnail is **Not Misleading**.

#### Explanation
The thumbnail effectively communicates the main theme of the video—a makeup transformation—without using any misleading elements. It accurately reflects the content described in the video description, which is a makeup tutorial showcasing a dramatic transformation. Therefore, the thumbnail is appropriate and not misleading."
NqjRUZ9VP2k,"### Analysis of the YouTube Video Thumbnail and Content

#### Step 1: Examine the Thumbnail
The thumbnail features a man and a woman. The man appears to be speaking, and the woman is shown in a dramatic pose, adorned with elaborate jewelry and a crown-like headpiece. The text overlay reads, ""SHE SACRIFICED SO MANY GIRLS.""

#### Step 2: Read Through the Video Subtitles and Content Description
The subtitles discuss allegations against Beyoncé, specifically suggesting that she has sacrificed many young women in the music industry. The content description highlights various scenes from the music and entertainment industry, including interviews, performances, and social media commentary, but does not explicitly mention Beyoncé or the specific allegations described in the subtitles.

#### Step 3: Compare the Thumbnail to the Actual Video Content
The thumbnail prominently features Beyoncé in a dramatic pose, which aligns with the content of the subtitles suggesting she has sacrificed many young women. However, the video content itself does not focus on these specific allegations but rather showcases a variety of scenes from the music and entertainment industry.

#### Step 4: Determine if the Thumbnail Accurately Represents the Video's Main Topic or Content
The thumbnail accurately represents the main topic suggested by the subtitles, which is the alleged sacrifice of young women by Beyoncé. While the video content does not delve into these specific allegations, the thumbnail effectively captures the essence of the claims made in the subtitles.

#### Step 5: Assess Whether the Thumbnail Uses Exaggeration, False Promises, or Clickbait Tactics
The thumbnail does not use exaggerated language or false promises. Instead, it accurately reflects the content suggested by the subtitles, which are based on allegations against Beyoncé.

#### Step 6: Categorize the Thumbnail as Either ""Misleading"" or ""Not Misleading""
Given that the thumbnail accurately represents the main topic suggested by the subtitles, it should not be categorized as misleading.

#### Step 7: Provide a Brief Explanation for the Decision
The thumbnail accurately reflects the content suggested by the subtitles, which claim that Beyoncé has sacrificed many young women in the music industry. Although the video content does not explicitly address these allegations, the thumbnail effectively captures the essence of the claims made in the subtitles without using exaggerated language or false promises.

**Conclusion:** The thumbnail is **Not Misleading**."
uQRCWNzfscU,"### Analysis of the Thumbnail and Video Content

#### Step 1: Examine the Thumbnail
The thumbnail features two individuals, one labeled with the text ""WHAT DID YOU SAY!?"" and the other with ""HE'S A F*CKING LOSER."" The image appears to be edited to emphasize the intensity of the statements, suggesting a confrontation or heated exchange.

#### Step 2: Read Through the Video Subtitles and Content Description
The subtitles indicate a discussion involving Mo'Nique and Whoopi Goldberg, focusing on personal conflicts and professional tensions within the entertainment industry. The content description mentions various interview settings, red carpet events, and behind-the-scenes moments, but does not explicitly reference the thumbnail's specific language or imagery.

#### Step 3: Compare the Thumbnail to the Actual Video Content
The thumbnail's text (""WHAT DID YOU SAY!?"" and ""HE'S A F*CKING LOSER"") is not directly related to the video content described. While the video discusses conflicts between Mo'Nique and Whoopi Goldberg, the thumbnail's exaggerated language and visual emphasis on confrontation do not align with the typical content of the video.

#### Step 4: Determine if the Thumbnail Accurately Represents the Video's Main Topic or Content
The thumbnail does not accurately represent the video's main topic or content. It exaggerates the conflict and uses strong language that is not necessarily reflected in the actual video content.

#### Step 5: Assess Whether the Thumbnail Uses Exaggeration, False Promises, or Clickbait Tactics
The thumbnail uses exaggerated language and visual emphasis to create a sense of conflict and drama, which is not supported by the actual video content. This suggests the use of clickbait tactics.

#### Step 6: Categorize the Thumbnail as Either ""Misleading"" or ""Not Misleading""
Based on the analysis, the thumbnail is misleading.

#### Explanation for Decision
The thumbnail uses exaggerated language and visual emphasis to create a sense of conflict and drama, which is not supported by the actual video content. The strong language and visual cues suggest a confrontation or heated exchange, which is not the primary focus of the video. Therefore, the thumbnail is misleading as it does not accurately represent the video's main topic or content."
Lsf9bgbJS_E,"### Analysis of the Thumbnail and Video Content

#### Step 1: Examine the Thumbnail
The thumbnail features two images:
1. A close-up of a person wearing a cap with ""2024"" written on it.
2. A scene where a person in white attire is descending stairs, accompanied by another individual in a white robe.

#### Step 2: Read Through the Video Subtitles and Content Description
The subtitles and content description suggest a narrative involving a high-profile celebrity couple experiencing relationship issues and potential control dynamics. The video discusses allegations of control and manipulation within the relationship, with a focus on the wife's actions and influence over the husband.

#### Step 3: Compare the Thumbnail to the Actual Video Content
- The thumbnail does not visually represent the content described in the subtitles and video description. It does not show any scenes of conflict, control, or manipulation.
- Instead, the thumbnail shows a person in a cap and someone descending stairs, which do not align with the serious and concerning themes discussed in the video.

#### Step 4: Determine if the Thumbnail Accurately Represents the Video's Main Topic or Content
The thumbnail fails to convey the serious and concerning themes presented in the video. It does not reflect the narrative of relationship issues, control, or manipulation.

#### Step 5: Assess Whether the Thumbnail Uses Exaggeration, False Promises, or Clickbait Tactics
The thumbnail does not use exaggerated language or false promises. However, it does not accurately represent the content of the video, which could mislead viewers into expecting a different type of content.

#### Step 6: Categorize the Thumbnail as Either ""Misleading"" or ""Not Misleading""
Based on the analysis, the thumbnail is **misleading** because it does not accurately represent the serious and concerning themes discussed in the video.

#### Explanation
The thumbnail fails to capture the essence of the video's content, which revolves around allegations of control and manipulation within a high-profile relationship. By showing unrelated imagery (a person in a cap and someone descending stairs), the thumbnail misleads viewers into expecting a different type of content, thereby misleading them about the actual subject matter of the video."
C0Wj6AnFPJo,"### Analysis of the Provided Information

#### Step 1: Examine the Thumbnail
The thumbnail shows a ""before"" and ""after"" comparison of a person's skin, with a spoon holding a white powder and a jar of a white cream. The text suggests that the cream is a natural beauty treatment using rice to reduce wrinkles.

#### Step 2: Read Through the Video Subtitles and Content Description
The subtitles mention that rice can replace Botox to reduce wrinkles, and the video describes preparing a rice-based face mask or cream. The content description confirms that the video is a DIY skincare recipe involving rice and other ingredients.

#### Step 3: Compare the Thumbnail to the Actual Video Content
The thumbnail depicts a before-and-after effect, which aligns with the idea of reducing wrinkles. However, the video content focuses on the preparation of a rice-based skincare product rather than showing the results of applying the product.

#### Step 4: Determine if the Thumbnail Accurately Represents the Video's Main Topic or Content
The thumbnail suggests that the video will show the results of using the product, but the video content does not actually demonstrate the application or results of the product. Instead, it shows the preparation process.

#### Step 5: Assess Whether the Thumbnail Uses Exaggeration, False Promises, or Clickbait Tactics
The thumbnail uses a before-and-after image, which could be misleading because it implies that the viewer will see the results immediately after using the product. However, the video content does not provide any visual evidence of these results.

#### Step 6: Categorize the Thumbnail as Either ""Misleading"" or ""Not Misleading""
Given that the thumbnail suggests the video will show the results of using the product, while the video content only shows the preparation process, the thumbnail is misleading.

#### Step 7: Provide a Brief Explanation for Your Decision
The thumbnail uses a before-and-after image to imply that the viewer will see the results of using the product, which is not the case. The video content focuses on the preparation process rather than demonstrating the results. Therefore, the thumbnail is misleading.

### Final Decision
**Misleading**

Explanation: The thumbnail suggests that the video will show the results of using the product, but the video content only shows the preparation process without demonstrating the application or results of the product."
IOZjkEcNHIE,"### Analysis of the Provided Information

#### Step 1: Examine the Thumbnail
The thumbnail shows a red open-top bus surrounded by a group of lions on a road. The image is visually striking and captures attention due to the unusual interaction between humans and wild animals.

#### Step 2: Read Through the Video Subtitles and Content Description
The video description and subtitles indicate a compilation of various intense and dramatic scenes from different settings. These scenes include natural and man-made spectacles, ranging from wildlife encounters to extreme weather events. The content does not explicitly mention interactions with lions or any specific animal encounters.

#### Step 3: Compare the Thumbnail to the Actual Video Content
The thumbnail depicts a scene that is highly unusual and potentially dangerous, showing a group of lions surrounding a bus with people inside. However, the video content described does not include such a scene. Instead, it features a variety of other dramatic and intense scenes, including wildlife, weather events, and human activities.

#### Step 4: Determine if the Thumbnail Accurately Represents the Video's Main Topic or Content
The thumbnail does not accurately represent the video's main topic or content. It suggests a scene involving lions and a bus, which is not depicted in the video content.

#### Step 5: Assess Whether the Thumbnail Uses Exaggeration, False Promises, or Clickbait Tactics
The thumbnail uses exaggerated imagery to attract viewers, promising an intense and dangerous encounter with lions. This is misleading because the video content does not feature such a scene.

#### Step 6: Categorize the Thumbnail as Either ""Misleading"" or ""Not Misleading""
The thumbnail is **misleading**.

#### Explanation for Decision
The thumbnail creates a false expectation by depicting a scene that is not present in the video content. It uses exaggerated imagery to attract viewers, which is misleading. The video content focuses on a variety of intense and dramatic scenes but does not include the lion encounter shown in the thumbnail. Therefore, the thumbnail misleads viewers by suggesting a specific and dangerous scenario that is not part of the actual video content."
2rtPaqkrLPw,"### Analysis of the Thumbnail and Video Content

1. **Examine the thumbnail**: The thumbnail shows two images side by side. On the left, there is a close-up of an older woman with dark skin, appearing to have a natural, unadorned look. On the right, there is a dramatically transformed version of the same woman, now wearing full makeup, including vibrant colors and accessories.

2. **Read through the video subtitles and content description**: The subtitles indicate that the video is about a makeup transformation, but they do not provide specific details about the transformation itself. The content description outlines a detailed step-by-step process of applying makeup to an older woman, resulting in a significant transformation.

3. **Compare the thumbnail to the actual video content**: The thumbnail accurately depicts the before-and-after images shown in the video. It shows the dramatic change in appearance that occurs during the makeup application process.

4. **Determine if the thumbnail accurately represents the video's main topic or content**: The thumbnail correctly represents the main topic of the video, which is a makeup transformation.

5. **Assess whether the thumbnail uses exaggeration, false promises, or clickbait tactics**: There is no exaggeration or false promise in the thumbnail. It accurately reflects the content of the video.

6. **Categorize the thumbnail as either ""Misleading"" or ""Not Misleading""**: Based on the analysis, the thumbnail is not misleading because it accurately represents the content of the video.

7. **Provide a brief explanation for your decision**: The thumbnail accurately shows the before-and-after images of the makeup transformation, which aligns with the detailed content described in the video. There are no misleading elements or exaggerated claims in the thumbnail.

**Conclusion**: The thumbnail is **Not Misleading**."
DuyINLW-Z_c,"### Analysis:

1. **Examine the thumbnail**: The thumbnail shows two babies dressed as broccoli, standing on microphones, with a shocked reaction from the judges. The text overlay reads, ""history records this talent.""

2. **Read through the video content description**: The video depicts a talent show audition where a performer engages in a comedic or variety act, changing costumes and performing in front of judges and an audience. The performer uses props and makes exaggerated gestures, and there’s a motorcycle on stage towards the end.

3. **Compare the thumbnail to the actual video content**:
   - The thumbnail features babies dressed as broccoli, which is completely unrelated to the content described in the video.
   - The video content involves a human performer in a variety act, not babies dressed as broccoli.

4. **Determine if the thumbnail accurately represents the video's main topic or content**:
   - The thumbnail does not represent the main topic or content of the video at all. It shows babies dressed as broccoli, which has no relation to the human performer and the variety act described in the video.

5. **Assess whether the thumbnail uses exaggeration, false promises, or clickbait tactics**:
   - The thumbnail uses clickbait tactics by promising something entirely different from what the video actually contains. It creates a misleading expectation by showing babies dressed as broccoli when the video is about a human performer's audition.

6. **Categorize the thumbnail**:
   - The thumbnail is clearly misleading because it does not accurately represent the content of the video.

7. **Explanation**:
   - The thumbnail is misleading because it shows babies dressed as broccoli, which is not related to the human performer's variety act described in the video. It creates an expectation that is not met, leading viewers to believe they will see something entirely different from what they actually get.

### Conclusion:
The thumbnail is **Misleading**."
MAt6ND10GlQ,"### Analysis of the Thumbnail and Video Content

#### Step 1: Examine the Thumbnail
The thumbnail shows two images side by side:
1. On the left, there is a person with a heavily edited face, where one side of their face is painted yellow and the other side is dark. The eyes appear exaggeratedly large and blue.
2. On the right, there is a person wearing a traditional headwrap, with a polished and glamorous makeup look that includes shimmering eyeshadow, defined eyebrows, and bold lip color.

#### Step 2: Read Through the Video Subtitles and Content Description
The subtitles seem to be random and do not provide any context related to the video content. They appear to be unrelated audio snippets, possibly from a different source.

The content description describes a makeup transformation process, starting with a natural look and ending with a glamorous, celebratory style. The transformation involves applying foundation, contouring, eye makeup, eyebrow shaping, and lip color.

#### Step 3: Compare the Thumbnail to the Actual Video Content
The thumbnail shows a heavily edited and exaggerated image, which does not accurately represent the actual makeup transformation process described in the video content. The video content focuses on a gradual and realistic transformation, while the thumbnail suggests a more dramatic and unrealistic change.

#### Step 4: Determine if the Thumbnail Accurately Represents the Video's Main Topic or Content
The thumbnail does not accurately represent the gradual and realistic makeup transformation shown in the video. Instead, it presents a highly exaggerated and unrealistic image.

#### Step 5: Assess Whether the Thumbnail Uses Exaggeration, False Promises, or Clickbait Tactics
The thumbnail uses exaggeration by showing a heavily edited and unrealistic transformation. It does not promise anything false but rather misleads viewers into expecting a more dramatic result than what is actually shown in the video.

#### Step 6: Categorize the Thumbnail as Either ""Misleading"" or ""Not Misleading""
Based on the analysis, the thumbnail is **Misleading** because it presents a highly exaggerated and unrealistic transformation that does not match the gradual and realistic transformation shown in the video.

#### Explanation for Decision
The thumbnail uses exaggerated imagery that does not align with the actual content of the video. While the video itself shows a gradual and realistic makeup transformation, the thumbnail suggests a more dramatic and unrealistic change, which misleads viewers about the nature of the content they are about to watch."
6RD4PxCgwO0,"### Analysis of the YouTube Video Thumbnail and Content

#### Step 1: Examine the Thumbnail
The thumbnail features a woman with long dark hair, and the text overlay reads: **""EXCLUSIVE 'NORTH TESTIFIED AGAINST KIM K!'""**

#### Step 2: Read Through the Video Subtitles and Content Description
The subtitles and content description indicate that the video is a compilation of scenes featuring a prominent public figure (likely a celebrity) in various settings. The focus seems to be on the interactions and dynamics within a family, particularly involving a child named North and their mother, Kim Kardashian.

#### Step 3: Compare the Thumbnail to the Actual Video Content
The thumbnail suggests that the video is about North testifying against Kim Kardashian. However, the video content description does not mention any testimony or legal proceedings. Instead, it focuses on the interactions and dynamics within the family, including North's role as a ""gossip conduit"" and her influence on the family's dynamics.

#### Step 4: Determine if the Thumbnail Accurately Represents the Video's Main Topic or Content
The thumbnail does not accurately represent the video's main topic or content. It implies a serious legal matter (testifying against Kim), which is not supported by the video content.

#### Step 5: Assess Whether the Thumbnail Uses Exaggeration, False Promises, or Clickbait Tactics
The thumbnail uses exaggerated language (""EXCLUSIVE"") and a sensational headline (""NORTH TESTIFIED AGAINST KIM K!"") which are not supported by the video content. This creates a misleading impression.

#### Step 6: Categorize the Thumbnail as Either ""Misleading"" or ""Not Misleading""
Based on the analysis, the thumbnail is **misleading**.

#### Explanation for Decision
The thumbnail uses exaggerated language and a sensational headline that does not align with the actual content of the video. The video content is a compilation of scenes focusing on the family dynamics and North's role as a ""gossip conduit,"" rather than a legal testimony against Kim Kardashian. Therefore, the thumbnail misleads viewers by suggesting a more serious and dramatic event than what is actually depicted in the video."
2vhf_k0nFk0,"### Analysis:

1. **Examine the Thumbnail**:
   - The thumbnail features a woman in a horse costume, which is visually striking and unusual.
   - There is a question mark next to her, suggesting uncertainty or surprise.
   - The Arabic text translates to ""Have you done the miracle?"" which implies something extraordinary has happened.

2. **Read Through the Video Subtitles and Content Description**:
   - The video content is described as a compilation of scenes from ""Britain's Got Talent,"" showcasing various acts including dance routines, mystery performances, and audience reactions.
   - The thumbnail does not directly relate to any specific scene but rather seems to represent a general theme of surprise or amazement.

3. **Compare the Thumbnail to the Actual Video Content**:
   - The thumbnail depicts a woman in a horse costume, which is not mentioned in the video description.
   - The video content includes a variety of acts, but none specifically feature a woman in a horse costume.

4. **Determine if the Thumbnail Accurately Represents the Video's Main Topic or Content**:
   - The thumbnail does not accurately represent the video's main topic or content because it introduces an element (a woman in a horse costume) that is not present in the video.

5. **Assess Whether the Thumbnail Uses Exaggeration, False Promises, or Clickbait Tactics**:
   - The thumbnail uses exaggerated imagery and a question mark to create intrigue, which could mislead viewers into expecting a specific act that is not shown in the video.

6. **Categorize the Thumbnail as Either ""Misleading"" or ""Not Misleading""**:
   - Based on the analysis, the thumbnail is misleading because it introduces an element (a woman in a horse costume) that is not part of the actual video content.

7. **Brief Explanation for the Decision**:
   - The thumbnail introduces a specific act (a woman in a horse costume) that is not depicted in the video content. It uses exaggerated imagery and a question mark to create intrigue, which can mislead viewers into expecting a particular performance that is not shown. Therefore, the thumbnail is misleading.

### Conclusion:
The thumbnail is **misleading**."
YHQ9JDbh3ys,"### Analysis of the Thumbnail and Video Content

#### Step 1: Examine the Thumbnail
The thumbnail shows two images side-by-side:
- On the left, there is a close-up of a person's face without any visible makeup.
- On the right, there is a person wearing a vibrant red headwrap and dramatic makeup, including bold blue eyeshadow and winged eyeliner.

#### Step 2: Read Through the Video Subtitles and Content Description
The subtitles include phrases like ""it's not a game,"" ""thank you,"" and ""foreign,"" which do not provide clear context about the video's content. The content description describes a makeup transformation tutorial where the subject goes from being makeup-free to having a full face of makeup, including striking blue eyeshadow, winged eyeliner, defined brows, contoured cheeks, and neutral lips.

#### Step 3: Compare the Thumbnail to the Actual Video Content
The thumbnail accurately depicts the transformation shown in the video. It shows the subject before and after the makeup application, highlighting the dramatic change in appearance.

#### Step 4: Determine if the Thumbnail Accurately Represents the Video's Main Topic or Content
The thumbnail effectively represents the main topic of the video, which is a makeup transformation tutorial. It clearly illustrates the before-and-after effect of the makeup application.

#### Step 5: Assess Whether the Thumbnail Uses Exaggeration, False Promises, or Clickbait Tactics
There is no exaggeration or false promise in the thumbnail. It accurately reflects the content of the video.

#### Step 6: Categorize the Thumbnail as Either ""Misleading"" or ""Not Misleading""
Based on the analysis, the thumbnail is **Not Misleading**.

#### Explanation
The thumbnail accurately represents the content of the video by showing the subject before and after the makeup transformation. There are no misleading elements or exaggerated claims in the thumbnail that would mislead viewers about the video's content. The thumbnail effectively communicates the purpose of the video, which is to demonstrate a makeup transformation."
2jM1lEi8lF4,"### Analysis of the YouTube Video Thumbnail and Content

#### Step 1: Examine the Thumbnail
The thumbnail features a woman with long blonde hair, wearing a black outfit, with a background image of a house being raided by police officers. The text overlay reads ""EXCLUSIVE 'KIM K HOUSE RAIDED!'""

#### Step 2: Read Through the Video Subtitles and Content Description
The subtitles and content description discuss Kim Kardashian's financial struggles, including accumulating substantial debts due to home loans and a mortgage. It mentions rumors about her facing financial pressure and potential legal issues related to her financial practices, such as tax evasion accusations against the California Community Church where she and her family are members.

#### Step 3: Compare the Thumbnail to the Actual Video Content
The thumbnail depicts a dramatic scene of a house being raided by police officers, which is not explicitly mentioned in the video content. The video primarily focuses on Kim Kardashian's financial challenges and the scrutiny around her financial practices, rather than showing a raid on her house.

#### Step 4: Determine if the Thumbnail Accurately Represents the Video's Main Topic or Content
The thumbnail significantly overstates the content by implying a raid on Kim Kardashian's house, which is not a central theme of the video. Instead, the video discusses her financial troubles and the scrutiny around her financial practices.

#### Step 5: Assess Whether the Thumbnail Uses Exaggeration, False Promises, or Clickbait Tactics
The thumbnail uses exaggerated imagery (a house being raided) to attract viewers' attention, which is misleading because the video does not depict a raid on Kim Kardashian's house. It instead focuses on her financial challenges and the scrutiny around her financial practices.

#### Step 6: Categorize the Thumbnail as Either ""Misleading"" or ""Not Misleading""
Based on the analysis, the thumbnail is **Misleading**.

#### Explanation for Decision
The thumbnail uses dramatic imagery and text to create a sense of urgency and drama, which is not reflected in the actual video content. It implies a significant event (a house raid) that is not discussed in the video, leading viewers to expect something different from what they actually receive. This type of imagery and text is designed to attract clicks and views, which makes it misleading."
dQIfO_00LBk,"### Analysis of the YouTube Video Thumbnail and Content

#### Step 1: Examine the Thumbnail
The thumbnail features a woman in red pajamas with a distressed expression, accompanied by a smaller inset image showing a man in a red shirt raising his hand aggressively. The text overlay reads ""F*CKING BITCH.""

#### Step 2: Read Through the Video Subtitles and Content Description
The subtitles and content description describe a reality TV-style drama involving a couple, Gino and Jasmine. The narrative highlights their tumultuous relationship, with Jasmine's participation in a pageant leading to conflicts and tension between them. The video emphasizes the emotional and physical confrontations between the characters, particularly the aggressive interaction depicted in the thumbnail.

#### Step 3: Compare the Thumbnail to the Actual Video Content
The thumbnail captures a moment of intense conflict between the characters, which aligns closely with the dramatic and confrontational nature described in the subtitles and content summary. The aggressive gesture and the text ""F*CKING BITCH"" suggest a high level of tension and conflict, which is consistent with the overall theme of the video.

#### Step 4: Determine if the Thumbnail Accurately Represents the Video's Main Topic or Content
The thumbnail effectively represents the main topic of the video, which revolves around the conflict and drama between Gino and Jasmine. It captures a pivotal moment of confrontation, which is central to the narrative.

#### Step 5: Assess Whether the Thumbnail Uses Exaggeration, False Promises, or Clickbait Tactics
The thumbnail does not use exaggerated language or false promises. Instead, it accurately reflects the intense and confrontational nature of the video content. The text ""F*CKING BITCH"" is a direct reflection of the aggressive interaction shown in the thumbnail, which is a realistic depiction of the drama within the video.

#### Step 6: Categorize the Thumbnail as Either ""Misleading"" or ""Not Misleading""
Based on the analysis, the thumbnail is **Not Misleading**. It accurately represents the main topic and content of the video without using exaggerated language or false promises.

#### Explanation
The thumbnail effectively communicates the intense and confrontational nature of the video content. It captures a pivotal moment of conflict between the characters, which is a central element of the drama described in the subtitles and content summary. Therefore, it does not mislead viewers about the content of the video."
u7ohdrNYRiM,"### Analysis of the Provided Information

#### Step 1: Examine the Thumbnail
The thumbnail shows a person interacting with a doll that has exaggerated features, including large teeth and a long tongue. The person appears to be playfully interacting with the doll, which has bright red hair and a colorful outfit.

#### Step 2: Read Through the Video Subtitles and Content Description
The subtitles and content description indicate that the video involves unboxing and reviewing various items purchased from Amazon, specifically focusing on banned or dangerous products. The video includes scenes of the person interacting with items such as a sword, black paint, shock golf balls, edible currency, and an electric shock pen.

#### Step 3: Compare the Thumbnail to the Actual Video Content
The thumbnail depicts a playful interaction between a person and a doll, which contrasts significantly with the serious and potentially dangerous nature of the video content described in the subtitles and description. The thumbnail does not accurately represent the main topics discussed in the video.

#### Step 4: Determine if the Thumbnail Accurately Represents the Video's Main Topic or Content
The thumbnail does not accurately represent the video's main topics, which include unboxing and reviewing banned or dangerous products. Instead, it suggests a lighthearted or humorous interaction, which is misleading.

#### Step 5: Assess Whether the Thumbnail Uses Exaggeration, False Promises, or Clickbait Tactics
The thumbnail uses exaggerated imagery (large teeth and long tongue) to create a humorous effect, which might mislead viewers into expecting a less serious or more entertaining video than what the content description suggests.

#### Step 6: Categorize the Thumbnail as Either ""Misleading"" or ""Not Misleading""
Based on the analysis, the thumbnail is **misleading**.

#### Explanation for Decision
The thumbnail creates a misleading impression by depicting a playful interaction with a doll, which contrasts sharply with the serious and potentially dangerous nature of the video content. It uses exaggerated imagery to attract attention, which may lead viewers to expect a different type of video than what is actually shown. Therefore, the thumbnail is misleading."
fw2MXtbXDLU,"### Analysis of the YouTube Video Thumbnail and Content

#### Step 1: Examine the Thumbnail
The thumbnail features two women, one with light-colored hair and the other with darker hair. The text overlay reads ""EXCLUSIVE 'KHLOE SLAPPED KIM K'"". The image includes a smaller inset of a woman with light-colored hair, seemingly in distress.

#### Step 2: Read Through the Video Subtitles and Content Description
The subtitles mention a confrontation between Khloe and Kim Kardashian where Kim allegedly slapped Khloe. The content description provides a broader context of family dynamics, including discussions about parenting, family secrets, and speculation about paternity.

#### Step 3: Compare the Thumbnail to the Actual Video Content
The thumbnail depicts a dramatic interaction between two women, which aligns with the subtitle mentioning a slap. However, the content description does not explicitly confirm that the slap occurred or that it was between Khloe and Kim Kardashian. Instead, it discusses various family dynamics and speculation about paternity.

#### Step 4: Determine if the Thumbnail Accurately Represents the Video's Main Topic or Content
The thumbnail suggests a specific event (the slap) that is central to the video's content. However, the video content does not focus solely on this event; it covers multiple aspects of the family's dynamics and speculation about paternity.

#### Step 5: Assess Whether the Thumbnail Uses Exaggeration, False Promises, or Clickbait Tactics
The thumbnail uses a provocative image and text to attract viewers, which can be considered clickbait. It promises a specific event (the slap) without providing enough context to understand the full narrative.

#### Step 6: Categorize the Thumbnail as Either ""Misleading"" or ""Not Misleading""
Based on the analysis, the thumbnail is misleading because it suggests a specific event (the slap) that is not the primary focus of the video content. While the video does cover the confrontation, it is part of a larger narrative about family dynamics and speculation about paternity.

#### Explanation
The thumbnail uses a provocative image and text to attract viewers, promising a specific event (the slap) that is not the primary focus of the video content. Although the video does cover the confrontation, it is part of a larger narrative about family dynamics and speculation about paternity. Therefore, the thumbnail is misleading."
8dK9XaYpVNc,"### Analysis:

**Step 1: Examine the thumbnail**
The thumbnail features three individuals: two men and one woman. One of the men is smiling widely, another is looking serious, and the woman is in a black outfit. There is also a smaller inset image of a couple in bed, surrounded by roses.

**Step 2: Read the video subtitles**
The subtitles mention a reconciliation between Ben Affleck and Jennifer Lopez, with the caption ""She Did Me Good!"" suggesting a positive outcome or a significant improvement in their relationship.

**Step 3: Compare the thumbnail to the video content**
The thumbnail depicts a happy and positive interaction between the individuals, which contrasts with the subtitles that suggest a reconciliation and improvement in their relationship.

**Step 4: Determine if the thumbnail accurately represents the video's main topic or content**
The thumbnail does not accurately represent the video's content. While the subtitles indicate a reconciliation and improvement, the thumbnail suggests a celebratory or positive moment involving all three individuals, which may not necessarily align with the reconciliation theme.

**Step 5: Assess whether the thumbnail uses exaggeration, false promises, or clickbait tactics**
The thumbnail does not use exaggerated language or false promises. However, it does not clearly convey the specific theme of reconciliation mentioned in the subtitles.

**Step 6: Categorize the thumbnail**
Based on the analysis, the thumbnail is misleading because it does not accurately reflect the content suggested by the subtitles.

**Step 7: Provide a brief explanation for the decision**
The thumbnail suggests a celebratory or positive moment involving all three individuals, which does not align with the specific theme of reconciliation mentioned in the subtitles. This discrepancy makes the thumbnail misleading as it does not accurately represent the video's main topic or content."
KAkStIeEZ9g,"### Analysis of the Provided Information

#### Step 1: Examine the Thumbnail
The thumbnail features three distinct images:
1. A close-up of a young woman (presumably Shiloh Jolie-Pitt).
2. A photo of a person running with a suitcase.
3. A man on a phone call, appearing distressed.

#### Step 2: Read Through the Video Subtitles and Content Description
The subtitles describe a dramatic situation involving Brad Pitt's daughter, Shiloh Jolie-Pitt, who is pregnant and rushing out of the house to meet Tom Cruz. The video discusses Brad Pitt's concern for his daughter's safety and well-being due to the pressures of Hollywood life.

#### Step 3: Compare the Thumbnail to the Actual Video Content
- **Image 1**: The close-up of the young woman matches the description of Shiloh Jolie-Pitt.
- **Image 2**: The photo of someone running with a suitcase does not directly relate to the video content. It might be a stock image or unrelated to the story.
- **Image 3**: The man on the phone call aligns with the description of Brad Pitt being distressed about his daughter's situation.

#### Step 4: Determine if the Thumbnail Accurately Represents the Video's Main Topic or Content
The thumbnail effectively captures the emotional distress of Brad Pitt regarding his daughter's situation. However, the image of the person running with a suitcase does not contribute to the narrative and may mislead viewers into thinking the video is about a different scenario.

#### Step 5: Assess Whether the Thumbnail Uses Exaggeration, False Promises, or Clickbait Tactics
The thumbnail uses a dramatic image of a distressed man to convey the urgency and emotional weight of the situation. While it does not use exaggerated language or false promises, the inclusion of the unrelated image of a person running with a suitcase could be seen as misleading.

#### Step 6: Categorize the Thumbnail as Either ""Misleading"" or ""Not Misleading""
Based on the analysis, the thumbnail is **misleading** because the image of the person running with a suitcase does not contribute to the narrative and may lead viewers to expect a different storyline.

#### Explanation for Decision
The thumbnail effectively conveys the emotional distress of Brad Pitt but includes an unrelated image that could mislead viewers into expecting a different narrative. This minor detail makes the thumbnail misleading overall."
Ds0WoeUHQew,"### Analysis of the YouTube Video Thumbnail and Content

#### Step 1: Examine the Thumbnail
The thumbnail features two individuals, one with long dark hair and another with tattoos and a shaved head. The text overlay reads ""EXCLUSIVE '$1M REFUSAL SHOCKER'"". 

#### Step 2: Read Through the Video Subtitles and Content Description
The subtitles indicate a story about a relationship between a woman named Courtney Kardashian and a man named Travis Barker. The video discusses a financial scandal where Travis allegedly withdrew $1 million from their joint bank account without Courtney's knowledge, leading to his arrest and a legal battle. The content also mentions the couple's public relationship and the emotional turmoil surrounding the betrayal.

#### Step 3: Compare the Thumbnail to the Actual Video Content
The thumbnail shows two individuals, which aligns with the video content featuring Courtney Kardashian and Travis Barker. However, the text ""EXCLUSIVE '$1M REFUSAL SHOCKER'"" does not directly correspond to the video's content. The term ""refusal"" is not mentioned in the subtitles or the video description, and the phrase ""shocker"" implies a surprising revelation, which is somewhat accurate but not explicitly stated in the provided information.

#### Step 4: Determine if the Thumbnail Accurately Represents the Video's Main Topic or Content
While the thumbnail correctly identifies the two main individuals featured in the video, the text ""EXCLUSIVE '$1M REFUSAL SHOCKER'"" is misleading because it suggests a specific detail (""$1M REFUSAL"") that is not explicitly mentioned in the video content. The term ""shocker"" is somewhat misleading as it implies a surprising revelation, but the video content does not confirm this specific detail.

#### Step 5: Assess Whether the Thumbnail Uses Exaggeration, False Promises, or Clickbait Tactics
The thumbnail uses the word ""shocker,"" which can be considered clickbait as it implies a surprising revelation. However, the term ""refusal"" is not present in the video content, making the claim less accurate.

#### Step 6: Categorize the Thumbnail as Either ""Misleading"" or ""Not Misleading""
Based on the analysis, the thumbnail is **misleading** because it includes a term (""refusal"") that is not present in the video content and implies a specific detail (""$1M REFUSAL"") that is not explicitly mentioned.

#### Explanation
The thumbnail uses the word ""shocker"" to imply a surprising revelation, which is somewhat true but not explicitly stated. Additionally, the term ""refusal"" is not present in the video content, making the claim less accurate. Therefore, the thumbnail is misleading."
2kLrpe0bcwY,"### Analysis of the YouTube Video Thumbnail and Content

#### Step 1: Examine the Thumbnail
The thumbnail features two individuals, Kourtney Kardashian and Khloe Kardashian, with a central image of a pool and a red circle highlighting something in the water. The text overlay reads ""EXCLUSIVE YOU ARE EXPOSED.""

#### Step 2: Read Through the Video Subtitles and Content Description
The subtitles and content description detail a serious legal case involving Courtney Kardashian, a member of the Kardashian-Jenner family, who has been charged with neglect and failure to act during the drowning of her nephew, Tatum Kardashian. The video discusses the tragic incident, the legal proceedings, and the fallout within the family.

#### Step 3: Compare the Thumbnail to the Actual Video Content
The thumbnail prominently features Kourtney and Khloe, which aligns with the content of the video as both are part of the Kardashian-Jenner family. However, the central image of the pool with a red circle suggests a focus on the pool itself rather than the individuals involved in the incident. The text ""YOU ARE EXPOSED"" implies a sensational or revealing element, which is not explicitly mentioned in the video content.

#### Step 4: Determine if the Thumbnail Accurately Represents the Video's Main Topic or Content
While the thumbnail does feature the individuals involved in the incident, the emphasis on the pool and the text ""YOU ARE EXPOSED"" introduces an element of sensationalism that is not necessarily reflected in the video content. The video primarily focuses on the legal and emotional aspects of the case rather than a specific池塘场景。

#### Step 5: Assess Whether the Thumbnail Uses Exaggeration, False Promises, or Clickbait Tactics
The thumbnail uses the phrase ""YOU ARE EXPOSED,"" which could be interpreted as clickbait, suggesting that viewers will learn something new or shocking about the individuals featured. However, the video content does not necessarily support this claim, as it primarily deals with the legal and emotional aftermath of the incident rather than exposing new information.

#### Step 6: Categorize the Thumbnail as Either ""Misleading"" or ""Not Misleading""
Given that the thumbnail introduces an element of sensationalism (""YOU ARE EXPOSED"") that is not fully supported by the video content, it can be considered misleading.

#### Step 7: Provide a Brief Explanation for Your Decision
The thumbnail uses the phrase ""YOU ARE EXPOSED,"" which suggests a sensational or revealing element that is not fully supported by the video content. While the video does discuss the legal and emotional aspects of the incident, the emphasis on the pool and the individuals involved is not as prominent as suggested by the thumbnail. Therefore, the thumbnail is misleading."
pc7vI3Fr0QA,"### Analysis of the Provided Information

#### Step 1: Examine the Thumbnail
The thumbnail depicts a conveyor belt with numerous hamburgers moving through a production line. The image is bright, clean, and emphasizes the scale and efficiency of the production process.

#### Step 2: Read Through the Video Subtitles and Content Description
The subtitles and the video content description focus on the detailed processes involved in producing McDonald's hamburgers, including the preparation of buns, patties, and other components. The video showcases the industrial scale and efficiency of the production process, highlighting the use of machinery and automation.

#### Step 3: Compare the Thumbnail to the Actual Video Content
The thumbnail accurately represents the main topic of the video, which is the production of hamburgers in a fast-food factory. It captures the essence of the video content by showing the conveyor belt with hamburgers, which is a key element discussed in the video.

#### Step 4: Determine if the Thumbnail Accurately Represents the Video's Main Topic or Content
The thumbnail effectively conveys the main topic of the video, which is the production process of hamburgers in a fast-food factory. It does not mislead viewers about the content of the video.

#### Step 5: Assess Whether the Thumbnail Uses Exaggeration, False Promises, or Clickbait Tactics
The thumbnail does not use any exaggerated elements or false promises. It simply shows the actual production process of hamburgers, which aligns with the content described in the video.

#### Step 6: Categorize the Thumbnail
Based on the analysis, the thumbnail is not misleading.

#### Step 7: Provide a Brief Explanation for the Decision
The thumbnail accurately represents the main topic of the video, which is the production process of hamburgers in a fast-food factory. It does not use any exaggerated elements or false promises. Therefore, it is categorized as ""Not Misleading."""
dGjHfdsv8Ao,"### Analysis:

1. **Examine the Thumbnail:**
   - The thumbnail features a person with a shaved head, wearing a white outfit, and surrounded by other individuals who appear to be part of a panel or audience.
   - The text overlay reads ""HE'S GONE MAD!""

2. **Read Through the Video Subtitles and Content Description:**
   - The subtitles discuss a controversy involving Jada Pinkett Smith, Will Smith, and Chris Rock.
   - The content description mentions a Netflix special by Chris Rock that sparked a debate about Jada's role in the 2022 Oscars boycott and her relationship with Will Smith.

3. **Compare the Thumbnail to the Actual Video Content:**
   - The thumbnail does not visually represent the content described in the subtitles and video description.
   - The thumbnail suggests a more personal or emotional context (possibly a reaction or interview), whereas the video content focuses on a public controversy involving a Netflix special and a specific incident related to the Oscars.

4. **Determine if the Thumbnail Accurately Represents the Video's Main Topic or Content:**
   - The thumbnail does not accurately represent the main topic or content of the video. It does not visually depict the Netflix special or the controversy surrounding the Oscars incident.

5. **Assess Whether the Thumbnail Uses Exaggeration, False Promises, or Clickbait Tactics:**
   - The thumbnail uses the phrase ""HE'S GONE MAD!"" which is a strong statement that could be considered clickbait. It suggests a level of madness or loss of control that is not necessarily depicted in the video content.

6. **Categorize the Thumbnail as Either ""Misleading"" or ""Not Misleading"":**
   - Based on the analysis, the thumbnail is misleading because it does not accurately represent the content of the video and uses exaggerated language that may mislead viewers.

### Explanation:

The thumbnail is misleading because it does not visually represent the content of the video. Instead, it uses a provocative statement (""HE'S GONE MAD!"") that suggests a level of madness or loss of control, which is not depicted in the video content. The thumbnail fails to provide accurate information about the video's main topic, which is a controversy involving a Netflix special and the Oscars incident. Therefore, the thumbnail is misleading."
u4OvmUYARro,"### Analysis:

**Step 1:** Examine the thumbnail.
- The thumbnail features a woman performing a dance move on stage, with the text ""Sexy girls on stage to perform"" overlaid.

**Step 2:** Read the video subtitles and content description.
- The subtitles mention ""Unforgettable Audition"" and describe a performance involving magic, illusion, and physical comedy.
- The content description focuses on a performer demonstrating various magic tricks, illusions, and physical comedy elements typical of ""Britain's Got Talent.""

**Step 3:** Compare the thumbnail to the actual video content.
- The thumbnail depicts a woman performing a dance move, which is unrelated to the magic and illusion acts described in the video content.

**Step 4:** Determine if the thumbnail accurately represents the video's main topic or content.
- The thumbnail does not accurately represent the video's main topic or content. It misleads viewers into expecting a dance performance rather than a magic and illusion act.

**Step 5:** Assess whether the thumbnail uses exaggeration, false promises, or clickbait tactics.
- The thumbnail uses exaggerated imagery (a naked dancer) and false promises (suggesting a dance performance) to attract viewers, which is clickbait.

**Step 6:** Categorize the thumbnail as either ""Misleading"" or ""Not Misleading.""
- The thumbnail is clearly misleading.

**Step 7:** Provide a brief explanation for the decision.
- The thumbnail misleads viewers by depicting a dance performance when the video content is about a magic and illusion act. It uses exaggerated imagery and false promises to attract clicks, which is a common tactic used in clickbait videos.

**Final Decision:** The thumbnail is **Misleading**."
VizYa5LSn2I,"### Analysis and Categorization:

#### Step 1: Examine the Thumbnail
The thumbnail shows a performer in a colorful outfit posing on a rooster-shaped prop, with two judges reacting with surprise and amazement. The text overlay reads, ""it's really shocking.""

#### Step 2: Read Through the Video Subtitles and Content Description
The subtitles suggest themes of magic, mystery, and enchantment, but they do not directly relate to the visual content described in the video description. The video primarily showcases a talent show environment with various performers and reactions from the audience and judges.

#### Step 3: Compare the Thumbnail to the Actual Video Content
The thumbnail depicts a specific moment where a performer is posing on a rooster-shaped prop, which aligns with the video content. However, the subtitles suggest a mystical or magical theme that is not explicitly supported by the video content.

#### Step 4: Determine if the Thumbnail Accurately Represents the Video's Main Topic or Content
The thumbnail accurately represents a moment from the video, specifically highlighting a performance involving a rooster-shaped prop. However, it does not convey the overall theme of the video, which revolves around a talent show with diverse performances and reactions.

#### Step 5: Assess Whether the Thumbnail Uses Exaggeration, False Promises, or Clickbait Tactics
The thumbnail does not use exaggerated language or false promises. It accurately reflects a scene from the video but does not capture the essence of the entire production.

#### Step 6: Categorize the Thumbnail
Based on the analysis, the thumbnail is **Not Misleading** because it accurately represents a specific moment within the video. However, it does not provide a comprehensive overview of the video's content, which includes various performances and reactions from the audience and judges.

#### Explanation:
The thumbnail effectively captures a moment from the video but fails to convey the broader context of a talent show with diverse performances and reactions. While it accurately represents a scene, it does not fully reflect the overall theme or content of the video. Therefore, while not misleading in terms of depicting a specific moment, it could be considered somewhat incomplete in representing the full narrative of the video."
lXTyaXUf01A,"### Analysis:

#### Step 1: Examine the Thumbnail
The thumbnail features two individuals, Will Smith and Eddie Murphy, with text overlaid that reads:
- ""YOU WENT TOO FAR""
- ""IT WAS A JOKE""

#### Step 2: Read Through the Video Subtitles and Content Description
The video content revolves around a prank at the Golden Globe Awards involving Eddie Murphy and Will Smith. The prank was intended as a joke, but Will Smith was visibly upset about it. The video includes Will Smith reacting to the joke, which led to controversy and discussion about the appropriateness of the prank.

#### Step 3: Compare the Thumbnail to the Actual Video Content
The thumbnail depicts Will Smith and Eddie Murphy reacting to the prank, which aligns closely with the video content. However, the text ""YOU WENT TOO FAR"" and ""IT WAS A JOKE"" suggests a specific context that is not fully represented in the thumbnail itself.

#### Step 4: Determine if the Thumbnail Accurately Represents the Video's Main Topic or Content
While the thumbnail captures the essence of the video content (showing Will Smith and Eddie Murphy reacting), the text ""YOU WENT TOO FAR"" implies a stronger emotional response from Will Smith than what is depicted in the thumbnail. The thumbnail does not visually convey Will Smith's anger or frustration, which is a significant part of the video's narrative.

#### Step 5: Assess Whether the Thumbnail Uses Exaggeration, False Promises, or Clickbait Tactics
The thumbnail does not use exaggerated visuals or false promises. It accurately reflects the individuals involved and the general theme of the video. However, the text ""YOU WENT TOO FAR"" introduces a level of exaggeration that is not fully captured in the thumbnail image.

#### Step 6: Categorize the Thumbnail as Either ""Misleading"" or ""Not Misleading""
Given that the thumbnail does not fully capture the emotional intensity of Will Smith's reaction and the text introduces a level of exaggeration, the thumbnail can be considered **misleading**.

#### Explanation:
The thumbnail effectively captures the individuals involved and the general theme of the video, but the text ""YOU WENT TOO FAR"" introduces a level of exaggeration that is not fully represented in the visual elements of the thumbnail. While the thumbnail does not mislead viewers about the individuals or the general topic, it does not fully convey the emotional intensity of the video, which is a significant aspect of the content. Therefore, the thumbnail is misleading."
a9a_nzBm8uM,"### Analysis of the YouTube Video Thumbnail and Content

#### Step 1: Examine the Thumbnail
The thumbnail features two individuals, one holding a phone displaying a photo of a woman, and the other individual is labeled with the text ""Don't Believe Him!"" and ""Caught Her Cheating."" The overall tone suggests a dramatic revelation involving infidelity.

#### Step 2: Read Through the Video Subtitles and Content Description
The subtitles indicate that the video discusses the divorce of Jennifer Lopez and Ben Affleck, highlighting the rumors and eventual confirmation of their separation. The content description provides a detailed account of their relationship timeline, including public appearances, private moments, and the eventual filing for divorce.

#### Step 3: Compare the Thumbnail to the Actual Video Content
The thumbnail depicts a scenario where one partner is accused of cheating, which aligns with the theme of the video discussing the divorce and rumors surrounding it. However, the thumbnail does not explicitly mention the divorce or the legal proceedings mentioned in the subtitles.

#### Step 4: Determine if the Thumbnail Accurately Represents the Video's Main Topic or Content
While the thumbnail hints at a dramatic revelation, it does not clearly convey the main topic of the video, which is the divorce and legal proceedings of Jennifer Lopez and Ben Affleck. The thumbnail focuses on a specific aspect (cheating) rather than the broader narrative of the divorce.

#### Step 5: Assess Whether the Thumbnail Uses Exaggeration, False Promises, or Clickbait Tactics
The thumbnail uses a provocative image and text to attract viewers' attention, which could be considered clickbait. It suggests a dramatic revelation but does not provide enough context to understand the full scope of the video's content.

#### Step 6: Categorize the Thumbnail as Either ""Misleading"" or ""Not Misleading""
Given that the thumbnail focuses on a specific aspect (cheating) rather than the broader narrative of the divorce and legal proceedings, and it does not provide enough context to understand the full scope of the video's content, the thumbnail can be categorized as **misleading**.

#### Explanation for Decision
The thumbnail uses a provocative image and text to attract viewers' attention, but it does not clearly represent the main topic of the video, which is the divorce and legal proceedings of Jennifer Lopez and Ben Affleck. While it hints at a dramatic revelation, it does not provide enough context to understand the full scope of the video's content. Therefore, the thumbnail is misleading."
QSwcKOdrU0o,"### Analysis of the Thumbnail and Video Content

#### Step 1: Examine the Thumbnail
The thumbnail features a football player in a college uniform, standing confidently with a red luxury car parked behind him. The image suggests themes of success, wealth, and achievement.

#### Step 2: Read Through the Video Subtitles and Content Description
The video content describes the journey of a football player from college to the NFL draft. It highlights his athletic abilities, achievements, and the emotional highs and lows of his career. The player is shown in various settings, including college practices, NFL Combine events, and draft day celebrations.

#### Step 3: Compare the Thumbnail to the Actual Video Content
The thumbnail shows a player in a college uniform, which aligns with the beginning of the video where the player is seen in a college football uniform. However, the presence of the luxury car in the thumbnail does not match the content described in the video. The video does not feature any scenes involving luxury cars or suggest that the player has achieved wealth or status through his football career.

#### Step 4: Determine if the Thumbnail Accurately Represents the Video's Main Topic or Content
The thumbnail accurately represents the beginning of the player's journey but fails to convey the subsequent parts of the story, particularly the professional aspects of his career. The inclusion of the luxury car in the thumbnail might give viewers the impression that the video will focus on the player's financial success or lifestyle, which is not the case.

#### Step 5: Assess Whether the Thumbnail Uses Exaggeration, False Promises, or Clickbait Tactics
The thumbnail uses exaggerated imagery by showing a luxury car, which could mislead viewers into expecting a story about the player's wealth or lifestyle. This is not aligned with the actual content of the video, which focuses on the player's athletic journey and professional achievements.

#### Step 6: Categorize the Thumbnail as Either ""Misleading"" or ""Not Misleading""
Based on the analysis, the thumbnail is **misleading** because it suggests a focus on the player's wealth or lifestyle, which is not the primary theme of the video.

#### Explanation for the Decision
The thumbnail sets expectations based on the luxury car, which is not a significant part of the video content. The video primarily documents the player's athletic journey and professional achievements, without highlighting his wealth or lifestyle. Therefore, the thumbnail misleads viewers by promising more than what the video delivers."
soQcED-ysBs,"### Analysis:

#### Step 1: Examine the Thumbnail
The thumbnail features two individuals with the text ""EXCLUSIVE 'WHAT ARE YOU DOING'"". The image suggests a dramatic or confrontational scenario, likely involving a high-profile celebrity couple.

#### Step 2: Read Through the Video Subtitles and Content Description
The subtitles and content description indicate a story about a celebrity couple (JLo and Ben Affleck) facing divorce, with potential explosive revelations about their relationship and past controversies. The video seems to focus on the couple's public persona, private moments, and the impact of their relationship on their careers and personal lives.

#### Step 3: Compare the Thumbnail to the Actual Video Content
The thumbnail depicts a confrontational scene, which aligns with the theme suggested by the subtitles about a divorce and controversial revelations. However, the content description provides a broader narrative that includes the couple's public and private lives, as well as historical context about their relationship and past controversies.

#### Step 4: Determine if the Thumbnail Accurately Represents the Video's Main Topic or Content
While the thumbnail hints at a dramatic confrontation, the video content is more comprehensive and covers a range of topics including the couple's relationship, public appearances, and historical context. The thumbnail does not fully capture the breadth of the video's content.

#### Step 5: Assess Whether the Thumbnail Uses Exaggeration, False Promises, or Clickbait Tactics
The thumbnail uses a dramatic image and the phrase ""EXCLUSIVE"" to create intrigue and attract viewers. However, the content description indicates that the video covers a wide range of topics beyond just a confrontation, which might not be fully represented by the thumbnail.

#### Step 6: Categorize the Thumbnail as Either ""Misleading"" or ""Not Misleading""
Given that the thumbnail focuses on a dramatic confrontation but the video content is more extensive and includes historical context and other elements, the thumbnail can be considered misleading as it does not fully represent the comprehensive nature of the video.

#### Explanation:
The thumbnail is misleading because it focuses on a dramatic confrontation, which is only a small part of the video's content. The video covers a range of topics including the couple's relationship, public appearances, and historical context, which are not fully represented by the thumbnail. Therefore, the thumbnail misleads viewers by not providing a complete picture of the video's content."
UgE_4TjLswM,"### Analysis:

#### Step 1: Examine the Thumbnail
The thumbnail features two individuals, one of whom appears to be a well-known public figure, likely Meghan Markle, based on the context provided. The text overlay reads, ""KNOW YOUR DAMN PLACE,"" which suggests a confrontational or critical tone towards the individual depicted.

#### Step 2: Read Through the Video Subtitles and Content Description
The subtitles and the video content description indicate a narrative about a feud between Meghan Markle and Victoria Beckham, focusing on allegations of social hierarchy misunderstandings and the resulting tension. The video seems to explore the dynamics of their relationship, including the initial support from Victoria and the subsequent conflict.

#### Step 3: Compare the Thumbnail to the Actual Video Content
The thumbnail does not visually represent the content of the video. It does not depict any of the key scenes or characters discussed in the video, such as the news segments, public appearances, or the personal interactions described.

#### Step 4: Determine if the Thumbnail Accurately Represents the Video's Main Topic or Content
The thumbnail does not accurately represent the video's main topic or content. It does not reflect the multifaceted portrayal of Meghan's life and relationships, nor does it capture the essence of the feud described in the subtitles.

#### Step 5: Assess Whether the Thumbnail Uses Exaggeration, False Promises, or Clickbait Tactics
The thumbnail uses a provocative statement (""KNOW YOUR DAMN PLACE"") that could be interpreted as a clickbait tactic designed to attract viewers by suggesting a confrontational narrative. However, the thumbnail itself does not visually depict the confrontation; instead, it focuses on a single individual.

#### Step 6: Categorize the Thumbnail as Either ""Misleading"" or ""Not Misleading""
Given that the thumbnail does not visually represent the content of the video and uses a provocative statement that does not align with the actual narrative, it can be categorized as **misleading**.

#### Explanation:
The thumbnail is misleading because it does not accurately represent the content of the video. It uses a provocative statement that suggests a confrontational narrative without visually depicting the actual scenes or characters discussed in the video. The thumbnail fails to provide a clear and accurate representation of the video's main topic or content, thus misleading viewers about what to expect from the video."
ZXXRZ_P23Pk,"### Analysis:

1. **Examine the thumbnail**: The thumbnail features a performer dressed in a costume that resembles a mermaid, with an octopus-like lower body. The background suggests a stage setting with vibrant lighting effects, which aligns with the theme of a talent show.

2. **Read through the video content description**: The video showcases a performer who engages in various acts, including magic tricks, playing a guitar, and interacting with props. The performer does not appear to have any unusual or fantastical elements resembling a mermaid or an octopus.

3. **Compare the thumbnail to the actual video content**: The thumbnail depicts a performer with an octopus-like lower body, which is not present in the video content. The video focuses on a human performer engaging in traditional magic tricks and musical performances.

4. **Determine if the thumbnail accurately represents the video's main topic or content**: The thumbnail misrepresents the actual content of the video by showing a performer with an octopus-like lower body, which is not depicted in the video.

5. **Assess whether the thumbnail uses exaggeration, false promises, or clickbait tactics**: The thumbnail uses exaggerated imagery to attract viewers, promising a fantastical element (a performer with an octopus-like lower body) that is not present in the actual video content.

6. **Categorize the thumbnail as either ""Misleading"" or ""Not Misleading""**: Based on the analysis, the thumbnail is misleading because it does not accurately represent the content of the video.

7. **Brief explanation for the decision**: The thumbnail uses an image that is entirely unrelated to the actual content of the video, which features a human performer engaging in traditional magic tricks and musical performances. This creates false expectations and misleads viewers about the nature of the content they are about to watch.

**Conclusion**: The thumbnail is **Misleading**."
Ic4dIZ4dYTk,"### Analysis of the YouTube Video Thumbnail

#### Step 1: Examine the Thumbnail
The thumbnail features a person with short, curly hair wearing glasses, with the text ""ARE YOU STUPID?!"" prominently displayed below. The image includes two individuals in the background, one appearing to cover their face with their hand and the other drinking from a water bottle.

#### Step 2: Read Through the Video Subtitles and Content Description
The subtitles and content description indicate that the video is about a court case involving Amber Heard, where she lost a significant argument and faced criticism from the judge. The tone of the subtitles is sarcastic and humorous, emphasizing the disappointment and frustration felt by Amber Heard.

#### Step 3: Compare the Thumbnail to the Actual Video Content
The thumbnail shows a person with a surprised or shocked expression, which aligns with the theme of disappointment and frustration mentioned in the subtitles. However, the text ""ARE YOU STUPID?!"" is not directly related to the content described in the video. It seems to be a sensationalized headline rather than a direct reference to the courtroom drama.

#### Step 4: Determine if the Thumbnail Accurately Represents the Video's Main Topic or Content
The thumbnail does not accurately represent the main topic or content of the video. While it captures the emotional tone of the courtroom drama, the text ""ARE YOU STUPID?!"" is not relevant to the actual content of the video, which focuses on the legal proceedings and the outcome of the case.

#### Step 5: Assess Whether the Thumbnail Uses Exaggeration, False Promises, or Clickbait Tactics
The thumbnail uses exaggerated language (""ARE YOU STUPID?"") to attract attention, which is a common tactic in clickbait videos. However, the thumbnail itself does not promise or guarantee any specific content; it merely sets a tone of surprise or shock.

#### Step 6: Categorize the Thumbnail as Either ""Misleading"" or ""Not Misleading""
Based on the analysis, the thumbnail is **misleading** because it uses exaggerated language (""ARE YOU STUPID?"") that does not accurately reflect the content of the video. The thumbnail sets a tone of surprise or shock but does not provide any accurate representation of the courtroom drama or the legal proceedings.

#### Explanation
The thumbnail uses sensationalized language to attract viewers, but it does not accurately represent the content of the video. The text ""ARE YOU STUPID?!"" is not relevant to the actual legal proceedings and the outcome of the case. Therefore, the thumbnail is misleading."
LY1tGLBZ2AY,"### Analysis of the Thumbnail and Video Content

#### Step 1: Examine the Thumbnail
The thumbnail features three individuals: two women and one man. The text overlay suggests a focus on ""top 10 secrets"" involving Jada Pinkett Smith and her relationship history. The visual elements include a red circle highlighting the two women, implying a significant connection between them.

#### Step 2: Read Through the Video Subtitles and Content Description
The subtitles mention several topics, including Jada Pinkett Smith's affair with August Alsina, her feud with Gabrielle Union, and a claim about a Scientology school. The content description provides a broader overview of the video, focusing on the public life and media appearances of the celebrity couple, with a particular emphasis on the woman's changing looks and their presence in the entertainment industry.

#### Step 3: Compare the Thumbnail to the Actual Video Content
The thumbnail prominently features two women, which aligns with the content described in the subtitles and the video description. However, the thumbnail does not explicitly highlight the specific topics mentioned in the subtitles (e.g., the affair with August Alsina, the feud with Gabrielle Union, or the Scientology school). Instead, it focuses on the general theme of Jada Pinkett Smith's public persona and relationship history.

#### Step 4: Determine if the Thumbnail Accurately Represents the Video's Main Topic or Content
While the thumbnail does capture the essence of the video's focus on Jada Pinkett Smith, it does not provide enough specificity regarding the detailed topics discussed in the subtitles. The thumbnail is broad and could potentially mislead viewers into expecting a video that delves deeply into these specific incidents rather than a general overview of her public life.

#### Step 5: Assess Whether the Thumbnail Uses Exaggeration, False Promises, or Clickbait Tactics
The thumbnail does not use exaggerated language or false promises. It simply presents a visual representation of the main subject, which is Jada Pinkett Smith. However, the lack of specificity regarding the detailed topics discussed in the subtitles could be seen as misleading.

#### Step 6: Categorize the Thumbnail as Either ""Misleading"" or ""Not Misleading""
Given the broad nature of the thumbnail and the lack of specificity regarding the detailed topics discussed in the subtitles, the thumbnail can be considered **misleading**.

#### Explanation for Decision
The thumbnail effectively captures the main subject of the video (Jada Pinkett Smith), but it fails to convey the specific details of the topics discussed in the subtitles. This could lead viewers to expect a more in-depth exploration of the detailed incidents mentioned, which may not be the case based on the broader content of the video. Therefore, the thumbnail is misleading."
YSoaaZ9RLtg,"### Analysis:

1. **Examine the Thumbnail**:
   - The thumbnail features a horror-themed image with a person in scary makeup, which appears to be part of a horror act.
   - There is also a blurred background image that seems to depict a ghostly figure, possibly from a haunted house or similar setting.

2. **Read Through the Video Subtitles and Content Description**:
   - The video description mentions a variety of acts including a cartoon-like animated character, a genie-like figure, a large muscular warrior, and a horror-themed act.
   - The video captures the excitement and variety of a talent show but does not specifically highlight any horror-themed act.

3. **Compare the Thumbnail to the Actual Video Content**:
   - The thumbnail prominently features a horror-themed image, which is not the primary focus of the video content.
   - The video content includes a range of acts, but the horror-themed act is only briefly mentioned and not emphasized.

4. **Determine if the Thumbnail Accurately Represents the Video's Main Topic or Content**:
   - The thumbnail suggests that the video is primarily about a horror-themed act, which is not the case according to the video content description.

5. **Assess Whether the Thumbnail Uses Exaggeration, False Promises, or Clickbait Tactics**:
   - The thumbnail uses a horror theme to attract viewers, which might mislead those who are not interested in horror acts.
   - However, the video content does not focus on a single horror act but rather showcases a variety of acts.

6. **Categorize the Thumbnail as Either ""Misleading"" or ""Not Misleading""**:
   - Given that the thumbnail suggests a focus on a horror-themed act when the video content does not emphasize this specific act, it can be considered misleading.

7. **Brief Explanation for the Decision**:
   - The thumbnail prominently features a horror-themed image, which is not the primary focus of the video content. While the video does include a brief shot of a horror-themed act, the overall content is more diverse and does not revolve around a single horror act. Therefore, the thumbnail misleads viewers into expecting a more focused horror performance than what the video actually contains.

**Conclusion**: The thumbnail is **Misleading**."
63XCqCS2DoY,"### Analysis of the Thumbnail and Video Content

#### Step 1: Examine the Thumbnail
The thumbnail shows two images side-by-side:
- On the left, there is a close-up of a person's face with a dramatic makeup transformation. The face is heavily painted with yellow and brown tones, resembling a mask-like appearance.
- On the right, there is a person with a completely different look, featuring a full face of makeup, including smoky eyeshadow, defined eyebrows, and a polished lip.

#### Step 2: Read Through the Video Subtitles and Content Description
The subtitles consist of repeated musical phrases and applause sounds, which do not provide any meaningful context about the video's content. The content description describes a makeup transformation process where the woman's appearance changes from natural to fully made up, emphasizing bright, bold colors and cultural elements like a traditional head wrap.

#### Step 3: Compare the Thumbnail to the Actual Video Content
The thumbnail depicts a heavily stylized makeup transformation that looks exaggerated compared to the actual video content. The video shows a more subtle and realistic makeup transformation rather than the dramatic, mask-like appearance suggested by the thumbnail.

#### Step 4: Determine if the Thumbnail Accurately Represents the Video's Main Topic or Content
The thumbnail does not accurately represent the video's main topic or content. It suggests a more extreme and unrealistic transformation than what is actually shown in the video.

#### Step 5: Assess Whether the Thumbnail Uses Exaggeration, False Promises, or Clickbait Tactics
The thumbnail uses exaggeration by depicting a highly stylized and unrealistic makeup transformation that is not representative of the actual video content.

#### Step 6: Categorize the Thumbnail as Either ""Misleading"" or ""Not Misleading""
The thumbnail is **Misleading** because it does not accurately reflect the actual content of the video. It sets up false expectations by suggesting a more dramatic and unrealistic transformation than what is actually depicted.

#### Explanation
The thumbnail creates a misleading impression by showing a heavily stylized and exaggerated makeup transformation, which contrasts sharply with the actual video content. The video focuses on a more subtle and realistic makeup transformation, celebrating the beauty of aging and cultural traditions. Therefore, the thumbnail misleads viewers by not accurately representing the video's content."
z5SIGkOMr9U,"### Analysis of the YouTube Video Thumbnail and Content

#### Step 1: Examine the Thumbnail
The thumbnail features two individuals, one older man and one woman, with the text ""YOU'RE A SELLOUT!"" prominently displayed below them. The image suggests a confrontation or a heated exchange between the two individuals.

#### Step 2: Read Through the Video Subtitles and Content Description
The subtitles indicate a discussion involving Judge Joe Brown and Oprah Winfrey. The content revolves around allegations of betrayal, financial manipulation, and the imposition of a ""woke agenda."" The video seems to be a critique of Oprah Winfrey and her influence, particularly in relation to the ""woke"" movement and its impact on society.

#### Step 3: Compare the Thumbnail to the Actual Video Content
The thumbnail depicts a confrontational scene, which aligns with the subtitles suggesting a conflict between Judge Joe Brown and Oprah Winfrey. However, the content of the video does not necessarily focus on a direct confrontation but rather on the allegations against Oprah Winfrey and the ""woke"" agenda.

#### Step 4: Determine if the Thumbnail Accurately Represents the Video's Main Topic or Content
While the thumbnail captures a moment of tension, it does not fully represent the entire content of the video. The video delves into allegations and controversies surrounding Oprah Winfrey and the ""woke"" movement, rather than depicting a direct confrontation.

#### Step 5: Assess Whether the Thumbnail Uses Exaggeration, False Promises, or Clickbait Tactics
The thumbnail uses the phrase ""YOU'RE A SELLOUT!"" which is provocative and designed to grab attention. However, it does not necessarily mislead viewers about the actual content of the video. The thumbnail accurately reflects the theme of controversy and conflict, which is a significant part of the video's content.

#### Step 6: Categorize the Thumbnail as Either ""Misleading"" or ""Not Misleading""
Given that the thumbnail accurately reflects the theme of controversy and conflict, and does not mislead viewers about the actual content, it can be categorized as **Not Misleading**.

#### Explanation
The thumbnail effectively captures the essence of the video's content, which revolves around allegations of betrayal and conflict. While it uses a provocative statement, it does not mislead viewers about the actual content. Therefore, the thumbnail is not misleading."
WyfZ1zOQkwk,"### Analysis of the YouTube Video Thumbnail

#### Step 1: Examine the thumbnail
The thumbnail features a young girl with braided hair, and a red circle highlighting her neck area. The text overlaid on the thumbnail reads, ""F*CK NORTH!""

#### Step 2: Read through the video subtitles and content description
The subtitles indicate that the video discusses North, Kim Kardashian's daughter, and her behavior, which has become problematic. The video mentions that North has thrown shade at her family members and that Kim has publicly acknowledged North's rude behavior. The video also touches on Kim's reaction to these issues and the broader context of North's lifestyle and behavior.

#### Step 3: Compare the thumbnail to the actual video content
The thumbnail focuses on a specific part of North's neck, which is highlighted by a red circle. However, the video content does not appear to be centered around this physical feature but rather on North's behavior and the issues surrounding it.

#### Step 4: Determine if the thumbnail accurately represents the video's main topic or content
The thumbnail does not accurately represent the main topic of the video, which is about North's behavior and the issues related to it. The emphasis on the physical feature in the thumbnail is misleading and does not reflect the content discussed in the video.

#### Step 5: Assess whether the thumbnail uses exaggeration, false promises, or clickbait tactics
The thumbnail uses clickbait tactics by focusing on a specific part of North's body (her neck) and using the provocative language ""F*CK NORTH!"" This is designed to attract viewers' attention and generate clicks, which is not aligned with the actual content of the video.

#### Step 6: Categorize the thumbnail as either ""Misleading"" or ""Not Misleading""
Based on the analysis, the thumbnail is **misleading** because it does not accurately represent the main topic of the video and uses clickbait tactics to attract viewers.

#### Explanation
The thumbnail is misleading because it focuses on a physical feature of North without providing context about the issues discussed in the video. The provocative language and the emphasis on a specific part of North's body are designed to attract viewers, which is not appropriate for a video discussing serious issues related to a celebrity's daughter's behavior."
9XY4etMaaHM,"### Analysis of the Thumbnail and Content Comparison

#### Step 1: Examine the Thumbnail
The thumbnail features two distinct scenes:
1. A person partially submerged in a swimming pool with a transparent cover, holding their finger to their lips.
2. Another person peeking out from a hole in the ground, also holding their finger to their lips.

#### Step 2: Read Through the Video Subtitles and Content Description
The video content revolves around creating secret rooms in different parts of a house, with participants trying to find these rooms within a limited time frame. The scenes include various pranks and challenges, often involving physical obstacles and humorous situations.

#### Step 3: Compare the Thumbnail to the Actual Video Content
- **Scene 1 (Pool):** The thumbnail depicts a person in a pool, which aligns with the mention of a ""blue pool"" in the video description. However, the pool is not the primary focus of the video content; it is part of a series of pranks and challenges.
- **Scene 2 (Hole in Ground):** The thumbnail shows a person peeking out from a hole, which is also mentioned in the video description as a location for a secret room. This matches the content described in the video.

#### Step 4: Determine if the Thumbnail Accurately Represents the Video's Main Topic or Content
The thumbnail accurately represents the concept of finding secret rooms, as both scenes depicted in the thumbnail are locations where secret rooms are hidden. The pool and the hole in the ground are both locations where the participants search for the secret rooms.

#### Step 5: Assess Whether the Thumbnail Uses Exaggeration, False Promises, or Clickbait Tactics
The thumbnail does not use exaggerated claims or false promises. It accurately reflects the theme of the video, which is about finding secret rooms in various locations.

#### Step 6: Categorize the Thumbnail
Based on the analysis, the thumbnail is not misleading because it accurately represents the main topic of the video, which is about finding secret rooms in different parts of a house.

#### Step 7: Provide a Brief Explanation for the Decision
The thumbnail effectively communicates the core theme of the video without any misleading elements. It accurately depicts the locations where secret rooms are hidden, which are central to the video's content. Therefore, the thumbnail is categorized as ""Not Misleading."""
85hatY2iiyU,"### Analysis of the Thumbnail and Video Content

#### Step 1: Examine the Thumbnail
The thumbnail depicts a luxurious mansion with golden accents, a swimming pool, and water slides. It gives the impression of opulence and wealth.

#### Step 2: Read Through the Video Subtitles and Content Description
The subtitles and content description indicate that the video is about traveling in Vietnam and spending a significant amount of money, specifically in the form of the Vietnamese Dong currency. The traveler mentions spending ""1 billion Vietnamese Dong,"" which is equivalent to approximately $1 US due to the exchange rate.

#### Step 3: Compare the Thumbnail to the Actual Video Content
The thumbnail shows a luxurious setting with gold accents, which aligns with the theme of spending a large sum of money in Vietnam. However, the video content focuses on the traveler's experiences and interactions rather than the luxurious setting itself.

#### Step 4: Determine if the Thumbnail Accurately Represents the Video's Main Topic or Content
The thumbnail accurately represents the theme of luxury and spending a large sum of money, which is a key element of the video's content. However, the thumbnail does not provide specific details about the traveler's experiences or the nature of the spending.

#### Step 5: Assess Whether the Thumbnail Uses Exaggeration, False Promises, or Clickbait Tactics
The thumbnail does not use exaggerated language or false promises. It accurately reflects the theme of luxury and spending a large sum of money, which is a central aspect of the video.

#### Step 6: Categorize the Thumbnail as Either ""Misleading"" or ""Not Misleading""
Given that the thumbnail accurately represents the theme of luxury and spending a large sum of money, which is a key element of the video's content, it is not misleading.

#### Step 7: Provide a Brief Explanation for Your Decision
The thumbnail accurately represents the theme of luxury and spending a large sum of money, which is a central aspect of the video's content. While it does not provide specific details about the traveler's experiences or the nature of the spending, it does not use exaggerated language or false promises. Therefore, the thumbnail is not misleading.

**Final Decision:** Not Misleading"
PB_GPChAY10,"### Analysis of the YouTube Video Thumbnail

#### Step 1: Examine the Thumbnail
The thumbnail features two individuals, one labeled ""KULA"" and the other ""HANA,"" with a map of Maui in the background. The text overlay reads, ""SHE WANTS ALL THEIR LAND.""

#### Step 2: Read Through the Video Subtitles and Content Description
The subtitles discuss the governor's controversial stance on taking over land in Maui, specifically mentioning Oprah Winfrey's purchase of land in Kula. The content description includes various clips of news reports, interviews, and discussions about the wildfires in Maui, the governor's actions, and the involvement of celebrities like Oprah Winfrey.

#### Step 3: Compare the Thumbnail to the Actual Video Content
The thumbnail prominently features the phrase ""SHE WANTS ALL THEIR LAND,"" which directly relates to the subtitles discussing Oprah Winfrey's land purchase and the governor's intention to take over land in Maui. However, the thumbnail does not provide context about the broader context of the wildfires, the governor's actions, or the reactions of the community.

#### Step 4: Determine if the Thumbnail Accurately Represents the Video's Main Topic or Content
While the thumbnail highlights a specific issue (Oprah Winfrey's land purchase), it does not fully represent the comprehensive nature of the video content. The video covers multiple aspects of the wildfires, including the governor's actions, the community's reactions, and the broader context of the disaster.

#### Step 5: Assess Whether the Thumbnail Uses Exaggeration, False Promises, or Clickbait Tactics
The thumbnail uses a provocative statement (""SHE WANTS ALL THEIR LAND"") to attract attention, which could be considered clickbait. However, the thumbnail does not exaggerate the issue or promise anything misleading; it simply highlights a specific point of contention within the broader narrative.

#### Step 6: Categorize the Thumbnail as Either ""Misleading"" or ""Not Misleading""
Given that the thumbnail focuses on a specific issue without providing the full context of the video content, it can be categorized as **misleading** because it does not give viewers a complete understanding of the video's main topics and content.

#### Explanation for Decision
The thumbnail effectively captures a specific point of contention but fails to provide the broader context of the wildfires, the governor's actions, and the community's reactions. By focusing solely on Oprah Winfrey's land purchase, the thumbnail misleads viewers into thinking that the entire video is centered around this single issue, when in fact, the video covers a much wider range of topics related to the disaster and its aftermath."
Icpj-yMtW-I,"### Analysis of the YouTube Video Thumbnail and Content

#### Step 1: Examine the Thumbnail
The thumbnail features a close-up of a young woman with the text overlay: ""HE R*PED HER..."" prominently displayed. The image includes a smaller inset of a man and a woman in a suggestive pose, which appears to be from a romantic or intimate scene.

#### Step 2: Read Through the Video Subtitles and Content Description
The subtitles mention a surprising revelation about Shiloh Jolie-Pitt, the daughter of Brad Pitt and Angelina Jolie. It discusses her removal from her father's fortune and raises questions about her future and the reasons behind this decision. The content description provides a detailed account of Shiloh's life, including her birth, early childhood, and her involvement in her parents' careers.

#### Step 3: Compare the Thumbnail to the Actual Video Content
The thumbnail depicts a suggestive scene involving a man and a woman, which is unrelated to the content described in the subtitles and video description. The thumbnail does not represent the main topic of the video, which focuses on Shiloh Jolie-Pitt's life and the recent revelation about her father's fortune.

#### Step 4: Determine if the Thumbnail Accurately Represents the Video's Main Topic or Content
The thumbnail does not accurately represent the video's main topic or content. It misleads viewers by suggesting a sexual or intimate context that is not present in the video.

#### Step 5: Assess Whether the Thumbnail Uses Exaggeration, False Promises, or Clickbait Tactics
The thumbnail uses exaggerated language (""HE R*PED HER..."") and a suggestive image to attract viewers, which is clickbait. It does not provide any accurate representation of the video's content.

#### Step 6: Categorize the Thumbnail as Either ""Misleading"" or ""Not Misleading""
The thumbnail is clearly misleading.

#### Step 7: Provide a Brief Explanation for Your Decision
The thumbnail uses exaggerated language and a suggestive image to attract viewers, which is clickbait. It does not accurately represent the video's main topic or content, which is focused on Shiloh Jolie-Pitt's life and the recent revelation about her father's fortune. Therefore, the thumbnail is misleading."
ArKZrKiuhuA,"### Analysis:

1. **Examine the thumbnail**: The thumbnail features a woman with a surprised expression, accompanied by the text ""The world highest distortion magic."" There is also an image of a large group of people piled on top of each other, seemingly defying gravity.

2. **Read through the video content description**: The video showcases a variety of acts from ""Britain's Got Talent,"" including acrobatics, quick-change acts, visual illusions, and whimsical performances involving props and audience reactions.

3. **Compare the thumbnail to the actual video content**: The thumbnail depicts a scene that seems to involve a large group of people performing a gravity-defying act, which aligns somewhat with the concept of ""distortion magic."" However, the thumbnail does not accurately represent the diverse range of acts shown in the video.

4. **Determine if the thumbnail accurately represents the video's main topic or content**: The thumbnail suggests a specific type of magic act (gravity-defying) that is not necessarily the focus of the entire video. The video contains a wide array of acts, including acrobatics, quick-change, and whimsical performances.

5. **Assess whether the thumbnail uses exaggeration, false promises, or clickbait tactics**: The thumbnail uses exaggerated imagery to attract viewers' attention, promising a specific type of magic act that may not be the primary focus of the video.

6. **Categorize the thumbnail as either ""Misleading"" or ""Not Misleading""**: Given that the thumbnail promises a specific type of magic act (gravity-defying) that is not necessarily the main focus of the video, it can be considered misleading.

7. **Brief explanation for the decision**: The thumbnail uses exaggerated imagery to attract viewers, promising a specific type of magic act that is not necessarily the primary focus of the video. While the video does feature a gravity-defying act, it is just one part of a diverse range of performances, making the thumbnail misleading.

**Conclusion**: The thumbnail is **Misleading**."
hXB-jCstxFY,"### Analysis of the YouTube Video Thumbnail and Content

#### Step 1: Examine the Thumbnail
The thumbnail features a man walking down stairs, a woman walking alongside him, and a close-up of the man smiling. The text overlay reads, ""I'M STILL IN LOVE WITH HER.""

#### Step 2: Read Through the Video Subtitles and Content Description
The subtitles and content description indicate that the video is about a famous couple in the entertainment industry, specifically focusing on Ben Affleck and Jennifer Garner. It discusses their relationship dynamics, including Ben's interactions with Jennifer after Jennifer Lopez filed for divorce from Ben. The video highlights their friendship and the possibility of a reconciliation.

#### Step 3: Compare the Thumbnail to the Actual Video Content
The thumbnail depicts a man and a woman walking together, which aligns with the content of the video showing Ben Affleck and Jennifer Garner together. However, the text overlay ""I'M STILL IN LOVE WITH HER"" is not directly supported by the video content. While the video does show Ben and Jennifer together, the claim of love is not explicitly stated or substantiated within the video itself.

#### Step 4: Determine if the Thumbnail Accurately Represents the Video's Main Topic or Content
The thumbnail accurately represents the main topic of the video, which is the relationship between Ben Affleck and Jennifer Garner. However, the claim of love is not a central theme discussed in the video content.

#### Step 5: Assess Whether the Thumbnail Uses Exaggeration, False Promises, or Clickbait Tactics
The thumbnail does not use exaggerated language or false promises. It accurately reflects the content of the video, which is about the couple's relationship and their interactions.

#### Step 6: Categorize the Thumbnail as Either ""Misleading"" or ""Not Misleading""
Based on the analysis, the thumbnail is **not misleading**. It accurately represents the main topic of the video, which is the relationship between Ben Affleck and Jennifer Garner. The claim of love is not a central theme discussed in the video, and thus, the thumbnail does not mislead viewers about the content.

#### Explanation
The thumbnail effectively captures the essence of the video content, which is about the relationship between Ben Affleck and Jennifer Garner. While the claim of love is not substantiated within the video, the thumbnail accurately reflects the main topic without using exaggerated language or false promises. Therefore, the thumbnail is not misleading."
wwJNoaMa_tk,"### Analysis of the YouTube Video Thumbnail and Content

#### Step 1: Examine the Thumbnail
The thumbnail features a person with the text overlay ""SHE'S A MONSTER."" The image appears to be a close-up of a person's face, but the context and the text suggest a negative portrayal of someone, likely a celebrity or public figure.

#### Step 2: Read Through the Video Subtitles and Content Description
The subtitles and content description focus on the Kardashian family, particularly highlighting the controversial and negative aspects of their rise to fame. The video discusses leaked content involving Kanye West and Kylie Jenner, which depicts a disturbing scene between the two sisters. The content also touches on the family's journey to fame, emphasizing their public persona and the strategies used to maintain their status.

#### Step 3: Compare the Thumbnail to the Actual Video Content
The thumbnail does not visually represent any of the scenes described in the video content. Instead, it uses a generic image that does not align with the specific content of the video, which focuses on the Kardashian family's rise to fame and the controversy surrounding their public image.

#### Step 4: Determine if the Thumbnail Accurately Represents the Video's Main Topic or Content
The thumbnail does not accurately represent the video's main topic or content. It does not depict any of the scenes related to the Kardashian family or the controversial content discussed in the video.

#### Step 5: Assess Whether the Thumbnail Uses Exaggeration, False Promises, or Clickbait Tactics
The thumbnail uses exaggerated language (""SHE'S A MONSTER"") to attract viewers, which is a common tactic in clickbait videos. However, the image itself does not visually support the claim made in the text overlay.

#### Step 6: Categorize the Thumbnail as Either ""Misleading"" or ""Not Misleading""
Given that the thumbnail does not visually represent the content of the video and uses exaggerated language to attract viewers, it can be categorized as **Misleading**.

#### Explanation for Decision
The thumbnail is misleading because it does not visually represent the content of the video. Instead, it uses a generic image and exaggerated language to attract viewers, which is a common tactic in clickbait videos. The content of the video discusses the Kardashian family's rise to fame and the controversy surrounding their public image, but the thumbnail does not provide any visual cue to indicate this. Therefore, the thumbnail is misleading."
N2IAv7EWEQw,"### Analysis of the YouTube Video Thumbnail and Content

#### Step 1: Examine the Thumbnail
The thumbnail shows a man driving a car with a woman seated next to him. The text overlay reads, ""I WAS FORCED INTO THIS!""

#### Step 2: Read Through the Video Subtitles and Content Description
The subtitles suggest that the video discusses the breakup of Jennifer Lopez and Ben Affleck, with claims that they have been separated for 47 days and that the couple has not been seen publicly together in a long time. The content description mentions that the video reveals the reasons behind their split, including public skepticism and media scrutiny.

#### Step 3: Compare the Thumbnail to the Actual Video Content
The thumbnail depicts a scene that does not align with the content described in the subtitles and the video description. The thumbnail suggests a private moment between the couple, whereas the video content focuses on their public separation and the reasons behind it.

#### Step 4: Determine if the Thumbnail Accurately Represents the Video's Main Topic or Content
The thumbnail does not accurately represent the main topic or content of the video. It implies a private moment between the couple, which contrasts sharply with the public nature of the content discussed in the subtitles and the video description.

#### Step 5: Assess Whether the Thumbnail Uses Exaggeration, False Promises, or Clickbait Tactics
The thumbnail uses exaggerated language (""I WAS FORCED INTO THIS!"") to create a sense of drama and urgency, which is misleading. It does not reflect the actual content of the video, which is about the public separation and reasons behind it.

#### Step 6: Categorize the Thumbnail as Either ""Misleading"" or ""Not Misleading""
Based on the analysis, the thumbnail is **misleading**.

#### Explanation for Decision
The thumbnail creates an expectation that the video will focus on a private moment between the couple, which is not the case. Instead, the video discusses their public separation and the reasons behind it. The use of dramatic language in the thumbnail (""I WAS FORCED INTO THIS!"") is misleading and does not accurately represent the content of the video. Therefore, the thumbnail is misleading."
5MH-Dx6WAsA,"### Analysis:

#### Step 1: Examine the Thumbnail
The thumbnail features a woman with long blonde hair, wearing a black outfit, and waving. There are additional images of a group of women, including one pointing towards the main subject. The text overlay reads, ""THREATENED AND STOLE FROM THEM!""

#### Step 2: Read Through the Video Subtitles and Content Description
The subtitles discuss allegations against Jennifer Lopez involving theft and shady dealings within the music industry, particularly concerning her interactions with black female artists. The content description provides a montage of various scenes from Jennifer Lopez's career, but does not explicitly mention any allegations or controversies.

#### Step 3: Compare the Thumbnail to the Actual Video Content
The thumbnail suggests a focus on controversial allegations against Jennifer Lopez, specifically about theft and shady dealings. However, the video content primarily showcases a montage of her career highlights and performances, without directly addressing the allegations mentioned in the subtitles.

#### Step 4: Determine if the Thumbnail Accurately Represents the Video's Main Topic or Content
The thumbnail does not accurately represent the video's main topic or content. While the video does touch on allegations against Jennifer Lopez, the thumbnail focuses on a specific claim (threatening and stealing) that is not fully supported by the video content itself.

#### Step 5: Assess Whether the Thumbnail Uses Exaggeration, False Promises, or Clickbait Tactics
The thumbnail uses exaggerated language (""THREATENED AND STOLE FROM THEM!"") which may mislead viewers into expecting a video filled with explicit allegations rather than a montage of her career.

#### Step 6: Categorize the Thumbnail
Based on the analysis, the thumbnail is misleading.

#### Explanation:
The thumbnail creates a misleading impression by focusing on a specific claim (threatening and stealing) that is not fully supported by the video content. It uses exaggerated language that may mislead viewers into expecting a video filled with explicit allegations rather than a montage of her career. Therefore, the thumbnail is misleading."
pILTJGibe6U,"### Analysis and Conclusion:

The thumbnail image features a portrait of Princess Diana with the text ""ALIVE?"" prominently displayed. Given the context of the video content described, which involves a tarot card reading and divination session, the thumbnail is misleading.

Here’s why:

1. **Content Mismatch**: The thumbnail suggests that the video is about Princess Diana’s current state (alive or dead), which is unrelated to the tarot card reading depicted in the video. The video is clearly about a divination session using tarot cards, not about Princess Diana’s survival status.

2. **Clickbait Tactics**: The thumbnail uses the question ""ALIVE?"" to create intrigue and potentially attract viewers who are interested in conspiracy theories or supernatural explanations regarding Princess Diana’s fate. This tactic is designed to generate clicks and views, which is not appropriate for a tarot card reading video.

3. **False Promises**: The thumbnail implies that the video will reveal whether Princess Diana is alive or dead, which is not the case. The video is focused on a tarot card reading session, not on a factual inquiry about her survival status.

### Final Decision:

**Misleading**

**Explanation:** The thumbnail uses a provocative question related to Princess Diana’s survival status, which is entirely unrelated to the content of the tarot card reading session depicted in the video. This creates a misleading expectation for the viewer, leading them to believe the video contains information about Princess Diana’s current state, which it does not."
4FL-zljeL3o,"### Analysis of the Thumbnail and Video Content

#### Step 1: Examine the Thumbnail
The thumbnail features three individuals reacting with exaggerated expressions of shock and surprise. The background includes a star-shaped logo, which is reminiscent of the ""America's Got Talent"" (AGT) show. The text ""TOP 1 MAGIC"" is prominently displayed, suggesting that the video is about a magical performance.

#### Step 2: Read Through the Video Subtitles and Content Description
The subtitles mention ""magic everywhere,"" ""whispers in the night,"" ""mystic words,"" and ""dreams will start to play."" These phrases imply a magical theme but do not specify the nature of the magic or the context of the performance.

#### Step 3: Compare the Thumbnail to the Actual Video Content
The video content starts with a typical talent show setup, featuring a crowd, judges, and various performers. However, the latter part of the video introduces surreal and fantastical elements, such as a boy with smaller figures, a white rabbit, and a small lion, which are not typically associated with a standard talent show.

#### Step 4: Determine if the Thumbnail Accurately Represents the Video's Main Topic or Content
The thumbnail suggests a magical performance, which aligns with the video's subtitle mentioning ""magic everywhere."" However, the thumbnail does not accurately represent the full scope of the video content, as it only hints at the magical elements without showing the fantastical scenes that follow.

#### Step 5: Assess Whether the Thumbnail Uses Exaggeration, False Promises, or Clickbait Tactics
The thumbnail uses exaggerated expressions to attract viewers, which could be considered clickbait. It promises a magical performance but does not fully convey the surreal and fantastical elements that appear later in the video.

#### Step 6: Categorize the Thumbnail as Either ""Misleading"" or ""Not Misleading""
Based on the analysis, the thumbnail is misleading because it does not fully represent the content of the video. While it hints at a magical performance, it fails to capture the surreal and fantastical elements that are a significant part of the video.

#### Step 7: Provide a Brief Explanation for Your Decision
The thumbnail uses exaggerated expressions to attract viewers but does not accurately reflect the full content of the video. It promises a magical performance but does not fully convey the surreal and fantastical elements that appear later in the video. Therefore, the thumbnail is misleading."
0LUxHXJgtMc,"### Analysis of the Provided Information

#### Step 1: Examine the Thumbnail
The thumbnail features a scene from ""The Ellen DeGeneres Show"" with two individuals seated on a couch. The text overlay includes the phrase ""FU**K OFF"" with an arrow pointing towards one of the individuals. The background shows palm trees, suggesting a tropical setting.

#### Step 2: Read Through the Video Subtitles and Content Description
The video content appears to be a compilation of various moments from ""The Ellen DeGeneres Show,"" including interviews and segments involving different celebrities. The subtitles suggest that the video may include moments where the host asks provocative or surprising questions, leading to awkward or revealing responses from the guests.

#### Step 3: Compare the Thumbnail to the Actual Video Content
The thumbnail depicts a scene that seems to be part of a serious or confrontational moment, possibly involving a heated exchange or a disagreement. However, the video content described does not necessarily indicate such a scenario. Instead, it seems to showcase a mix of humorous, awkward, and revealing moments typical of talk show interviews.

#### Step 4: Determine if the Thumbnail Accurately Represents the Video's Main Topic or Content
The thumbnail suggests a more intense or confrontational interaction than what the video content describes. The video content focuses on a variety of interview segments rather than a single, specific incident.

#### Step 5: Assess Whether the Thumbnail Uses Exaggeration, False Promises, or Clickbait Tactics
The thumbnail uses exaggerated language (""FU**K OFF"") and a pointed arrow to draw attention to a specific individual, which could be perceived as clickbait or misleading. It suggests a more dramatic or controversial moment than what the video content actually portrays.

#### Step 6: Categorize the Thumbnail as Either ""Misleading"" or ""Not Misleading""
Based on the analysis, the thumbnail is misleading because it suggests a more intense or confrontational interaction than what the video content actually depicts.

#### Explanation for Decision
The thumbnail uses exaggerated language and a pointed arrow to draw attention to a specific individual, which could be perceived as clickbait or misleading. While the video content does include various interview segments, the thumbnail does not accurately represent the overall nature of the video, which is a mix of humorous, awkward, and revealing moments typical of talk show interviews. Therefore, the thumbnail is misleading."
LvDEyj9qO7M,"### Analysis of the Thumbnail and Video Content

#### Step 1: Examine the Thumbnail
The thumbnail features a woman with long hair, wearing a light-colored outfit, alongside a comic-style depiction of a person pointing at another individual with the text ""HAHA!"" and the phrase ""NO HOES ALLOWED!"" prominently displayed in bold yellow letters.

#### Step 2: Read Through the Video Subtitles and Content Description
The subtitles and content description focus on Kim Kardashian's attempts to secure an invitation to a high-profile pre-wedding celebration hosted by the Ambani family in India. The video discusses the exclusivity of the event, the wealth of the Ambanis, and the desire of Kim Kardashian to attend despite being rejected. It does not mention anything related to ""no hoes allowed.""

#### Step 3: Compare the Thumbnail to the Actual Video Content
The thumbnail depicts a humorous and exaggerated scenario involving a ""no hoes allowed"" rule, which is completely unrelated to the actual content of the video. The video is a serious discussion about Kim Kardashian's failed attempt to attend a prestigious event.

#### Step 4: Determine if the Thumbnail Accurately Represents the Video's Main Topic or Content
The thumbnail does not accurately represent the video's main topic or content. It introduces a completely different narrative that is not present in the video.

#### Step 5: Assess Whether the Thumbnail Uses Exaggeration, False Promises, or Clickbait Tactics
The thumbnail uses exaggerated humor and clickbait tactics by suggesting a humorous and unrelated scenario (""no hoes allowed"") that has no connection to the actual content of the video.

#### Step 6: Categorize the Thumbnail as Either ""Misleading"" or ""Not Misleading""
The thumbnail is clearly misleading because it introduces a humorous and unrelated scenario that has no connection to the actual content of the video.

#### Explanation for Decision
The thumbnail uses exaggerated humor and clickbait tactics to attract viewers, which is not aligned with the actual content of the video. The video is a serious discussion about Kim Kardashian's failed attempt to attend a prestigious event, and the thumbnail introduces a completely different narrative that is not present in the video. Therefore, the thumbnail is misleading."
K-y2SHFaw4Q,"### Analysis of the Thumbnail and Video Content

#### Step 1: Examine the Thumbnail
The thumbnail features a young man in a North Carolina uniform giving a thumbs-up gesture, standing in front of a house and a luxury car. The image suggests themes of success, wealth, and lifestyle.

#### Step 2: Read Through the Video Subtitles and Content Description
The video content describes the journey of a young football player from college to professional levels. It highlights his athletic achievements, including his time at North Carolina and his transition into the NFL. The player is shown in various settings, including college and professional environments, and the video captures his growth and development as a quarterback.

#### Step 3: Compare the Thumbnail to the Actual Video Content
The thumbnail shows a young man in a North Carolina uniform, which aligns with the video content mentioning his time at North Carolina. However, the presence of a luxury car and a house in the background does not directly relate to the video's focus on his athletic journey and career progression.

#### Step 4: Determine if the Thumbnail Accurately Represents the Video's Main Topic or Content
While the thumbnail does include elements related to the player's identity (North Carolina uniform), it introduces elements (luxury car and house) that are not central to the video's content. These elements suggest a broader narrative about wealth and lifestyle, which is not explicitly addressed in the video's description.

#### Step 5: Assess Whether the Thumbnail Uses Exaggeration, False Promises, or Clickbait Tactics
The thumbnail uses exaggerated imagery to attract viewers, suggesting a lifestyle that goes beyond the actual content of the video. The inclusion of a luxury car and a house implies a level of success that is not necessarily depicted in the video itself.

#### Step 6: Categorize the Thumbnail as Either ""Misleading"" or ""Not Misleading""
Based on the analysis, the thumbnail is misleading because it introduces elements (luxury car and house) that are not central to the video's content and suggest a broader narrative about wealth and lifestyle that is not explicitly addressed.

#### Step 7: Provide a Brief Explanation for Your Decision
The thumbnail introduces elements (luxury car and house) that are not central to the video's content and suggest a broader narrative about wealth and lifestyle that is not explicitly addressed. While the thumbnail does include elements related to the player's identity (North Carolina uniform), the exaggerated imagery of a luxury car and a house misleads viewers about the actual content of the video.

**Final Decision:** Misleading"
ILLvxlGn4Hs,"### Analysis of the Thumbnail and Video Content

#### Step 1: Examine the Thumbnail
The thumbnail shows two images side by side. On the left, there is a person with a natural look, and on the right, there is a person with a highly polished, glamorous makeup look. There is an emoji in the middle that looks surprised, and the text below reads ""+ 26 Million Views!!!""

#### Step 2: Read Through the Video Subtitles and Content Description
The video content description outlines a makeup tutorial where the subject transforms from a natural look to a fully made-up look, including the application of foundation, concealer, eyeshadow, eyebrow shaping, eyeliner, false eyelashes, contouring, blush, lip color, and finishing touches. The final scene includes the subject putting on a long, straight wig, which dramatically changes her appearance.

#### Step 3: Compare the Thumbnail to the Actual Video Content
The thumbnail accurately depicts the transformation shown in the video. It shows the subject before and after the makeup application, which aligns with the content described in the video.

#### Step 4: Determine if the Thumbnail Accurately Represents the Video's Main Topic or Content
The thumbnail correctly represents the transformation aspect of the video. It shows the subject's natural look transitioning into a fully made-up look, which matches the content described in the video.

#### Step 5: Assess Whether the Thumbnail Uses Exaggeration, False Promises, or Clickbait Tactics
There is no exaggeration or false promise in the thumbnail. It accurately reflects the content of the video without misleading viewers.

#### Step 6: Categorize the Thumbnail
The thumbnail is **Not Misleading**.

#### Explanation
The thumbnail effectively communicates the transformation theme of the video without any misleading elements. It accurately represents the subject's natural look transitioning into a fully made-up look, which is consistent with the content described in the video. There are no exaggerated claims or false promises, ensuring that viewers understand the nature of the content they are about to watch."
2r3p1wNl5f8,"### Analysis of the Thumbnail and Video Content

#### Step 1: Examine the Thumbnail
The thumbnail shows three individuals: an older woman, a baby, and a young woman with long blonde hair. There is a red arrow pointing towards the young woman, and the text overlay reads ""+ 7 Million Views!!!""

#### Step 2: Read Through the Video Subtitles and Content Description
The video content describes a makeup transformation tutorial aimed at showcasing the power of makeup and hair styling in changing one's appearance and boosting confidence. The video does not contain any elements related to a music video or a romantic narrative.

#### Step 3: Compare the Thumbnail to the Actual Video Content
The thumbnail depicts a family setting with a focus on the young woman, which aligns with the content of the video as it involves a transformation involving makeup and hair styling. However, the red arrow pointing towards the young woman might suggest a specific focus on her transformation, which is accurate based on the video content.

#### Step 4: Determine if the Thumbnail Accurately Represents the Video's Main Topic or Content
The thumbnail accurately represents the main topic of the video, which is a makeup transformation. It correctly highlights the young woman as the subject of the transformation.

#### Step 5: Assess Whether the Thumbnail Uses Exaggeration, False Promises, or Clickbait Tactics
There is no exaggeration or false promise in the thumbnail. The text ""+ 7 Million Views!!!"" is likely added post-production to indicate the popularity of the video, which is common practice in YouTube thumbnails.

#### Step 6: Categorize the Thumbnail as Either ""Misleading"" or ""Not Misleading""
The thumbnail is **Not Misleading**.

#### Explanation
The thumbnail accurately reflects the content of the video, which is a makeup transformation tutorial. The focus on the young woman and the indication of a transformation are appropriate and truthful representations of the video's purpose. The text ""+ 7 Million Views!!!"" is a standard practice used to attract viewers' attention and does not mislead them about the video's content."
c2Z5xyXur9Y,"### Analysis of the YouTube Video Thumbnail and Content

#### Step 1: Examine the Thumbnail
The thumbnail features two images side-by-side:
- On the left, a man (Ben Affleck) appears to be speaking in a courtroom or formal setting.
- On the right, a woman (Jennifer Lopez) is shown in a public setting, possibly a press conference or event, with a child and others around her.

#### Step 2: Read Through the Video Subtitles and Content Description
The subtitles indicate a discussion about Ben Affleck's relationship status and the end of his marriage to Jennifer Lopez. The content description provides a broader context of the video, showing various moments of Jennifer Lopez and Ben Affleck's lives, including interviews, public appearances, and behind-the-scenes moments.

#### Step 3: Compare the Thumbnail to the Actual Video Content
The thumbnail shows Ben Affleck in a courtroom-like setting, which suggests a legal or serious context. However, the video content primarily focuses on Jennifer Lopez and Ben Affleck's relationship and career highlights, rather than a specific legal situation involving Ben Affleck.

#### Step 4: Determine if the Thumbnail Accurately Represents the Video's Main Topic or Content
The thumbnail does not accurately represent the main topic or content of the video. While the video does include scenes related to Ben Affleck's divorce proceedings, the majority of the content is focused on Jennifer Lopez and Ben Affleck's relationship and career.

#### Step 5: Assess Whether the Thumbnail Uses Exaggeration, False Promises, or Clickbait Tactics
The thumbnail does not use exaggerated language or false promises. Instead, it presents a misleading image that does not align with the primary focus of the video content.

#### Step 6: Categorize the Thumbnail as Either ""Misleading"" or ""Not Misleading""
Based on the analysis, the thumbnail is **misleading** because it suggests a legal context involving Ben Affleck, which is not the primary focus of the video content.

#### Explanation
The thumbnail incorrectly implies that the video is primarily about Ben Affleck's legal situation, which is not the case. The video content is more centered around Jennifer Lopez and Ben Affleck's relationship and career highlights. Therefore, the thumbnail misleads viewers into expecting a different type of content than what is actually presented in the video."
DI2yOEXRlcQ,"### Analysis:

1. **Examine the thumbnail**: The thumbnail features a person in a large, exaggeratedly inflated body, with a subtitle in Arabic that translates to ""The girl is a miracle."" There is also a reaction shot of a judge and a performer.

2. **Read through the video content**: The video content describes a series of scenes from a magic act involving a performer, children, and various props. The act includes levitation, manipulation of objects, and interaction with animals, but does not feature a person with an inflated body.

3. **Compare the thumbnail to the actual video content**: The thumbnail depicts a person with an inflated body, which is not present in the video content described. The video focuses on a magic act with children and various props, not a person with an inflated body.

4. **Determine if the thumbnail accurately represents the video's main topic or content**: The thumbnail does not accurately represent the video's main topic or content. It misleads viewers by suggesting a scene that is not depicted in the video.

5. **Assess whether the thumbnail uses exaggeration, false promises, or clickbait tactics**: The thumbnail uses exaggeration by showing a person with an inflated body, which is not part of the actual performance. This creates false promises and clickbait by suggesting a scene that is not shown in the video.

6. **Categorize the thumbnail as either ""Misleading"" or ""Not Misleading""**: Based on the analysis, the thumbnail is misleading.

7. **Brief explanation for the decision**: The thumbnail shows a person with an inflated body, which is not part of the actual performance described in the video. This creates false expectations and misleads viewers about the content they will see. Therefore, the thumbnail is misleading."
0NUOCZFQ8QI,"### Analysis of the Thumbnail and Video Content

#### Step 1: Examine the Thumbnail
The thumbnail features a close-up of the camera module of an iPhone, specifically highlighting the triple-lens setup. There is also a large ""WOW!"" graphic overlayed on the image, suggesting excitement or amazement about the camera features.

#### Step 2: Read Through the Video Subtitles and Content Description
The subtitles and video content focus heavily on the camera upgrades of the iPhone 16 Pro Max, particularly the rumored improvements in optical zoom, the use of a custom 48-megapixel Sony IMX 903 sensor, and the upgraded ultra-wide camera. The video emphasizes the technological advancements and potential improvements over previous models.

#### Step 3: Compare the Thumbnail to the Actual Video Content
The thumbnail effectively highlights the camera module, which aligns closely with the video content that discusses camera upgrades. However, the thumbnail does not explicitly mention the specific camera features or improvements discussed in the video subtitles.

#### Step 4: Determine if the Thumbnail Accurately Represents the Video's Main Topic or Content
While the thumbnail correctly focuses on the camera module, it does not provide specific details about the camera upgrades mentioned in the subtitles. The ""WOW!"" graphic adds a sense of excitement but does not convey the technical details discussed in the video.

#### Step 5: Assess Whether the Thumbnail Uses Exaggeration, False Promises, or Clickbait Tactics
The thumbnail does not use exaggerated language or false promises. Instead, it sets expectations by highlighting the camera module, which is indeed a significant part of the video content. However, the lack of specific details about the camera upgrades in the thumbnail could be seen as misleading because viewers might expect more detailed information about the camera improvements.

#### Step 6: Categorize the Thumbnail as Either ""Misleading"" or ""Not Misleading""
Given that the thumbnail does not provide enough detail about the specific camera upgrades discussed in the video, it can be considered **misleading**. While it correctly highlights the camera module, it fails to convey the technical specifics that are emphasized in the video content.

#### Explanation
The thumbnail effectively draws attention to the camera module, which is a key feature highlighted in the video. However, it does not provide the viewer with the specific details about the camera upgrades that are discussed in the subtitles. This omission can lead viewers to expect more information than what is actually provided in the video, making the thumbnail misleading."
vxRCEMcN3RI,"### Analysis of the YouTube Video Thumbnail:

#### Step 1: Examine the thumbnail
The thumbnail features two individuals, one of whom appears to be Madonna, with a dramatic expression and the text ""LOOK AT YOURSELF!"" prominently displayed. The other individual is a man, presumably Piers Morgan, with the text ""OH GO TO HELL!"" next to him. The background includes a small image of a child with braids, which seems unrelated to the main content.

#### Step 2: Read through the video subtitles and content description
The subtitles and content description indicate a discussion about Madonna's recent appearances and the criticism she has faced, particularly regarding her age and appearance. The video highlights Madonna's defiance against criticism and the broader debate around ageism and the expectations placed on older female performers in the entertainment industry.

#### Step 3: Compare the thumbnail to the actual video content
The thumbnail does not accurately represent the video's main topic or content. It focuses on a specific moment of confrontation between Madonna and Piers Morgan, which is a part of the larger narrative but not the central theme of the video. The thumbnail suggests a more confrontational and personal interaction than the actual video content, which explores broader themes of ageism and criticism.

#### Step 4: Determine if the thumbnail accurately represents the video's main topic or content
The thumbnail does not accurately represent the video's main topic or content. It focuses on a specific moment of confrontation rather than the broader exploration of ageism and criticism surrounding Madonna's recent appearances.

#### Step 5: Assess whether the thumbnail uses exaggeration, false promises, or clickbait tactics
The thumbnail uses exaggerated expressions and text to create a sense of conflict and drama, which may mislead viewers into expecting a more personal confrontation than what the video actually contains.

#### Step 6: Categorize the thumbnail as either ""Misleading"" or ""Not Misleading""
Based on the analysis, the thumbnail is **Misleading**.

#### Explanation:
The thumbnail creates a sense of conflict and drama that is not representative of the video's main content. It focuses on a specific moment of confrontation between Madonna and Piers Morgan, which is a part of the larger narrative but not the central theme. The exaggerated expressions and text (""LOOK AT YOURSELF!"" and ""OH GO TO HELL!"") suggest a more personal confrontation than what the video actually contains, which explores broader themes of ageism and criticism surrounding Madonna's recent appearances. Therefore, the thumbnail is misleading."
CGUDeNQk6Ic,"### Analysis:

1. **Examine the thumbnail**: The thumbnail features two individuals performing a dance routine on a brightly lit stage with a colorful background. The text overlay reads ""Beautiful talent!""

2. **Read through the video content description**: The video is described as a sequence of scenes from a talent show called ""Dino Got Talent,"" featuring a magician performing various magic tricks. The magician manipulates a large black cloth, levitates, works with a table and props, and incorporates a dog into the act. The video ends with the magician in a red outfit, possibly with a bicycle, suggesting a grand finale combining different elements.

3. **Compare the thumbnail to the actual video content**: The thumbnail depicts a dance routine, which is completely unrelated to the content described in the video. The video is about a magician's performance, not a dance routine.

4. **Determine if the thumbnail accurately represents the video's main topic or content**: The thumbnail does not represent the video's main topic or content. It misleads viewers by suggesting that the video is about a dance performance when it is actually about a magician's act.

5. **Assess whether the thumbnail uses exaggeration, false promises, or clickbait tactics**: The thumbnail uses clickbait tactics by promising a ""beautiful talent"" performance, which is not what the video contains. It misleads viewers by presenting a dance routine instead of a magic performance.

6. **Categorize the thumbnail as either ""Misleading"" or ""Not Misleading""**: Based on the analysis, the thumbnail is clearly misleading.

7. **Brief explanation for the decision**: The thumbnail incorrectly suggests that the video is about a dance performance when it is actually about a magician's act. It uses clickbait tactics by promising a ""beautiful talent"" performance, which is not what the video contains. This misleads viewers and does not accurately represent the video's content.

**Final Decision**: The thumbnail is **Misleading**."
RRuhV-9IoVU,"### Analysis of the Provided Information

#### Step 1: Examine the Thumbnail
The thumbnail features a young woman with long dark hair, wearing a white t-shirt, standing next to a car. There is a red arrow pointing towards her with the text ""GET OUT OF MY WAY."" The overall tone suggests a confrontational or assertive scenario involving the woman.

#### Step 2: Read Through the Video Subtitles and Content Description
The subtitles indicate that the video is a compilation of celebrity-related content, focusing on notable figures such as Jay-Z, Gwyneth Paltrow, and Jennifer Lopez. The content describes their arrogance, social irresponsibility, and behavior that has led to criticism from others.

#### Step 3: Compare the Thumbnail to the Actual Video Content
The thumbnail depicts a confrontation or assertive stance, which aligns with the theme of the video being about celebrities who are perceived as arrogant or disrespectful. However, the video content focuses on the criticism and negative behaviors of these celebrities rather than a direct confrontation between the woman and a celebrity.

#### Step 4: Determine if the Thumbnail Accurately Represents the Video's Main Topic or Content
The thumbnail accurately represents the theme of the video, which is about celebrities who are perceived as arrogant or disrespectful. It sets up the viewer's expectation that the video will focus on confrontations or assertive behaviors related to these celebrities.

#### Step 5: Assess Whether the Thumbnail Uses Exaggeration, False Promises, or Clickbait Tactics
The thumbnail does not use exaggerated language or false promises. Instead, it accurately reflects the theme of the video, which is about celebrities who are perceived as arrogant or disrespectful.

#### Step 6: Categorize the Thumbnail as Either ""Misleading"" or ""Not Misleading""
Based on the analysis, the thumbnail is **not misleading**. It accurately represents the theme of the video, which is about celebrities who are perceived as arrogant or disrespectful.

#### Explanation
The thumbnail effectively sets the viewer's expectations by suggesting a confrontation or assertive scenario, which aligns with the content of the video. It does not use exaggerated language or false promises, and it accurately reflects the theme of the video. Therefore, it is not misleading."
AOS5tXjaC1U,"### Analysis:

#### Step 1: Examine the Thumbnail
The thumbnail features two individuals, one of whom appears to be crying, with the text ""I HATE YOU!"" prominently displayed. The overall tone suggests a confrontational or emotionally charged scenario.

#### Step 2: Read Through the Video Subtitles and Content Description
The subtitles and content description focus on Jada Pinkett Smith and her controversial relationships, particularly her affair with August Alsina. The video discusses her interactions with other women, her racial biases, and her public statements. The commentary from the blonde woman in a pink sweater provides additional context and critique.

#### Step 3: Compare the Thumbnail to the Actual Video Content
The thumbnail depicts a dramatic and emotional scene, which aligns somewhat with the content of the video, as it involves a discussion of personal relationships and conflicts. However, the specific mention of ""I HATE YOU!"" in the thumbnail is exaggerated and not directly supported by the video content.

#### Step 4: Determine if the Thumbnail Accurately Represents the Video's Main Topic or Content
While the thumbnail captures a significant theme of conflict and emotion, the specific phrase ""I HATE YOU!"" is not explicitly addressed in the video content. The video primarily focuses on Jada Pinkett Smith's relationships and her biases rather than a direct confrontation.

#### Step 5: Assess Whether the Thumbnail Uses Exaggeration, False Promises, or Clickbait Tactics
The thumbnail uses the phrase ""I HATE YOU!"" to create a sense of drama and conflict, which is not fully represented in the video content. This could be considered clickbait as it promises a more intense narrative than what is actually delivered.

#### Step 6: Categorize the Thumbnail as Either ""Misleading"" or ""Not Misleading""
Based on the analysis, the thumbnail is misleading because it uses an exaggerated statement (""I HATE YOU!"") that is not fully supported by the video content. While the video does discuss conflicts and biases, the specific phrase is not a central theme.

#### Explanation:
The thumbnail creates a sense of drama and conflict that is not fully realized in the video content. It uses a provocative statement that is not directly addressed in the video, which can mislead viewers into expecting a more intense narrative than what is actually presented. Therefore, the thumbnail is misleading."
qIBdCpz7xTQ,"### Analysis of the Provided Information

#### Step 1: Examine the Thumbnail
The thumbnail shows a young child with a hairstyle, and the text overlay reads ""shut up kylie!!""

#### Step 2: Read Through the Video Subtitles and Content Description
The video content includes various scenes of a young child interacting with her mother in different settings, including a TV studio, a boat, a pool, and a kitchen. The child is seen in various playful and everyday activities, and the video captures the warmth and playfulness of their relationship.

#### Step 3: Compare the Thumbnail to the Actual Video Content
The thumbnail depicts a child with a specific hairstyle and a text overlay that suggests a confrontation or disagreement. However, the video content does not show any such interaction; instead, it portrays a series of joyful and ordinary moments between the child and her mother.

#### Step 4: Determine if the Thumbnail Accurately Represents the Video's Main Topic or Content
The thumbnail does not accurately represent the video's main topic or content. It suggests a conflict or argument, which is not depicted in the video.

#### Step 5: Assess Whether the Thumbnail Uses Exaggeration, False Promises, or Clickbait Tactics
The thumbnail uses exaggerated language (""shut up kylie!!"") that does not align with the actual content of the video. It creates a misleading impression that is not supported by the video itself.

#### Step 6: Categorize the Thumbnail as Either ""Misleading"" or ""Not Misleading""
Based on the analysis, the thumbnail is misleading.

#### Explanation for Decision
The thumbnail sets up a scenario of conflict or disagreement between the child and her mother, which is not reflected in the video content. Instead, the video showcases a series of warm and playful moments between the child and her mother. The use of exaggerated language in the thumbnail creates a misleading impression that does not match the actual content of the video. Therefore, the thumbnail is categorized as ""Misleading."""
jwCWcB9w-Go,"### Analysis of the Provided Information

#### Step 1: Examine the Thumbnail
The thumbnail shows two images side by side. On the left, there is a person's face that appears older and less vibrant. On the right, the same person looks younger and more radiant. Between these images, there is a picture of an apple with an arrow pointing from the older face to the younger one. The text ""beauty secret"" is visible over both images.

#### Step 2: Read Through the Video Subtitles and Content Description
The subtitles indicate that the video is about preparing an anti-aging apple cream to eliminate wrinkles and fight their appearance. The content description confirms this, detailing the steps involved in making the cream, which include using apple juice, cornstarch, flaxseed gel, and almond oil.

#### Step 3: Compare the Thumbnail to the Actual Video Content
The thumbnail effectively captures the essence of the video content. It visually represents the transformation promised by the cream, showing a significant improvement in skin appearance. The apple, a key ingredient, is prominently featured, reinforcing the connection between the product and the results.

#### Step 4: Determine if the Thumbnail Accurately Represents the Video's Main Topic or Content
The thumbnail accurately represents the main topic of the video, which is the preparation of an anti-aging cream using apples and other natural ingredients. It clearly communicates the promise of youthful skin.

#### Step 5: Assess Whether the Thumbnail Uses Exaggeration, False Promises, or Clickbait Tactics
There is no exaggeration or false promise in the thumbnail. It does not claim that the cream will eliminate wrinkles instantly or that it will work overnight. Instead, it suggests a gradual improvement in skin appearance over time, which aligns with the actual content described in the video.

#### Step 6: Categorize the Thumbnail
Based on the analysis, the thumbnail is not misleading.

#### Step 7: Provide a Brief Explanation for Your Decision
The thumbnail accurately reflects the content of the video, which is a tutorial on making an anti-aging cream using natural ingredients. It effectively communicates the promise of improved skin appearance without making exaggerated claims. Therefore, the thumbnail is categorized as ""Not Misleading."""
HgABMxchIPM,"### Analysis:

#### Step 1: Examine the Thumbnail
The thumbnail features a man wearing sunglasses and a woman in a glamorous pose, along with the text ""EXCLUSIVE SHE F*CKS ANYTHING!""

#### Step 2: Read Through the Video Subtitles and Content Description
The subtitles discuss a divorce between Jennifer Lopez and Ben Affleck, mentioning that Lopez filed for divorce after months of speculation. The content description provides a broader overview of the video, which includes various moments from Lopez's career, personal life, and relationships.

#### Step 3: Compare the Thumbnail to the Actual Video Content
The thumbnail prominently features a glamorous image of a woman (likely Jennifer Lopez) and a man, suggesting a focus on her personal life and relationships. However, the subtitles and content description indicate that the video primarily discusses the divorce between Lopez and Affleck, rather than her sexual activities or relationships.

#### Step 4: Determine if the Thumbnail Accurately Represents the Video's Main Topic or Content
The thumbnail does not accurately represent the main topic of the video, which is the divorce between Jennifer Lopez and Ben Affleck. Instead, it suggests a focus on her sexual activities, which is not mentioned in the subtitles or content description.

#### Step 5: Assess Whether the Thumbnail Uses Exaggeration, False Promises, or Clickbait Tactics
The thumbnail uses exaggerated language (""SHE F*CKS ANYTHING!"") which is not supported by the video content. This creates a misleading impression that the video will contain explicit content about Lopez's sexual activities, which is not the case.

#### Step 6: Categorize the Thumbnail as Either ""Misleading"" or ""Not Misleading""
Based on the analysis, the thumbnail is misleading.

#### Explanation:
The thumbnail uses exaggerated language and imagery that does not align with the actual content of the video. It suggests that the video will contain explicit content about Lopez's sexual activities, which is not the case. The thumbnail misleads viewers by promising content that is not present in the video, thus violating ethical standards for video thumbnails."
5d3GFk7Stas,"### Analysis of the Thumbnail and Video Content

#### Step 1: Examine the Thumbnail
The thumbnail depicts a group of people riding in a car that appears to be stuck in a tire. The individuals are dressed casually and seem to be in a playful or humorous situation, with exaggerated expressions and poses.

#### Step 2: Read Through the Video Subtitles and Content Description
The video content description provides a detailed breakdown of various scenes, including traditional activities such as selling watermelons, playing in water, and agricultural work. The subtitles indicate laughter and playful interactions among the participants, but they do not suggest any dangerous or unusual situations involving vehicles.

#### Step 3: Compare the Thumbnail to the Actual Video Content
The thumbnail shows a group of people in a car that is stuck in a tire, which is not depicted in the video content description. The video focuses on rural life activities and does not involve any vehicles in distress.

#### Step 4: Determine if the Thumbnail Accurately Represents the Video's Main Topic or Content
The thumbnail does not accurately represent the main topic or content of the video. It suggests a scenario that is not present in the actual video.

#### Step 5: Assess Whether the Thumbnail Uses Exaggeration, False Promises, or Clickbait Tactics
The thumbnail uses exaggerated imagery and poses to create a humorous effect, which might mislead viewers into expecting a different type of content than what is actually shown in the video.

#### Step 6: Categorize the Thumbnail as Either ""Misleading"" or ""Not Misleading""
Based on the analysis, the thumbnail is **misleading** because it depicts a situation that is not present in the actual video content.

#### Explanation for Decision
The thumbnail creates a humorous and exaggerated image of a group of people in a car stuck in a tire, which is not aligned with the actual content of the video. The video primarily showcases rural life activities and does not involve any vehicles in distress. Therefore, the thumbnail uses exaggerated imagery to attract viewers, leading to a misleading impression of the video's content."
fIdC3UIx6Ak,"### Analysis of the Thumbnail and Video Content

#### Step 1: Examine the Thumbnail
The thumbnail features a green Lamborghini sports car, a private jet, a birthday cake with the message ""Happy Birthday Lexi,"" and two individuals smiling. The overall impression is one of celebration, luxury, and surprise gifts.

#### Step 2: Read Through the Video Subtitles and Content Description
The video subtitles reveal that the narrator is planning a lavish birthday celebration for his sister Lexi, spending $500,000 on her birthday. The key points include:
- A Lamborghini sports car as a gift.
- A private jet trip to Las Vegas.
- A luxurious hotel stay.
- A casino visit.
- A surprise yacht cruise.
- A large number of gifts and surprises.

#### Step 3: Compare the Thumbnail to the Actual Video Content
The thumbnail prominently displays a Lamborghini, a private jet, and a birthday cake, which aligns closely with the video content. However, the thumbnail does not explicitly mention the private jet or the casino visit, which are significant elements of the celebration.

#### Step 4: Determine if the Thumbnail Accurately Represents the Video's Main Topic or Content
While the thumbnail effectively captures the essence of a luxurious birthday celebration, it does not fully convey the extent of the lavishness or the specific activities planned (e.g., the casino visit). The thumbnail suggests a focus on the car and the private jet, which are indeed part of the celebration but are not the only elements.

#### Step 5: Assess Whether the Thumbnail Uses Exaggeration, False Promises, or Clickbait Tactics
The thumbnail does not use exaggerated language or false promises. It accurately reflects the main elements of the celebration shown in the video, albeit with a slight omission of the casino visit.

#### Step 6: Categorize the Thumbnail as Either ""Misleading"" or ""Not Misleading""
Given that the thumbnail accurately represents the main elements of the celebration but omits some significant details, it can be considered slightly misleading.

#### Step 7: Provide a Brief Explanation for the Decision
The thumbnail effectively conveys the luxurious nature of the celebration but fails to fully capture the scope of the festivities, particularly the casino visit. While the omission is minor, it could lead viewers to expect a more extensive and varied celebration than what is actually depicted in the video.

### Conclusion
The thumbnail is **Not Misleading** but could be improved to provide a more comprehensive representation of the video's content."
IZKhDsitzIk,"### Analysis of the YouTube Video Thumbnail

#### Step 1: Examine the Thumbnail
The thumbnail features three distinct images:
1. A woman with long dark hair, appearing distressed or upset.
2. A woman with blonde hair smiling widely.
3. A woman in a white outfit holding an award or certificate with a tree design.

#### Step 2: Read Through the Video Subtitles and Content Description
The subtitles describe a dramatic encounter between Meryl Streep and Meghan Markle at the Cannes Film Festival 2024. Streep ejects Markle from the red carpet, leading to a confrontation that attracts worldwide attention. The video highlights the clash between Hollywood dignitaries and royalty, with Streep enforcing the festival's strict policy on invitations.

#### Step 3: Compare the Thumbnail to the Actual Video Content
- The thumbnail shows a woman looking distressed, which aligns with the subtitle mentioning a dramatic encounter.
- The smiling woman in the thumbnail contrasts with the subtitle's description of a confrontation, which might mislead viewers into expecting a positive or humorous interaction.
- The woman holding the award in the thumbnail matches the description of Streep ejecting Markle from the red carpet.

#### Step 4: Determine if the Thumbnail Accurately Represents the Video's Main Topic or Content
The thumbnail effectively captures the emotional intensity described in the subtitles but fails to convey the specific event (ejection from the red carpet) that is central to the video's content. Instead, it focuses on the distress of one individual, which could lead viewers to expect a more personal or emotional narrative rather than the confrontation described.

#### Step 5: Assess Whether the Thumbnail Uses Exaggeration, False Promises, or Clickbait Tactics
The thumbnail does not use exaggerated language or false promises. However, it does not fully represent the specific event described in the subtitles, which could be considered misleading.

#### Step 6: Categorize the Thumbnail
Based on the analysis, the thumbnail is **misleading** because it does not fully capture the specific event described in the subtitles. While it conveys the emotional intensity of the situation, it fails to clearly communicate the core event of Streep ejecting Markle from the red carpet.

#### Explanation
The thumbnail effectively captures the emotional intensity of the situation but does not fully represent the specific event described in the subtitles. It focuses on the distress of one individual, which could lead viewers to expect a more personal or emotional narrative rather than the confrontation described. Therefore, the thumbnail is misleading."
RPmBoQ1Ciu0,"### Analysis and Conclusion:

**Step 1:** Examine the thumbnail.
The thumbnail features a woman with long, straight hair before and after an apparent treatment. The text reads ""Grow Your Hair Overnight!"" accompanied by a surprised emoji.

**Step 2:** Read through the video subtitles and content description.
The subtitles indicate that the video is about growing hair overnight using an egg mixture. The content description confirms that the video documents a hair care process involving egg mixture application, measurement, and styling.

**Step 3:** Compare the thumbnail to the actual video content.
The thumbnail shows significant growth in hair length, which aligns with the subtitle claim of growing hair overnight. However, the video content does not visually demonstrate overnight growth; instead, it shows a step-by-step process of applying the egg mixture and styling the hair.

**Step 4:** Determine if the thumbnail accurately represents the video's main topic or content.
The thumbnail suggests that the video will show overnight hair growth, which is misleading because the video content does not visually depict overnight growth.

**Step 5:** Assess whether the thumbnail uses exaggeration, false promises, or clickbait tactics.
The thumbnail uses exaggerated imagery and text to promise overnight hair growth, which is misleading. The video content does not support this claim.

**Step 6:** Categorize the thumbnail as either ""Misleading"" or ""Not Misleading"".
Based on the analysis, the thumbnail is **Misleading**.

**Explanation:**
The thumbnail creates an expectation of rapid hair growth that is not supported by the video content. While the video does show a hair care process, it does not visually demonstrate overnight growth. The thumbnail's exaggerated promise of ""Grow Your Hair Overnight!"" misleads viewers into expecting a result that the video cannot deliver."
GGGr3yvVA9Q,"### Analysis of the YouTube Video Thumbnail

#### Step 1: Examine the Thumbnail
The thumbnail features two individuals, one of whom appears to be a well-known celebrity, and a pixelated image of a person lying down. The text overlay reads ""EXCLUSIVE 'F*CK ME HARDER'"".

#### Step 2: Read Through the Video Subtitles and Content Description
The subtitles and content description focus on the relationship between a famous actress and her partner, documenting their public appearances and interactions over time. The video does not mention any explicit sexual content or the phrase ""F*ck Me Harder.""

#### Step 3: Compare the Thumbnail to the Actual Video Content
The thumbnail depicts a scene that is entirely unrelated to the content described in the video. The video is a compilation of scenes featuring the actress and her partner, showcasing their relationship and public appearances. There is no indication of explicit sexual content or the phrase ""F*ck Me Harder"" in the video content.

#### Step 4: Determine if the Thumbnail Accurately Represents the Video's Main Topic or Content
The thumbnail does not accurately represent the video's main topic or content. It misleads viewers by suggesting that the video contains explicit sexual content or a controversial statement, which is not present in the actual video.

#### Step 5: Assess Whether the Thumbnail Uses Exaggeration, False Promises, or Clickbait Tactics
The thumbnail uses exaggerated and misleading tactics by suggesting that the video contains explicit sexual content or a controversial statement, which is not true based on the video content.

#### Step 6: Categorize the Thumbnail as Either ""Misleading"" or ""Not Misleading""
The thumbnail is clearly ""Misleading.""

#### Explanation for Decision
The thumbnail is misleading because it suggests that the video contains explicit sexual content or a controversial statement, which is not true based on the video content. The thumbnail uses exaggerated and misleading tactics to attract viewers, which is a common practice in clickbait videos. Therefore, the thumbnail is misleading."
mvQvQpxfvkw,"### Analysis:

1. **Examine the thumbnail**:
   - The thumbnail features two individuals in a close embrace, with one appearing to kiss the other. The background has a colorful, vibrant design with blue and purple hues, suggesting a lively and dynamic setting.

2. **Read through the video subtitles and content description**:
   - The video content revolves around a talent show called ""Dino Got Talent,"" featuring a young performer in a yellow vest who showcases magic tricks involving a stuffed panda and a black case. The video emphasizes the magical elements and the reactions of the judges and audience.

3. **Compare the thumbnail to the actual video content**:
   - The thumbnail depicts a romantic or intimate moment, which does not align with the content described in the video. The video focuses on a magic performance, not a romantic scene.

4. **Determine if the thumbnail accurately represents the video's main topic or content**:
   - The thumbnail fails to represent the main topic of the video, which is a magic performance at a talent show. It instead suggests a different theme entirely.

5. **Assess whether the thumbnail uses exaggeration, false promises, or clickbait tactics**:
   - The thumbnail uses a misleading image that does not reflect the actual content of the video. It creates false expectations by showing a romantic scene when the video is about a magic performance.

6. **Categorize the thumbnail as either ""Misleading"" or ""Not Misleading""**:
   - The thumbnail is clearly misleading because it does not accurately represent the content of the video.

7. **Brief explanation for the decision**:
   - The thumbnail shows a romantic scene, which is completely unrelated to the magic performance featured in the video. This creates false expectations for viewers, leading them to believe they will watch a romantic drama rather than a magic show. Therefore, the thumbnail is misleading.

### Conclusion:
The thumbnail is **Misleading**."
XF26SV2AkEM,"### Analysis of the YouTube Video Thumbnail

#### Step 1: Examine the thumbnail
The thumbnail features two images side-by-side:
- On the left, a person appears to be speaking into a microphone, possibly in a live broadcast setting.
- On the right, a woman is sitting on a bed, wearing a plaid dress, with a relaxed posture.

#### Step 2: Read through the video subtitles and content description
The subtitles read: ""EXCLUSIVE 'SHE TAKES D*CK QUICK'"". The content description mentions various clips of Jennifer Lopez in different settings, including interviews, red carpet events, and personal moments.

#### Step 3: Compare the thumbnail to the actual video content
The thumbnail does not accurately represent the video's main topic or content. It features a woman in a casual setting, which contrasts sharply with the diverse content described in the video description, which includes interviews, red carpet events, and personal moments.

#### Step 4: Determine if the thumbnail accurately represents the video's main topic or content
The thumbnail does not align with the video's content, which is a compilation of various scenes and clips featuring Jennifer Lopez across different phases of her career and personal life.

#### Step 5: Assess whether the thumbnail uses exaggeration, false promises, or clickbait tactics
The thumbnail uses clickbait tactics by featuring a provocative subtitle that suggests explicit content involving Jennifer Lopez. However, the content of the video does not match the suggestive nature of the thumbnail.

#### Step 6: Categorize the thumbnail as either ""Misleading"" or ""Not Misleading""
Based on the analysis, the thumbnail is **Misleading**.

#### Explanation
The thumbnail is misleading because it does not accurately represent the video's content. It features a casual setting with a woman, which contrasts with the diverse and varied content described in the video description. Additionally, the provocative subtitle ""SHE TAKES D*CK QUICK"" is clickbait and does not reflect the actual content of the video, which is a compilation of clips featuring Jennifer Lopez in various settings."
bdybRnHcRRs,"### Analysis:

1. **Examine the thumbnail**: The thumbnail features a man in glasses, presumably a judge, alongside a performer dressed in a yellow shirt and white gloves, with a mask or face paint. The text ""Got Super Talent"" is prominently displayed.

2. **Read through the video content**:
   - The video showcases a performance on ""Britain's Got Talent.""
   - The performer is seen wearing a yellow shirt and white gloves, with a mask or face paint, mimicking a mime-like appearance.
   - The performance includes expressive gestures and movements, with floating white-gloved hands appearing around the performer, suggesting an illusion or trick.
   - The audience and judges react positively to the performance.

3. **Compare the thumbnail to the actual video content**:
   - The thumbnail shows a man in glasses, which does not match the performer described in the video.
   - The performer in the video is wearing a yellow shirt and white gloves, which is not depicted in the thumbnail.
   - The text ""Got Super Talent"" suggests a general talent show context but does not specify the specific performance style or elements shown in the video.

4. **Determine accuracy**:
   - The thumbnail does not accurately represent the main topic or content of the video. It incorrectly shows a man in glasses instead of the performer in a yellow shirt and white gloves.
   - There is no indication of the specific elements like the floating white-gloved hands or the mime-like appearance.

5. **Assess for exaggeration, false promises, or clickbait tactics**:
   - The thumbnail does not use exaggerated claims or false promises. However, it misleads viewers by showing a different person than what is actually featured in the video.

6. **Categorize the thumbnail**:
   - Based on the analysis, the thumbnail is misleading because it incorrectly depicts the performer and does not accurately reflect the content of the video.

7. **Explanation**:
   - The thumbnail fails to convey the correct identity of the performer and the specific elements of the performance, leading viewers to expect a different scene than what they will see in the video. This misrepresentation can mislead viewers into watching the video expecting something different from what is actually presented.

### Conclusion:
The thumbnail is **misleading**."
Rb_eLv2B5ps,"### Analysis of the Thumbnail and Video Content

#### Step 1: Examine the Thumbnail
The thumbnail features a group of women in bikinis lined up in a pool, with a man standing beside them. The text overlay reads ""100 dates.""

#### Step 2: Read Through the Video Subtitles and Content Description
The subtitles and video content describe a series of dates involving a man named Brent and 100 women from various countries. The video showcases different settings such as cafes, restaurants, and outdoor locations, where Brent interacts with the women. The content includes various scenarios, some of which involve humorous or awkward moments, as well as romantic encounters.

#### Step 3: Compare the Thumbnail to the Actual Video Content
The thumbnail depicts a group of women in bikinis, which suggests a beach or poolside setting. However, the video content includes various indoor settings such as cafes, restaurants, and urban environments, which are not depicted in the thumbnail.

#### Step 4: Determine if the Thumbnail Accurately Represents the Video's Main Topic or Content
The thumbnail does not accurately represent the video's main topic or content. While the video involves multiple dates, the setting shown in the thumbnail (a poolside scene) is not consistent with the diverse range of settings featured in the video.

#### Step 5: Assess Whether the Thumbnail Uses Exaggeration, False Promises, or Clickbait Tactics
The thumbnail uses exaggerated imagery (women in bikinis) to attract viewers, which may mislead viewers into expecting a specific type of content that does not align with the actual video content.

#### Step 6: Categorize the Thumbnail as Either ""Misleading"" or ""Not Misleading""
Based on the analysis, the thumbnail is **misleading** because it does not accurately represent the diverse range of settings and activities depicted in the video.

#### Explanation
The thumbnail creates an expectation of a beach or poolside setting, which is not reflected in the video content. The video features a mix of indoor and outdoor settings, including cafes, restaurants, and urban environments. The use of a poolside image in the thumbnail may lead viewers to expect a specific type of content that is not present in the video, thus misleading them about the actual content."
D7SbSSNeJd4,"### Analysis:

1. **Examine the thumbnail**: The thumbnail features two individuals reacting with surprise and excitement, along with an image of a large snake. The text overlay reads ""Beautiful talent.""

2. **Read through the video content**:
   - The video showcases a variety of acts, including magic tricks, dance moves, and possibly illusions.
   - The performer changes costumes frequently, indicating a dynamic and diverse performance.
   - The audience's reactions suggest amazement and entertainment throughout the video.

3. **Compare the thumbnail to the actual video content**:
   - The thumbnail depicts a reaction shot with a snake, which does not directly relate to the content described in the video.
   - The snake imagery and the ""Beautiful talent"" text do not align with the diverse range of acts shown in the video.

4. **Assess accuracy**:
   - The thumbnail does not accurately represent the main topics or content of the video. It introduces elements (snake) that are not present in the actual performance.

5. **Identify misleading elements**:
   - The thumbnail uses exaggerated imagery (a snake) that is not part of the actual performance.
   - The text ""Beautiful talent"" is misleading because it suggests a specific type of performance (likely involving snakes), which is not evident from the video content.

6. **Categorize the thumbnail**:
   - Based on the analysis, the thumbnail is misleading.

7. **Explanation**:
   - The thumbnail introduces elements (snake) that are not part of the actual performance, leading viewers to expect a different kind of act than what they see in the video. The text ""Beautiful talent"" further misleads by suggesting a specific type of performance that is not depicted in the video.

### Conclusion:
The thumbnail is **misleading** because it introduces elements (snake) that are not part of the actual performance and uses text that misrepresents the nature of the talent shown."
s5JDOEcyAcw,"### Analysis of the YouTube Video Thumbnail and Content

#### Step 1: Examine the Thumbnail
The thumbnail features two images side-by-side:
- On the left, a man wearing glasses and a red jacket is shown against a backdrop of a luxurious interior.
- On the right, a man and a woman are standing together, both dressed formally, with the word ""Precious"" visible in the background.

#### Step 2: Read Through the Video Subtitles and Content Description
The subtitles and content description indicate that the video is a compilation of interviews and appearances featuring a prominent African American filmmaker and media mogul. The video showcases various settings where the filmmaker discusses his career, experiences, and perspectives on the entertainment industry.

#### Step 3: Compare the Thumbnail to the Actual Video Content
The thumbnail does not directly relate to the content described in the video. The left image suggests a luxurious, high-profile setting, which aligns somewhat with the idea of a prominent filmmaker. However, the right image with the ""Precious"" background does not match the context of the video content, which focuses on interviews and discussions rather than a specific film or event.

#### Step 4: Determine if the Thumbnail Accurately Represents the Video's Main Topic or Content
The thumbnail does not accurately represent the video's main topic or content. While the left image might suggest a high-profile individual, the right image is unrelated to the video's content.

#### Step 5: Assess Whether the Thumbnail Uses Exaggeration, False Promises, or Clickbait Tactics
The thumbnail does not use exaggeration, false promises, or clickbait tactics. It simply presents two images without any misleading text or visual cues that misrepresent the video's content.

#### Step 6: Categorize the Thumbnail as Either ""Misleading"" or ""Not Misleading""
Based on the analysis, the thumbnail is **not misleading**. It does not misrepresent the video's content or use exaggerated claims to attract viewers.

#### Explanation
The thumbnail provides a general impression of a high-profile individual, which could be associated with the prominent filmmaker mentioned in the video description. However, the right image with the ""Precious"" background is irrelevant to the video's content, which is a compilation of interviews and discussions. Therefore, the thumbnail does not mislead viewers about the actual content of the video."
A0LYG3cSF1U,"### Analysis:

#### Step 1: Examine the Thumbnail
The thumbnail features a man wearing a cap and a text overlay stating, ""SHE WANTS FULL CONTROL."" There are also smaller images showing interactions between individuals, which seem to depict a conflict or disagreement.

#### Step 2: Read Through the Video Subtitles and Content Description
The subtitles and the video content describe a discussion about a famous couple's relationship dynamics, specifically focusing on the influence of Jennifer Lopez on Ben Affleck and Jennifer Garner. The video highlights concerns expressed by Ben's best friend, Matt Damon, regarding the potential negative impact of Jennifer Lopez on Ben's life.

#### Step 3: Compare the Thumbnail to the Actual Video Content
The thumbnail suggests a narrative involving control and conflict, which aligns somewhat with the theme of the video. However, the specific details shown in the thumbnail (e.g., the text ""SHE WANTS FULL CONTROL"") do not directly correspond to the detailed analysis of the couple's relationship dynamics presented in the video.

#### Step 4: Determine if the Thumbnail Accurately Represents the Video's Main Topic or Content
While the thumbnail hints at a conflict, it does not provide enough context to fully represent the complex narrative about the couple's relationship and the concerns raised by Matt Damon. The thumbnail focuses on a single aspect of the story without giving a comprehensive overview of the entire content.

#### Step 5: Assess Whether the Thumbnail Uses Exaggeration, False Promises, or Clickbait Tactics
The thumbnail uses a provocative statement (""SHE WANTS FULL CONTROL"") that may be intended to attract viewers' attention. However, it does not provide enough context to suggest that the video will delve deeply into the issue of control within the relationship. Instead, it seems to be a general representation of the conflict mentioned in the video.

#### Step 6: Categorize the Thumbnail as Either ""Misleading"" or ""Not Misleading""
Given that the thumbnail provides a partial and potentially misleading representation of the video's content, it can be categorized as **Misleading**.

#### Explanation:
The thumbnail uses a provocative statement that may not fully capture the nuanced discussion about the couple's relationship dynamics and the concerns raised by Matt Damon. While it hints at conflict, it does not adequately convey the broader themes discussed in the video, such as the influence of Jennifer Lopez and the emotional and professional concerns surrounding the couple's relationship. Therefore, the thumbnail is misleading as it fails to provide a comprehensive understanding of the video's content."
L49eDwHidOU,"### Analysis:

**Step 1: Examine the thumbnail**
The thumbnail features a football player in a white jersey with the number 91, standing in front of a luxurious mansion and a green Bentley SUV. The image suggests themes of wealth, success, and luxury associated with the player's career achievements.

**Step 2: Read through the video subtitles and content description**
The video content describes the journey of a football player from college to the NFL, highlighting his athletic achievements and personal growth. It does not explicitly mention wealth or luxury as central themes.

**Step 3: Compare the thumbnail to the actual video content**
The thumbnail prominently displays elements (luxury mansion and car) that are not directly addressed in the video content. The video focuses on the player's athletic journey and personal development rather than showcasing his wealth or lifestyle.

**Step 4: Determine if the thumbnail accurately represents the video's main topic or content**
The thumbnail does not accurately represent the main topic of the video, which is the player's athletic journey and personal growth. While the player's success and achievements are highlighted, the emphasis on luxury and wealth is not a significant part of the video's content.

**Step 5: Assess whether the thumbnail uses exaggeration, false promises, or clickbait tactics**
The thumbnail uses exaggerated imagery (luxury mansion and car) to attract viewers, which may mislead them into expecting content that is not present in the video.

**Step 6: Categorize the thumbnail as either ""Misleading"" or ""Not Misleading""**
Based on the analysis, the thumbnail is **Misleading** because it uses exaggerated imagery to attract viewers without accurately representing the video's main content.

**Explanation:**
The thumbnail creates an expectation of wealth and luxury that is not substantiated in the video content. The focus should be on the player's athletic journey and personal growth, but the thumbnail shifts the viewer's attention towards material possessions, which are not central themes in the video."
eIaSxhd-N-Y,"### Analysis of the YouTube Video Thumbnail

#### Step 1: Examine the thumbnail
The thumbnail features a woman smiling, with a pixelated image of a heart in the background. There is also a small inset image of a man, presumably the subject of the relationship mentioned in the subtitle.

#### Step 2: Read through the video subtitles and content description
The video does not have any visible subtitles, but the content description suggests that it is a compilation of scenes featuring a prominent female celebrity discussing her relationship with another celebrity and her career.

#### Step 3: Compare the thumbnail to the actual video content
The thumbnail depicts a woman smiling, which aligns with the positive and celebratory tone suggested by the content description. However, the pixelated heart and the small inset image of a man suggest a focus on a romantic or relationship theme, which is not explicitly mentioned in the content description.

#### Step 4: Determine if the thumbnail accurately represents the video's main topic or content
While the thumbnail does not explicitly state the content, the presence of the heart and the man's image might imply a romantic storyline or a focus on a relationship. The content description, however, does not mention a romantic storyline or a specific relationship theme.

#### Step 5: Assess whether the thumbnail uses exaggeration, false promises, or clickbait tactics
The thumbnail does not use exaggerated language or false promises. It simply presents a visual cue that might attract viewers interested in a romantic narrative, which is not necessarily misleading but could be misleading if the viewer expects a different type of content based on the thumbnail.

#### Step 6: Categorize the thumbnail as either ""Misleading"" or ""Not Misleading""
Given that the thumbnail does not clearly indicate the romantic or relationship theme mentioned in the content description, it can be considered **misleading** because it may lead viewers to expect a different type of content than what is actually shown in the video.

#### Explanation for the Decision
The thumbnail uses a visual cue (heart and man) that might suggest a romantic storyline, which is not explicitly mentioned in the content description. While the thumbnail does not use exaggerated language or false promises, it can mislead viewers into expecting a different type of content. Therefore, the thumbnail is categorized as **misleading**."
6IXgMUZ3WEo,"### Analysis of the YouTube Video Thumbnail and Content

#### Step 1: Examine the Thumbnail
The thumbnail features a woman with short dark hair, accompanied by images of a man in a red shirt drinking on a boat and another image of a luxury sports car. The text overlay reads, ""I WAS JUST A DAMN SUGAR MOMMY!""

#### Step 2: Read Through the Video Subtitles and Content Description
The subtitles and content description indicate a narrative about a woman named Chris Jenner (presumably Kris Jenner) and her relationship with a man named Corey Gamble. The video discusses the end of their marriage, with Chris feeling betrayed and Corey being accused of deceit. The content includes various scenes of Chris in different settings, often appearing distressed or frustrated.

#### Step 3: Compare the Thumbnail to the Actual Video Content
The thumbnail prominently features a woman with short dark hair, which matches the description of Chris Jenner. However, the images of the man drinking on a boat and the luxury sports car do not directly relate to the content described in the subtitles and video description. These images seem to be unrelated to the narrative about Chris and Corey's relationship issues.

#### Step 4: Determine if the Thumbnail Accurately Represents the Video's Main Topic or Content
The thumbnail does not accurately represent the main topic or content of the video. While it correctly identifies the central figure as Chris Jenner, the images of the man drinking on a boat and the luxury sports car are not relevant to the narrative about their relationship issues.

#### Step 5: Assess Whether the Thumbnail Uses Exaggeration, False Promises, or Clickbait Tactics
The thumbnail uses exaggerated language (""I WAS JUST A DAMN SUGAR MOMMY!"") which could be misleading as it suggests a specific role or situation that is not clearly depicted in the video content. The images accompanying the text do not support the claim made in the text.

#### Step 6: Categorize the Thumbnail as Either ""Misleading"" or ""Not Misleading""
Based on the analysis, the thumbnail is **misleading** because it uses exaggerated language and images that do not accurately represent the content of the video.

#### Explanation for Decision
The thumbnail misleads viewers by using a statement that implies a specific role (being a ""sugar mommy"") which is not supported by the video content. Additionally, the images of the man drinking on a boat and the luxury sports car are not relevant to the narrative about Chris and Corey's relationship issues. Therefore, the thumbnail is misleading."
pJUAz6WIi5I,"### Analysis:

#### Step 1: Examine the Thumbnail
The thumbnail features a young man in a brown hoodie and a white cap, with the text overlay stating, ""SHE NEVER SATISFIED ME!"" The image includes additional smaller frames showing interactions between individuals, which appear to depict casual and affectionate moments.

#### Step 2: Read Through the Video Subtitles and Content Description
The subtitles indicate that the video discusses a celebrity couple, specifically mentioning issues related to infidelity and drama involving another celebrity (Selena Gomez). The content description confirms that the video explores the dynamics of the couple's relationship and the broader context of celebrity culture.

#### Step 3: Compare the Thumbnail to the Actual Video Content
The thumbnail shows a young man in a casual setting, which aligns somewhat with the content described in the video. However, the text ""SHE NEVER SATISFIED ME!"" is highly specific and implies a narrative that goes beyond the general theme suggested by the video description.

#### Step 4: Determine if the Thumbnail Accurately Represents the Video's Main Topic or Content
The thumbnail suggests a narrative centered around dissatisfaction and unfulfillment in the relationship, which is not explicitly mentioned in the video description. While the video does discuss issues within the couple's relationship, the specific claim about dissatisfaction is not supported by the content provided.

#### Step 5: Assess Whether the Thumbnail Uses Exaggeration, False Promises, or Clickbait Tactics
The thumbnail uses exaggerated language (""SHE NEVER SATISFIED ME!"") which is not supported by the video content. This creates a misleading expectation for viewers.

#### Step 6: Categorize the Thumbnail as Either ""Misleading"" or ""Not Misleading""
Based on the analysis, the thumbnail is misleading because it uses exaggerated language that is not supported by the actual content of the video.

#### Explanation:
The thumbnail sets up a specific narrative about dissatisfaction in the relationship, which is not directly addressed in the video content. While the video does explore issues within the couple's relationship, the specific claim about dissatisfaction is not substantiated by the video itself. Therefore, the thumbnail misleads viewers by promising a specific narrative that is not fully realized in the video."
jlQDHrDTyi4,"### Analysis of the Thumbnail and Subtitles

#### Step 1: Examine the Thumbnail
The thumbnail shows two individuals on a talk show set, with one person pointing at the other. The text overlay reads, ""SHE TRIED TO SET HIM UP.""

#### Step 2: Read Through the Video Subtitles and Content Description
The subtitles and content description describe a talk show appearance where the actor discusses various topics, including his family life, his role as a father, and his advocacy for school safety initiatives. There is no mention of any ""set-up"" scenario involving the actor.

#### Step 3: Compare the Thumbnail to the Actual Video Content
The thumbnail depicts a situation that seems to involve a confrontation or a point being made during a talk show segment. However, the video content does not align with this depiction. Instead, it shows the actor engaging in a serious and thoughtful discussion about his personal life and advocacy work.

#### Step 4: Determine if the Thumbnail Accurately Represents the Video's Main Topic or Content
The thumbnail does not accurately represent the main topic or content of the video. It suggests a scenario that is not present in the actual video.

#### Step 5: Assess Whether the Thumbnail Uses Exaggeration, False Promises, or Clickbait Tactics
The thumbnail uses exaggerated language (""SHE TRIED TO SET HIM UP"") which is not supported by the actual content of the video. This creates a misleading impression.

#### Step 6: Categorize the Thumbnail as Either ""Misleading"" or ""Not Misleading""
Based on the analysis, the thumbnail is misleading.

#### Explanation for Decision
The thumbnail uses exaggerated language and a scenario that is not depicted in the actual video content. It suggests a confrontation or a point being made during a talk show segment, which is not the case. The video content shows a serious and thoughtful discussion about the actor's personal life and advocacy work. Therefore, the thumbnail is misleading."
tvoSPqaIiI8,"### Analysis of the Thumbnail and Video Content

#### Step 1: Examine the Thumbnail
The thumbnail features four images labeled ""THEN"" and ""NOW,"" suggesting a before-and-after format. The text reads ""PLASTIC SURGERY DISASTERS."" The images depict individuals with significant changes in appearance, implying a focus on the negative outcomes of plastic surgery.

#### Step 2: Read Through the Video Subtitles and Content Description
The subtitles and video content describe a series of plastic surgery disasters involving celebrities and individuals who have undergone cosmetic procedures. The video highlights the severe consequences of these surgeries, including disfigurement, health complications, and career setbacks.

#### Step 3: Compare the Thumbnail to the Actual Video Content
The thumbnail accurately reflects the content of the video. It shows individuals before and after plastic surgery, which aligns with the video's focus on plastic surgery disasters.

#### Step 4: Determine if the Thumbnail Accurately Represents the Video's Main Topic or Content
The thumbnail effectively represents the video's main topic, which is the negative outcomes of plastic surgery. It does not mislead viewers about the content.

#### Step 5: Assess Whether the Thumbnail Uses Exaggeration, False Promises, or Clickbait Tactics
The thumbnail does not use any exaggerated language or false promises. It clearly communicates the theme of plastic surgery disasters without misleading viewers.

#### Step 6: Categorize the Thumbnail
The thumbnail is **Not Misleading**.

#### Explanation
The thumbnail accurately represents the video's content by showing before-and-after images of individuals affected by plastic surgery disasters. It does not use any misleading elements such as exaggerated claims or false promises. Therefore, it is appropriate and truthful in its representation of the video's subject matter."
jpRgf5q-9FM,"### Analysis of the YouTube Video Thumbnail and Content

#### Step 1: Examine the Thumbnail
The thumbnail features three individuals, with the central figure wearing sunglasses and a Mickey Mouse shirt, alongside two other individuals. The text overlay reads ""EXCLUSIVE | BIANCA THANKS KOURTNEY FOR.......!!""

#### Step 2: Read Through the Video Subtitles and Content Description
The subtitles indicate a conflict between Kim Kardashian and Bianca Censori, with Kourtney Kardashian taking sides against Kim. The content description provides a narrative of tension and drama involving the Kardashian family members, particularly focusing on the feud between Kim and Bianca.

#### Step 3: Compare the Thumbnail to the Actual Video Content
The thumbnail suggests a positive interaction between Kourtney and Bianca, indicated by the text ""Bianca thanks Kourtney."" However, the video content describes a conflict and tension between Kim and Bianca, with Kourtney siding with Bianca against Kim.

#### Step 4: Determine if the Thumbnail Accurately Represents the Video's Main Topic or Content
The thumbnail does not accurately represent the main topic or content of the video. It implies a positive interaction between Kourtney and Bianca, which contrasts sharply with the negative and conflict-driven narrative described in the subtitles and content description.

#### Step 5: Assess Whether the Thumbnail Uses Exaggeration, False Promises, or Clickbait Tactics
The thumbnail uses exaggerated language (""EXCLUSIVE"") and a misleading promise (""Bianca thanks Kourtney""), which are likely designed to attract viewers' attention. However, the core message of the thumbnail—positive interaction between Kourtney and Bianca—is misleading given the actual content of the video.

#### Step 6: Categorize the Thumbnail as Either ""Misleading"" or ""Not Misleading""
Based on the analysis, the thumbnail is **misleading**.

#### Explanation for Decision
The thumbnail creates an expectation of a positive interaction between Kourtney and Bianca, which is not supported by the video content. Instead, the video depicts a conflict and tension between Kim and Bianca, with Kourtney taking sides against Kim. The use of the word ""EXCLUSIVE"" and the promise of a positive interaction further misleads viewers into expecting a different outcome than what is actually presented in the video."
x0qoIC_qYxM,"### Analysis of the Thumbnail and Video Content

#### Step 1: Examine the Thumbnail
The thumbnail features a professional baseball player wearing an Oakland Athletics uniform, standing next to a large, luxurious house and a white SUV. The image suggests that the video might be about the player's lifestyle or achievements beyond just his baseball career.

#### Step 2: Read Through the Video Subtitles and Content Description
The video content primarily focuses on the career highlights of a professional baseball pitcher for the Oakland Athletics. It showcases the player's pitching skills, his performance across different seasons and venues, and his dedication to the sport. The video does not mention anything related to luxury lifestyles or possessions.

#### Step 3: Compare the Thumbnail to the Actual Video Content
The thumbnail depicts a luxurious lifestyle (house and SUV) which is not mentioned or shown in the video content. The video is entirely focused on the player's baseball career and does not include any scenes or discussion about his personal life or possessions.

#### Step 4: Determine if the Thumbnail Accurately Represents the Video's Main Topic or Content
The thumbnail does not accurately represent the video's main topic or content. It misleads viewers into expecting a video about the player's lifestyle rather than his baseball career.

#### Step 5: Assess Whether the Thumbnail Uses Exaggeration, False Promises, or Clickbait Tactics
The thumbnail uses exaggerated imagery to attract viewers, promising them a glimpse into the player's luxurious lifestyle when the video content is solely about his baseball career.

#### Step 6: Categorize the Thumbnail as Either ""Misleading"" or ""Not Misleading""
The thumbnail is **misleading** because it does not accurately represent the video's main topic or content. It uses exaggerated imagery to attract viewers without providing relevant information about the player's baseball career.

#### Explanation
The thumbnail creates an expectation that the video will showcase the player's luxurious lifestyle, which is not the case. Instead, the video is a career highlight reel focusing on the player's baseball skills and achievements. This mismatch between the thumbnail and the video content is misleading and could lead viewers to watch the video expecting something different from what they actually get."
NtIuLt9Ovjw,"### Analysis:

1. **Examine the thumbnail**: The thumbnail features a man reacting with a surprised expression, accompanied by an image of a creature that resembles a hybrid between a human and a horse, with glowing red eyes and sharp claws. The text ""BRITAIN'S GOT TALENT 2024"" is prominently displayed.

2. **Read through the video subtitles and content description**: There are no subtitles provided in the video description, but the content suggests a compilation of a variety of acts, including singing, magic tricks, and special effects.

3. **Compare the thumbnail to the actual video content**: The thumbnail shows a creature that is not depicted in the video content. The video primarily focuses on a young woman performing various acts, including singing and magic tricks, with occasional special effects and audience reactions.

4. **Determine if the thumbnail accurately represents the video's main topic or content**: The thumbnail does not accurately represent the video's main content. It shows a creature that is not part of the actual performance or acts shown in the video.

5. **Assess whether the thumbnail uses exaggeration, false promises, or clickbait tactics**: The thumbnail uses exaggerated imagery to attract viewers, which is misleading because it does not reflect the actual content of the video.

6. **Categorize the thumbnail as either ""Misleading"" or ""Not Misleading""**: Based on the analysis, the thumbnail is misleading.

7. **Brief explanation for the decision**: The thumbnail features a creature that is not present in the video content. It uses exaggerated imagery to attract viewers, which is misleading. The video primarily showcases a young woman performing various acts, including singing and magic tricks, with occasional special effects and audience reactions. The thumbnail does not accurately represent the video's main content and uses exaggerated imagery to attract viewers, making it misleading."
RbZUp_TtE6g,"### Analysis of the YouTube Video Thumbnail and Content

#### Step 1: Examine the Thumbnail
The thumbnail features two individuals, one wearing a hat labeled ""SALVATION"" and the other in an orange shirt. The text overlay reads, ""EXCLUSIVE 'FORCED ME INTO GAY PARTIES!'""

#### Step 2: Read Through the Video Subtitles and Content Description
The subtitles discuss allegations against T.D. Jakes involving inappropriate behavior at parties, particularly gay parties. The content description mentions various segments related to T.D. Jakes, including his television program ""Crushing,"" interviews, and social media posts discussing allegations against him.

#### Step 3: Compare the Thumbnail to the Actual Video Content
The thumbnail depicts two individuals, one of whom is wearing a hat labeled ""SALVATION."" The text ""EXCLUSIVE 'FORCED ME INTO GAY PARTIES!'"" suggests a specific claim about T.D. Jakes being involved in inappropriate behavior at gay parties. However, the video content does not explicitly confirm or deny this claim; instead, it discusses broader allegations of inappropriate behavior and controversies surrounding T.D. Jakes.

#### Step 4: Determine if the Thumbnail Accurately Represents the Video's Main Topic or Content
The thumbnail focuses on a specific claim about T.D. Jakes being forced into gay parties, which is not the central theme of the video. The video content is more general and discusses multiple allegations and controversies surrounding T.D. Jakes.

#### Step 5: Assess Whether the Thumbnail Uses Exaggeration, False Promises, or Clickbait Tactics
The thumbnail uses a sensational headline (""EXCLUSIVE 'FORCED ME INTO GAY PARTIES!'"" suggesting a specific and controversial claim) without providing context or evidence. This could be considered clickbait as it promises a specific detail that is not necessarily the main focus of the video.

#### Step 6: Categorize the Thumbnail as Either ""Misleading"" or ""Not Misleading""
Based on the analysis, the thumbnail is misleading because it focuses on a specific claim (forced into gay parties) that is not the main topic of the video. It uses a sensational headline to attract viewers without providing accurate context.

#### Explanation
The thumbnail misleads viewers by focusing on a specific claim about T.D. Jakes being forced into gay parties, which is not the central theme of the video. Instead, the video discusses broader allegations and controversies surrounding T.D. Jakes. The use of a sensational headline without providing context or evidence is indicative of clickbait tactics. Therefore, the thumbnail is classified as ""Misleading."""
lY-rdDrJb3c,"### Analysis of the YouTube Video Thumbnail and Content

#### Step 1: Examine the Thumbnail
The thumbnail features three images:
1. A close-up of a woman's face labeled ""THEN.""
2. A side-by-side comparison of two women labeled ""THEN"" and ""NOW.""
3. A large text overlay stating, ""HER FACE IS RUINED!!""

#### Step 2: Read Through the Video Subtitles and Content Description
The subtitles and content description discuss Kylie Jenner's appearance, particularly focusing on her plastic surgery and the perception of her face being ""ruined."" The video mentions concerns from fans about her face looking unnatural due to cosmetic procedures, and it references statements from her sister Kim Kardashian about the extent of her plastic surgery.

#### Step 3: Compare the Thumbnail to the Actual Video Content
The thumbnail prominently displays the phrase ""HER FACE IS RUINED!!"" which aligns closely with the subtitles that discuss concerns about Kylie Jenner's face looking unnatural after cosmetic procedures. The ""THEN"" and ""NOW"" images likely represent her appearance before and after the procedures.

#### Step 4: Determine if the Thumbnail Accurately Represents the Video's Main Topic or Content
The thumbnail accurately reflects the main topic of the video, which is the discussion of Kylie Jenner's appearance and the controversy surrounding her plastic surgery.

#### Step 5: Assess Whether the Thumbnail Uses Exaggeration, False Promises, or Clickbait Tactics
The thumbnail does not use exaggerated language or false promises. It clearly communicates the main topic of the video without misleading viewers.

#### Step 6: Categorize the Thumbnail
The thumbnail is **Not Misleading**.

#### Explanation
The thumbnail effectively summarizes the main topic of the video, which is the discussion of Kylie Jenner's appearance and the controversy surrounding her plastic surgery. It does not use exaggerated language or false promises, and it accurately represents the content of the video. Therefore, it is not misleading."
Tg3MRTuBWhE,"### Analysis:

1. **Examine the thumbnail**: The thumbnail shows two babies dressed in costumes, one holding a microphone and the other playing a guitar. There is also a judge reacting with surprise or shock.

2. **Read the subtitles**: The subtitles read ""موهبة عظيمة تدخل التاريخ History records this talent."" This translates to ""A great talent enters history.""

3. **Compare the thumbnail to the actual video content**:
   - The thumbnail depicts babies performing, which aligns with the idea of a ""great talent entering history.""
   - However, the video content described does not feature babies performing; it showcases a variety of acts including dancers, acrobats, clowns, and animal acts.

4. **Determine if the thumbnail accurately represents the video's main topic or content**:
   - The thumbnail suggests a performance involving babies, which is not depicted in the video content.
   - The video content focuses on a wide range of acts, none of which involve babies.

5. **Assess whether the thumbnail uses exaggeration, false promises, or clickbait tactics**:
   - The thumbnail uses exaggeration by suggesting that babies are performing, which is not true based on the video content.
   - It also creates false promises by implying that the video will feature a significant baby performance when it does not.

6. **Categorize the thumbnail**:
   - Based on the analysis, the thumbnail is misleading because it misrepresents the actual content of the video.

7. **Explanation**:
   - The thumbnail incorrectly suggests that the video features babies performing, which is not the case. Instead, the video showcases a variety of acts typical of ""Britain's Got Talent,"" including dancers, acrobats, clowns, and animal acts. The presence of babies in the thumbnail is misleading and does not reflect the actual content of the video.

### Conclusion:
The thumbnail is **Misleading**."
OrvNF731Iuc,"### Analysis of the YouTube Video Thumbnail

#### Step 1: Examine the Thumbnail
The thumbnail features three distinct images:
1. A close-up of a man with gray hair and a beard, appearing frustrated or upset.
2. A young woman with a neutral expression.
3. A person in a colorful outfit, seemingly celebrating or expressing joy.

#### Step 2: Read Through the Video Subtitles and Content Description
The subtitles indicate that the video discusses Sylvester Stallone's stance against ""woke Hollywood,"" specifically mentioning his frustration with the use of pronouns and the broader cultural debates within the film industry. The content description provides a summary of the video's scenes, which include various settings and characters, but does not explicitly mention the pronoun issue or Stallone's opposition to ""woke"" culture.

#### Step 3: Compare the Thumbnail to the Actual Video Content
The thumbnail shows a man looking frustrated, which aligns with the theme of Stallone expressing dissatisfaction with ""woke"" culture. However, the other images (the young woman and the person in the colorful outfit) do not directly relate to the specific issues discussed in the subtitles, such as pronoun usage or Stallone's opposition to ""woke"" culture.

#### Step 4: Determine if the Thumbnail Accurately Represents the Video's Main Topic or Content
While the thumbnail captures a moment of frustration, it does not fully represent the specific topics discussed in the subtitles. The pronoun issue and Stallone's opposition to ""woke"" culture are not visually represented in the thumbnail.

#### Step 5: Assess Whether the Thumbnail Uses Exaggeration, False Promises, or Clickbait Tactics
The thumbnail does not appear to use exaggerated visuals or false promises. Instead, it seems to be a straightforward representation of a moment of frustration, which is relevant to the discussion of Stallone's stance.

#### Step 6: Categorize the Thumbnail as Either ""Misleading"" or ""Not Misleading""
Based on the analysis, the thumbnail is **not misleading** because it accurately reflects a moment of frustration, which is a part of the discussion about Stallone's opposition to ""woke"" culture. However, it does not fully capture the specific topics mentioned in the subtitles, such as pronoun usage and the broader cultural debates.

#### Explanation
The thumbnail effectively conveys a sense of frustration, which is a key element of Stallone's message. However, it does not provide a comprehensive visual representation of the specific issues discussed in the subtitles. Therefore, while it is not misleading in terms of conveying the general theme, it could be considered somewhat incomplete in terms of fully representing the detailed content of the video."
4X-OL6Dz8Wk,"### Analysis of the YouTube Video Thumbnail

#### Step 1: Examine the Thumbnail
The thumbnail features a man with a surprised expression, accompanied by the text ""BREAKING: HE'S AMERICA'S NO.1 SELLOUT!!!"". The image includes smaller inset images of interactions between individuals, including a handshake between a man and a woman, and another handshake between a man and a woman alongside a man in a suit.

#### Step 2: Read Through the Video Subtitles and Content Description
The subtitles and content description discuss allegations against Steve Harvey regarding his alleged sell-out to Kamala Harris and the influence of money on black voters. The video appears to be a compilation of various clips featuring public figures, primarily focusing on talk show appearances and interviews, discussing controversial topics related to politics and celebrity endorsements.

#### Step 3: Compare the Thumbnail to the Actual Video Content
The thumbnail prominently features a man with a surprised expression and the text ""HE'S AMERICA'S NO.1 SELLOUT!!!"". However, the video content does not focus solely on Steve Harvey or explicitly state that he is ""America's No.1 Sellout."" Instead, it discusses allegations and controversies surrounding Steve Harvey's involvement with Kamala Harris and the broader issue of black voters being influenced by money.

#### Step 4: Determine if the Thumbnail Accurately Represents the Video's Main Topic or Content
The thumbnail suggests a specific claim about Steve Harvey being a ""No.1 Sellout,"" which is not entirely accurate based on the video content. The video discusses allegations and controversies but does not definitively label Steve Harvey as such.

#### Step 5: Assess Whether the Thumbnail Uses Exaggeration, False Promises, or Clickbait Tactics
The thumbnail uses exaggerated language (""BREAKING: HE'S AMERICA'S NO.1 SELLOUT!!!"") to attract attention, which could be considered clickbait. However, the thumbnail does not explicitly state that Steve Harvey is a ""No.1 Sellout""; instead, it hints at controversy without providing concrete evidence.

#### Step 6: Categorize the Thumbnail as Either ""Misleading"" or ""Not Misleading""
Given that the thumbnail uses exaggerated language and hints at controversy without providing concrete evidence, it can be categorized as **Misleading**.

#### Explanation for Decision
The thumbnail exaggerates the severity of the situation by labeling Steve Harvey as ""America's No.1 Sellout"" without providing sufficient context or evidence. While the video content discusses allegations and controversies, the thumbnail's use of exaggerated language and lack of concrete evidence makes it misleading."
6SX3f4tP86g,"### Analysis of the YouTube Video Thumbnail

#### Step 1: Examine the Thumbnail
The thumbnail features two images side by side:
- On the left, a woman is shown with a serious expression.
- On the right, a man and a woman are kissing.

Below the images, the text reads: ""EXCLUSIVE 'YOU ARE THE DEVIL'"".

#### Step 2: Read Through the Video Subtitles and Content Description
The subtitles and content description indicate a discussion about a celebrity couple, specifically Ben Affleck and Jennifer Lopez. The video seems to cover their relationship history, public appearances, and the dynamics surrounding their interactions.

#### Step 3: Compare the Thumbnail to the Actual Video Content
The thumbnail suggests a dramatic or intense interaction between the couple, possibly involving conflict or a significant emotional moment. However, the video content, as described, focuses on various public appearances, interviews, and personal moments of the couple, rather than a specific dramatic or confrontational scene.

#### Step 4: Determine if the Thumbnail Accurately Represents the Video's Main Topic or Content
The thumbnail does not accurately represent the main topics discussed in the video. While the couple's relationship is central to the content, the thumbnail implies a more intense or confrontational scenario that is not explicitly depicted in the video.

#### Step 5: Assess Whether the Thumbnail Uses Exaggeration, False Promises, or Clickbait Tactics
The thumbnail uses exaggerated language (""EXCLUSIVE 'YOU ARE THE DEVIL'"") to create intrigue and attract viewers. However, the content of the video does not match the dramatic tone suggested by the thumbnail.

#### Step 6: Categorize the Thumbnail as Either ""Misleading"" or ""Not Misleading""
Based on the analysis, the thumbnail is misleading because it suggests a more dramatic or confrontational scenario than what the video actually contains.

#### Explanation for Decision
The thumbnail uses dramatic language and imagery to suggest a significant conflict or confrontation between the couple, which is not reflected in the actual video content. The video primarily covers their relationship history, public appearances, and personal moments, rather than a specific dramatic or confrontational scene. Therefore, the thumbnail misleads viewers by not accurately representing the video's main topic or content."
fLGDUf63QIk,"### Analysis:

#### Step 1: Examine the Thumbnail
The thumbnail features two individuals, one speaking directly to the camera and another appearing in a formal setting, likely during a hearing or interview. The text overlay reads ""EXCLUSIVE 'PLEASE I'M SORRY!'""

#### Step 2: Read Through the Video Subtitles and Content Description
The subtitles and content description focus on the personal life and relationships of a famous actress, specifically mentioning Ben Affleck and Jennifer Lopez. The video discusses their past and present relationships, including a divorce and a new partnership.

#### Step 3: Compare the Thumbnail to the Actual Video Content
The thumbnail shows two individuals seemingly discussing a serious matter, which aligns with the content described in the subtitles and the video description. However, the text ""PLEASE I'M SORRY!"" suggests an apology or a request for forgiveness, which is not explicitly mentioned in the provided content description.

#### Step 4: Determine if the Thumbnail Accurately Represents the Video's Main Topic or Content
While the thumbnail depicts a serious discussion between two individuals, the text ""PLEASE I'M SORRY!"" introduces a specific element (an apology) that is not directly supported by the video content description. The video primarily focuses on the actress's personal life and relationships, not on an apology or a request for forgiveness.

#### Step 5: Assess Whether the Thumbnail Uses Exaggeration, False Promises, or Clickbait Tactics
The thumbnail does not use exaggerated claims or false promises. However, the text ""PLEASE I'M SORRY!"" introduces a specific element that is not clearly indicated in the video content description, which could be misleading to viewers expecting a different type of content.

#### Step 6: Categorize the Thumbnail as Either ""Misleading"" or ""Not Misleading""
Based on the analysis, the thumbnail is **misleading** because it introduces an element (""PLEASE I'M SORRY!"") that is not clearly supported by the video content description. While the thumbnail accurately depicts a serious discussion between two individuals, the text ""PLEASE I'M SORRY!"" suggests a specific context (an apology) that is not explicitly mentioned in the provided content description.

#### Explanation:
The thumbnail effectively captures the serious nature of the discussion but introduces a specific element (""PLEASE I'M SORRY!"") that is not clearly supported by the video content description. This could mislead viewers into expecting a different type of content, leading to confusion or disappointment upon watching the video. Therefore, the thumbnail is misleading."
9YGNMnmHI-8,"### Analysis of the YouTube Video Thumbnail

#### Step 1: Examine the thumbnail
The thumbnail features two individuals, one with a surprised expression and the other with a confident, defiant expression. The text overlaid on the thumbnail reads:
- ""THEY WILL KILL YOU""
- ""I AIN'T SCARED""

#### Step 2: Read through the video subtitles and content description
The subtitles and content description discuss prominent figures in the entertainment industry, including Dave Chappelle and Ice Cube. The video highlights their experiences dealing with powerful figures in the industry and their concerns about safety and the exploitation within the entertainment world.

#### Step 3: Compare the thumbnail to the actual video content
The thumbnail depicts a stark contrast between fear (""They Will Kill You"") and defiance (""I Ain't Scared""). While the video content does touch on themes of fear and defiance related to the entertainment industry, the specific individuals mentioned in the thumbnail (Dave Chappelle and Ice Cube) are not explicitly highlighted in the provided video description.

#### Step 4: Determine if the thumbnail accurately represents the video's main topic or content
The thumbnail suggests a direct confrontation between fear and defiance, which aligns somewhat with the themes discussed in the video. However, the thumbnail does not specifically reference Dave Chappelle or Ice Cube, nor does it convey the detailed narrative about their experiences and concerns.

#### Step 5: Assess whether the thumbnail uses exaggeration, false promises, or clickbait tactics
The thumbnail uses exaggerated language (""They Will Kill You"") to create a sense of tension and drama. However, the content of the video does not necessarily support such a dramatic claim, as it focuses more on the experiences and perspectives of the individuals rather than a literal threat.

#### Step 6: Categorize the thumbnail as either ""Misleading"" or ""Not Misleading""
Given that the thumbnail uses exaggerated language and does not clearly represent the specific individuals or the detailed narrative discussed in the video, it can be considered **misleading**.

#### Explanation
The thumbnail creates a sense of drama and conflict that may not accurately reflect the content of the video. While the video discusses themes of fear and defiance in the entertainment industry, the thumbnail does not provide clear context about the specific individuals involved or the nuanced narrative presented in the video. Therefore, the thumbnail is misleading."
fFXuKcvhwyA,"### Analysis of the Provided Information

#### Step 1: Examine the Thumbnail
The thumbnail features two individuals, one with pink hair and the other with short blonde hair, both appearing to be in a talk show setting. The text bubble overlaid on the image says ""You're Not Funny!"" suggesting a humorous or comedic context.

#### Step 2: Read Through the Video Subtitles and Content Description
The subtitles and content description focus on the interactions between Ellen DeGeneres and various celebrities, particularly Kaitlin Jenner and Wendy Williams. The video discusses their relationships, conflicts, and interactions on talk shows. The content is primarily about the dynamics between these personalities rather than a humorous interaction.

#### Step 3: Compare the Thumbnail to the Actual Video Content
The thumbnail depicts a humorous interaction, while the video content is about the interpersonal dynamics and conflicts between celebrities on talk shows. The thumbnail does not accurately represent the main topic or content of the video.

#### Step 4: Determine if the Thumbnail Accurately Represents the Video's Main Topic or Content
The thumbnail does not accurately represent the main topic or content of the video. It suggests a humorous interaction that is not present in the video.

#### Step 5: Assess Whether the Thumbnail Uses Exaggeration, False Promises, or Clickbait Tactics
The thumbnail uses exaggerated language (""You're Not Funny!"") to attract viewers, which is misleading as it does not reflect the actual content of the video.

#### Step 6: Categorize the Thumbnail as Either ""Misleading"" or ""Not Misleading""
The thumbnail is **misleading**.

#### Explanation for Decision
The thumbnail suggests a humorous interaction between the two individuals, which is not the case in the video. Instead, the video focuses on the interpersonal dynamics and conflicts between celebrities on talk shows. The use of exaggerated language (""You're Not Funny!"") in the thumbnail is misleading and does not accurately represent the content of the video. Therefore, the thumbnail is misleading."
YajbAkhu6hU,"### Analysis of the YouTube Video Thumbnail and Content

#### Step 1: Examine the Thumbnail
The thumbnail features a close-up of a man with a serious expression, accompanied by the text ""SHE USED ME."" The image suggests a dramatic or confrontational scenario involving the man and another individual, likely a woman, based on the context provided.

#### Step 2: Read Through the Video Subtitles and Content Description
The subtitles indicate a discussion about a celebrity couple's relationship, specifically mentioning Jennifer Lopez and Ben Affleck. The content describes their marriage, the reasons for their divorce, and the aftermath of their breakup. The video highlights public appearances, interviews, and private moments related to their relationship.

#### Step 3: Compare the Thumbnail to the Actual Video Content
The thumbnail depicts a scene that appears to be a confrontation or a moment of tension, which aligns somewhat with the content described in the subtitles. However, the specific mention of ""SHE USED ME"" in the thumbnail text is not directly supported by the video content. The video does not explicitly state that Jennifer Lopez used Ben Affleck; instead, it focuses on the challenges and eventual end of their relationship.

#### Step 4: Determine if the Thumbnail Accurately Represents the Video's Main Topic or Content
While the thumbnail captures a moment of tension, it does not accurately represent the entire narrative of the video. The video content is more about the relationship dynamics and the challenges faced by the couple rather than a single instance of betrayal or manipulation.

#### Step 5: Assess Whether the Thumbnail Uses Exaggeration, False Promises, or Clickbait Tactics
The thumbnail uses a provocative statement (""SHE USED ME"") that could be considered clickbait. It creates a sense of drama and conflict that may not be fully represented in the video content.

#### Step 6: Categorize the Thumbnail as Either ""Misleading"" or ""Not Misleading""
Based on the analysis, the thumbnail is misleading because it uses a provocative statement that does not accurately reflect the overall content of the video. While the thumbnail captures a moment of tension, the video content is more about the relationship dynamics and the challenges faced by the couple.

#### Explanation
The thumbnail uses a provocative statement that may mislead viewers into expecting a more dramatic or confrontational narrative than what the video content actually provides. The video is more about the relationship dynamics and the challenges faced by the couple, rather than a single instance of betrayal or manipulation. Therefore, the thumbnail is misleading."
DlJcKi47Dhg,"### Analysis:

#### Step 1: Examine the Thumbnail
The thumbnail features a woman (Meghan Markle) in the center, with a smaller inset image of a man (Prince Harry) in the upper right corner. There is a red circle highlighting the woman's hand gesture, and the word ""SHUT UP"" is prominently displayed in bold letters next to the man's image. The overall tone of the thumbnail suggests tension and conflict between the two individuals.

#### Step 2: Read Through the Video Subtitles and Content Description
The subtitles indicate a heated exchange between Prince Harry and Meghan Markle during an interview. The content description mentions a serious discussion about a support program for families affected by cyberbullying, but highlights tension and disagreement between the couple. The subtitles suggest that the interview may reveal underlying issues in their relationship, including potential domestic abuse and power struggles.

#### Step 3: Compare the Thumbnail to the Actual Video Content
The thumbnail captures a moment of tension between the two individuals, which aligns with the content described in the subtitles. However, the thumbnail does not provide context about the specific topic of the interview or the nature of the discussion.

#### Step 4: Determine if the Thumbnail Accurately Represents the Video's Main Topic or Content
While the thumbnail does capture a moment of tension, it does not clearly represent the main topic of the interview, which is about a support program for families affected by cyberbullying. The thumbnail focuses on the couple's interaction, which is a secondary element within the broader context of the interview.

#### Step 5: Assess Whether the Thumbnail Uses Exaggeration, False Promises, or Clickbait Tactics
The thumbnail uses exaggerated language (""SHUT UP"") and highlights a specific moment of tension to attract attention. While it does not explicitly lie about the content, it does oversimplify the situation by focusing solely on the tension between the two individuals without providing context about the interview's purpose.

#### Step 6: Categorize the Thumbnail as Either ""Misleading"" or ""Not Misleading""
Based on the analysis, the thumbnail is **misleading** because it focuses on a single moment of tension without providing context about the broader purpose of the interview. It creates a misleading impression that the entire interview revolves around personal conflict, which is not necessarily true based on the provided content description.

#### Explanation:
The thumbnail effectively captures a moment of tension but fails to convey the full context of the interview. By highlighting the tension and using exaggerated language, it may mislead viewers into thinking that the entire interview is about the couple's relationship issues, rather than the support program for families affected by cyberbullying. Therefore, the thumbnail is misleading."
97Kk-c06T9w,"### Analysis of the Thumbnail and Video Content

#### Step 1: Examine the Thumbnail
The thumbnail features a black background with white text that reads ""Final days."" Below the text, there is a red Apple logo. The image of a person, presumably Tim Cook, is partially visible on the right side of the thumbnail.

#### Step 2: Read Through the Video Subtitles and Content Description
The subtitles indicate that the video discusses a lawsuit against Apple, suggesting significant changes to the company and potentially the iPhone itself. The content description mentions a podcast or video blog discussing Apple's ecosystem and its potential future changes due to the lawsuit.

#### Step 3: Compare the Thumbnail to the Actual Video Content
The thumbnail suggests a dramatic or urgent situation (""Final days""), which aligns somewhat with the content of the subtitles mentioning a lawsuit and potential changes to Apple. However, the thumbnail does not explicitly convey the detailed nature of the lawsuit or the specific changes discussed in the video.

#### Step 4: Determine if the Thumbnail Accurately Represents the Video's Main Topic or Content
While the thumbnail hints at a significant event (a lawsuit), it does not provide enough context to accurately represent the detailed content of the video. The thumbnail is somewhat misleading because it does not clearly communicate the specific focus on the lawsuit and its implications for Apple.

#### Step 5: Assess Whether the Thumbnail Uses Exaggeration, False Promises, or Clickbait Tactics
The thumbnail uses the term ""Final days,"" which can be interpreted as a clickbait tactic designed to create urgency and attract viewers. However, the thumbnail does not exaggerate the severity of the situation described in the subtitles.

#### Step 6: Categorize the Thumbnail as Either ""Misleading"" or ""Not Misleading""
Based on the analysis, the thumbnail is **misleading** because it does not accurately represent the detailed content of the video. While it hints at a significant event, it fails to convey the specific focus on the lawsuit and its implications for Apple.

#### Explanation
The thumbnail uses the term ""Final days"" to create a sense of urgency, which may attract viewers but does not accurately reflect the detailed content of the video. The thumbnail does not provide enough context to convey the specific focus on the lawsuit and its implications for Apple. Therefore, the thumbnail is misleading."
XbpgGkDkdho,"### Analysis of the YouTube Video Thumbnail

#### Step 1: Examine the thumbnail
The thumbnail features a collage of images:
- A woman with blonde hair and sunglasses.
- A woman with long, curly hair.
- A woman with short, curly hair.
- A woman with long, straight hair.
- A woman with short, straight hair.
- A woman with long, straight hair.
- A woman with short, straight hair.
- A woman with long, straight hair.
- A woman with short, straight hair.
- A woman with long, straight hair.
- A woman with short, straight hair.
- A woman with long, straight hair.
- A woman with short, straight hair.
- A woman with long, straight hair.
- A woman with short, straight hair.
- A woman with long, straight hair.
- A woman with short, straight hair.
- A woman with long, straight hair.
- A woman with short, straight hair.
- A woman with long, straight hair.
- A woman with short, straight hair.
- A woman with long, straight hair.
- A woman with short, straight hair.
- A woman with long, straight hair.
- A woman with short, straight hair.
- A woman with long, straight hair.
- A woman with short, straight hair.
- A woman with long, straight hair.
- A woman with short, straight hair.
- A woman with long, straight hair.
- A woman with short, straight hair.
- A woman with long, straight hair.
- A woman with short, straight hair.
- A woman with long, straight hair.
- A woman with short, straight hair.
- A woman with long, straight hair.
- A woman with short, straight hair.
- A woman with long, straight hair.
- A woman with short, straight hair.
- A woman with long, straight hair.
- A woman with short, straight hair.
- A woman with long, straight hair.
- A woman with short, straight hair.
- A woman with long, straight hair.
- A woman with short, straight hair.
- A woman with long, straight hair.
- A woman with short, straight hair.
- A woman with long, straight hair.
- A woman with short, straight hair.
- A woman with long, straight hair.
- A woman with short, straight hair.
- A woman with long, straight hair.
- A woman with short, straight hair.
- A woman with long, straight hair.
- A woman with short, straight hair.
- A woman with long, straight hair.
- A woman with short, straight hair.
- A woman with long, straight hair.
- A woman with short, straight hair.
- A woman with long, straight hair.
- A woman with short, straight hair.
- A woman with long, straight hair.
- A woman with short, straight hair.
- A woman with long, straight hair.
- A woman with short, straight hair.
- A woman with long, straight hair.
- A woman with short, straight hair.
- A woman with long, straight hair.
- A woman with short, straight hair.
- A woman with long, straight hair.
- A woman with short, straight hair.
- A woman with long, straight hair.
- A woman with short, straight hair.
- A woman with long, straight hair.
- A woman with short, straight hair.
- A woman with long, straight hair.
- A woman with short, straight hair.
- A woman with long, straight hair.
- A woman with short, straight hair.
- A woman with long, straight hair.
- A woman with short, straight hair.
- A woman with long, straight hair.
- A woman with short, straight hair.
- A woman with long, straight hair.
- A woman with short, straight hair.
- A woman with long, straight hair.
- A woman with short, straight hair.
- A woman with long, straight hair.
- A woman with short, straight hair.
- A woman with long, straight hair.
- A woman with short, straight hair.
- A woman with long, straight hair.
- A woman with short, straight hair.
- A woman with long, straight hair.
- A woman with short, straight hair.
- A woman with long, straight hair.
- A woman with short, straight hair.
- A woman with long, straight hair.
- A woman with short, straight hair.
- A woman with long, straight hair.
- A woman with short, straight hair.
- A woman with long, straight hair.
- A woman with short, straight hair.
- A woman with long, straight hair.
- A woman with short, straight hair.
- A woman with long, straight hair.
- A woman with short, straight hair.
- A woman with long, straight hair.
- A woman with short, straight hair.
- A woman with long, straight hair.
- A woman with short, straight hair"
fPWHyjU4k4Q,"### Analysis:

1. **Examine the thumbnail**: The thumbnail features a man with a surprised expression, two women in revealing clothing (bra tops), and the text ""Beautiful talent!!"". The image suggests a focus on physical appearance rather than the actual content of the video.

2. **Read through the video content**: The video primarily showcases a talent show featuring a male performer demonstrating various acts, such as magic tricks and illusions. The audience's reactions are also highlighted, showing engagement and enjoyment.

3. **Compare the thumbnail to the actual video content**: The thumbnail does not accurately represent the video's main topic or content. It focuses on the physical appearance of the performers, which is not the primary subject of the video.

4. **Assess the thumbnail for exaggeration, false promises, or clickbait tactics**: The thumbnail uses exaggerated language (""Beautiful talent!!"") and imagery that misleads viewers into expecting a focus on physical attractiveness rather than the actual talent and performance.

5. **Categorize the thumbnail**: Based on the analysis, the thumbnail is misleading because it does not reflect the actual content of the video.

### Conclusion:

**Misleading**

**Explanation:** The thumbnail uses exaggerated language and imagery that misleads viewers into expecting a focus on physical attractiveness rather than the actual talent and performance showcased in the video."
hH4pGKB_OU8,"### Analysis of the Thumbnail and Video Content

1. **Examine the thumbnail**: The thumbnail features two images side by side. On the left, there is a person with a large, exaggerated face, possibly due to digital manipulation or a filter effect. On the right, there is a person with a more natural appearance, likely after applying makeup.

2. **Read through the video subtitles and content description**: The video content is described as a compilation of makeup transformation and beauty tutorials. It includes scenes of applying makeup, removing makeup, and showcasing the transformative power of cosmetics.

3. **Compare the thumbnail to the actual video content**: The thumbnail shows a significant difference between the two images, which might suggest a dramatic transformation. However, the video content does not necessarily involve such a drastic change; it focuses on makeup application and transformation rather than a complete face alteration.

4. **Determine if the thumbnail accurately represents the video's main topic or content**: While the thumbnail may imply a dramatic transformation, the video content is more about makeup application and personal care routines rather than a complete face transformation.

5. **Assess whether the thumbnail uses exaggeration, false promises, or clickbait tactics**: The thumbnail uses exaggeration by showing a large, manipulated face that might mislead viewers into expecting a more extreme transformation than what the video actually provides.

6. **Categorize the thumbnail as either ""Misleading"" or ""Not Misleading""**: Based on the analysis, the thumbnail is misleading because it suggests a more dramatic transformation than what the video content actually entails.

7. **Provide a brief explanation for your decision**: The thumbnail uses an exaggerated image to attract attention, which might lead viewers to expect a more significant transformation than what the video content offers. The video itself is focused on makeup application and personal care routines, not a complete face transformation.

**Conclusion**: The thumbnail is **Misleading**."
xK8Od8r01sI,"### Analysis of the YouTube Video Thumbnail and Content

#### Step 1: Examine the Thumbnail
The thumbnail features two individuals, presumably Will Smith and Jada Pinkett Smith, with text overlaid that reads:
- ""BE ASHAMED""
- ""DON'T SAY THAT""

#### Step 2: Read Through the Video Subtitles and Content Description
The subtitles and content description focus on the relationship dynamics within the Smith family, particularly the interactions between Jaden Smith and his mother, Jada Pinkett Smith. The video discusses the complexities of their relationship, including public scrutiny, interviews, and social media reactions. It touches on the petition against interviews and the public's reaction to the couple's unconventional relationship.

#### Step 3: Compare the Thumbnail to the Actual Video Content
The thumbnail does not accurately represent the video's main topic or content. While the video does discuss the Smith family's relationship dynamics, the thumbnail focuses on a specific aspect (Jaden Smith's relationship with his mother) rather than the broader family dynamics or the public scrutiny mentioned in the video.

#### Step 4: Determine if the Thumbnail Accurately Represents the Video's Main Topic or Content
The thumbnail does not provide a comprehensive representation of the video's content. It narrows the focus to a specific interaction between Jaden and his mother, which is only one part of the larger narrative.

#### Step 5: Assess Whether the Thumbnail Uses Exaggeration, False Promises, or Clickbait Tactics
The thumbnail uses exaggerated language (""BE ASHAMED"") to attract attention, which is not representative of the video's content. However, it does not make false promises or use clickbait tactics.

#### Step 6: Categorize the Thumbnail as Either ""Misleading"" or ""Not Misleading""
Based on the analysis, the thumbnail is **misleading** because it does not accurately represent the video's main topic or content. It focuses on a specific interaction that is only one part of the broader narrative.

#### Explanation
The thumbnail misleads viewers by focusing on a specific interaction between Jaden and his mother, which is only one part of the larger narrative about the Smith family's relationship dynamics. The exaggerated language (""BE ASHAMED"") further contributes to the misleading nature of the thumbnail. Therefore, the thumbnail should be categorized as **misleading**."
DYjUlaQFgm4,"### Analysis:

#### Step 1: Examine the Thumbnail
The thumbnail features a man (presumably Matt Damon) holding a photo of a woman (likely Jennifer Lopez). The text overlay reads, ""SHE BLACKMAILS HIM!"" The image includes a smaller inset of a couple (Ben Affleck and Jennifer Lopez), a blurred image of a couple in a bedroom, and a photo of Jennifer Lopez.

#### Step 2: Read Through the Video Subtitles and Content Description
The subtitles mention a discussion about Jennifer Lopez blackmailing Ben Affleck, referencing FBI tapes and Diddy's involvement. The content description does not explicitly mention blackmail or FBI tapes but shows a compilation of various interviews and appearances by Jennifer Lopez.

#### Step 3: Compare the Thumbnail to the Actual Video Content
The thumbnail suggests a specific narrative involving blackmail and FBI tapes, which is not directly supported by the video content. The video compilation primarily focuses on various appearances and interviews with Jennifer Lopez, without explicitly mentioning blackmail or FBI tapes.

#### Step 4: Determine if the Thumbnail Accurately Represents the Video's Main Topic or Content
The thumbnail inaccurately represents the video's main topic by suggesting a specific narrative about blackmail and FBI tapes, which is not the focus of the video content.

#### Step 5: Assess Whether the Thumbnail Uses Exaggeration, False Promises, or Clickbait Tactics
The thumbnail uses exaggerated language (""SHE BLACKMAILS HIM!"") and implies a specific narrative that is not present in the video content. This is a clear example of clickbait.

#### Step 6: Categorize the Thumbnail
The thumbnail is **Misleading**.

#### Explanation:
The thumbnail creates a misleading impression by suggesting a specific narrative about blackmail and FBI tapes, which is not supported by the video content. It uses exaggerated language and implies a specific storyline that is not present, which is a common tactic used in clickbait thumbnails to attract viewers."
uPAzvjgCdAs,"### Analysis:

1. **Examine the thumbnail**: The thumbnail shows a person applying makeup, specifically foundation, with a focus on the application process. It depicts a step-by-step transformation where the individual is seen with a large patch of foundation being applied to their face.

2. **Read through the video subtitles and content description**: The video content description outlines a professional makeup application process, starting from a natural look and progressing through various stages of makeup application, including foundation, blush, eyeshadow, eyebrows, eyeliner, false eyelashes, and lip color. The transformation is described as dramatic, leading to a glamorous, eye-catching appearance suitable for a cultural event or performance.

3. **Compare the thumbnail to the actual video content**: The thumbnail accurately represents the initial stage of the makeup application process shown in the video. However, the thumbnail does not capture the entire transformation that occurs throughout the video.

4. **Determine if the thumbnail accurately represents the video's main topic or content**: While the thumbnail correctly depicts the beginning of the makeup application process, it does not convey the full extent of the transformation depicted in the video. The thumbnail suggests a more straightforward makeup application without the dramatic transformation seen later in the video.

5. **Assess whether the thumbnail uses exaggeration, false promises, or clickbait tactics**: The thumbnail does not use exaggeration or false promises. It accurately reflects the initial stage of the makeup application but fails to represent the complete transformation shown in the video.

6. **Categorize the thumbnail as either ""Misleading"" or ""Not Misleading""**: Given that the thumbnail only shows the initial stage of the makeup application and does not depict the full transformation, it can be considered misleading because viewers might expect a more straightforward makeup tutorial rather than a dramatic transformation.

7. **Brief explanation for the decision**: The thumbnail is misleading because it does not fully represent the content of the video. While it accurately depicts the initial stage of the makeup application, it fails to convey the dramatic transformation that follows, which is a significant part of the video's content.

**Final Decision**: The thumbnail is **Misleading**."
TYZ21Gqd9kw,"### Analysis of the Provided Information

#### Step 1: Examine the Thumbnail
The thumbnail depicts a large lion hugging a person in a rural setting. The lion appears to be in a relaxed and affectionate pose, which might suggest a positive interaction between the animal and the person.

#### Step 2: Read Through the Video Subtitles and Content Description
The subtitles and the video content description focus on heartwarming and surprising interactions between humans and animals. The video showcases various moments of reunion and affection between animals and their owners, including a lion hugging a person.

#### Step 3: Compare the Thumbnail to the Actual Video Content
The thumbnail accurately represents the main topic of the video, which is heartwarming interactions between humans and animals. It aligns well with the content described in the subtitles and the video description.

#### Step 4: Determine if the Thumbnail Accurately Represents the Video's Main Topic or Content
The thumbnail effectively captures the essence of the video, which is about emotional reunions between animals and their owners. It does not misrepresent the content by suggesting something different or misleading.

#### Step 5: Assess Whether the Thumbnail Uses Exaggeration, False Promises, or Clickbait Tactics
The thumbnail does not use any exaggerated elements or false promises. It simply shows a natural and heartwarming interaction between a lion and a person, which is consistent with the video's content.

#### Step 6: Categorize the Thumbnail as Either ""Misleading"" or ""Not Misleading""
Based on the analysis, the thumbnail is **Not Misleading**.

#### Explanation
The thumbnail accurately reflects the theme of the video, which is about emotional reunions between animals and their owners. It does not use any exaggerated elements or false promises. Therefore, it effectively communicates the content of the video without misleading viewers."
gEq4vg9pfRs,"### Analysis of the YouTube Video Thumbnail and Content

#### Step 1: Examine the Thumbnail
The thumbnail features two women, one with long dark hair and the other with blonde hair, both appearing to be in a serious conversation. There is also a smaller inset image showing a young girl with bruises on her face. The text overlay reads: ""EXCLUSIVE 'KIM K ARRESTED FOR BEATING NORTH'"".

#### Step 2: Read Through the Video Subtitles and Content Description
The subtitles and content description indicate that the video discusses a series of incidents involving Kim Kardashian and her children, particularly focusing on allegations of poor parenting and behavioral issues among her children. The video does not mention any arrest or physical altercation involving Kim Kardashian.

#### Step 3: Compare the Thumbnail to the Actual Video Content
The thumbnail suggests a dramatic and sensationalized scenario involving Kim Kardashian being arrested for allegedly beating her child, North. However, the video content does not support this claim. Instead, it focuses on various incidents of criticism against Kim Kardashian's parenting style and her children's behavior.

#### Step 4: Determine if the Thumbnail Accurately Represents the Video's Main Topic or Content
The thumbnail significantly misrepresents the video's content. It implies a serious legal issue (arrest) that is not mentioned in the video subtitles or content description.

#### Step 5: Assess Whether the Thumbnail Uses Exaggeration, False Promises, or Clickbait Tactics
The thumbnail uses exaggerated language (""EXCLUSIVE"") and a misleading headline to attract viewers. It creates a false promise of sensational content that is not delivered in the actual video.

#### Step 6: Categorize the Thumbnail as Either ""Misleading"" or ""Not Misleading""
Based on the analysis, the thumbnail is clearly misleading.

#### Step 7: Provide a Brief Explanation for Your Decision
The thumbnail uses a dramatic and sensational headline that does not align with the actual content of the video. It falsely suggests a serious legal issue involving Kim Kardashian, which is not supported by the video's content. The use of exaggerated language and a misleading headline is indicative of clickbait tactics designed to attract viewers without delivering relevant or accurate information."
nz4cBVb9wh4,"### Analysis of the Thumbnail and Video Content

#### Step 1: Examine the Thumbnail
The thumbnail features a man standing confidently in front of a private jet and a luxury car. The image suggests themes of wealth, success, and high status.

#### Step 2: Read Through the Video Subtitles and Content Description
The video content focuses on the career progression and highlights of an NFL quarterback, specifically Caleb Williams. It covers his journey from high school to the NFL, including his college career and professional achievements.

#### Step 3: Compare the Thumbnail to the Actual Video Content
The thumbnail prominently displays a private jet and a luxury car, which are not elements present in the video content. The video does not feature any scenes involving a private jet or luxury cars.

#### Step 4: Determine if the Thumbnail Accurately Represents the Video's Main Topic or Content
The thumbnail does not accurately represent the video's main topic or content. The video is about the career of a quarterback, not about showcasing wealth or luxury.

#### Step 5: Assess Whether the Thumbnail Uses Exaggeration, False Promises, or Clickbait Tactics
The thumbnail uses exaggerated imagery (private jet and luxury car) that does not align with the actual content of the video. This creates a misleading impression.

#### Step 6: Categorize the Thumbnail as Either ""Misleading"" or ""Not Misleading""
The thumbnail is **misleading** because it does not accurately reflect the content of the video and uses exaggerated imagery that misleads viewers about the subject matter.

#### Explanation for Decision
The thumbnail incorrectly suggests themes of wealth and luxury, which are not central to the video's content. The video is focused on the career progression and achievements of a quarterback, and the inclusion of a private jet and luxury car in the thumbnail misleads viewers into expecting a narrative centered around these elements rather than the quarterback's journey."
8hfMPoPTN9Q,"### Analysis of the YouTube Video Thumbnail and Content

#### Step 1: Examine the Thumbnail
The thumbnail features a group of individuals, including a man (presumably Kanye West) and a woman (presumably Kim Kardashian), along with a child (presumably North). The text overlay reads, ""SHE'S CONTROLLING MY DAUGHTER!""

#### Step 2: Read Through the Video Subtitles and Content Description
The subtitles and content description discuss a conflict between Kanye West and Kim Kardashian involving their daughter, North. The video highlights allegations made by Kanye West regarding Kim's control over North and her social media activities.

#### Step 3: Compare the Thumbnail to the Actual Video Content
The thumbnail depicts a scene where Kanye West is accusing Kim Kardashian of controlling their daughter. The video content supports this claim by discussing the allegations made by Kanye West and the speculation about Kim's influence over North's social media presence.

#### Step 4: Determine if the Thumbnail Accurately Represents the Video's Main Topic or Content
The thumbnail accurately represents the main topic of the video, which revolves around the conflict between Kanye West and Kim Kardashian regarding their daughter's social media activity.

#### Step 5: Assess Whether the Thumbnail Uses Exaggeration, False Promises, or Clickbait Tactics
The thumbnail does not use exaggerated language or false promises. It clearly states the issue being discussed, which is a common practice in clickbait thumbnails to attract viewers' attention.

#### Step 6: Categorize the Thumbnail as Either ""Misleading"" or ""Not Misleading""
Based on the analysis, the thumbnail is **not misleading** because it accurately reflects the main topic of the video.

#### Explanation
The thumbnail effectively communicates the core issue of the video—Kanye West's accusation about Kim Kardashian controlling their daughter. It does not use exaggerated language or false promises, making it a fair representation of the video's content. Therefore, the thumbnail is categorized as **Not Misleading**."
Ps4-lkuORlg,"### Analysis:

#### Step 1: Examine the Thumbnail
The thumbnail features two images:
1. A close-up of a man (presumably Matt Damon) with a serious expression.
2. A scene from a movie or TV show where a man and a woman appear to be having a heated argument.

#### Step 2: Read the Video Subtitles and Content Description
The subtitles suggest a discussion about a fabricated incident involving Matt Damon and Jennifer Lopez, specifically mentioning a ""homemade video featuring Jennifer Lopez."" The content description indicates a compilation of various scenes featuring Matt Damon and Jennifer Lopez, along with their respective partners and professional appearances.

#### Step 3: Compare the Thumbnail to the Actual Video Content
The thumbnail shows a serious moment and a heated argument, which does not directly relate to the fabricated incident mentioned in the subtitles. The content of the video seems to focus on interviews, personal moments, and public appearances rather than a specific fabricated incident.

#### Step 4: Determine if the Thumbnail Accurately Represents the Video's Main Topic or Content
The thumbnail does not accurately represent the main topic or content of the video. It suggests a dramatic or controversial situation that is not explicitly shown in the video.

#### Step 5: Assess Whether the Thumbnail Uses Exaggeration, False Promises, or Clickbait Tactics
The thumbnail uses exaggerated imagery to attract viewers, suggesting a dramatic or controversial situation that is not present in the actual video content.

#### Step 6: Categorize the Thumbnail as Either ""Misleading"" or ""Not Misleading""
The thumbnail is **misleading**.

#### Explanation:
The thumbnail uses exaggerated imagery and a dramatic scene to attract viewers, which does not accurately represent the content of the video. The video focuses on interviews, personal moments, and public appearances, rather than a fabricated incident involving Matt Damon and Jennifer Lopez. The thumbnail creates a false expectation by suggesting a dramatic or controversial situation that is not present in the actual video content."
kkOw8F6weFM,"### Analysis of the Thumbnail and Video Content

#### Step 1: Examine the Thumbnail
The thumbnail features a close-up image of a woman with long, curly hair, wearing a white crop top. The background includes smaller images of two men (Pharrell Williams and Kanye West) and another woman with pink hair. The text overlay reads ""F*CK OFF...""

#### Step 2: Read Through the Video Subtitles and Content Description
The subtitles discuss Tiana Taylor's career highlights, including her early success with Pharrell Williams' label, her involvement in music videos, and her collaboration with Beyoncé. The content description provides a montage of various scenes from Tiana's life and career, showcasing her versatility and the evolution of her style over time.

#### Step 3: Compare the Thumbnail to the Actual Video Content
The thumbnail does not accurately represent the video's main topic or content. It focuses on a close-up of Tiana Taylor, which is a part of the video but not the primary theme. The text ""F*CK OFF..."" suggests a confrontational tone, which is not reflected in the video content described.

#### Step 4: Determine if the Thumbnail Accurately Represents the Video's Main Topic or Content
The thumbnail does not provide a clear indication of the video's content. It does not convey the dynamic nature of the montage or the diverse range of scenes depicted in the video.

#### Step 5: Assess Whether the Thumbnail Uses Exaggeration, False Promises, or Clickbait Tactics
The thumbnail uses a confrontational tone (""F*CK OFF..."") which might be intended to grab attention but does not align with the actual content of the video. However, the use of profanity in the thumbnail is not necessarily misleading; it could be part of the video's content or intended to reflect a certain tone.

#### Step 6: Categorize the Thumbnail as Either ""Misleading"" or ""Not Misleading""
Given that the thumbnail does not accurately represent the video's main topic or content, it can be considered **misleading**.

#### Explanation
The thumbnail fails to provide a clear representation of the video's content, which is a montage of various scenes from Tiana Taylor's life and career. The use of profanity in the thumbnail might be intended to reflect a certain tone but does not align with the actual content of the video. Therefore, the thumbnail is misleading."
GclVoo_Ogbg,"### Analysis:

1. **Examine the thumbnail**: The thumbnail depicts a person in a wheelchair sitting by a lake, surrounded by birds. The image suggests a peaceful and serene environment, which aligns with the theme of enjoying nature despite physical limitations.

2. **Read through the video subtitles and content description**: The video content description provides a detailed breakdown of the scenes, which include navigating a narrow hallway, feeding birds at a lake, interactions with others, and symbolic elements like a clock tower and a balloon release. The overall theme revolves around resilience, adaptation, and finding joy in life despite physical challenges.

3. **Compare the thumbnail to the actual video content**: The thumbnail accurately represents one of the key scenes from the video, showing a person in a wheelchair enjoying nature. This matches the content described in the video description.

4. **Determine if the thumbnail accurately represents the video's main topic or content**: The thumbnail effectively captures the essence of the video, which is about a person with a disability finding peace and joy in their environment.

5. **Assess whether the thumbnail uses exaggeration, false promises, or clickbait tactics**: The thumbnail does not use any exaggerated elements or false promises. It simply presents a scene that is representative of the video's content.

6. **Categorize the thumbnail as either ""Misleading"" or ""Not Misleading""**: Based on the analysis, the thumbnail is not misleading because it accurately reflects the content of the video.

7. **Brief explanation for the decision**: The thumbnail correctly portrays a scene from the video where the person in the wheelchair is enjoying nature, which is a significant part of the narrative. It does not mislead viewers about the content or the themes explored in the video.

**Conclusion**: The thumbnail is **Not Misleading**."
CUipGonpxoE,"### Analysis of the Thumbnail and Video Content

#### Step 1: Examine the Thumbnail
The thumbnail shows a person holding multiple colored iPhones (pink, blue, white, black, and turquoise) against a plain background. The person is wearing a cap and a t-shirt, and there are additional iPhone cases and camera lenses displayed around them.

#### Step 2: Read Through the Video Subtitles and Content Description
The subtitles indicate that the video is about the upcoming iPhone 16 series, featuring various color options. The video content description confirms this, mentioning the review of different iPhone models and their features, including camera designs and color variations.

#### Step 3: Compare the Thumbnail to the Actual Video Content
The thumbnail effectively captures the essence of the video content, which revolves around showcasing different iPhone models and their color options. The person holding the phones in the thumbnail matches the scene in the video where the reviewer examines and compares the phones.

#### Step 4: Determine if the Thumbnail Accurately Represents the Video's Main Topic or Content
The thumbnail accurately represents the main topic of the video, which is the review and comparison of different iPhone models and their color options.

#### Step 5: Assess Whether the Thumbnail Uses Exaggeration, False Promises, or Clickbait Tactics
There are no exaggerated claims or false promises in the thumbnail. It simply presents the reviewer holding multiple colored iPhones, which aligns with the actual content of the video.

#### Step 6: Categorize the Thumbnail
Based on the analysis, the thumbnail is not misleading. It accurately reflects the content of the video and does not use any exaggerated or misleading elements.

#### Step 7: Provide a Brief Explanation for the Decision
The thumbnail effectively communicates the main topic of the video, which is the review and comparison of different iPhone models and their color options. It does not contain any misleading elements or false promises. Therefore, the thumbnail is categorized as ""Not Misleading."""
ChmFvyGxxVY,"### Analysis of the Provided Information

#### Step 1: Examine the Thumbnail
The thumbnail shows a fox on a frozen body of water interacting with a fish. The image is clear and depicts a natural, outdoor setting.

#### Step 2: Read Through the Video Subtitles and Content Description
The subtitles suggest a video about animals asking for help from humans, which is not directly related to the thumbnail. The content description lists various scenes involving animals in need of assistance, but none of these scenes match the thumbnail.

#### Step 3: Compare the Thumbnail to the Actual Video Content
The thumbnail shows a fox interacting with a fish, which is not depicted in any of the scenes described in the video content. The video content focuses on various animals in need of help, such as a deer, a baby elephant, a wolf, a horse, a kitten, a penguin, a duckling, a fox, a gosling, a goose, a dog, a monkey, a kitten, a cockroach, a snake, and a bald eagle.

#### Step 4: Determine if the Thumbnail Accurately Represents the Video's Main Topic or Content
The thumbnail does not accurately represent the video's main topic or content. It shows a fox interacting with a fish, which is not mentioned in the video subtitles or content description.

#### Step 5: Assess Whether the Thumbnail Uses Exaggeration, False Promises, or Clickbait Tactics
The thumbnail does not use exaggeration, false promises, or clickbait tactics. However, it is misleading because it does not reflect the actual content of the video.

#### Step 6: Categorize the Thumbnail as Either ""Misleading"" or ""Not Misleading""
The thumbnail is **misleading**.

#### Explanation for Decision
The thumbnail shows a fox interacting with a fish, which is not depicted in the video content. The video content focuses on various animals in need of help, and none of these scenes match the thumbnail. Therefore, the thumbnail misleads viewers about the actual content of the video."
vSqXw-im2mE,"### Analysis:

1. **Examine the thumbnail**: The thumbnail features two individuals, one with a serious expression and the other holding a sign that says ""HELP ME!"".
2. **Read the video subtitles**: The subtitles read, ""HE'S EXPOSING THEM ALL!""
3. **Compare the thumbnail to the actual video content**:
   - The thumbnail suggests a dramatic or confrontational scenario involving both actors.
   - The video content, however, primarily showcases interviews, promotional shots, and various scenes from movies and TV shows, indicating a focus on the actors' careers rather than any confrontation or exposé.
4. **Determine if the thumbnail accurately represents the video's main topic or content**:
   - The thumbnail does not accurately represent the video's content. It implies a dramatic confrontation or exposé, which is not evident in the video.
5. **Assess whether the thumbnail uses exaggeration, false promises, or clickbait tactics**:
   - The thumbnail uses exaggerated imagery (a person holding a ""HELP ME!"" sign) and a misleading subtitle (""HE'S EXPOSING THEM ALL!"").
6. **Categorize the thumbnail**:
   - The thumbnail is misleading because it creates an expectation of a dramatic confrontation or exposé that is not present in the video content.
7. **Explanation**:
   - The thumbnail sets up a scenario that is not supported by the video content. It uses visual and textual elements to suggest a high-stakes situation involving the actors, which is not the case. The video primarily focuses on showcasing the actors' careers and various roles they have played, rather than any exposé or confrontation.

### Conclusion:
The thumbnail is **misleading** because it creates an expectation of a dramatic confrontation or exposé that is not supported by the video content."
9Nj1ek-r76Q,"### Analysis of the Thumbnail and Video Content

#### Step 1: Examine the Thumbnail
The thumbnail shows two images side-by-side:
- On the left, a close-up of a person's face with a large amount of beige makeup being applied to their face.
- On the right, a person with a completed makeup look featuring shimmering gold eyeshadow, defined brows, and a vibrant blue head wrap.

#### Step 2: Read Through the Video Subtitles and Content Description
The subtitles appear to be a mix of music and applause sounds, indicating that the video might have been recorded in a live setting or during a performance. The content description describes a step-by-step makeup transformation of an elderly woman, starting from a natural look and ending with a bold, glamorous appearance.

#### Step 3: Compare the Thumbnail to the Actual Video Content
The thumbnail shows a person applying a significant amount of makeup, which is a part of the video content but does not represent the entire transformation process. The thumbnail highlights the application phase rather than the final look.

#### Step 4: Determine if the Thumbnail Accurately Represents the Video's Main Topic or Content
The thumbnail does not fully capture the essence of the video content. While it shows a part of the process (application), it does not convey the full transformation or the final look achieved in the video.

#### Step 5: Assess Whether the Thumbnail Uses Exaggeration, False Promises, or Clickbait Tactics
The thumbnail does not use exaggerated visuals or false promises. It simply shows a step in the process, which is accurate but incomplete.

#### Step 6: Categorize the Thumbnail as Either ""Misleading"" or ""Not Misleading""
Based on the analysis, the thumbnail is **misleading** because it only shows a part of the process and does not give a clear indication of the final transformation achieved in the video.

#### Explanation for Decision
The thumbnail fails to provide a comprehensive representation of the video's content. It only shows the application phase and does not depict the final look achieved in the video. This can mislead viewers into expecting a different outcome than what they see in the video. Therefore, the thumbnail is misleading."
GIVZNtRADPg,"### Analysis of the Thumbnail and Video Content

#### Step 1: Examine the Thumbnail
The thumbnail shows a blue-colored image of a foldable smartphone labeled ""iPhone 17 FLIP."" It prominently displays the Apple logo and the text ""iPhone 17 FLIP,"" suggesting that the video will be about a new foldable iPhone model called the iPhone 17 Flip.

#### Step 2: Read Through the Video Subtitles and Content Description
The subtitles and content description indicate that the video is about a foldable iPhone, specifically a flip-style foldable device. The video discusses various aspects of the device, including its potential features, manufacturing challenges, and comparisons with existing foldable devices from Samsung.

#### Step 3: Compare the Thumbnail to the Actual Video Content
The thumbnail accurately represents the main topic of the video, which is a foldable iPhone. However, the specific model mentioned in the thumbnail (""iPhone 17 FLIP"") is not explicitly confirmed in the video content. The video does not provide any information about the exact model number (17) or the specific design (flip).

#### Step 4: Determine if the Thumbnail Accurately Represents the Video's Main Topic or Content
While the thumbnail correctly identifies the topic as a foldable iPhone, it does not specify the exact model or design. The video content confirms that the device is a foldable iPhone but does not confirm the model number or the specific flip design mentioned in the thumbnail.

#### Step 5: Assess Whether the Thumbnail Uses Exaggeration, False Promises, or Clickbait Tactics
The thumbnail does not use exaggerated claims or false promises. It simply presents the topic of a foldable iPhone without making any specific claims about the model or design.

#### Step 6: Categorize the Thumbnail as Either ""Misleading"" or ""Not Misleading""
Given that the thumbnail accurately represents the main topic of the video but does not specify the exact model or design, it can be considered slightly misleading because viewers might expect more specific details about the model and design based on the thumbnail alone.

#### Step 7: Provide a Brief Explanation for Your Decision
The thumbnail is not entirely misleading because it correctly identifies the topic as a foldable iPhone. However, it does not provide enough specific information about the model or design, which might lead viewers to expect more detailed information than what the video ultimately provides. Therefore, the thumbnail can be categorized as ""Slightly Misleading.""

### Final Decision
**Misleading**

Explanation: The thumbnail accurately represents the main topic of the video but does not specify the exact model or design, leading viewers to expect more specific details than what the video ultimately provides."
oG7vZl6PHv4,"### Analysis and Categorization:

#### Step 1: Examine the Thumbnail
The thumbnail features two individuals (a man and a woman) with the text ""EXCLUSIVE SHE F*CKED ANYTHING"". The image appears to be pixelated, suggesting privacy concerns, but the text is clear and provocative.

#### Step 2: Read Through the Video Subtitles and Content Description
The subtitles and content description focus on Jennifer Lopez's career and personal life, including her relationships, performances, and public appearances. The video does not mention any explicit sexual content or claims about her sexual history.

#### Step 3: Compare the Thumbnail to the Actual Video Content
The thumbnail suggests a video about Jennifer Lopez's sexual history, which is not supported by the video content described. The video primarily showcases her career and personal life, without any explicit sexual content or claims about her sexual history.

#### Step 4: Determine if the Thumbnail Accurately Represents the Video's Main Topic or Content
The thumbnail does not accurately represent the video's main topic or content. It misleads viewers by suggesting that the video contains explicit sexual content or claims about Jennifer Lopez's sexual history, which is not present in the video.

#### Step 5: Assess Whether the Thumbnail Uses Exaggeration, False Promises, or Clickbait Tactics
The thumbnail uses exaggerated language (""SHE F*CKED ANYTHING"") and false promises by suggesting that the video contains explicit sexual content or claims about Jennifer Lopez's sexual history, which is not true.

#### Step 6: Categorize the Thumbnail as Either ""Misleading"" or ""Not Misleading""
The thumbnail is clearly misleading.

#### Explanation:
The thumbnail uses exaggerated language and false promises to attract viewers, which is a common tactic in clickbait videos. However, the video content does not match the misleading claim made in the thumbnail. Therefore, the thumbnail is misleading."
bPWahp7Z2yI,"### Analysis of the YouTube Video Thumbnail and Content

#### Step 1: Examine the Thumbnail
The thumbnail features a man wearing sunglasses and a woman in a glamorous outfit. The text overlay reads, ""SHE WAS ALWAYS HIS B*TCH.""

#### Step 2: Read Through the Video Subtitles and Content Description
The subtitles and content description focus on the controversy surrounding leaked tapes involving Jennifer Lopez and her past relationships, particularly with Diddy. The video discusses the impact of these leaks on her current marriage to Ben Affleck and her relationship with Mark Anthony.

#### Step 3: Compare the Thumbnail to the Actual Video Content
The thumbnail prominently features a man and a glamorous woman, which aligns with the content of the video discussing Jennifer Lopez. However, the text ""SHE WAS ALWAYS HIS B*TCH"" is highly confrontational and accusatory, which does not directly relate to the main topics discussed in the video.

#### Step 4: Determine if the Thumbnail Accurately Represents the Video's Main Topic or Content
The thumbnail does not accurately represent the main topics discussed in the video. While it features Jennifer Lopez, the text is not reflective of the content's focus on the leaked tapes and their impact on her relationships.

#### Step 5: Assess Whether the Thumbnail Uses Exaggeration, False Promises, or Clickbait Tactics
The thumbnail uses exaggerated language (""SHE WAS ALWAYS HIS B*TCH"") which is clickbait and designed to attract viewers by promising a sensational story. It does not provide any accurate representation of the video's content.

#### Step 6: Categorize the Thumbnail as Either ""Misleading"" or ""Not Misleading""
Based on the analysis, the thumbnail is **misleading** because it uses exaggerated language that does not accurately reflect the content of the video.

#### Explanation
The thumbnail is misleading because it uses provocative language (""SHE WAS ALWAYS HIS B*TCH"") that does not align with the actual content of the video. The video primarily discusses leaked tapes and their impact on Jennifer Lopez's relationships, rather than making broad accusations about her character. The thumbnail's use of such language is designed to attract viewers with sensational content, which is not present in the video itself."
FBbFhuCfeaI,"### Analysis of the YouTube Video Thumbnail and Content

#### Step 1: Examine the Thumbnail
The thumbnail features a collage of images with a prominent pink border. The text overlay reads, ""I REFUSED TO DO THEIR RITUALS!"" The images include a man holding a piece of paper, a woman smiling, and a man with a microphone. The overall tone suggests a narrative involving personal beliefs or decisions against certain practices.

#### Step 2: Read Through the Video Subtitles and Content Description
The subtitles and content description focus on Matthew McConaughey's career highlights, personal experiences, and reflections on life and Hollywood. The video does not mention any rituals or refusal to participate in them. Instead, it discusses themes like life challenges, acting, gratitude, and the realities of fame.

#### Step 3: Compare the Thumbnail to the Actual Video Content
The thumbnail suggests a story about refusing rituals, which is not aligned with the content described in the video. The video primarily showcases Matthew McConaughey's career and personal reflections, without mentioning any rituals or refusal to participate in them.

#### Step 4: Determine if the Thumbnail Accurately Represents the Video's Main Topic or Content
The thumbnail does not accurately represent the video's main topic or content. It misleads viewers by suggesting a narrative that is not present in the video.

#### Step 5: Assess Whether the Thumbnail Uses Exaggeration, False Promises, or Clickbait Tactics
The thumbnail uses exaggerated language (""I REFUSED TO DO THEIR RITUALS!"") which is not supported by the video content. This creates a misleading expectation for the viewer.

#### Step 6: Categorize the Thumbnail as Either ""Misleading"" or ""Not Misleading""
Based on the analysis, the thumbnail is **Misleading**.

#### Explanation
The thumbnail creates a misleading impression by suggesting a narrative about refusing rituals, which is not present in the video content. It uses exaggerated language that misrepresents the actual theme of the video, which focuses on Matthew McConaughey's career and personal reflections. Therefore, the thumbnail is misleading."
hHGWuzg5n0k,"### Analysis of the Provided Information

#### Step 1: Examine the Thumbnail
The thumbnail shows two individuals, one male and one female, both appearing to be in a professional setting, possibly an event or interview. There are no visual cues suggesting the content involves gender identity or transition.

#### Step 2: Read Through the Video Subtitles and Content Description
The subtitles and content description focus on the personal journeys of high-profile celebrities who have undergone gender transition. The video discusses the resilience, determination, and bravery required to live authentically despite societal prejudices. It highlights the experiences of Caitlyn Jenner, Laverne Cox, and Elliot Page, among others.

#### Step 3: Compare the Thumbnail to the Actual Video Content
The thumbnail does not visually represent any of the content described in the video. It does not show any individuals in a prison setting, nor does it depict any behind-the-scenes footage or interviews with individuals discussing gender identity or transition.

#### Step 4: Determine if the Thumbnail Accurately Represents the Video's Main Topic or Content
The thumbnail fails to accurately represent the video's main topic or content. It does not provide any visual clues that the video is about gender identity or transition.

#### Step 5: Assess Whether the Thumbnail Uses Exaggeration, False Promises, or Clickbait Tactics
The thumbnail does not use exaggeration, false promises, or clickbait tactics. However, it is misleading because it does not reflect the actual content of the video.

#### Step 6: Categorize the Thumbnail as Either ""Misleading"" or ""Not Misleading""
The thumbnail is **misleading**.

#### Explanation for the Decision
The thumbnail fails to visually represent the content of the video, which focuses on the personal journeys of celebrities undergoing gender transition. By showing two individuals in what appears to be a professional setting, the thumbnail misleads viewers into expecting a different type of content than what is actually presented in the video. This mismatch between the thumbnail and the actual video content makes the thumbnail misleading."
3qs9JTaZj3o,"### Analysis of the Thumbnail and Video Content

#### Step 1: Examine the Thumbnail
The thumbnail shows two images side-by-side:
- On the left, there is a person with albinism who appears to be unmade up, showing natural skin texture and features.
- On the right, there is a person with a heavily made-up face, featuring bright yellow eyeshadow, dramatic eyeliner, and a full, glossy lip.

#### Step 2: Read Through the Video Subtitles and Content Description
The subtitles consist of repeated phrases like ""it's not a game,"" ""foreign,"" ""thank you,"" and ""foreign."" There is no clear indication of the content or purpose of the video from these subtitles alone.

The video content description describes a makeup transformation video where a person with albinism undergoes a series of makeup applications, resulting in a dramatic and glamorous final look.

#### Step 3: Compare the Thumbnail to the Actual Video Content
The thumbnail accurately depicts the before-and-after scenario of a makeup transformation. However, it does not provide any context about the specific features or challenges associated with albinism, which are central themes in the video content.

#### Step 4: Determine if the Thumbnail Accurately Represents the Video's Main Topic or Content
While the thumbnail effectively shows the transformation, it lacks the context of the subject's albinism and the specific challenges faced during the makeup application process. The thumbnail does not convey the personal journey or the transformative power of makeup for someone with albinism.

#### Step 5: Assess Whether the Thumbnail Uses Exaggeration, False Promises, or Clickbait Tactics
The thumbnail does not use exaggerated visuals or false promises. It simply presents a before-and-after scenario, which is a common practice in makeup transformation videos.

#### Step 6: Categorize the Thumbnail as Either ""Misleading"" or ""Not Misleading""
Given that the thumbnail accurately shows the transformation but fails to provide context about the subject's albinism and the challenges involved, it can be considered **misleading** because it does not fully represent the video's main topic or content.

#### Explanation for Decision
The thumbnail effectively captures the essence of a makeup transformation but lacks crucial context about the subject's albinism and the specific challenges they might face. This omission could mislead viewers into expecting a different type of content or not understanding the significance of the transformation for the individual. Therefore, the thumbnail is misleading."
Be8T7Jd4Dpw,"### Analysis:

**Step 1: Examine the thumbnail**
The thumbnail features a man in a suit standing in front of a house and a luxury car. The image suggests themes of success, wealth, and achievement.

**Step 2: Read through the video subtitles and content description**
The video content describes the career progression of a college football player named JC Leam, highlighting his journey from college football to potentially professional football. It does not mention any specific achievements related to wealth or luxury cars.

**Step 3: Compare the thumbnail to the actual video content**
The thumbnail shows a man in a suit, which could imply a professional setting or success. However, the video content focuses on the player's football career and personal development rather than showcasing wealth or luxury.

**Step 4: Determine if the thumbnail accurately represents the video's main topic or content**
The thumbnail does not accurately represent the main topic of the video, which is the player's football career and personal journey. It suggests a broader theme of success that is not explicitly addressed in the video content.

**Step 5: Assess whether the thumbnail uses exaggeration, false promises, or clickbait tactics**
The thumbnail uses a visual representation that might mislead viewers into expecting content about wealth or luxury, which is not the focus of the video.

**Step 6: Categorize the thumbnail as either ""Misleading"" or ""Not Misleading""**
Based on the analysis, the thumbnail is misleading because it suggests themes of wealth and luxury that are not present in the video content.

**Step 7: Provide a brief explanation for your decision**
The thumbnail uses imagery that implies a narrative of success and wealth, which is not aligned with the actual content of the video. The video primarily focuses on the player's football career and personal development, without emphasizing any aspects of wealth or luxury. Therefore, the thumbnail is misleading."
ehsEnYfzREA,"### Analysis of the Thumbnail and Video Content

#### Step 1: Examine the Thumbnail
The thumbnail features a medical professional examining a baby with a distinct tail-like structure attached to its lower body. The image is striking and unusual, which naturally draws attention.

#### Step 2: Read Through the Video Subtitles and Content Description
The subtitles suggest that the video involves reactions to various human interest stories, including medical conditions and unusual physical characteristics. The content description mentions scenes of children with medical conditions or unique physical characteristics, as well as family dynamics and societal challenges.

#### Step 3: Compare the Thumbnail to the Actual Video Content
The thumbnail depicts a medical examination involving a baby with a tail-like structure, which is highly unusual and not typical of the content described in the video description. The video content focuses on various human interest stories, including medical conditions and family dynamics, rather than a specific medical examination involving a baby with a tail.

#### Step 4: Determine if the Thumbnail Accurately Represents the Video's Main Topic or Content
The thumbnail does not accurately represent the main topic or content of the video. While the video may include scenes of children with medical conditions, the thumbnail suggests a specific and unusual scenario (a baby with a tail) that is not mentioned in the video description.

#### Step 5: Assess Whether the Thumbnail Uses Exaggeration, False Promises, or Clickbait Tactics
The thumbnail uses exaggerated imagery to attract viewers' attention. It suggests a specific and unusual scenario that is not representative of the video's main content, which could mislead viewers into expecting a different type of video.

#### Step 6: Categorize the Thumbnail as Either ""Misleading"" or ""Not Misleading""
Based on the analysis, the thumbnail is **misleading** because it suggests a specific and unusual scenario (a baby with a tail) that is not representative of the video's main content.

#### Explanation
The thumbnail uses exaggerated imagery to attract viewers' attention, suggesting a specific and unusual scenario that is not representative of the video's main content. This can mislead viewers into expecting a different type of video, which is why the thumbnail is considered misleading."
i18CiJf6ifU,"### Analysis of the YouTube Video Thumbnail and Content

#### Step 1: Examine the Thumbnail
The thumbnail features two images side-by-side. On the left, there is an image of a person with natural-looking hair and makeup, while on the right, there is an image of a person with highly polished, glamorous makeup and styled hair. There is a large red arrow pointing from the left image to the right image, accompanied by a shocked face emoji. Below the images, the text reads ""+ 26 Million Views!!!""

#### Step 2: Read Through the Video Subtitles and Content Description
The video content description outlines a makeup and hair styling tutorial. It describes the process of transforming the subject's appearance from a natural state to a highly polished, glamorous look. The video includes detailed steps such as hair styling, skincare routines, and makeup application, culminating in a final transformation.

#### Step 3: Compare the Thumbnail to the Actual Video Content
The thumbnail effectively captures the essence of the video content by showing a before-and-after transformation. The red arrow and shocked face emoji suggest a significant change, which aligns with the detailed transformation described in the video.

#### Step 4: Determine if the Thumbnail Accurately Represents the Video's Main Topic or Content
The thumbnail accurately represents the main topic of the video, which is a makeup and hair styling tutorial aimed at transforming the subject's appearance significantly.

#### Step 5: Assess Whether the Thumbnail Uses Exaggeration, False Promises, or Clickbait Tactics
The thumbnail does not use exaggerated claims or false promises. Instead, it accurately reflects the content of the video, which is a comprehensive makeup and hair styling tutorial leading to a dramatic transformation.

#### Step 6: Categorize the Thumbnail as Either ""Misleading"" or ""Not Misleading""
Based on the analysis, the thumbnail is **Not Misleading**.

#### Explanation
The thumbnail effectively communicates the purpose of the video—a makeup and hair styling tutorial resulting in a significant transformation. It does not use exaggerated language or misleading imagery. The shocked face emoji and the arrow highlight the transformative nature of the content, which is accurately depicted in the video. Therefore, the thumbnail is appropriate and not misleading."
A5JM3T9Wyb0,"### Analysis:

#### Step 1: Examine the Thumbnail
The thumbnail features two images side-by-side:
- On the left, a woman is shown in a car seat, appearing to be in distress or discomfort.
- On the right, another woman is lying down, seemingly unconscious or in a state of distress, with a tube connected to her nose.

The text overlay on the thumbnail reads: ""EXCLUSIVE 'SHE ALMOST D*ED!'""

#### Step 2: Read Through the Video Subtitles and Content Description
The video content described does not mention any scenes involving individuals in distress or unconsciousness. Instead, it focuses on celebrity news and entertainment, including red carpet events, interviews, and behind-the-scenes glimpses into the lives of celebrities. There is no indication of any serious health issues or distress among the individuals featured in the video.

#### Step 3: Compare the Thumbnail to the Actual Video Content
The thumbnail depicts a scenario involving serious health concerns (""she almost died""), which is entirely unrelated to the content of the video. The video itself is a compilation of entertainment-related clips and does not feature any individuals in distress or unconsciousness.

#### Step 4: Determine if the Thumbnail Accurately Represents the Video's Main Topic or Content
The thumbnail does not accurately represent the content of the video. It suggests a serious health issue that is not present in the actual video.

#### Step 5: Assess Whether the Thumbnail Uses Exaggeration, False Promises, or Clickbait Tactics
The thumbnail uses exaggerated language (""SHE ALMOST D*ED!"") to attract viewers, which is misleading. It creates a false impression that the video contains content about a serious health issue, which is not true.

#### Step 6: Categorize the Thumbnail as Either ""Misleading"" or ""Not Misleading""
Based on the analysis, the thumbnail is **Misleading**.

#### Explanation:
The thumbnail uses exaggerated language and imagery to attract viewers, suggesting a serious health issue that is not present in the actual video content. This creates a false expectation and misleads viewers about the nature of the video. Therefore, the thumbnail is misleading."
nMrN8e0Q8EI,"### Analysis of the Thumbnail and Video Content

#### Step 1: Examine the Thumbnail
The thumbnail prominently displays an image of the iPhone 17 Pro Max, which is a specific model of the iPhone series. The text ""iPhone 17 Pro Max"" is clearly visible, indicating that the video is likely focused on this particular model.

#### Step 2: Read Through the Video Subtitles and Content Description
The subtitles and content description indicate that the video discusses various aspects of future iPhone models, including the iPhone 17 Pro Max. However, the video content covers a wide range of topics such as the iPhone 16 models, upcoming features, and potential future models like the foldable iPhone and the iPhone Air (a slim model).

#### Step 3: Compare the Thumbnail to the Actual Video Content
The thumbnail shows the iPhone 17 Pro Max, which is a specific model. While the video does discuss the iPhone 17 Pro Max, it also covers other models and features that are not explicitly highlighted in the thumbnail.

#### Step 4: Determine if the Thumbnail Accurately Represents the Video's Main Topic or Content
The thumbnail accurately represents the main topic of the video, which is the iPhone 17 Pro Max. However, the video content extends beyond just the iPhone 17 Pro Max to cover other models and features.

#### Step 5: Assess Whether the Thumbnail Uses Exaggeration, False Promises, or Clickbait Tactics
The thumbnail does not use exaggerated language or false promises. It simply shows the iPhone 17 Pro Max, which aligns with the content discussed in the video.

#### Step 6: Categorize the Thumbnail as Either ""Misleading"" or ""Not Misleading""
Given that the thumbnail accurately represents the main topic of the video (the iPhone 17 Pro Max) and does not use exaggerated language or false promises, the thumbnail is **not misleading**.

#### Explanation
The thumbnail effectively communicates the main topic of the video, which is the iPhone 17 Pro Max. Although the video covers other models and features, the thumbnail accurately reflects the primary subject matter. Therefore, the thumbnail is not misleading."
xBmExRAtCg4,"### Analysis of the YouTube Video Thumbnail and Content

#### Step 1: Examine the Thumbnail
The thumbnail features three individuals: Brad Pitt, a pregnant woman (presumably Shiloh Jolie-Pitt), and another individual whose identity is unclear. The text overlay reads, ""YOU RUINED MY LIFE.""

#### Step 2: Read Through the Video Subtitles and Content Description
The subtitles discuss a pregnancy revelation involving Shiloh Jolie-Pitt and suggest that the situation has caused significant drama and speculation among fans. The content description focuses on Brad Pitt attending various red carpet events and film premieres, showcasing his evolution over time.

#### Step 3: Compare the Thumbnail to the Actual Video Content
The thumbnail prominently features Brad Pitt and a pregnant woman, which aligns with the video's content about Shiloh Jolie-Pitt's pregnancy announcement. However, the text ""YOU RUINED MY LIFE"" is not directly related to the video's content, which is about Brad Pitt's public appearances and the pregnancy announcement.

#### Step 4: Determine if the Thumbnail Accurately Represents the Video's Main Topic or Content
While the thumbnail correctly identifies the subject matter (Brad Pitt and Shiloh Jolie-Pitt's pregnancy), the text ""YOU RUINED MY LIFE"" is misleading because it implies a personal narrative or conflict that is not present in the video content. The video does not discuss any personal drama or emotional turmoil related to the pregnancy announcement.

#### Step 5: Assess Whether the Thumbnail Uses Exaggeration, False Promises, or Clickbait Tactics
The thumbnail uses exaggerated language (""YOU RUINED MY LIFE"") to attract attention, which is clickbait. It suggests a personal story or conflict that is not depicted in the video content.

#### Step 6: Categorize the Thumbnail as Either ""Misleading"" or ""Not Misleading""
The thumbnail is **misleading** because it uses clickbait language to attract viewers without accurately representing the video's content.

#### Explanation for Decision
The thumbnail effectively captures the subject matter (Brad Pitt and Shiloh Jolie-Pitt's pregnancy) but misleads viewers by suggesting a personal narrative or conflict that is not present in the video content. The text ""YOU RUINED MY LIFE"" is clickbait and does not reflect the actual content of the video, which focuses on Brad Pitt's public appearances and the pregnancy announcement. Therefore, the thumbnail is misleading."
P0gc43KKhhg,"### Analysis of the YouTube Video Thumbnail and Content

#### Step 1: Examine the Thumbnail
The thumbnail shows a man and a woman walking a dog outdoors. The text overlay reads, ""I REALLY LIKE HIM.""

#### Step 2: Read Through the Video Subtitles and Content Description
The subtitles discuss rumors about Ben Affleck and Robert F. Kennedy Jr.'s daughter, Kiki Kennedy. It mentions that Ben Affleck was recently spotted with Kiki Kennedy at the Beverly Hills Hotel's Polo Lounge, and there are speculations about a potential romantic relationship between them. The content also touches on Ben Affleck's recent divorce from Jennifer Lopez and his new appearance, suggesting he may be moving on.

#### Step 3: Compare the Thumbnail to the Actual Video Content
The thumbnail depicts a casual outdoor scene with a man and a woman walking a dog, which does not directly relate to the content discussed in the subtitles. The content focuses on rumors about Ben Affleck and Kiki Kennedy, which is not visually represented in the thumbnail.

#### Step 4: Determine if the Thumbnail Accurately Represents the Video's Main Topic or Content
The thumbnail does not accurately represent the main topic of the video, which revolves around rumors about Ben Affleck and Kiki Kennedy. Instead, it shows a generic outdoor scene that does not provide any context related to the specific content discussed in the subtitles.

#### Step 5: Assess Whether the Thumbnail Uses Exaggeration, False Promises, or Clickbait Tactics
The thumbnail uses a generic image that does not align with the specific content of the video. It does not promise or exaggerate anything beyond what is shown visually, which is a neutral depiction of a couple walking a dog.

#### Step 6: Categorize the Thumbnail as Either ""Misleading"" or ""Not Misleading""
Based on the analysis, the thumbnail is **misleading** because it does not accurately represent the main topic of the video, which is focused on rumors about Ben Affleck and Kiki Kennedy.

#### Explanation
The thumbnail fails to convey the specific content of the video, which discusses rumors about Ben Affleck and Kiki Kennedy. By showing a generic outdoor scene, it misleads viewers into thinking the video is about a different topic altogether. This lack of relevance to the actual content makes the thumbnail misleading."
K0wkZ7acqSI,"### Analysis of the YouTube Video Thumbnail

#### Step 1: Examine the Thumbnail
The thumbnail features two individuals, one with visible tattoos and a beanie, and another individual with dark hair. The text overlay reads ""EXCLUSIVE 'BARKER STABBED BY GANG'"". 

#### Step 2: Read Through the Video Subtitles and Content Description
The subtitles confirm that Travis Barker was attacked and stabbed by a gang. The content description mentions a serious medical emergency involving Travis Barker, with scenes of emergency responders and hospital visits.

#### Step 3: Compare the Thumbnail to the Actual Video Content
The thumbnail shows two individuals, but the video content focuses on Travis Barker's medical emergency and the aftermath of the attack. The thumbnail does not visually represent the main subject matter of the video.

#### Step 4: Determine if the Thumbnail Accurately Represents the Video's Main Topic or Content
The thumbnail does not accurately represent the main topic of the video, which is Travis Barker's medical emergency and the attack itself. It instead features individuals that are not directly related to the main subject.

#### Step 5: Assess Whether the Thumbnail Uses Exaggeration, False Promises, or Clickbait Tactics
The thumbnail uses clickbait tactics by suggesting that the video contains exclusive information about Travis Barker being stabbed by a gang. However, the thumbnail does not visually misrepresent the content; it merely provides context about the subject matter.

#### Step 6: Categorize the Thumbnail as Either ""Misleading"" or ""Not Misleading""
Given that the thumbnail does not visually misrepresent the content but rather provides context about the subject matter, it can be categorized as **Not Misleading**.

#### Explanation
The thumbnail effectively communicates the subject matter of the video (Travis Barker's attack) but does not visually misrepresent the content. It provides accurate context about the exclusive nature of the information shared in the video, which is appropriate for a news or documentary-style video. Therefore, the thumbnail is not misleading."
DLrh3Qt2vDk,"### Analysis of the YouTube Video Thumbnail and Content

#### Step 1: Examine the Thumbnail
The thumbnail features a collage of images:
- A woman holding a newborn baby.
- A man with a beard wearing a hoodie.
- A woman with long hair.

The text overlay on the thumbnail reads ""F*CK OFF...""

#### Step 2: Read Through the Video Subtitles and Content Description
The subtitles and content description focus on a family, likely from a reality TV show or social media content, discussing the dynamics between family members, particularly the relationship between a mother and her children. The video highlights the contrast between the mother's focus on her daughter and the neglect of her son.

#### Step 3: Compare the Thumbnail to the Actual Video Content
The thumbnail does not accurately represent the video's main topic or content. The thumbnail features a woman holding a newborn baby, which is not directly related to the family dynamics described in the video subtitles and content description.

#### Step 4: Determine if the Thumbnail Accurately Represents the Video's Main Topic or Content
The thumbnail does not align with the video's content, which discusses the neglect of a son by his mother due to her focus on her daughter. The thumbnail suggests a different narrative, possibly involving a confrontation or a negative interaction.

#### Step 5: Assess Whether the Thumbnail Uses Exaggeration, False Promises, or Clickbait Tactics
The thumbnail uses exaggerated language (""F*CK OFF..."") which could be seen as clickbait, but it does not promise or suggest the content of the video. Instead, it misleads viewers by suggesting a confrontation or a negative interaction that is not present in the video content.

#### Step 6: Categorize the Thumbnail as Either ""Misleading"" or ""Not Misleading""
Based on the analysis, the thumbnail is **misleading**.

#### Explanation for Decision
The thumbnail features imagery and text that do not accurately reflect the content of the video. It suggests a confrontation or a negative interaction that is not depicted in the video. The focus of the video is on the family dynamics and the neglect of the son by his mother, which is not conveyed by the thumbnail. Therefore, the thumbnail misleads viewers by presenting a different narrative than what the video actually contains."
uJ36caYRjYA,"### Analysis:

#### Step 1: Examine the Thumbnail
The thumbnail features a man wearing headphones and a picture of James Franco circled in red. The text overlay reads, ""HE'S A SICK MAN.""

#### Step 2: Read Through the Video Subtitles and Content Description
The video discusses allegations of misconduct against James Franco in the entertainment industry. It highlights claims of enabling behavior by colleagues and the use of bribes to prevent victims from leaving projects. The video also mentions Seth Rogen as an enabler.

#### Step 3: Compare the Thumbnail to the Actual Video Content
The thumbnail prominently features James Franco, which aligns with the video's focus on him. However, the text ""HE'S A SICK MAN"" is a strong, emotionally charged statement that suggests a negative portrayal of Franco without providing context or evidence.

#### Step 4: Determine if the Thumbnail Accurately Represents the Video's Main Topic or Content
While the thumbnail correctly identifies James Franco as the subject of the allegations, the phrase ""HE'S A SICK MAN"" is highly subjective and potentially misleading. It implies a severe judgment without offering any factual basis or context for the viewer.

#### Step 5: Assess Whether the Thumbnail Uses Exaggeration, False Promises, or Clickbait Tactics
The thumbnail uses exaggerated language (""SICK MAN"") to attract attention, which could mislead viewers into expecting a more sensationalized or one-sided narrative than what the video actually provides.

#### Step 6: Categorize the Thumbnail as Either ""Misleading"" or ""Not Misleading""
Based on the analysis above, the thumbnail is **misleading**.

#### Explanation:
The thumbnail effectively draws attention to James Franco, which is appropriate since he is the central figure in the allegations. However, the phrase ""HE'S A SICK MAN"" is overly dramatic and lacks the necessary context to convey the seriousness of the allegations. It may lead viewers to expect a more sensationalized or one-sided account of the situation, which is not necessarily the case based on the video content. Therefore, the thumbnail is misleading due to its exaggerated language and lack of context."
bGkJvA6WVGc,"### Analysis of the Thumbnail and Video Content

#### Step 1: Examine the Thumbnail
The thumbnail features two individuals, one older and one younger, both with long hair. There is a large red arrow pointing from the older individual to the younger one, accompanied by the text ""+5 MILLION VIEWS!!!"" and a surprised emoji.

#### Step 2: Read Through the Video Subtitles and Content Description
The video content describes a makeup tutorial where the subject transforms her appearance through various steps, including cleansing, shaping eyebrows, applying makeup, contouring, and styling her hair. The video ends with the subject expressing joy and confidence.

#### Step 3: Compare the Thumbnail to the Actual Video Content
- **Thumbnail**: The thumbnail shows two individuals with long hair, suggesting a transformation or comparison between the two.
- **Video Content**: The video is a makeup tutorial focusing on the subject's transformation through makeup application.

#### Step 4: Determine if the Thumbnail Accurately Represents the Video's Main Topic or Content
The thumbnail does not accurately represent the video's main topic or content. It suggests a comparison or transformation between two individuals, which is not the focus of the video.

#### Step 5: Assess Whether the Thumbnail Uses Exaggeration, False Promises, or Clickbait Tactics
The thumbnail uses exaggerated language (""+5 MILLION VIEWS!!!"") and a surprised emoji, which might mislead viewers into expecting a comparison or transformation between two individuals rather than a makeup tutorial.

#### Step 6: Categorize the Thumbnail as Either ""Misleading"" or ""Not Misleading""
Based on the analysis, the thumbnail is misleading because it suggests a comparison or transformation between two individuals, which is not the focus of the video.

#### Explanation
The thumbnail uses exaggerated language and a surprised emoji to attract attention, which may mislead viewers into expecting a comparison or transformation between two individuals rather than a makeup tutorial. Therefore, the thumbnail is misleading."
