video_id,classification
kV8ucYvic_E,"### Analysis and Categorization:

**Thumbnail:** The thumbnail shows a group of people holding Mexican flags and signs, with the text ""NO SE REPORTAN INCIDENTES"" overlaid.

**Subtitles:** The subtitles indicate that there were no incidents reported during the event.

**Video Description:** The video appears to be a live news report covering a public gathering or demonstration in a city center. The scenes show a crowd of people walking along a tree-lined boulevard, many carrying umbrellas, flags, and signs. The atmosphere seems lively but peaceful, with people of all ages present. The reporter provides live coverage, and the crowd appears diverse and energetic.

**Comparison:** The thumbnail accurately depicts the scene of a public gathering with Mexican flags and signs, which aligns with the video content. However, the text ""NO SE REPORTAN INCIDENTES"" suggests that there were no incidents reported, which might imply that the event was peaceful and orderly.

**Assessment:** While the thumbnail accurately represents the visual elements of the event (people with flags and signs), the text ""NO SE REPORTAN INCIDENTES"" could be misleading because it implies that the event was entirely incident-free, which might not be the case based on the video content. The video does not explicitly confirm the absence of incidents, and the atmosphere described in the video suggests a lively but peaceful gathering rather than a completely incident-free event.

**Categorization:** Misleading

**Explanation:** The thumbnail uses the text ""NO SE REPORTAN INCIDENTES"" to suggest that the event was entirely incident-free, which might not be accurate based on the video content. The video does not explicitly confirm the absence of incidents, and the atmosphere described in the video suggests a lively but peaceful gathering rather than a completely incident-free event. Therefore, the thumbnail is misleading because it gives a false impression of the event's safety and order."
xOr7Qsu2TuA,"### Analysis and Categorization:

**Thumbnail:** The thumbnail shows a scene from the movie *Moana*, where a young girl is being held by an adult female character in a tropical setting. The image is bright and colorful, with lush greenery and palm trees in the background.

**Subtitles:** The subtitles include phrases like ""come little sister,"" ""Brother, you left like a thousand years,"" and references to ""Maui"" and ""Tefiti."" These suggest a narrative involving family dynamics and a quest or mission.

**Video Description:** The video description outlines a series of scenes from *Moana*, depicting a young woman embarking on a journey filled with adventure, cultural exploration, and magical elements. The scenes include interactions with other characters, a beach scene with familial bonding, and a depiction of the protagonist's connection to the sea and her cultural heritage.

**Comparison:** The thumbnail accurately represents a scene from the movie *Moana*, showing a young girl being held by another character in a tropical setting. The subtitles and video content also align closely with the themes of family, adventure, and cultural significance depicted in the movie.

**Assessment:** The thumbnail does not use exaggeration, false promises, or clickbait tactics. It accurately reflects the content of the video, which is a trailer for *Moana*. The scenes shown in the thumbnail are representative of the overall themes and atmosphere of the movie.

**Categorization:** **Not Misleading**

**Explanation:** The thumbnail accurately represents the content of the video, which is a trailer for *Moana*. It captures a significant moment from the movie, showing a young girl being held by another character in a tropical setting. The subtitles and video content align with the themes of family, adventure, and cultural significance depicted in the movie. There are no misleading elements or exaggerated claims in the thumbnail."
w3hPbyoebZE,"### Categorization: Misleading

**Explanation:**
The thumbnail depicts two individuals posing closely together, which might suggest a romantic or intimate relationship. However, the video content focuses on Selena Gomez and her boyfriend Benny Blanco, discussing engagement rumors and their future plans. The thumbnail does not accurately represent the video's main topic, which revolves around the couple's relationship dynamics and future aspirations rather than a romantic moment between two individuals. The thumbnail uses imagery that could be misleading, as it does not convey the specific content of the video clearly. Therefore, the thumbnail is considered misleading."
QSWeVyIjoXo,"### Categorization: Misleading

**Explanation:**

The provided video description and subtitles indicate that the video content is from an official government event in Mexico, specifically the inauguration of a park and museum. The main speaker is delivering a speech about the importance of involving the people in the process of purifying public life and ending corruption. The video includes a sign language interpreter and features the Mexican government's symbols and logos prominently.

However, the thumbnail shows a man in a traditional white guayabera shirt, which aligns with the attire often worn during such events. The presence of the Mexican government symbols and the formal setting further reinforce the idea that this is an official government event. The smaller video of the sign language interpreter also supports the notion that this is a significant event aimed at inclusivity and accessibility.

Given these details, the thumbnail accurately represents the content of the video, which is not misleading. Therefore, the correct categorization is ""Not Misleading."""
5hFd6zGkxLE,"### Analysis and Categorization

**Step 1: Examine the thumbnail**
The thumbnail features a close-up of a soccer player wearing a Real Madrid jersey, alongside the Real Madrid logo. The image suggests a focus on a specific player and the club itself.

**Step 2: Read through the video subtitles and content description**
The video description outlines a series of scenes that showcase Real Madrid's performances in the UEFA Champions League. It highlights various aspects of gameplay such as passing, dribbling, positioning, and moments of celebration. The video emphasizes the club's success and triumphs in the Champions League.

**Step 3: Compare the thumbnail to the actual video content**
The thumbnail effectively captures the essence of the video content. It shows a player in a Real Madrid jersey, which aligns with the focus on the club's performances in the Champions League. The presence of the Real Madrid logo reinforces this theme.

**Step 4: Determine if the thumbnail accurately represents the video's main topic or content**
The thumbnail accurately represents the video's main topic, which is the performance of Real Madrid in the UEFA Champions League. It does not mislead viewers into expecting a different type of content.

**Step 5: Assess whether the thumbnail uses exaggeration, false promises, or clickbait tactics**
There are no elements in the thumbnail that use exaggeration, false promises, or clickbait tactics. The image is straightforward and relevant to the video's content.

**Step 6: Categorize the thumbnail**
Based on the analysis, the thumbnail is **Not Misleading**.

**Explanation:**
The thumbnail accurately reflects the content of the video, which is a highlights reel or promotional video for Real Madrid's performances in the UEFA Champions League. It does not contain any misleading elements or false promises. The image of a player in a Real Madrid jersey, combined with the club's logo, clearly indicates the focus on the club's achievements in the Champions League, which is consistent with the video's content."
Bowd3CLHFy8,"### Analysis and Categorization:

**Thumbnail:** The thumbnail features three individuals, with the central figure heavily tattooed and holding a cigarette. The text ""¿SOBREVALORADO?"" is prominently displayed.

**Subtitles:** The subtitles suggest a discussion about whether someone is ""overvalued.""

**Video Description:** The video appears to be a behind-the-scenes look at a gaming or streaming channel, focusing on discussions about video games, pop culture, and tabletop gaming. It includes scenes of hosts interacting, with one of them holding a book titled ""Club de Petanca."" The hosts are seen in a studio filled with gaming memorabilia and collectibles.

**Comparison and Assessment:**

- **Thumbnail vs. Video Content:** The thumbnail prominently features a heavily tattooed individual holding a cigarette, which is not directly related to the content described in the video description. The video focuses on gaming and pop culture discussions rather than showcasing a heavily tattooed individual.
  
- **Clickbait Tactics:** The thumbnail uses a provocative image of a heavily tattooed individual, which might attract viewers interested in such imagery. However, the video content does not revolve around this individual; instead, it discusses gaming and pop culture.

- **Exaggeration:** The thumbnail exaggerates the presence of a heavily tattooed individual, which is not a significant part of the video content. The video is more about gaming and pop culture discussions.

**Conclusion:**

The thumbnail is **misleading** because it features a heavily tattooed individual that is not a central part of the video content. The video primarily focuses on gaming and pop culture discussions, which are not represented by the thumbnail. Therefore, the thumbnail uses a misleading image to attract viewers, which is not appropriate for the actual content of the video.

**Final Categorization:** Misleading

**Explanation:** The thumbnail inaccurately represents the video content by featuring a heavily tattooed individual, which is not a significant part of the video. Instead, the video focuses on gaming and pop culture discussions, making the thumbnail misleading."
4AWvQLi5Ewg,"### Categorization: Not Misleading

**Explanation:**
The thumbnail accurately represents the video content by showing a small, featureless clay head that is being sculpted into a miniature figure of a famous soccer player. The video itself demonstrates the step-by-step process of creating a detailed clay sculpture, starting from a blank head and progressing to a recognizable figure wearing a red jersey with the number 7. The thumbnail effectively conveys the main theme of the video, which is the creation of a miniature clay sculpture based on a reference image. There are no exaggerated elements or misleading claims in the thumbnail that do not match the actual content of the video. Therefore, the thumbnail is not misleading."
qQI3ENx1SKc,"### Categorization: Not Misleading

**Explanation:**

The provided thumbnail image shows Pope Francis in a wheelchair being greeted by a group of uniformed personnel, which accurately reflects the opening scene of the video where the Pope arrives in Indonesia. The text overlay on the thumbnail reads, ""El Papa Francisco inicia una gira de 12 días por Asia y Oceanía,"" which translates to ""Pope Francis initiates a 12-day tour of Asia and Oceania."" 

The video content corroborates this by detailing the Pope's extensive tour across various countries in Asia and Oceania, including Indonesia, Papua New Guinea, East Timor, and Singapore. The video showcases the Pope's interactions with officials, religious leaders, and the general public, emphasizing the diplomatic and religious significance of the visit.

The thumbnail effectively summarizes the main topic of the video without exaggerating or misleading the viewer. It accurately represents the content and purpose of the tour, providing a clear indication of the scale and scope of the Pope's journey. Therefore, the thumbnail is not misleading."
Lm-vLXkk0Sk,"### Analysis and Categorization

**Step 1: Examine the thumbnail**
- The thumbnail shows a person with long blonde hair tied back with a white headband, wearing a white shirt with a black strap over the shoulder. The background appears to be outdoors with greenery.

**Step 2: Read through the video subtitles and content description**
- The video description mentions a casual soccer game or practice session involving a notable individual. The scenes include players in red and white jerseys, spectators, and a person in an orange shirt of particular interest.
- The video does not provide subtitles, so the exact dialogue or context cannot be determined from the text.

**Step 3: Compare the thumbnail to the actual video content**
- The thumbnail depicts a person with long blonde hair, which aligns with the description of a notable individual in the video.
- However, the outdoor setting with greenery in the thumbnail does not match the indoor or semi-outdoor setting described in the video description (e.g., the presence of trees and hills).

**Step 4: Determine if the thumbnail accurately represents the video's main topic or content**
- The thumbnail suggests an outdoor, casual setting, while the video description indicates an indoor or semi-outdoor environment with spectators and a mix of gameplay and candid moments.

**Step 5: Assess whether the thumbnail uses exaggeration, false promises, or clickbait tactics**
- The thumbnail does not use exaggerated imagery or false promises. It simply shows a person that matches the description of a notable individual in the video.

**Step 6: Categorize the thumbnail**
- **Misleading**

**Explanation:**
The thumbnail depicts an outdoor setting with greenery, which does not accurately represent the indoor or semi-outdoor environment described in the video. While the person in the thumbnail matches the description of a notable individual, the setting mismatch creates confusion and misleads viewers about the actual location and atmosphere of the video. Therefore, the thumbnail is categorized as misleading."
ylAAKafcqSE,"### Analysis and Categorization:

#### Step 1: Examine the Thumbnail
The thumbnail shows a landscape with smoke rising from buildings, indicating damage and destruction. The text overlay reads ""Poltava, Ucrania"" (Poltava, Ukraine) and ""MISILES RUSOS DEJAN 51 MUERTOS Y MÁS DE 200 HERIDOS"" (Russian missiles leave 51 dead and more than 200 injured).

#### Step 2: Read Through the Video Subtitles and Content Description
The subtitles confirm the presence of Russian missiles causing significant casualties in Poltava, Ukraine. The video content includes scenes of destruction, damaged buildings, and smoke, which align with the thumbnail imagery.

#### Step 3: Compare the Thumbnail to the Actual Video Content
The thumbnail accurately depicts the scene of destruction and casualties described in the subtitles and video content. The imagery of smoke and damaged buildings matches the visual elements shown in the video.

#### Step 4: Determine if the Thumbnail Accurately Represents the Video's Main Topic or Content
The thumbnail effectively represents the main topic of the video, which is the impact of Russian missiles on civilians in Poltava, Ukraine.

#### Step 5: Assess Whether the Thumbnail Uses Exaggeration, False Promises, or Clickbait Tactics
There is no indication of exaggeration or clickbait tactics in the thumbnail. It simply conveys the severity of the situation depicted in the video.

#### Step 6: Categorize the Thumbnail
Based on the analysis, the thumbnail is not misleading.

#### Explanation:
The thumbnail accurately reflects the content of the video, which focuses on the devastating effects of Russian missiles on civilians in Poltava, Ukraine. It does not use any exaggerated language or misleading imagery. Therefore, the thumbnail is categorized as ""Not Misleading."""
vel7axGDmsE,"### Categorization: Not Misleading

### Explanation:
The thumbnail depicts a woman sitting on a couch next to a large dog, which accurately reflects the video content. The video showcases the life of Zeus, a Great Dane known for holding the Guinness World Record for the tallest living dog. The thumbnail effectively captures the essence of the video by highlighting Zeus' impressive size alongside his human companion. It does not exaggerate or misrepresent the main topic of the video, which revolves around Zeus' daily life, interactions with his family, and the Guinness World Record achievement. Therefore, the thumbnail is not misleading."
9GeaHL26b40,"### Analysis and Categorization

#### Step 1: Examine the Thumbnail
The thumbnail shows two individuals walking on a rainy street in New York City. The text overlay in Portuguese reads ""MUITO FELIZ"" (very happy). The image suggests a casual, everyday scene in the city.

#### Step 2: Read Through the Video Subtitles and Content Description
The video content description indicates that the video captures a series of moments from different locations in New York City, culminating in a lively church service or concert at Hillsong Church NYC. The scenes transition from outdoor street views to the vibrant, energetic atmosphere inside the church.

#### Step 3: Compare the Thumbnail to the Actual Video Content
The thumbnail depicts a casual, everyday scene in New York City, while the video content shows a lively church service or concert. The transition from the thumbnail to the video content is significant and noticeable.

#### Step 4: Determine if the Thumbnail Accurately Represents the Video's Main Topic or Content
The thumbnail does not accurately represent the main topic or content of the video. It shows a casual street scene, whereas the video content is focused on a church service or concert.

#### Step 5: Assess Whether the Thumbnail Uses Exaggeration, False Promises, or Clickbait Tactics
The thumbnail does not use exaggeration, false promises, or clickbait tactics. However, it fails to accurately represent the content of the video.

#### Step 6: Categorize the Thumbnail
The thumbnail is categorized as **Misleading**.

#### Explanation
The thumbnail shows a casual street scene in New York City, which does not accurately reflect the content of the video, which is a lively church service or concert. The transition from the thumbnail to the video content is significant and noticeable, making the thumbnail misleading."
moM--zl7dj8,"### Analysis and Categorization:

**Thumbnail:** The thumbnail shows a scene from the match between Peru and Colombia, with players in red and white uniforms (Peru) and players in red and black uniforms (Colombia) in action. The score displayed is 1-1, indicating a tied game.

**Video Description:** The video captures scenes from an international soccer match featuring Peru, as indicated by the red and white uniforms worn by the players. The video showcases the pre-game ceremony, gameplay, and various moments of the match, including intense action near the goal and emotional celebrations.

**Comparison:** The thumbnail accurately represents the content of the video, as it shows a scene from the Peru vs. Colombia match, which aligns with the video's description of an international soccer match featuring Peru. The thumbnail does not exaggerate or misrepresent any part of the video content.

**Assessment:** The thumbnail accurately reflects the video's content without using any misleading elements such as exaggerated scenes or clickbait tactics.

**Categorization:** Not Misleading

**Explanation:** The thumbnail correctly depicts a scene from the Peru vs. Colombia match, which matches the video's content. It does not use any misleading elements or clickbait tactics, thus it is categorized as ""Not Misleading."""
XeOzii8NwiY,"### Analysis and Categorization

**Thumbnail:**
The thumbnail features players from Mexico celebrating a goal, with the score prominently displayed as ""3-0"" against New Zealand. The Mexican national team logo is also visible, along with the word ""RESUMEN"" (summary) repeated multiple times.

**Video Description:**
The video showcases a series of moments from a friendly soccer match between Mexico and New Zealand. It includes scenes of players from both teams engaging in gameplay, with Mexico often in control of the ball. The scoreline progresses from 1-0 to 3-0 in favor of Mexico, culminating in a dominant performance by the home team.

**Comparison:**
The thumbnail effectively captures the essence of the video content. It shows players celebrating a goal, which aligns with the final score of the match. The score ""3-0"" is clearly indicated, which matches the final result described in the video description. The Mexican national team logo reinforces the context of the match.

**Assessment:**
The thumbnail accurately represents the main topic of the video, which is the summary of a friendly soccer match between Mexico and New Zealand, ending with a decisive victory for Mexico. There is no exaggeration, false promises, or clickbait tactics used in the thumbnail.

**Categorization:**
Not Misleading

**Explanation:**
The thumbnail correctly depicts the outcome of the match and the celebratory moment, which is consistent with the video content. It provides a clear and accurate representation of the main topic without any misleading elements."
owPT0yh0VV8,"### Analysis and Categorization:

**Thumbnail:** The thumbnail features a muscular individual with long hair and tattoos, set against a backdrop of ships sailing during sunset. The text ""APOCALYPTO 2 TRAILER"" is prominently displayed.

**Subtitles:** The video contains no specific subtitles that directly relate to the thumbnail. However, the title ""APOCALYPTO 2 TRAILER"" suggests that this is a trailer for a sequel to a film titled ""Apocalypto.""

**Video Description:** The video description outlines a trailer for an epic historical drama set in pre-Columbian Mesoamerica. It depicts scenes of cultural conflict, personal struggle, and resistance against invaders, with a strong emphasis on the backdrop of ancient Mesoamerican civilization. The visuals include lush jungles, ancient architecture, and dramatic confrontations, building a sense of epic scale and high stakes.

### Comparison and Decision:

- **Thumbnail:** The thumbnail depicts a muscular individual with long hair and tattoos, set against a serene backdrop of ships sailing during sunset. This image evokes a sense of adventure and exploration, which aligns somewhat with the theme of a historical drama set in a distant past.
  
- **Content Description:** The video description emphasizes a story of cultural conflict, personal struggle, and resistance against invaders, set against the backdrop of ancient Mesoamerican civilization. The visuals are rich with lush jungles, ancient architecture, and dramatic confrontations, building a sense of epic scale and high stakes.

### Conclusion:

The thumbnail accurately represents the general theme of the video, which is an epic historical drama set in pre-Columbian Mesoamerica. While the thumbnail does not explicitly mention the word ""Apocalypto"" or the number ""2,"" it effectively conveys the adventurous and historical elements present in the video. Therefore, the thumbnail does not use exaggeration, false promises, or clickbait tactics.

**Categorization:** Not Misleading

**Explanation:** The thumbnail accurately represents the general theme of the video, which is an epic historical drama set in pre-Columbian Mesoamerica. It effectively conveys the adventurous and historical elements present in the video without misleading viewers about the specific plot or content."
986TqLsdRZE,"### Analysis and Categorization

**Thumbnail:** The thumbnail shows three Paralympic athletes holding medals, with the text ""SIGUE LA LLUVIA DE MEDALLAS"" (Keep the rain of medals) and ""ACTIVIDAD DE LOS MEXICANOS EN PARÍS"" (Activity of the Mexicans in Paris).

**Subtitles:** The subtitles provide details about specific medal wins by Mexican athletes in the Paris Paralympics, including Amalia Pérez winning bronze in weightlifting, Edgar Ulises Fuentes winning silver in the javelin throw, and Jesús Gutiérrez Bermúdez winning bronze in swimming.

**Video Description:** The video showcases the achievements of Mexican Paralympic athletes, focusing on their victories and the joy they bring to their nation. It includes scenes of athletes celebrating, intense competition, and moments of camaraderie and support.

### Reasoning

1. **Examine the Thumbnail:** The thumbnail prominently displays three Paralympic athletes holding medals, which directly relates to the theme of medal wins. The text ""SIGUE LA LLUVIA DE MEDALLAS"" reinforces the idea that Mexican athletes are continuing to achieve medals.

2. **Read the Subtitles:** The subtitles provide specific details about medal wins, which are visually supported by the thumbnail. This indicates that the thumbnail accurately reflects the content of the video.

3. **Compare the Thumbnail to the Video Content:** The thumbnail effectively captures the essence of the video, which is centered around the achievements of Mexican Paralympic athletes. The presence of athletes holding medals in the thumbnail matches the content of the video, which highlights specific medal wins.

4. **Assess for Exaggeration, False Promises, or Clickbait Tactics:** The thumbnail does not use exaggerated language or false promises. It accurately represents the content of the video without any misleading elements.

5. **Categorization:** Given that the thumbnail accurately represents the content of the video and does not use any misleading elements, it is not misleading.

### Final Decision

**Categorization:** Not Misleading

**Explanation:** The thumbnail accurately represents the content of the video, showing Paralympic athletes holding medals and emphasizing the theme of continued medal wins by Mexican athletes. It does not use any exaggerated language or false promises, making it a truthful representation of the video's content."
4pFWoiW4lRw,"### Analysis and Categorization

**Thumbnail:**
The thumbnail features a player in a red and green jersey with the number 7, which is associated with Cristiano Ronaldo. The text ""2022-23 HABIBI"" is prominently displayed, along with a blurred background that suggests a soccer stadium environment.

**Video Subtitles:**
The subtitles include repeated phrases like ""HABIBI"" and ""You forgave my life,"" which seem to be part of a song or a recurring theme rather than directly related to the content of the video itself.

**Video Description:**
The video appears to be a highlight reel or compilation of moments featuring Cristiano Ronaldo during his career, likely focusing on his performances for the Portuguese national team. The scenes include various matches, celebrations, and individual skills, all set against the backdrop of a passionate fanbase.

### Comparison and Assessment:

1. **Thumbnail vs. Video Content:**
   - The thumbnail clearly depicts Cristiano Ronaldo in a red and green jersey, which aligns with the video content as it showcases him in a Portuguese national team uniform.
   - The text ""2022-23 HABIBI"" is not directly related to the video content but seems to be part of a song or theme, which does not mislead viewers about the content.

2. **Exaggeration or False Promises:**
   - The thumbnail does not use exaggerated visuals or false promises. It accurately represents the main subject of the video, which is Cristiano Ronaldo.

3. **Clickbait Tactics:**
   - There are no elements in the thumbnail that suggest clickbait tactics. The thumbnail is straightforward and informative.

### Conclusion:

**Categorization:** Not Misleading

**Explanation:** The thumbnail accurately represents the main subject of the video, which is Cristiano Ronaldo in a Portuguese national team uniform. The text ""2022-23 HABIBI"" is not misleading as it appears to be part of a song or theme rather than a direct reference to the video content. Therefore, the thumbnail does not use exaggeration, false promises, or clickbait tactics to mislead viewers."
fm9DH2OtClo,"### Analysis and Categorization

#### Step 1: Examine the Thumbnail
The thumbnail shows a man and a woman laughing and appearing to be in a playful or humorous interaction. The man is holding a microphone, suggesting an interview or vlog-style segment. The background includes an urban setting with a bridge and vehicles, indicating a street interview scenario.

#### Step 2: Read Through the Video Subtitles and Content Description
The subtitles and video content describe a casual and lively interaction between the interviewer and the interviewee. The interviewee discusses her experiences and activities, which include selling items on the street and creating content online. The tone of the conversation is friendly and conversational, with both parties laughing and engaging in a lighthearted dialogue.

#### Step 3: Compare the Thumbnail to the Actual Video Content
The thumbnail depicts a scene of laughter and playfulness, which aligns closely with the content described in the video. The interaction between the interviewer and the interviewee in the video is indeed casual and humorous, matching the playful tone suggested by the thumbnail.

#### Step 4: Determine if the Thumbnail Accurately Represents the Video's Main Topic or Content
The thumbnail accurately represents the video's content. It captures the essence of a street interview or vlog-style segment, showing a casual and humorous interaction between the interviewer and the interviewee.

#### Step 5: Assess Whether the Thumbnail Uses Exaggeration, False Promises, or Clickbait Tactics
The thumbnail does not use any exaggerated elements, false promises, or clickbait tactics. It simply depicts a scene of laughter and interaction, which is consistent with the content of the video.

#### Step 6: Categorize the Thumbnail
Based on the analysis, the thumbnail is **Not Misleading**.

#### Explanation
The thumbnail accurately reflects the content of the video, which is a casual and humorous street interview. There are no misleading elements or exaggerated claims present in the thumbnail that do not match the actual video content. Therefore, the thumbnail is appropriate and truthful in representing the video's main topic and content."
L4Xx7IZ4j_Q,"### Analysis and Categorization:

**Thumbnail:** The thumbnail shows a man in a dark suit with a pink ribbon pin, smiling and gesturing with his hand. The text overlaid on the thumbnail reads ""DEJEN DE PRESIONAR"" (Stop Pressuring).

**Subtitles:** The subtitles indicate that Marco Cortés, a senator of the PAN (National Action Party), is denouncing the practice of pressuring prosecutors and opposition senators to vote for the judicial reform. He demands that the Federal Government and Morena stop putting pressure on the prosecutors and that opposition senators should stop trying to bribe those who accept bribes.

**Video Description:** The video covers a political event or press conference focusing on judicial reform, specifically the call to stop pressures and bribes in the judicial system. The main speaker, Marco Cortés, is seen addressing the issue repeatedly across different settings, emphasizing the need for an end to such practices.

**Comparison:** The thumbnail accurately represents the main topic discussed in the video, which is the call for an end to pressures and bribes in the judicial system. The text ""DEJEN DE PRESIONAR"" directly corresponds to the subtitle ""Stop Pressuring,"" which is a key point in the video content.

**Assessment:** The thumbnail does not use exaggeration, false promises, or clickbait tactics. It clearly conveys the main message of the video without misleading viewers.

**Categorization:** **Not Misleading**

**Explanation:** The thumbnail accurately reflects the main topic and message of the video, which is the call for an end to pressures and bribes in the judicial system. The text ""DEJEN DE PRESIONAR"" directly aligns with the subtitles and the content of the video, ensuring that viewers understand the primary focus of the event. Therefore, the thumbnail is not misleading."
4p4Cs2IVSXw,"### Analysis and Categorization

#### Step 1: Examine the Thumbnail
The thumbnail shows a man in a black suit standing behind a podium, delivering a speech. The setting appears to be a formal event, likely an awards ceremony, given the backdrop and the presence of a microphone.

#### Step 2: Read Through the Video Subtitles and Content Description
The subtitles and video description indicate that the video features Ricky Gervais hosting the Golden Globe Awards. The content includes his monologue, audience reactions, and the announcement of award winners. The video captures the essence of a typical awards ceremony, including the host's humorous and irreverent style.

#### Step 3: Compare the Thumbnail to the Actual Video Content
The thumbnail accurately depicts the setting and activity shown in the video. It shows a man in a suit delivering a speech, which matches the host's role in the Golden Globe Awards ceremony. The formal setting and the presence of a microphone are consistent with the video content.

#### Step 4: Determine if the Thumbnail Accurately Represents the Video's Main Topic or Content
The thumbnail effectively represents the main topic of the video, which is the Golden Globe Awards ceremony hosted by Ricky Gervais. It captures the essence of the event without any misleading elements.

#### Step 5: Assess Whether the Thumbnail Uses Exaggeration, False Promises, or Clickbait Tactics
The thumbnail does not use any exaggerated elements or false promises. It simply shows a representative image of the host delivering a speech, which is accurate and relevant to the video content.

#### Step 6: Categorize the Thumbnail
Based on the analysis, the thumbnail is not misleading.

#### Explanation
The thumbnail accurately represents the video content by showing a man in a suit delivering a speech, which is consistent with the host's role in the Golden Globe Awards ceremony. There are no exaggerated elements or misleading promises in the thumbnail. Therefore, the thumbnail is categorized as ""Not Misleading."""
7i4qb48viM4,"### Analysis and Categorization

#### Step 1: Examine the Thumbnail
The thumbnail shows two players hugging each other, one wearing a Barcelona jersey with the name ""Messi"" and the number ""10,"" and the other wearing a Real Madrid jersey with the name ""Sergio Ramos."" The scoreline displayed is ""2-2,"" indicating a tie between Barcelona and Real Madrid.

#### Step 2: Read Through the Video Subtitles and Content Description
The subtitles and video content describe a match between Barcelona and Real Madrid, highlighting the rivalry and the significance of the match. The video includes scenes of intense gameplay, player interactions, and the overall atmosphere of the match. The content does not explicitly mention the scoreline or the players hugging, but it focuses on the match itself rather than the result or the players' emotions.

#### Step 3: Compare the Thumbnail to the Actual Video Content
The thumbnail shows a scene of players hugging after the match ended in a tie. However, the video content does not depict this specific moment. Instead, it shows various scenes of gameplay and the overall atmosphere of the match.

#### Step 4: Determine if the Thumbnail Accurately Represents the Video's Main Topic or Content
The thumbnail does not accurately represent the main topic or content of the video. While the thumbnail shows a scene that could be related to the match's conclusion, the video content does not focus on this particular moment but rather on the gameplay and the overall atmosphere of the match.

#### Step 5: Assess Whether the Thumbnail Uses Exaggeration, False Promises, or Clickbait Tactics
The thumbnail does not use any exaggerated elements or false promises. It simply shows a scene that could be related to the match's conclusion, but it does not mislead viewers into expecting a specific outcome or moment that is not depicted in the video.

#### Step 6: Categorize the Thumbnail as Either ""Misleading"" or ""Not Misleading""
Based on the analysis, the thumbnail is **not misleading**. It accurately represents a scene that could be related to the match's conclusion, but it does not mislead viewers into expecting a specific outcome or moment that is not depicted in the video.

#### Explanation:
The thumbnail shows a scene that could be related to the match's conclusion, but the video content does not focus on this specific moment. Therefore, the thumbnail does not mislead viewers into expecting a specific outcome or moment that is not depicted in the video. The thumbnail accurately represents a scene that could be related to the match's conclusion, but it does not mislead viewers into expecting a specific outcome or moment that is not depicted in the video.

### Final Decision:
**Not Misleading**

**Explanation:** The thumbnail accurately represents a scene that could be related to the match's conclusion, but it does not mislead viewers into expecting a specific outcome or moment that is not depicted in the video."
tkrHMiq4WYQ,"### Analysis and Categorization:

**Thumbnail:** The thumbnail shows a collection of miniature soccer player figurines, some in action poses, with one figurine prominently labeled ""GOAT!"" (Greatest Of All Time).

**Subtitles:** The subtitles include phrases like ""foreign,"" ""thank you,"" and ""foreign,"" which seem to be placeholders or filler words, indicating that the actual subtitles are missing or incomplete.

**Video Description:** The video provides a behind-the-scenes look at the creation of miniature soccer player figurines. It showcases the process of sculpting heads, painting faces, assembling bodies, and creating various poses for the figurines. The video emphasizes the meticulous craftsmanship involved in making these collectible items.

**Comparison:** The thumbnail depicts a collection of finished figurines, some in action poses, with a label ""GOAT!"" which suggests a focus on the most accomplished soccer players. However, the video content primarily focuses on the creation process rather than showcasing the finished products.

**Assessment:**
- The thumbnail suggests a focus on the final, finished products, specifically highlighting the ""GOAT"" label.
- The video, however, primarily shows the process of creating these figurines, without explicitly showcasing the final products.
- There is a mismatch between what the thumbnail implies and what the video content actually shows.

**Conclusion:**
The thumbnail is **misleading** because it gives the impression that the video will showcase the final, finished products of the figurines, particularly those labeled ""GOAT."" In reality, the video focuses on the creation process, which does not align with the implication given by the thumbnail.

**Explanation:**
The thumbnail uses the term ""GOAT"" to attract viewers' attention, suggesting that the video will feature the most accomplished soccer players. However, the video content does not provide a comprehensive showcase of the finished products but instead highlights the behind-the-scenes process of creating these figurines. This discrepancy between the thumbnail and the video content makes the thumbnail misleading."
RJ4jlutcSbY,"### Analysis and Categorization:

**Thumbnail:** The thumbnail features a soccer player in a red jersey with the number 7, giving a thumbs-up gesture. The text ""Highlights"" is prominently displayed, along with the FIFA World Cup Qatar 2022 logo and flags representing Portugal and Ghana.

**Subtitles:** The subtitles indicate that the video is a highlight reel from a FIFA World Cup match between Portugal and Ghana in 2022. It mentions key moments such as goals scored by Ronaldo and the overall excitement of the match.

**Video Description:** The video showcases highlights from a World Cup match between Portugal and Ghana in 2022. It includes scenes of players from both teams competing, a goal scored by Portugal, and the subsequent celebrations. The Portuguese team is depicted as winning the match 3-1.

**Comparison:** The thumbnail accurately represents the content of the video. It shows a player in a red jersey, which matches the colors of the Portuguese national team, and the text ""Highlights"" clearly indicates that the video contains highlights from the match. The flags of Portugal and Ghana further confirm the context of the match.

**Assessment:** The thumbnail does not use exaggeration, false promises, or clickbait tactics. It accurately reflects the content of the video, which is a compilation of highlights from a World Cup match between Portugal and Ghana.

**Categorization:** Not Misleading

**Explanation:** The thumbnail effectively communicates the content of the video without misleading viewers. It accurately depicts the player in the red jersey, the context of the match, and the nature of the video as a highlight reel. Therefore, it should not be categorized as misleading."
a3KAmDrS35A,"### Analysis and Categorization:

**Thumbnail:** The thumbnail features Will Smith wearing a white cap and a light-colored shirt, with the text ""Will Smith pide perdón a Chris Rock"" prominently displayed.

**Subtitles:** The subtitles indicate that Will Smith is apologizing to Chris Rock.

**Video Content Description:** The video appears to be an interview or statement where Will Smith is reflecting on a controversial incident involving Chris Rock. He expresses regret and apologizes to Chris Rock, acknowledging that his behavior was unacceptable and that he has been thinking about the nuances and complexities of the situation. He also mentions apologizing to Chris Rock's family and friends, particularly Tony Rock, and expresses deep remorse for the impact his actions had on others.

**Comparison:** The thumbnail accurately represents the main topic of the video, which is Will Smith apologizing to Chris Rock. The text ""Will Smith pide perdón a Chris Rock"" translates to ""Will Smith asks for forgiveness from Chris Rock,"" which aligns perfectly with the content described in the video.

**Assessment:** The thumbnail does not use any exaggerated claims, false promises, or clickbait tactics. It clearly communicates the main topic of the video, which is Will Smith apologizing to Chris Rock. Therefore, the thumbnail is not misleading.

**Categorization:** Not Misleading

**Explanation:** The thumbnail accurately reflects the content of the video, which is Will Smith apologizing to Chris Rock. There are no elements in the thumbnail that misrepresent or exaggerate the video's content. The thumbnail effectively summarizes the main topic and purpose of the video, making it clear and straightforward for viewers."
-20QvMQRX1Q,"**Categorization:** Not Misleading

**Explanation:** The thumbnail depicts a young mother feeding her baby on outdoor patio furniture, which accurately reflects the content of the video. The video description confirms that the scenes involve a young couple with a baby, and the mother is seen feeding the baby with a bottle. The subtitle ""Well, your daughter needs to eat"" further supports the context of the mother feeding the baby. The TLC logo indicates that this is part of a reality TV series documenting the lives of young parents, which aligns with the content shown in the video. Therefore, the thumbnail does not mislead viewers about the nature of the video content."
n36VU8zqCP4,"### Categorization: Not Misleading

### Explanation:
The thumbnail depicts a scene where a child is inside a pink water slide, seemingly surprised or amused, with the text ""TRY NOT TO LAUGH"" prominently displayed. The video content, however, does not focus on a single individual's reaction but rather showcases a series of water-related activities and mishaps. While the thumbnail captures a moment of amusement, it does not mislead viewers about the overall content of the video. The video itself contains a variety of scenes, including water parks, backyard pools, and other water activities, which do not necessarily revolve around a single humorous moment. Therefore, the thumbnail accurately represents the general theme of the video without exaggerating or misleading the viewer about the specific content."
ye-7JDaEifM,"### Analysis and Categorization

#### Step 1: Examine the Thumbnail
The thumbnail features a woman with long dark hair, wearing a white outfit, smiling, and the text ""TIME100 SUMMIT"" prominently displayed. The overall impression is professional and associated with a high-profile event.

#### Step 2: Read Through the Video Subtitles and Content Description
The subtitles indicate that the video is an interview with Kim Kardashian, discussing her business success, particularly with Skims, and her personal philosophy behind her choices. The content description confirms that the video is indeed an interview with Kim Kardashian, discussing her business ventures and personal insights.

#### Step 3: Compare the Thumbnail to the Actual Video Content
The thumbnail accurately depicts the setting and subject matter of the video. It shows a woman in a professional setting, which matches the interview format described in the subtitles and video description. The text ""TIME100 SUMMIT"" reinforces the idea that this is a high-profile event, which aligns with the professional atmosphere depicted in the thumbnail.

#### Step 4: Determine if the Thumbnail Accurately Represents the Video's Main Topic or Content
The thumbnail effectively represents the main topic of the video, which is an interview with Kim Kardashian discussing her business achievements and personal philosophy. There are no exaggerated elements or misleading aspects in the thumbnail.

#### Step 5: Assess Whether the Thumbnail Uses Exaggeration, False Promises, or Clickbait Tactics
There are no elements in the thumbnail that use exaggeration, false promises, or clickbait tactics. The thumbnail simply presents the subject and context of the video without any misleading information.

#### Step 6: Categorize the Thumbnail
Based on the analysis above, the thumbnail is not misleading.

#### Explanation
The thumbnail accurately represents the video content by showing a professional interview setting with Kim Kardashian, which aligns with the subtitles and video description. There are no misleading elements or exaggerated claims in the thumbnail, making it a clear and appropriate representation of the video's content. Therefore, the thumbnail is categorized as ""Not Misleading."""
1fK2IyWkcHg,"### Analysis and Categorization

**Thumbnail:** The thumbnail shows a woman in a pink shirt and white shorts, seemingly engaged in some physical activity indoors, possibly involving a fan or a similar object. Her hair is blowing, suggesting strong wind or movement.

**Video Content Description:** The video compilation features a series of humorous and often chaotic moments caught on camera. These moments include:
- Parasailing
- A scenic mountainous landscape viewed from a moving vehicle
- A person being engulfed in white smoke or vapor
- A flooded street with someone kayaking with a dog
- A person balancing on a slippery surface with an umbrella
- A trampoline being lifted by strong wind in a backyard
- A nighttime security camera footage of a suspicious figure approaching a door
- A violent rainstorm with debris being blown across a residential street
- A backyard barbecue setting with unexpected occurrences
- Various scenes of people struggling with windy conditions
- A shopping cart in a parking lot during a storm
- A patio umbrella being lifted by the wind
- More instances of people battling against strong gusts
- A scene outside a store where someone struggles with their clothing in the wind

**Comparison:** The thumbnail depicts a woman in a dynamic pose, her hair blowing, which suggests strong wind or movement. However, the video content primarily focuses on various humorous and chaotic situations involving weather-related challenges and unexpected events, rather than a specific scenario involving strong wind or movement.

**Assessment:** The thumbnail does not accurately represent the main topic or content of the video. It suggests a single, specific scenario (a person dealing with strong wind), whereas the video compilation covers a range of humorous and chaotic moments involving various weather-related challenges.

**Categorization:** **Misleading**

**Explanation:** The thumbnail uses a single, specific image to represent the entire video content, which is misleading because the video compilation features a variety of humorous and chaotic moments involving different weather-related challenges. The thumbnail does not provide a comprehensive representation of the diverse content within the video."
QuKVBeD6qqQ,"### Categorization: Not Misleading

### Explanation:
The provided thumbnail does not appear to be misleading based on the video description. The thumbnail shows a small, fluffy dog lying on a bed, which aligns with the video content where the dog is seen on a bed in a playful and energetic manner. There are no exaggerated or misleading elements in the thumbnail that do not match the actual video content. The video depicts a typical, heartwarming interaction between a dog and its owner in a home environment, which is consistent with the thumbnail's depiction of a dog resting on a bed. Therefore, the thumbnail accurately represents the video's main topic and content, making it ""Not Misleading."""
9vIHC6CXmmQ,"### Categorization: Not Misleading

**Explanation:**
The provided video description clearly outlines a series of scenes depicting severe flooding and weather events in China. The thumbnails typically aim to attract viewers by showcasing the most dramatic or impactful moments from the video. In this case, the thumbnail likely captures a moment of intense flooding where individuals are struggling in deep water, which aligns well with the video's content. The scenes depicted in the thumbnail—people wading through floodwaters, cars submerged, and the overall chaotic environment—are consistent with the video's depiction of severe flooding and its impact on urban areas. Therefore, the thumbnail accurately represents the main topic and content of the video without exaggeration or misleading elements."
KI0TmvZPaoY,"### Categorization: Not Misleading

### Explanation:
The thumbnail depicts two drummers in a studio setting, which accurately reflects the video content described. The video shows two musicians collaborating on a drum performance in a recording studio or rehearsal space. The thumbnail effectively conveys the setting and activity depicted in the video, as both drummers are shown playing their instruments with enthusiasm and skill. There are no exaggerated elements or misleading visual cues that misrepresent the actual content of the video. Therefore, the thumbnail is not misleading."
tZB8EzZrxtY,"### Analysis and Categorization

**Thumbnail:** The thumbnail features a player mid-swing during a baseball game, with the text ""LA AFICIÓN"" prominently displayed at the top. Below the image, the text reads ""RESUMEN JUEGO 2 DE LA SERIE DEL REY,"" which translates to ""Summary Game 2 of the King's Series.""

**Subtitles:** The subtitles provide context about the video content, mentioning that it is a summary of Game 2 of the ""King's Series."" The video discusses the performance of the Red Devils against the Sultans, highlighting their offensive success and the significant score difference (17-0).

**Video Description:** The video covers a series of scenes related to a baseball game, including game footage, interviews with managers, and studio segments. It focuses on the performance of the Red Devils, particularly their offensive play and the significant margin of victory over the Sultans.

**Comparison and Assessment:**

1. **Thumbnail vs. Video Content:** The thumbnail effectively captures the essence of the video content by showing a player in action during a game. It clearly indicates that the video is summarizing a specific game within a series, which aligns with the subtitles and the video description.

2. **Accuracy Representation:** The thumbnail accurately represents the main topic of the video, which is the summary of Game 2 of the King's Series. It does not use exaggerated imagery or false promises that might mislead viewers.

3. **Clickbait Tactics:** There are no elements in the thumbnail that suggest clickbait or misleading content. The image and text are straightforward and informative.

**Conclusion:**

The thumbnail is **not misleading** because it accurately represents the content of the video. It provides clear information about the subject matter without any exaggeration or false promises. Therefore, the categorization is:

**Not Misleading**

**Explanation:** The thumbnail effectively communicates the purpose of the video (summarizing Game 2 of the King's Series) and does not contain any misleading elements. It accurately reflects the content described in the subtitles and the video description."
og_URMyEkpg,"### Analysis and Categorization:

**Thumbnail:** The thumbnail shows a Green Bay Packers player in a green jersey being tackled by a Philadelphia Eagles player in a white jersey. The image is labeled ""São Paulo Game"" and ""Resumen Semana 1 Temporada 2024,"" indicating it is a summary of Week 1 of the 2024 NFL season.

**Subtitles:** The subtitles provide context about the game, mentioning a touchdown for the Eagles and various plays involving players like Barkley and the Eagles' defense.

**Video Description:** The video content describes a series of plays from a game between the Green Bay Packers and the Philadelphia Eagles. It includes scenes of players tackling each other, a touchdown for the Eagles, and various strategic plays. The video captures the intensity and dynamics of the game, showing close-ups of players and wider shots of the field.

**Comparison:** The thumbnail accurately represents a moment from the game, specifically a tackle during a play. The subtitles and video content further confirm that this is indeed a summary of a game between the Packers and Eagles, covering the main events including a touchdown for the Eagles.

**Assessment:** The thumbnail correctly depicts a moment from the game, which aligns with the video content. There are no exaggerated claims or misleading elements in the thumbnail. The thumbnail effectively summarizes the main action of the game, which is a tackle during a play.

**Conclusion:** The thumbnail is **Not Misleading**.

**Explanation:** The thumbnail accurately reflects the content of the video, which is a summary of a game between the Green Bay Packers and the Philadelphia Eagles. It shows a tackle during a play, which is a common and significant moment in football games. The subtitles and video content further confirm this, ensuring that viewers understand the context and the main events depicted in the thumbnail. Therefore, the thumbnail does not use exaggeration, false promises, or clickbait tactics; it simply provides a clear representation of the video's content."
OhDgNoqkTrw,"### Analysis and Categorization

#### Step 1: Examine the Thumbnail
The thumbnail features Will Smith performing on stage with his arms outstretched, accompanied by the BET Awards logo and the text ""PERFORMANCE"" prominently displayed. The image suggests a live performance, likely at an awards ceremony.

#### Step 2: Read Through the Subtitles and Content Description
The subtitles indicate a performance featuring Will Smith, Kirk Franklin, Chandler Moore, and the Sunday Service Choir. The content description describes a dynamic and visually striking performance at an awards show, emphasizing themes of resilience, overcoming adversity, and faith.

#### Step 3: Compare the Thumbnail to the Actual Video Content
- **Thumbnail**: Depicts Will Smith performing on stage with a strong, open-arm pose, suggesting a powerful and emotional performance.
- **Content Description**: The video showcases a performance with Will Smith, Kirk Franklin, Chandler Moore, and the Sunday Service Choir, emphasizing themes of resilience and faith. The performance includes elements like a fiery circular stage, intense lighting, and a large ensemble, which are consistent with the thumbnail’s depiction of a powerful performance.

#### Step 4: Determine if the Thumbnail Accurately Represents the Video's Main Topic or Content
The thumbnail accurately represents the main topic of the video, which is a performance at an awards show. It captures the essence of a powerful and emotional live performance, which aligns well with the content description.

#### Step 5: Assess Whether the Thumbnail Uses Exaggeration, False Promises, or Clickbait Tactics
There is no indication of exaggeration, false promises, or clickbait tactics in the thumbnail. It clearly conveys the nature of the performance and the context of the BET Awards.

#### Step 6: Categorize the Thumbnail
Based on the analysis, the thumbnail does not mislead viewers about the content of the video. It accurately represents the main topic and the nature of the performance.

### Final Decision
**Categorization: Not Misleading**

**Explanation:**
The thumbnail accurately represents the main topic of the video, which is a powerful performance at the BET Awards. It captures the essence of a live performance with a strong emotional impact, which matches the content description. There are no exaggerated claims or misleading elements in the thumbnail."
IBd7Y4qvJ6U,"### Categorization: Misleading

**Explanation:**
The thumbnail for the video shows a close-up of a character resembling Shadow the Hedgehog, a character from the Sonic the Hedgehog series, with a determined and intense expression. The background features a dynamic, action-packed scene with lightning effects, which suggests a high-energy, thrilling atmosphere typical of the Sonic franchise. However, the video content described does not match the thumbnail's imagery.

The video description indicates a mix of animated and real-world settings, featuring battles, destruction, and dramatic confrontations. While the thumbnail does capture the essence of an action-packed movie, it specifically highlights Shadow the Hedgehog, which is not the central focus of the video content. The video primarily revolves around Sonic and his friends engaging in battles and dramatic confrontations, which is not depicted in the thumbnail.

Therefore, the thumbnail is misleading because it does not accurately represent the main topic or content of the video, which focuses on Sonic and his adventures rather than Shadow."
YASzEtlOeso,"### Analysis and Categorization:

#### Step 1: Examine the Thumbnail
The thumbnail shows a woman standing in front of a blurred background that includes elements resembling a courtroom or official setting, along with the European Union flag. The woman appears to be delivering a speech or presentation, and the overall tone suggests a formal or serious discussion.

#### Step 2: Read Through the Video Subtitles and Content Description
The subtitles and video content describe a series of issues related to social media regulation, freedom of expression, and the responsibilities of platform owners. The video discusses the actions taken by Brazil, the European Union, and Pakistan regarding the platform X (Twitter). It also highlights criticisms of the platform for allowing the spread of hate and misinformation, and the reactions of Elon Musk to these actions.

#### Step 3: Compare the Thumbnail to the Actual Video Content
The thumbnail depicts a formal setting, likely a political or legal discussion, which aligns with the content described in the video. However, the thumbnail does not explicitly convey the specific issues discussed in the video, such as the blocking of accounts, the criticism of the platform, or the reactions of Elon Musk.

#### Step 4: Determine if the Thumbnail Accurately Represents the Video's Main Topic or Content
While the thumbnail sets a formal tone appropriate for the subject matter, it does not provide any visual cues about the specific issues being discussed. The thumbnail does not highlight the platform X (Twitter), the criticisms of the platform, or the reactions of Elon Musk, which are central to the video's content.

#### Step 5: Assess Whether the Thumbnail Uses Exaggeration, False Promises, or Clickbait Tactics
The thumbnail does not use exaggerated imagery or false promises. Instead, it presents a neutral and formal setting that could be associated with discussions about social media regulation and freedom of expression.

#### Step 6: Categorize the Thumbnail as Either ""Misleading"" or ""Not Misleading""
Based on the analysis, the thumbnail is **Not Misleading**. Although it does not explicitly depict the specific issues discussed in the video, it sets a formal tone appropriate for the subject matter and does not use exaggerated imagery or false promises.

#### Explanation:
The thumbnail accurately represents the formal and serious nature of the discussion, which is consistent with the content of the video. While it does not visually convey the specific issues discussed, it does not mislead viewers about the general topic of social media regulation and freedom of expression. Therefore, the thumbnail is appropriately categorized as **Not Misleading**."
V7jSEMnKTJU,"### Categorization: Not Misleading

**Explanation:**

The thumbnail depicts a large crowd of people marching in a street while waving numerous Mexican flags, which accurately reflects the content of the video. The video description confirms that this is indeed a protest in Mexico City, involving a significant number of participants who are waving Mexican flags and holding signs supporting the Federal Judiciary (PJF). The text ""SALEN A MARCHAR EN DEFENSA DEL PODER JUDICIAL"" (They are marching in defense of the judicial power) in the thumbnail matches the video's content, which highlights the protest's purpose of defending judicial powers and the rule of law.

The thumbnail effectively conveys the main theme of the video—large-scale public demonstration in support of the judiciary—and does not use any exaggerated or misleading elements. Therefore, the thumbnail is not misleading."
_HML6UYYF-I,"### Categorization: Not Misleading

### Explanation:
The thumbnail depicts two individuals seated across from each other at a round wooden table, which aligns closely with the video description of an intimate interview or conversation between two prominent African American men in the entertainment industry. The setting is minimalistic and dark, creating a serious and focused atmosphere that matches the tone described in the video description. Both individuals are shown in a professional yet relaxed manner, with the man in the suit appearing thoughtful and the man in the dark jacket being animated and expressive. The video content revolves around discussions about the craft of comedy, the challenges of fame, and personal reflections on their careers, which are consistent with the themes suggested by the subtitles and the overall atmosphere depicted in the thumbnail. Therefore, the thumbnail accurately represents the video's content without any misleading elements."
vrXrTKhqkdM,"### Analysis and Categorization

**Thumbnail:** The thumbnail features Cristiano Ronaldo in a Portugal national team jersey, with the text ""CR7 LEG WORKOUT."" There are two animated figures demonstrating leg exercises, one performing a front lunge and the other performing a side lunge.

**Video Subtitles:** The subtitles include phrases like ""CR7 LEG WORKOUT,"" ""first exercise,"" ""three, two, one, go,"" and ""this exercise works your glutes and no, it will not make your bum bigger."" The video also mentions ""Ronaldo definitely doesn't have a big bum even though he does this.""

**Video Description:** The video is a workout tutorial focused on lower body exercises, specifically targeting the legs and glutes. It includes various exercises such as front lunges, leg lifts, lateral lunges, and squats, among others. The exercises are demonstrated by an animated figure in a gym setting.

**Comparison and Assessment:**

- **Thumbnail vs. Video Content:** The thumbnail prominently features Cristiano Ronaldo, who is known for his leg strength and fitness. However, the video content focuses on general lower body exercises rather than specifically targeting Ronaldo's leg workouts. The thumbnail suggests a specific focus on Ronaldo's leg exercises, which is misleading because the video content is broader and does not exclusively focus on Ronaldo's routines.
  
- **Clickbait Tactics:** The thumbnail uses Ronaldo's name and image to attract viewers, which could be seen as a form of clickbait. While the thumbnail does not explicitly promise results similar to Ronaldo’s fitness level, it does suggest a connection to Ronaldo's leg workouts, which might mislead viewers into expecting a more personalized or specialized workout experience.

- **Misleading Elements:** The thumbnail implies that the video will provide Ronaldo-specific leg exercises, which is not the case. Instead, it offers a general lower body workout routine. This discrepancy between the thumbnail and the actual video content is misleading.

**Conclusion:**

**Categorization:** Misleading

**Explanation:** The thumbnail uses Ronaldo's image and name to attract viewers, suggesting that the video will feature Ronaldo's specific leg workouts. However, the video content is a general lower body workout routine, not tailored to Ronaldo's specific exercises. This mismatch between the thumbnail and the video content is misleading and could mislead viewers into expecting a more personalized workout experience."
L3c8rzSj5og,"### Analysis and Categorization:

**Thumbnail:** The thumbnail features a woman smiling alongside the text ""Relaxed Parenting"" and the TLC logo. It suggests a theme related to parenting styles, specifically relaxed parenting.

**Video Content:** The video appears to document the daily life of a young family, focusing on domestic activities, parenting challenges, and interactions within the family. Scenes include a man interacting playfully with a child, a woman managing household tasks, and children engaging in various activities. The overall tone suggests a mix of family dynamics and the challenges of parenting.

**Comparison:** The thumbnail, which highlights ""Relaxed Parenting,"" implies a specific approach to parenting that emphasizes flexibility and minimal structure. However, the video content does not explicitly focus on relaxed parenting techniques but rather showcases a broader range of family life activities, including interviews, domestic chores, and child interactions.

**Assessment:** While the thumbnail mentions ""Relaxed Parenting,"" the video content does not provide a clear or consistent depiction of this parenting style. Instead, it offers a snapshot of a family's daily life, which could encompass various parenting approaches. The thumbnail may give viewers an expectation that is not fully met by the video content.

**Conclusion:** The thumbnail is **misleading** because it suggests a specific parenting style (""Relaxed Parenting"") that is not consistently depicted in the video content. The video provides a general glimpse into the family's life without focusing on a particular parenting philosophy.

**Explanation:** The thumbnail sets an expectation based on the term ""Relaxed Parenting,"" which might imply a certain level of informality and lack of strict rules. However, the video content does not delve deeply into this concept but rather presents a more generalized view of family life. Therefore, the thumbnail misleads viewers by not accurately representing the video's main topic or content."
u6CRO3cE_5w,"### Analysis and Categorization

**Thumbnail:** The thumbnail features a group of Paralympic athletes, including one in a wheelchair, holding medals and trophies. The text reads ""MERCI MEXICANOS NOS VEMOS EN LA 2028,"" which translates to ""THANK YOU MEXICANS, SEE YOU IN LA 2028.""

**Subtitles:** The subtitles express gratitude to Mexican athletes for their performance in the Paris 2024 Paralympic Games and mention that the next event will be in Los Angeles in 2028.

**Video Description:** The video compilation showcases various Paralympic sports events, highlighting the achievements and emotions of Mexican athletes. It emphasizes the pride and support for the athletes, as well as the anticipation for future events.

**Comparison and Assessment:**

- **Thumbnail vs. Video Content:** The thumbnail accurately represents the video content by featuring Mexican Paralympic athletes and the message of gratitude towards them. The text ""MERCI MEXICANOS NOS VEMOS EN LA 2028"" aligns with the subtitles and the video's content, which discusses the upcoming event in Los Angeles in 2028.
  
- **Exaggeration, False Promises, or Clickbait:** There is no indication of exaggeration, false promises, or clickbait tactics. The thumbnail and subtitles are consistent with the video's content and do not mislead viewers about the purpose or content of the video.

**Conclusion:**

**Categorization:** Not Misleading

**Explanation:** The thumbnail accurately reflects the video's content by showcasing Mexican Paralympic athletes and expressing gratitude towards them. The text ""MERCI MEXICANOS NOS VEMOS EN LA 2028"" matches the subtitles and the video's focus on the upcoming event in Los Angeles in 2028. There are no misleading elements in the thumbnail that would mislead viewers about the video's purpose or content."
7zjMUoRfUjI,"### Analysis and Categorization

#### Step 1: Examine the Thumbnail
The thumbnail shows a footballer sitting on a chair, engaging in an interview with another individual. The setting appears to be a large, open venue, likely a stadium or arena, with a large crowd in the background. The footballer is dressed casually, and the interviewer is dressed in traditional attire, possibly a hijab. The presence of a golden trophy on the table suggests a celebratory or award ceremony context.

#### Step 2: Read Through the Video Subtitles and Content Description
The subtitles and video content describe a formal interview with Cristiano Ronaldo, a famous footballer, where he discusses topics such as his experiences in Dubai, his thoughts on the Expo Dubai, and advice on health and wellness. The video highlights his achievements and his role as a role model.

#### Step 3: Compare the Thumbnail to the Actual Video Content
The thumbnail depicts a casual interview setting with a footballer, which aligns closely with the content described in the video. The video indeed features an interview with Cristiano Ronaldo, discussing various topics related to his career and personal life.

#### Step 4: Determine if the Thumbnail Accurately Represents the Video's Main Topic or Content
The thumbnail accurately represents the main topic of the video, which is an interview with Cristiano Ronaldo. It does not exaggerate or misrepresent any aspects of the content.

#### Step 5: Assess Whether the Thumbnail Uses Exaggeration, False Promises, or Clickbait Tactics
There are no elements in the thumbnail that suggest exaggeration, false promises, or clickbait tactics. The image is straightforward and clearly indicates an interview setting.

#### Step 6: Categorize the Thumbnail
Based on the analysis, the thumbnail is not misleading.

#### Explanation
The thumbnail accurately reflects the content of the video, which is an interview with Cristiano Ronaldo. It does not use exaggerated imagery or text to attract viewers, nor does it promise content that is not present. Therefore, the thumbnail is appropriate and not misleading.

**Categorization:** Not Misleading"
D55r-Y_yOwU,"### Analysis and Categorization:

**Thumbnail:** The thumbnail shows an aerial view of a legislative chamber, likely the Senate of Mexico, with the text ""OPOSICIÓN EN EL SENADO BUSCA FRENAR REFORMA JUDICIAL"" overlaid.

**Subtitles:** The subtitles indicate that opposition senators are trying to stop a judicial reform proposed by President López Obrador.

**Video Description:** The video appears to document various aspects of political proceedings in Mexico, focusing on the Senate and public demonstrations. It captures scenes of formal debates in the Senate chamber, public protests, and speeches by politicians. The video provides a comprehensive view of political activities, including formal sessions and public demonstrations.

**Comparison and Assessment:**

- **Thumbnail vs. Video Content:** The thumbnail accurately depicts the legislative chamber, which aligns with the content shown in the video. However, the thumbnail does not explicitly mention the specific topic of judicial reform or the opposition's efforts to stop it. While the video content confirms that the opposition is indeed trying to stop the judicial reform, the thumbnail does not convey this information clearly.
  
- **Exaggeration or False Promises:** The thumbnail does not use exaggerated language or false promises. It simply shows the legislative chamber, which is relevant to the topic of judicial reform.

- **Clickbait Tactics:** The thumbnail does not employ clickbait tactics. It is straightforward and informative, providing a visual representation of the location where the political discussions are taking place.

**Conclusion:**

The thumbnail is **not misleading** because it accurately represents the setting where the political discussions are occurring. However, it does not provide enough context about the specific issue of judicial reform and the opposition's efforts to stop it. To improve clarity, the thumbnail could include a subtitle or additional text explaining the context of the scene.

**Final Categorization:** Not Misleading

**Explanation:** The thumbnail accurately represents the setting of the legislative chamber, which is relevant to the topic of judicial reform. However, it lacks sufficient context about the specific issue and the opposition's efforts to stop it. Improving the thumbnail with additional context would enhance its informativeness without resorting to misleading elements."
udXlrv9J1HE,"### Analysis and Categorization

#### Step 1: Examine the Thumbnail
The thumbnail shows a person wearing a cap and adjusting it while seated in what appears to be a studio setting. The background includes soundproofing panels and a microphone, suggesting a radio or podcast recording environment.

#### Step 2: Read Through the Video Subtitles and Content Description
The subtitles and video content appear to be an interview or podcast recording session. The conversation revolves around a celebrity (likely Justin Bieber) discussing his career achievements, social media influence, and personal experiences. The tone is conversational and reflective, with the host and guest engaging in a back-and-forth dialogue.

#### Step 3: Compare the Thumbnail to the Actual Video Content
The thumbnail depicts a person in a studio setting, which aligns with the video content described. However, the thumbnail does not provide any specific details about the celebrity being interviewed or the nature of the conversation. It simply shows a person in a studio, which is consistent with the video content but does not convey the specific context or subject matter of the interview.

#### Step 4: Determine if the Thumbnail Accurately Represents the Video's Main Topic or Content
The thumbnail does not provide any specific information about the celebrity being discussed or the topics covered in the interview. It merely shows a person in a studio setting, which is accurate but lacks the specificity needed to convey the main topic or content of the video.

#### Step 5: Assess Whether the Thumbnail Uses Exaggeration, False Promises, or Clickbait Tactics
The thumbnail does not use any exaggerated elements or false promises. It simply shows a person in a studio setting, which is a common and accurate representation of a radio or podcast recording session.

#### Step 6: Categorize the Thumbnail as Either ""Misleading"" or ""Not Misleading""
Based on the analysis, the thumbnail is **Not Misleading**. While it does not provide specific details about the celebrity or the topics discussed, it accurately represents the setting of a radio or podcast recording session. The thumbnail does not use any exaggerated elements or false promises that could mislead viewers.

#### Explanation:
The thumbnail accurately depicts a studio setting, which is consistent with the video content. However, it lacks specific details about the celebrity being interviewed or the topics discussed. This omission does not mislead viewers but rather leaves the viewer curious about the specific content of the interview. Therefore, the thumbnail is not misleading."
RLBY1XW_j2o,"### Analysis and Categorization

**Thumbnail:**
The thumbnail shows four commentators in light blue shirts holding microphones with ""TUDN"" logos, indicating they are from a Spanish-language sports network. The text overlay reads ""¡México Golea en el Debut de Javier Aguirre!"" which translates to ""Mexico Golea in Javier Aguirre's Debut!""

**Video Content:**
The video covers a soccer match between Mexico and New Zealand at the Rose Bowl. It includes interviews with players and coaches, as well as scenes of the match itself. The video highlights Mexico's victory over New Zealand with a final score of 3-0. The commentary and interviews suggest a celebratory tone, emphasizing Mexico's performance and the success of their new coach, Javier Aguirre.

**Comparison:**
The thumbnail accurately reflects the celebratory nature of the video content. It shows commentators discussing the match, which aligns with the interviews and commentary throughout the video. The text overlay mentioning ""Javier Aguirre's debut"" is relevant as the video does discuss the significance of his coaching role in Mexico's victory.

**Assessment:**
The thumbnail does not use exaggerated language or false promises. It correctly represents the main topic of the video, which is the celebration of Mexico's victory and the debut of their new coach. The text overlay provides context without misleading viewers.

**Categorization:**
Not Misleading

**Explanation:**
The thumbnail accurately represents the celebratory tone of the video content, which focuses on Mexico's victory and the significance of Javier Aguirre's debut. There are no elements in the thumbnail that mislead viewers about the content or exaggerate the importance of the match. Therefore, the thumbnail is not misleading."
IENArFXpQD8,"### Analysis and Categorization

#### Step-by-Step Analysis:

1. **Examine the Thumbnail**:
   - The thumbnail features a player in a red Kansas City Chiefs uniform, specifically number 87, who is celebrating with a raised arm. The background includes other players and officials, suggesting a celebratory moment during a game.

2. **Read the Video Subtitles and Content Description**:
   - The subtitles and video content describe a typical NFL game between the Baltimore Ravens and the Kansas City Chiefs. It covers various plays, scores, and key moments of the game.
   - The video does not focus on a specific player or highlight a particular celebration; rather, it provides a general overview of the game's progression and highlights.

3. **Compare the Thumbnail to the Actual Video Content**:
   - The thumbnail depicts a player celebrating, which is a common sight in NFL games. However, the video content does not feature a specific celebration by player number 87. Instead, it shows a broader view of the game's action and moments.

4. **Assess Accuracy Representation**:
   - The thumbnail accurately represents the general theme of an NFL game, but it does not specifically highlight the celebration shown in the thumbnail. The video content is more comprehensive and covers multiple aspects of the game.

5. **Evaluate for Misleading Elements**:
   - The thumbnail does not use exaggerated elements or false promises. It accurately reflects the content of the video, which is a general game summary.
   - The thumbnail does not mislead viewers into expecting a specific highlight or celebration that is not present in the video.

### Conclusion:

**Categorization: Not Misleading**

**Explanation:**
The thumbnail accurately represents the general theme of an NFL game, which is consistent with the video content. While it shows a player celebrating, the video content does not focus on this specific moment. Therefore, the thumbnail does not mislead viewers into expecting a particular highlight that is not present in the video."
gglVDoyAmns,"### Analysis and Categorization

#### Step 1: Examine the Thumbnail
The thumbnail features a woman with short dark hair wearing a black blazer and top, seated in a director's chair against a backdrop of a large blue rose painting. The Forbes logo is visible in the corner, suggesting a professional interview setting.

#### Step 2: Read Through the Video Subtitles and Content Description
The subtitles indicate that the video is an interview with Kris Jenner discussing her achievements and experiences, particularly her role as a businesswoman and entrepreneur. The content description confirms this, mentioning a professional interview setting with a focus on Kris Jenner's career and personal reflections.

#### Step 3: Compare the Thumbnail to the Actual Video Content
The thumbnail accurately depicts the setting and subject matter of the video. It shows a professional interview environment with a woman in a suit, which matches the description of the video content. The presence of the Forbes logo reinforces the professional context.

#### Step 4: Determine if the Thumbnail Accurately Represents the Video's Main Topic or Content
The thumbnail effectively represents the main topic of the video, which is an interview with Kris Jenner discussing her career and achievements. There are no exaggerated elements or misleading aspects in the thumbnail.

#### Step 5: Assess Whether the Thumbnail Uses Exaggeration, False Promises, or Clickbait Tactics
There are no elements in the thumbnail that use exaggeration, false promises, or clickbait tactics. The image is straightforward and accurately reflects the content of the video.

#### Step 6: Categorize the Thumbnail
Based on the analysis, the thumbnail is not misleading.

#### Explanation
The thumbnail accurately represents the professional interview setting and the subject matter of the video. It does not use any exaggerated elements or misleading tactics. Therefore, the thumbnail is categorized as ""Not Misleading.""

### Final Decision
**Categorization:** Not Misleading

**Explanation:** The thumbnail accurately depicts the professional interview setting and the subject matter of the video, which is an interview with Kris Jenner discussing her career and achievements. There are no misleading elements in the thumbnail."
3eSnuD6yOnA,"### Analysis and Categorization:

**Thumbnail:** The thumbnail features a contestant in a golden dress, wearing a crown, which suggests a beauty pageant context.

**Subtitles:** The subtitles indicate that the video is about the coronation of a contestant named Maria Fernanda Beltran Figueroa, who will represent Mexico in the Miss Universe pageant.

**Video Description:** The video showcases a contestant through various segments of a beauty pageant, including public speaking, swimsuit, and evening gown presentations. The final scene depicts the contestant being crowned, indicating her victory in the competition.

### Comparison and Assessment:

1. **Thumbnail vs. Video Content:** The thumbnail accurately represents the video content. It shows a contestant in a golden dress, which aligns with the beauty pageant theme mentioned in the subtitles and described in the video.

2. **Exaggeration or False Promises:** There is no indication of exaggeration or false promises in the thumbnail. It correctly reflects the main topic of the video, which is the coronation of a beauty pageant contestant.

3. **Clickbait Tactics:** The thumbnail does not use any clickbait tactics. It clearly communicates the subject matter without misleading viewers.

### Conclusion:

**Categorization:** Not Misleading

**Explanation:** The thumbnail accurately represents the video content, showing a contestant in a golden dress, which aligns with the beauty pageant theme and the coronation of a contestant as indicated in the subtitles and video description. There are no misleading elements or clickbait tactics present in the thumbnail."
_cXLeQYLuCw,"### Categorization: Not Misleading

### Explanation:
The thumbnail depicts a woman in a spa-like setting, wearing a white robe and a white headband, which aligns well with the video's content. The video is clearly a skincare routine demonstration, and the woman is shown performing various steps of her nighttime skincare regimen. The setting and attire in the thumbnail accurately represent the environment and the activity depicted in the video. There are no exaggerated claims or misleading elements present in the thumbnail compared to the actual video content. Therefore, the thumbnail is not misleading."
MAVsrLPH3ks,"### Analysis and Categorization

#### Step 1: Examine the Thumbnail
The thumbnail shows a man interacting closely with a fluffy white dog, with the dog appearing to yawn or open its mouth wide. The setting is an outdoor patio area with a table, chairs, and some flowers in the background.

#### Step 2: Read Through the Video Subtitles and Content Description
Since the video subtitles are not available, we rely solely on the video description provided. The video showcases a series of heartwarming and amusing moments involving pets and people, including playful cats, cuddling cats, puppies playing, and various interactions between humans and animals.

#### Step 3: Compare the Thumbnail to the Actual Video Content
The thumbnail depicts a close interaction between a man and a dog, which aligns well with the theme of the video described. The video content includes numerous heartwarming and playful moments between humans and animals, which are consistent with the interaction shown in the thumbnail.

#### Step 4: Determine if the Thumbnail Accurately Represents the Video's Main Topic or Content
The thumbnail accurately represents the main topic of the video, which is showcasing joyful and heartwarming interactions between humans and animals. The interaction depicted in the thumbnail is a common theme throughout the video.

#### Step 5: Assess Whether the Thumbnail Uses Exaggeration, False Promises, or Clickbait Tactics
There is no indication of exaggeration, false promises, or clickbait tactics in the thumbnail. The image is straightforward and representative of the content.

#### Step 6: Categorize the Thumbnail
Based on the analysis, the thumbnail is not misleading.

#### Explanation
The thumbnail accurately reflects the content of the video, which features heartwarming and playful interactions between humans and animals. There are no exaggerated elements or misleading promises in the thumbnail. Therefore, the thumbnail is categorized as ""Not Misleading."""
H3PwDOUoqlM,"### Analysis and Categorization

#### Step 1: Examine the Thumbnail
The thumbnail features a line of cars with a worker in the background, accompanied by the text ""INCOMING CAR SHORTAGE EV SALES FIGURE LIES!""

#### Step 2: Read Through the Video Subtitles and Content Description
The subtitles and video content describe a discussion about the automotive industry, specifically focusing on the supply and demand of petrol cars in relation to government regulations. The speaker criticizes the reported increase in electric vehicle registrations as misleading and suggests that the lack of petrol car supply is due to manufacturers trying to avoid fines under government targets.

#### Step 3: Compare the Thumbnail to the Actual Video Content
- **Thumbnail**: Suggests a shortage of incoming cars and implies that EV sales figures are misleading.
- **Video Content**: Discusses the challenges faced by car manufacturers due to government regulations, leading to potential shortages in petrol car supply, but does not explicitly claim that EV sales figures are misleading.

#### Step 4: Determine if the Thumbnail Accurately Represents the Video's Main Topic or Content
The thumbnail accurately reflects the main topic of the video, which is the shortage of petrol cars and the challenges faced by manufacturers. However, the claim about EV sales figures being misleading is not explicitly stated in the video content.

#### Step 5: Assess Whether the Thumbnail Uses Exaggeration, False Promises, or Clickbait Tactics
The thumbnail uses a headline that suggests a shortage of incoming cars and implies that EV sales figures are misleading. While the video content does discuss the challenges faced by manufacturers, it does not explicitly claim that EV sales figures are misleading.

#### Step 6: Categorize the Thumbnail as Either ""Misleading"" or ""Not Misleading""
The thumbnail is somewhat misleading because it suggests that EV sales figures are misleading without providing evidence or context within the video content.

#### Explanation:
The thumbnail uses a headline that implies a specific issue (EV sales figures being misleading) that is not fully addressed in the video content. While the video does discuss the challenges faced by manufacturers, it does not explicitly claim that EV sales figures are misleading. Therefore, the thumbnail is misleading to some extent.

**Categorization: Misleading**

**Explanation:** The thumbnail inaccurately suggests that EV sales figures are misleading without providing sufficient context or evidence within the video content."
1ykn3lx-I0w,"### Categorization: Not Misleading

### Explanation:
The thumbnail accurately represents the content of the video, which is a highlight reel from a FIFA World Cup match between Portugal and Uruguay. The thumbnail features two players celebrating, which aligns with the video content that showcases highlights of the match, including key moments such as goals, saves, and celebrations. The presence of the FIFA World Cup logo and the countries' flags further reinforces the context of the video. The subtitle ""Highlights"" clearly indicates that the video contains a summary of the match's most exciting moments, which is consistent with the content described in the video description. Therefore, the thumbnail effectively communicates the nature of the video without misleading viewers about its content."
pWAKbgB7CHg,"### Analysis and Categorization

#### Step 1: Examine the Thumbnail
The thumbnail shows a side-by-side comparison of two women. One appears to be Kim Kardashian, and the other is a different individual. The image suggests a transformation or comparison between the two.

#### Step 2: Read Through the Video Subtitles and Content Description
The subtitles indicate that the video is a behind-the-scenes look at a beauty or fashion photoshoot. The content description describes a woman going through various stages of a makeup application process, including applying foundation, eye makeup, and contouring. The video also mentions the use of different makeup products and techniques.

#### Step 3: Compare the Thumbnail to the Actual Video Content
The thumbnail depicts a side-by-side comparison of two women, which is not directly related to the content described in the video. The video focuses on a single woman's makeup application process, not a comparison or transformation between two individuals.

#### Step 4: Determine if the Thumbnail Accurately Represents the Video's Main Topic or Content
The thumbnail does not accurately represent the video's main topic or content. It suggests a comparison or transformation that is not present in the video.

#### Step 5: Assess Whether the Thumbnail Uses Exaggeration, False Promises, or Clickbait Tactics
The thumbnail uses exaggerated imagery by showing a side-by-side comparison, which is misleading as it does not reflect the actual content of the video.

#### Step 6: Categorize the Thumbnail
**Categorization:** Misleading

#### Explanation:
The thumbnail is misleading because it presents a side-by-side comparison of two different women, suggesting a dramatic transformation or cultural change, while the video content actually focuses on a single woman's detailed makeup application process without any comparison or transformation between the two individuals."
OxT4aZsXkuY,"### Categorization: Not Misleading

### Explanation:
The thumbnail depicts a group of individuals seated on high chairs in an outdoor setting, which aligns closely with the video description. The video showcases a music competition or talent show set in a luxurious outdoor location with a scenic backdrop. The thumbnail accurately represents the high-end, outdoor environment where the performances take place. It does not exaggerate or misrepresent any elements of the video content. The focus on the seated individuals and the outdoor setting in the thumbnail matches the video's description of the venue and the overall atmosphere of the competition. Therefore, the thumbnail is not misleading."
a68_5wd-r5o,"### Categorization: Not Misleading

### Explanation:
The provided video description and thumbnail image depict a dynamic drummer performing in various settings, including live concerts and practice sessions. The thumbnail shows a drummer energetically playing a drum kit, which aligns well with the video content described. The video showcases the drummer's intense and passionate performances across different environments, from vibrant concert stages to more subdued practice spaces. The thumbnail accurately represents the main activity shown in the video, which is the drummer's energetic and skilled performance. There are no exaggerated elements or misleading aspects in the thumbnail that do not match the video content. Therefore, the thumbnail is not misleading."
VZNTxRHHN3U,"### Analysis and Categorization:

**Thumbnail:** The thumbnail shows a satellite weather map highlighting various weather systems affecting Mexico and Central America. It includes labels such as ""Sistema Anticiclónico,"" ""Zona de Inestabilidad 10%,"" and ""Frente Frío No. 1."" The map visually depicts the weather systems and their potential impacts.

**Subtitles:** The subtitles discuss the weather forecast for the upcoming Saturday, mentioning a low-pressure system with a 10% chance of cyclonic development due to the interaction of a tropical wave and a monsoon trough. The forecast includes specific regions affected by heavy rains, including the Yucatan Peninsula, Veracruz, and other parts of Mexico.

**Video Description:** The video primarily focuses on a weather forecast segment, showing satellite maps of Mexico and parts of Central America. The maps display various weather systems, including anticyclonic systems, fronts, and zones of instability. The video also includes a news ticker displaying international news updates unrelated to the weather forecast.

**Comparison and Assessment:**

- **Accuracy of the Thumbnail:** The thumbnail accurately represents the content of the video, as it shows satellite weather maps that are central to the weather forecast segment.
- **Relevance to Video Content:** The thumbnail effectively communicates the main topic of the video, which is a weather forecast for Mexico and Central America.
- **Exaggeration or Clickbait:** There is no indication of exaggeration or clickbait tactics in the thumbnail. It simply provides a visual representation of the weather systems discussed in the video.
- **Overall Accuracy:** The thumbnail does not mislead viewers about the content of the video. It accurately reflects the focus on weather systems and their impacts on Mexico and Central America.

### Conclusion:

**Categorization:** Not Misleading

**Explanation:** The thumbnail accurately represents the content of the video by showing satellite weather maps that are central to the weather forecast segment. It does not use any exaggerated claims or clickbait tactics, ensuring that viewers have a clear understanding of what to expect from the video."
IeH0mz0REi4,"### Analysis and Categorization

#### Step 1: Examine the Thumbnail
The thumbnail features a collage of images showing Ricky Gervais in various settings, including a formal event and a stage with a microphone. The text ""GOLDEN GLOBE AWARDS"" is prominently displayed, indicating that the video is related to the Golden Globe Awards.

#### Step 2: Read Through the Video Subtitles and Content Description
The subtitles and video description confirm that the video is indeed a compilation of Ricky Gervais hosting or presenting at the Golden Globe Awards. The video showcases Gervais delivering opening remarks, making jokes, and interacting with the audience. It includes scenes from different award shows, with varying backdrops and outfits, but always centered around Gervais' performance.

#### Step 3: Compare the Thumbnail to the Actual Video Content
The thumbnail accurately depicts the setting and subject matter of the video. It shows Gervais in a formal environment, which aligns with the video content that features him hosting award shows. The text ""GOLDEN GLOBE AWARDS"" reinforces the theme of the video.

#### Step 4: Determine if the Thumbnail Accurately Represents the Video's Main Topic or Content
The thumbnail effectively represents the main topic of the video, which is Gervais hosting or presenting at the Golden Globe Awards. It does not mislead viewers about the content being a different event or a different type of performance.

#### Step 5: Assess Whether the Thumbnail Uses Exaggeration, False Promises, or Clickbait Tactics
There are no exaggerated elements or false promises in the thumbnail. It simply presents a clear image of Gervais in a formal setting, which matches the actual content of the video.

#### Step 6: Categorize the Thumbnail
Based on the analysis, the thumbnail is not misleading. It accurately represents the video's content and theme.

### Final Decision
**Categorization:** Not Misleading

**Explanation:** The thumbnail accurately depicts the setting and subject matter of the video, which is Gervais hosting or presenting at the Golden Globe Awards. It does not use any exaggerated elements or false promises, ensuring that viewers understand the content they are about to watch."
XIGWjzqKTp0,"### Categorization: Not Misleading

### Explanation:
The provided thumbnail depicts a man in a tuxedo speaking at a podium, which aligns closely with the video content described. The video appears to be a tribute or celebration of a distinguished actor's career, as evidenced by the formal setting, the presence of an audience, and the display of photographs and video clips showcasing the actor's career highlights. The subtitles and video description confirm that the video is indeed a heartfelt tribute to a notable figure in the film industry, likely an AFI Life Achievement Award event. The thumbnail accurately represents the main topic of the video, which is a speech or presentation honoring the actor's career. Therefore, the thumbnail is not misleading."
yX03RI83ZRM,"### Categorization: Misleading

**Explanation:**

The provided video description and subtitles suggest that the video content involves a formal press conference or public statement, likely related to a political or governmental context. The primary speaker appears to be delivering a serious and possibly critical message, addressing issues such as the judiciary and the representation of certain groups (e.g., students). The presence of a Mexican flag in the background further supports the idea that this is taking place in Mexico, potentially involving government officials or political figures.

However, the thumbnail does not provide any visual cues that would indicate the nature or content of the speech. Instead, it shows two women standing at a podium, which could be interpreted as a general press conference or a similar event without any specific context or indication of the topics discussed. The lack of any visual elements that align with the described content makes the thumbnail misleading as it fails to convey the seriousness and specific context implied by the video description and subtitles. Therefore, the thumbnail is categorized as misleading."
fQ3uql6oFtg,"### Analysis and Categorization

#### Step-by-Step Analysis:

1. **Examine the Thumbnail**:
   - The thumbnail features a young couple sitting on a brown leather couch. The man looks uncomfortable, and the woman appears pregnant.
   - The TLC logo is prominently displayed in the top right corner, indicating that this is a reality TV show.

2. **Read the Video Subtitles**:
   - The subtitles indicate a discussion about a pregnancy, specifically mentioning a C-section due to the baby being large.
   - The couple discusses their relationship, noting that they met through social media and that the pregnancy was unplanned.
   - The woman expresses concerns about the maturity level of the relationship and the challenges of having a teenager as a partner.
   - The man mentions that he is 16, and the woman is 18, highlighting the age difference.
   - The woman talks about her mother's reaction to the pregnancy and her own feelings about the situation.

3. **Compare the Thumbnail to the Video Content**:
   - The thumbnail shows a young couple, which aligns with the video content.
   - The presence of the TLC logo confirms that this is indeed a reality TV show.
   - The woman's appearance (pregnant) matches the content where she discusses her pregnancy.
   - The man's discomfort also aligns with the subtitles where he discusses the challenges of the relationship.

4. **Assess Accuracy Representation**:
   - The thumbnail accurately represents the main topic of the video, which is a young couple's relationship and pregnancy journey.
   - There are no exaggerated claims or false promises in the thumbnail that mislead viewers into expecting a different type of content.

5. **Conclusion**:
   - The thumbnail accurately represents the content of the video, which is a reality TV show documenting a young couple's relationship and pregnancy journey.
   - There are no elements in the thumbnail that are misleading or use clickbait tactics.

### Final Categorization:

**Not Misleading**

**Explanation**: The thumbnail accurately represents the content of the video by showing a young couple, which aligns with the theme of a reality TV show documenting their relationship and pregnancy journey. There are no exaggerated claims or false promises in the thumbnail that mislead viewers into expecting a different type of content."
MPz-U-GOhxg,"### Analysis and Categorization:

**Thumbnail:** The thumbnail features a man in a suit surrounded by reporters and cameras, with the text ""EDMUNDO GONZÁLEZ LLEGA A ESPAÑA"" prominently displayed.

**Subtitles:** The subtitles indicate that Edmundo González has arrived in Spain seeking political asylum.

**Video Description:** The video covers the political situation in Venezuela, focusing on Edmundo González Urrutia's journey to Spain for political asylum. It includes scenes of his arrival at the airport, interactions with Spanish officials, and discussions about his situation.

### Comparison and Assessment:

- **Thumbnail vs. Video Content:** The thumbnail accurately depicts the main subject of the video, which is Edmundo González arriving in Spain. The text ""EDMUNDO GONZÁLEZ LLEGA A ESPAÑA"" directly corresponds to the video's content, indicating that González has arrived in Spain.
  
- **Exaggeration or False Promises:** There is no indication of exaggeration or false promises in the thumbnail. It clearly communicates the main point without any misleading elements.

- **Clickbait Tactics:** The thumbnail does not employ clickbait tactics; it simply states the factual arrival of González in Spain.

### Conclusion:

**Categorization:** Not Misleading

**Explanation:** The thumbnail accurately represents the main topic of the video, which is Edmundo González arriving in Spain for political asylum. There are no misleading elements or clickbait tactics used in the thumbnail. Therefore, the thumbnail is appropriate and not misleading."
h8VFPcQylAE,"### Analysis and Categorization:

**Thumbnail:** The thumbnail shows a street scene with barriers, police officers, and vehicles, suggesting a controlled or restricted area. The text ""PERMITEN PASO A LEGISLADORES"" translates to ""Legislators are allowed passage.""

**Subtitles:** The subtitles describe the arrival of senators to a session in Mexico City, mentioning security measures, the presence of police and security personnel, and the controlled access for legislators.

**Video Description:** The video shows the arrival of senators to a session in Mexico City, with security personnel managing the flow of vehicles and people. The scene includes barriers, police presence, and the movement of various vehicles, including police cars and SUVs, which are likely carrying senators.

**Comparison:** The thumbnail accurately reflects the main topic of the video, which is the arrival of senators to a session and the controlled access due to security measures. The text ""PERMITEN PASO A LEGISLADORES"" correctly conveys the key point that legislators are allowed passage, which is clearly depicted in the video.

**Assessment:** The thumbnail does not use exaggeration, false promises, or clickbait tactics. It accurately represents the main topic and content of the video.

**Categorization:** Not Misleading

**Explanation:** The thumbnail accurately depicts the scene described in the subtitles and video description. It shows the controlled access for legislators, which is the central theme of the video. Therefore, it does not mislead viewers about the content or the main topic of the video."
DkuFT4JfWjM,"### Categorization: Not Misleading

**Explanation:**
The thumbnail depicts a man with white hair and sunglasses, holding a Golden Lion trophy, which aligns perfectly with the video content. The video clearly focuses on Pedro Almodóvar winning the Golden Lion award at a film festival. The scenes in the video confirm this, showing Almodóvar on the red carpet, holding his award, and engaging with the media. There are no exaggerated elements or misleading aspects in the thumbnail compared to the actual video content. Therefore, the thumbnail accurately represents the main topic of the video, making it ""Not Misleading."""
H0-WkpmTPrM,"### Analysis and Categorization:

**Thumbnail:** The thumbnail features the text ""HOW TO SPOT A LIAR"" in bold, with ""LIAR"" emphasized in red. The TED Ed logo is present in the top right corner.

**Video Subtitles:** The subtitles discuss methods for detecting lies, mentioning physiological changes, communication science, and specific linguistic patterns associated with deception. It highlights the use of personal pronouns, negativity, simplicity in explanations, and the tendency to use longer sentences with irrelevant details.

**Video Description:** The video explores themes of communication, societal pressures, and personal struggles, including topics like lying, deception, and the physiological and linguistic indicators of dishonesty. It discusses how to spot lies through various methods, including personal pronoun usage, negativity, simplicity in explanations, and the use of longer sentences.

**Comparison and Assessment:**

1. **Thumbnail vs. Video Content:** The thumbnail accurately reflects the main topic of the video, which is about identifying lies and the methods used to do so. The subtitle ""HOW TO SPOT A LIAR"" directly aligns with the content discussed in the video.

2. **Exaggeration or False Promises:** The thumbnail does not use exaggerated claims or false promises. It clearly states the purpose of the video, which is educational and informative.

3. **Clickbait Tactics:** The thumbnail does not employ clickbait tactics. It is straightforward and informative, promising to teach viewers how to spot lies.

**Conclusion:**

The thumbnail accurately represents the main topic of the video, which is about identifying lies and the methods used to do so. It does not use exaggerated claims, false promises, or clickbait tactics. Therefore, the thumbnail is not misleading.

**Categorization:** Not Misleading

**Explanation:** The thumbnail accurately represents the educational and informative nature of the video, which focuses on teaching viewers how to spot lies. It does not exaggerate or promise more than what the video delivers."
AstLBWlZxLU,"### Analysis and Categorization:

**Thumbnail:** The thumbnail features three individuals, two men and one woman, all dressed in England national team attire. The text overlay reads ""England Stars Take On Countdown.""

**Subtitles:** The subtitles indicate that the video involves England stars participating in a Countdown-style game show, where they are tested on their spelling and number skills.

**Video Description:** The video shows England stars participating in a game show, likely a Countdown-style challenge, where they are tested on their spelling and number skills. The video includes scenes of the athletes interacting with the host, solving puzzles, and engaging in friendly banter.

**Comparison and Assessment:**

1. **Thumbnail vs. Video Content:** The thumbnail accurately depicts the main theme of the video, which is the participation of England stars in a Countdown-style game show. The individuals in the thumbnail are dressed in England national team attire, which matches the context of the video content.

2. **Exaggeration or False Promises:** The thumbnail does not use exaggerated or false promises. It clearly indicates that the video involves England stars participating in a Countdown-style game show, which aligns with the actual content described in the video.

3. **Clickbait Tactics:** There are no clickbait tactics used in the thumbnail. The text ""England Stars Take On Countdown"" is straightforward and informative, providing clear expectations for the viewer.

**Conclusion:**

The thumbnail accurately represents the video's main topic and content without using any misleading elements. Therefore, the thumbnail is categorized as **Not Misleading**.

**Explanation:** The thumbnail effectively communicates the core theme of the video, which is the participation of England stars in a Countdown-style game show. It does not use any exaggerated or misleading elements, ensuring that viewers have a clear understanding of what to expect from the video."
HUztGjNf-uk,"### Analysis and Categorization

**Thumbnail:** The thumbnail shows a group of individuals standing outdoors, with one person raising his hand to his chest, appearing to be reciting the national anthem. The individuals are wearing casual clothing, and the background features a building with Brazilian flags.

**Video Description:** The video appears to document significant political events in Brazil, including protests, rallies, and an inauguration or other official government ceremonies. Scenes include large crowds in yellow and green, politicians in formal attire, and military personnel in uniform.

**Comparison:** The thumbnail depicts a moment of national pride or patriotism, likely related to the Brazilian national anthem. However, the video content describes a series of political events, including protests, rallies, and ceremonies, which do not necessarily align with the image of a national anthem being recited.

**Assessment:**
- The thumbnail does not directly represent the political events described in the video.
- The thumbnail suggests a moment of national unity or patriotism, which is not the primary focus of the video content.
- The thumbnail does not use exaggeration, false promises, or clickbait tactics; it simply misrepresents the context of the video.

**Categorization:** Not Misleading

**Explanation:** The thumbnail accurately represents a moment of national pride or patriotism, which is not the primary focus of the video content. While the thumbnail does not directly depict the political events, it does not mislead viewers into expecting a different type of content. Therefore, the thumbnail is not misleading."
VyMblPZPh4g,"### Analysis and Categorization

#### Step-by-Step Analysis:

1. **Examine the Thumbnail**:
   - The thumbnail features two individuals, Kamala Harris and Donald Trump, with the text ""HARRIS DEBE CONVENCER"" prominently displayed.
   - The background includes a logo for ""Elecciones EU 2024,"" suggesting a focus on the upcoming U.S. elections.
   - The image of a tissue box in the corner might imply a sense of urgency or emotional intensity.

2. **Read Through the Video Subtitles and Content Description**:
   - The subtitles indicate a discussion about the upcoming debate between Kamala Harris and Donald Trump.
   - The content description mentions a news segment analyzing U.S. political events, focusing on the debate and polling data.

3. **Compare the Thumbnail to the Actual Video Content**:
   - The thumbnail suggests a focus on the debate and the need for Harris to convince voters.
   - The video content indeed discusses the upcoming debate and polling data, but it does not explicitly highlight the need for Harris to ""convince"" voters as the thumbnail suggests.

4. **Assess Whether the Thumbnail Accurately Represents the Video's Main Topic or Content**:
   - The thumbnail implies a specific narrative about the debate and Harris's need to convince voters, which is not fully represented in the video content.
   - The video provides general analysis and commentary on the debate and polling data, rather than focusing on a specific call to action for Harris.

5. **Evaluate for Exaggeration, False Promises, or Clickbait Tactics**:
   - The thumbnail uses the phrase ""HARRIS DEBE CONVENCER,"" which translates to ""Harris must convince,"" implying a strong call to action.
   - While the video does discuss the upcoming debate and polling data, it does not explicitly state that Harris needs to ""convince"" voters.

6. **Categorize the Thumbnail**:
   - The thumbnail is misleading because it suggests a specific narrative about the need for Harris to convince voters, which is not fully represented in the video content.

### Final Decision:
**Misleading**

**Explanation**: The thumbnail uses the phrase ""HARRIS DEBE CONVENCER"" to imply a specific narrative about the need for Harris to convince voters, which is not fully represented in the video content. The video provides general analysis and commentary on the debate and polling data, rather than focusing on a specific call to action for Harris."
EBwsw32VY0I,"### Analysis and Categorization:

**Thumbnail:** The thumbnail shows Shanna Moakler, a well-known personality, speaking into a microphone in a SiriusXM studio setting. The background features SiriusXM branding, and the overall image suggests a professional radio or podcast recording environment.

**Video Subtitles:** The subtitles indicate a conversation about family dynamics, specifically regarding a co-parenting arrangement and the relationship between the speaker and their ex-partner, Travis. The discussion touches on issues related to parental alienation, communication styles, and the importance of the children’s best interests.

**Video Description:** The video depicts a SiriusXM radio show or podcast recording session. The scene includes a male host and two female guests, engaging in a lively and animated discussion. The setting is a professional studio with SiriusXM branding, and the participants are actively involved in the conversation, using hand gestures and facial expressions to emphasize their points.

### Reasoning:

1. **Thumbnail vs. Video Content:** The thumbnail accurately represents the setting of a SiriusXM radio show or podcast recording. It shows Shanna Moakler in a professional studio environment, which matches the description of the video content.

2. **Content Accuracy:** The subtitles and video description confirm that the conversation revolves around family dynamics, co-parenting, and the best interests of the children. These topics are consistent with the content shown in the video.

3. **No Exaggeration or Clickbait:** There are no elements in the thumbnail that suggest exaggeration or clickbait. The image is straightforward and representative of the actual content.

### Conclusion:

**Categorization:** Not Misleading

**Explanation:** The thumbnail accurately reflects the setting and context of the video content. It does not use exaggerated imagery or misleading elements to attract viewers. The image effectively communicates the professional nature of the SiriusXM radio show or podcast recording, which aligns with the actual video content."
9HvTRg7LCio,"### Analysis and Categorization

**Thumbnail:** The thumbnail features a close-up of a person with the text ""FOCUS ON YOURSELF NOT OTHERS"" prominently displayed, along with the subtitle ""CRISTIANO RONALDO MOTIVATION.""

**Video Subtitles:** The subtitles discuss the motivational aspects of being a top soccer player, emphasizing focus, competition, and the importance of family and personal balance.

**Video Description:** The video appears to be a motivational montage centered around the journey and mindset of a top soccer player. It includes scenes of a professional player, matches, family moments, and reflections on dedication and improvement.

### Comparison and Assessment

The thumbnail effectively captures the essence of the video's theme, which revolves around motivation and self-focus. The text ""FOCUS ON YOURSELF NOT OTHERS"" directly aligns with the motivational message conveyed in the subtitles and the overall content of the video. The image of the person in the thumbnail also complements the motivational tone, as it suggests a serious and focused individual.

### Conclusion

**Categorization:** Not Misleading

**Explanation:** The thumbnail accurately represents the motivational theme of the video. It does not exaggerate or misrepresent the content; instead, it succinctly conveys the core message of the video. The image of the person and the text ""FOCUS ON YOURSELF NOT OTHERS"" clearly align with the motivational content discussed in the subtitles and the video description. Therefore, the thumbnail is not misleading."
NiidUuPZxpA,"### Analysis and Categorization

#### Step 1: Examine the Thumbnail
The thumbnail features a group of five individuals, seemingly part of the ""Fresh Prince of Bel-Air"" cast, with the text ""WILL SMITH X BEL-AIR CAST SEASON 3"" prominently displayed. The individuals appear to be in a celebratory mood, suggesting a promotional or celebratory context related to the new season of the show.

#### Step 2: Read Through the Video Subtitles and Content Description
The subtitles indicate that the video is a discussion involving the cast of ""Fresh Prince of Bel-Air."" The conversation revolves around the upcoming third season of the show, discussing topics such as the summer season, character dynamics, and personal reflections on the show. The participants express excitement about the new season and share insights about their characters and the show's themes.

#### Step 3: Compare the Thumbnail to the Actual Video Content
The thumbnail accurately depicts the cast of ""Fresh Prince of Bel-Air,"" which aligns with the content described in the subtitles. The individuals in the thumbnail are shown in a celebratory manner, which matches the tone of the discussion in the video.

#### Step 4: Determine if the Thumbnail Accurately Represents the Video's Main Topic or Content
The thumbnail effectively represents the main topic of the video, which is a discussion among the cast members of ""Fresh Prince of Bel-Air"" about the upcoming third season. The celebratory mood captured in the thumbnail matches the enthusiastic and reflective nature of the conversation in the video.

#### Step 5: Assess Whether the Thumbnail Uses Exaggeration, False Promises, or Clickbait Tactics
The thumbnail does not use any exaggerated claims or false promises. It simply shows the cast members in a celebratory mood, which is appropriate for a promotional video for the new season.

#### Step 6: Categorize the Thumbnail
Based on the analysis above, the thumbnail is not misleading. It accurately represents the content of the video, which is a discussion among the cast members of ""Fresh Prince of Bel-Air"" about the upcoming third season.

### Final Decision
**Categorization:** Not Misleading

**Explanation:** The thumbnail accurately represents the main topic of the video, which is a discussion among the cast members of ""Fresh Prince of Bel-Air"" about the upcoming third season. The celebratory mood depicted in the thumbnail matches the tone of the conversation in the video, and there are no exaggerated claims or false promises used in the thumbnail."
7nIRj0jgg6w,"### Analysis and Categorization

#### Step-by-Step Analysis:

1. **Examine the Thumbnail**:
   - The thumbnail features two individuals, one with long dark hair and another with blonde hair, both appearing to be in a discussion or interview setting.
   - The text ""E NEWS"" is prominently displayed, suggesting a news or entertainment-related context.

2. **Read Through the Video Subtitles and Content Description**:
   - The subtitles indicate a heated argument between Kim Kardashian and Khloe Kardashian involving parenting critiques and accusations of ""mom shaming.""
   - The content description confirms that the video is a compilation of scenes from a reality TV show or documentary series, focusing on family drama and interpersonal conflicts within the Kardashian family.

3. **Compare the Thumbnail to the Actual Video Content**:
   - The thumbnail shows two individuals in a discussion, which aligns with the content of the video where two women are seen having a conversation.
   - However, the thumbnail does not explicitly convey the nature of the conflict or the specific issues discussed (e.g., parenting critiques, ""mom shaming"").

4. **Determine Accuracy Representation**:
   - While the thumbnail accurately depicts a discussion between two individuals, it does not provide any visual cues about the specific content or the intensity of the argument.
   - The thumbnail lacks any visual elements that would indicate the heated nature of the discussion or the specific topics being debated.

5. **Assess for Exaggeration, False Promises, or Clickbait Tactics**:
   - The thumbnail does not use exaggerated visuals or text to mislead viewers.
   - However, it does not provide enough context to fully represent the content of the video, which involves a significant amount of conflict and drama.

6. **Categorization**:
   - Given that the thumbnail provides a general representation of the individuals involved but lacks specific details about the content, it could be considered misleading as it does not fully capture the essence of the video's dramatic and intense nature.

### Final Decision:
**Misleading**

**Explanation**:
The thumbnail is categorized as misleading because it does not accurately represent the specific content and intensity of the argument depicted in the video. While it correctly shows two individuals in a discussion, it fails to convey the heated nature of the debate or the specific topics discussed, which are central to the video's content."
21TLO0mJpYg,"### Categorization: Not Misleading

**Explanation:**
The thumbnail accurately represents the video content by showing a Paralympic swimmer celebrating a medal win. The swimmer is depicted holding a medal, which aligns with the video's focus on Ángel Camacho winning his third medal at the Paris 2024 Paralympic Games. The swimmer's green uniform and the setting of the Paris landmark (Arc de Triomphe) in the background further reinforce the context of the Paralympic Games. The video content confirms that Ángel Camacho won silver in the 50m backstroke category, which is highlighted in the subtitles. Therefore, the thumbnail effectively communicates the main topic of the video without any misleading elements."
jj1GeZTtvR0,"### Categorization: Misleading

**Explanation:**
The thumbnail prominently features a player in a yellow jersey with the text ""GATA ONLY 2024."" However, the video content does not appear to focus specifically on a player named ""Gata"" or any player from a specific year. Instead, the video showcases highlights from a professional soccer player's career, emphasizing gameplay, celebrations, and the player's journey both on and off the field. The thumbnail suggests a more focused narrative around a specific player or event (""GATA ONLY 2024""), which is not reflected in the video content. This discrepancy between the thumbnail and the actual video content makes the thumbnail misleading."
WQEIMX3mDyc,"### Analysis and Categorization:

#### Step 1: Examine the Thumbnail
The thumbnail shows a woman with dark hair, wearing a black jacket with white stripes on the sleeves. The background includes some blurred elements that resemble a professional or office environment. The text overlay reads ""KEEPING UP WITH THE KARDASHIANS.""

#### Step 2: Read Through the Video Subtitles and Content Description
The subtitles and video content appear to discuss a conversation involving multiple individuals, including references to a book and family dynamics. The dialogue suggests a discussion about relationships, blame, and personal narratives, which aligns with the theme of a reality TV show focused on family and personal stories.

#### Step 3: Compare the Thumbnail to the Actual Video Content
The thumbnail depicts a woman in a professional setting, which is consistent with the office scenes described in the video description. However, the home setting mentioned in the video description is not visually represented in the thumbnail.

#### Step 4: Determine if the Thumbnail Accurately Represents the Video's Main Topic or Content
The thumbnail accurately represents the professional setting depicted in the video, which is a significant part of the content. However, it does not capture the more personal and intimate home setting that is also featured in the video.

#### Step 5: Assess Whether the Thumbnail Uses Exaggeration, False Promises, or Clickbait Tactics
The thumbnail does not use exaggerated visuals or false promises. It accurately reflects the professional setting of the video, which is a key element of the content.

#### Step 6: Categorize the Thumbnail
Based on the analysis, the thumbnail is **Not Misleading**.

#### Explanation:
The thumbnail accurately represents the professional setting of the video, which is a significant part of the content. While it does not fully capture the more personal and intimate home setting, it does not misrepresent the overall theme or content of the video. The thumbnail effectively conveys the professional aspect of the show, which is a crucial element of the narrative. Therefore, it does not use exaggeration, false promises, or clickbait tactics."
40sJn4fEpMQ,"### Analysis and Categorization:

**Thumbnail:** The thumbnail shows a man and a woman dressed as Aladdin and Jasmine, respectively, sitting on a magic carpet against a starry night sky backdrop. The image suggests a romantic and whimsical setting, which aligns with the theme of the Aladdin parody.

**Subtitles:** The subtitles indicate that the video is a parody of the 1992 Disney film ""Aladdin,"" featuring a modern twist and comedic elements. The dialogue includes references to Aladdin and Jasmine's relationship, as well as humorous interactions involving a watermelon and a modern twist on classic characters.

**Video Description:** The video depicts a behind-the-scenes look at the making of a parody of Disney's Aladdin. It shows actors dressed as Aladdin and Jasmine on a magic carpet, with various interactions and expressions of amusement, confusion, and affection. The video also includes a scene with another couple on a separate magic carpet, and the introduction of a blue character representing the Genie. The final scenes reveal the production setup, showing the contrast between the magical setting and the reality of a studio set.

**Comparison:** The thumbnail accurately represents the video content by showing Aladdin and Jasmine in a whimsical setting, which matches the theme of the parody. The video does not contain any misleading elements that suggest a different context or content than what is depicted in the thumbnail.

**Conclusion:** The thumbnail is **Not Misleading** because it accurately reflects the content of the video, which is a behind-the-scenes look at a parody of Disney's Aladdin. The thumbnail effectively sets the expectation for viewers, ensuring they understand the nature of the video before they watch it.

**Explanation:** The thumbnail correctly portrays the romantic and whimsical setting of the Aladdin parody, which is consistent with the video's content. There are no exaggerated or false promises that mislead viewers about the video's actual content. Therefore, the thumbnail is appropriate and not misleading."
xfqBQ2XhBCg,"### Analysis and Categorization:

#### Step 1: Examine the Thumbnail
The thumbnail features two individuals in a car at night, with one person making a peace sign and the other holding a phone, seemingly taking a selfie. The lighting is dim, and the background suggests a city street with blurred lights. The overall tone appears casual and fun.

#### Step 2: Read Through the Video Subtitles and Content Description
The subtitles include phrases like ""we're not going home tonight,"" ""this party was not in your plan,"" and ""up and down round and round."" These suggest a lively, party-like atmosphere. The content description mentions scenes of a group of young people gathering, dancing, and performing in various settings, which aligns with the party theme.

#### Step 3: Compare the Thumbnail to the Actual Video Content
The thumbnail depicts a casual, fun moment inside a car, which could be interpreted as part of a party or a night out. However, the video content describes a series of scenes that are more focused on group dynamics, creative expression, and energetic performances rather than just a casual night out.

#### Step 4: Determine if the Thumbnail Accurately Represents the Video's Main Topic or Content
The thumbnail does not accurately represent the main topic or content of the video. While the video does feature a party-like atmosphere, the thumbnail focuses on a single, casual moment that doesn't capture the full essence of the video's content.

#### Step 5: Assess Whether the Thumbnail Uses Exaggeration, False Promises, or Clickbait Tactics
The thumbnail does not use exaggerated or false promises. It simply captures a moment that could be associated with a party, but it does not promise or imply the entire content of the video.

#### Step 6: Categorize the Thumbnail
Based on the analysis, the thumbnail is **misleading** because it does not accurately represent the main topic or content of the video. The video is more about group dynamics and creative expression, whereas the thumbnail suggests a casual, fun moment that may not fully convey the party-like atmosphere depicted in the video.

### Final Decision:
**Misleading**

**Explanation:** The thumbnail shows a casual moment inside a car, which could be interpreted as part of a party, but it does not capture the full essence of the video's content. The video features a series of scenes that are more focused on group dynamics, creative expression, and energetic performances, which are not represented in the thumbnail."
EllS87Qo_gc,"### Categorization: Not Misleading

### Explanation:
The thumbnail depicts a woman lying on a bed, appearing distressed and covering her face with her hands, which aligns closely with the emotional content described in the video. The subtitle text indicates that the woman is experiencing a significant emotional reaction, possibly due to receiving impactful news or dealing with a difficult situation. The video content supports this by showing the woman engaged in a phone call, becoming increasingly emotional, and wiping her tears. The overall tone of the video, as described, is one of personal drama and emotional intensity, which is accurately represented by the thumbnail.

The thumbnail does not use exaggeration, false promises, or clickbait tactics. It accurately reflects the emotional state of the woman depicted in the video, which is a key element of the storyline. Therefore, the thumbnail is not misleading."
lH-04-ZNFPQ,"### Analysis and Categorization

#### Step-by-Step Analysis:

1. **Examine the Thumbnail**:
   - The thumbnail features a player in a red jersey celebrating with a clenched fist, with the Portuguese flag prominently displayed alongside the number ""21"". The Scottish flag is also present, indicating a match between Portugal and Scotland.

2. **Read Through the Video Subtitles and Content Description**:
   - The subtitles suggest a discussion about a player's performance and a match between Portugal and Scotland.
   - The video content description confirms a match between Portugal and Scotland, highlighting various gameplay moments and the final score of 2-1 in favor of Portugal.

3. **Compare the Thumbnail to the Actual Video Content**:
   - The thumbnail effectively represents the main topic of the video, which is a soccer match between Portugal and Scotland.
   - The celebratory pose of the player in the thumbnail aligns with the final score of Portugal winning the match.

4. **Assess Whether the Thumbnail Accurately Represents the Video's Main Topic or Content**:
   - The thumbnail accurately reflects the content of the video, which is a soccer match between Portugal and Scotland, culminating in Portugal winning with a score of 2-1.

5. **Check for Exaggeration, False Promises, or Clickbait Tactics**:
   - There are no exaggerated elements or false promises in the thumbnail. It clearly indicates the match and the outcome.

6. **Categorization**:
   - Given that the thumbnail accurately represents the main topic and content of the video, it does not use any misleading tactics.

### Final Decision

**Categorization: Not Misleading**

**Explanation**: The thumbnail accurately represents the content of the video, which is a soccer match between Portugal and Scotland, with Portugal winning 2-1. There are no misleading elements or false promises in the thumbnail."
HPwWK8ljorM,"### Analysis and Categorization:

#### Step 1: Examine the Thumbnail
The thumbnail features a young man with short brown hair, wearing an orange shirt, sitting on a couch. The TLC logo is visible in the top right corner, and the word ""UNEXPECTED"" is displayed prominently at the bottom left. Additionally, there is an image of a hand holding a mug with the text ""best dad ever"" printed on it.

#### Step 2: Read Through the Video Subtitles and Content Description
The subtitles indicate that the video involves a young couple discussing a pregnancy test result. The man expresses concern and anticipation about the outcome, while the woman discusses her feelings about the pregnancy and the impact it might have on their relationship.

#### Step 3: Compare the Thumbnail to the Actual Video Content
The thumbnail shows a young man in a casual setting, which aligns with the content of the video, which also features a young man discussing a significant personal moment. However, the thumbnail does not explicitly convey the pregnancy theme or the emotional weight of the situation depicted in the video.

#### Step 4: Determine if the Thumbnail Accurately Represents the Video's Main Topic or Content
While the thumbnail does feature a young man, it does not provide any visual cues that would immediately suggest the pregnancy theme or the emotional intensity of the conversation. The presence of the TLC logo and the word ""UNEXPECTED"" might imply an element of surprise or revelation, but it does not clearly communicate the specific nature of the content.

#### Step 5: Assess Whether the Thumbnail Uses Exaggeration, False Promises, or Clickbait Tactics
The thumbnail does not use exaggerated language or false promises. It simply presents a young man in a casual setting, which is consistent with the video content but does not highlight the pregnancy aspect or the emotional depth of the conversation.

#### Step 6: Categorize the Thumbnail as Either ""Misleading"" or ""Not Misleading""
Based on the analysis, the thumbnail is **not misleading**. While it does not explicitly convey the pregnancy theme, it accurately represents the general context of the video content, which features a young man discussing a significant personal moment.

#### Explanation:
The thumbnail effectively captures the essence of the video content by featuring a young man in a casual setting, which matches the overall tone of the video. Although it does not explicitly mention the pregnancy theme, the TLC logo and the word ""UNEXPECTED"" suggest that the video contains an element of surprise or revelation, which aligns with the content described in the video description. Therefore, the thumbnail does not mislead viewers about the specific content of the video."
5WN6gCzNmZo,"### Categorization: Not Misleading

**Explanation:**
The provided video description does not contain any specific thumbnail image or visual elements that would mislead viewers about the content of the video. The video appears to capture scenes from a hockey game and its spectators, focusing on a celebrity couple in attendance. The scenes described include intimate interactions between the couple, such as the woman massaging the man's shoulders and leaning over him, as well as the couple watching the hockey game together. These interactions are consistent with the description of a couple enjoying a sports event, which aligns with the overall theme of the video.

Since the video content matches the description provided, there is no indication of misleading elements in the thumbnail or subtitles. Therefore, the thumbnail is categorized as ""Not Misleading."""
9PQpYvKdupo,"### Analysis and Categorization:

**Thumbnail:** The thumbnail shows a man in a suit standing at a podium in a grand hall, with a green screen in the bottom right corner displaying another man in a suit. The background includes ornate architectural details and a seated audience.

**Subtitles:** The subtitles appear to be part of a speech or presentation, discussing topics related to researchers, civil associations, and financial transactions involving Conacyt (a Mexican government agency). The content seems to involve criticism of certain practices and individuals associated with these entities.

**Video Description:** The video depicts a press conference or official government presentation in Mexico. The main speaker, an older man in a dark suit, addresses the audience from a podium in a grand hall. The setting includes a sign language interpreter, a large screen displaying text, and the Mexican flag. The speaker engages with the audience, using gestures and pointing to the screen, which displays relevant information. The audience is visible in some frames, with some members taking photos or videos.

**Comparison and Assessment:**

- **Thumbnail vs. Video Content:** The thumbnail accurately represents the setting of a press conference in a grand hall with a podium and a sign language interpreter. However, the thumbnail does not provide any context about the specific content of the speech or the nature of the discussion. It does not reveal the critical or investigative tone of the speech, which focuses on issues of corruption and financial irregularities within certain civil associations.
  
- **Exaggeration or False Promises:** The thumbnail does not use exaggerated visuals or false promises. It simply shows a formal setting typical of a press conference, which aligns with the actual content described in the video.

- **Clickbait Tactics:** The thumbnail does not employ clickbait tactics by promising sensational content or misleading the viewer into expecting a different type of event.

### Conclusion:

**Categorization:** Not Misleading

**Explanation:** The thumbnail accurately represents the setting of a press conference in a grand hall with a podium and a sign language interpreter. While it does not provide specific details about the content of the speech, it correctly depicts the formal setting of the event. Therefore, the thumbnail does not mislead viewers about the nature of the event or the content of the speech."
YZ-LagCs6GA,"### Analysis and Categorization:

#### Step 1: Examine the Thumbnail
The thumbnail features a close-up of a woman with curly hair, wearing dangling earrings and a sleeveless top. The lighting is dim, creating a dramatic and intimate atmosphere. The overall tone suggests a performance or artistic piece, which aligns with the video's description of a stylized performance or music video.

#### Step 2: Read Through the Video Subtitles and Content Description
The subtitles provide lyrics to a song that emphasizes themes of happiness, confidence, and dancing. The content description describes a performance with dynamic movements, expressive poses, and a dramatic interplay of light and shadow. The video appears to be a music video or a performance piece rather than a narrative or documentary-style video.

#### Step 3: Compare the Thumbnail to the Actual Video Content
The thumbnail effectively captures the essence of the video content. It showcases the woman in a dramatic and intimate setting, which matches the performance described in the video description. The lighting and the woman's appearance in the thumbnail mirror the visual elements described in the video.

#### Step 4: Determine if the Thumbnail Accurately Represents the Video's Main Topic or Content
The thumbnail accurately represents the main topic of the video, which is a performance or music video. It does not mislead viewers into expecting a different type of content.

#### Step 5: Assess Whether the Thumbnail Uses Exaggeration, False Promises, or Clickbait Tactics
There are no exaggerated elements or false promises in the thumbnail. It simply presents the woman in a performance setting, which is consistent with the video content.

#### Step 6: Categorize the Thumbnail
Based on the analysis, the thumbnail is **Not Misleading**.

#### Explanation:
The thumbnail accurately reflects the visual style and mood of the video, which is a performance or music video. It does not use any exaggerated elements or false promises that might mislead viewers. Therefore, it appropriately represents the content of the video without misleading the audience."
lnln2txTbRY,"### Analysis and Categorization:

**Thumbnail:** The thumbnail features three individuals wearing green jerseys, with the text ""Todo lo que paso antes y después del encuentro"" (All that happened before and after the match) and ""Color México vs Nueva Zelanda"" (Color Mexico vs New Zealand).

**Subtitles:** The subtitles indicate that the video covers events before and after a match between Mexico and New Zealand.

**Video Description:** The video content appears to cover various aspects of a soccer event involving Mexico, including fan interactions, behind-the-scenes footage, a press conference, and a player interview. The video showcases the festive atmosphere and behind-the-scenes activities related to the event.

### Reasoning:

1. **Comparison Between Thumbnail and Video Content:**
   - The thumbnail suggests a focus on the match itself and the events leading up to and following it.
   - The video content, however, primarily covers behind-the-scenes activities, fan interactions, and a player interview, rather than the match itself.

2. **Accuracy of the Thumbnail:**
   - The thumbnail does not accurately represent the main content of the video, which is more about behind-the-scenes activities and interviews rather than the match itself.
   - The text ""Todo lo que paso antes y después del encuentro"" (All that happened before and after the match) implies that the video will cover the match, which is not the case.

3. **Clickbait Tactics:**
   - The thumbnail uses the phrase ""Todo lo que paso antes y después del encuentro"" to create anticipation for the match, which is misleading since the video does not focus on the match itself.
   - The thumbnail does not provide any visual cues that would suggest the content is about behind-the-scenes activities or interviews, which are the main focus of the video.

### Conclusion:

**Categorization: Misleading**

**Explanation:**
The thumbnail is categorized as misleading because it suggests that the video will cover the match itself and the events leading up to and following it, which is not the case. The video primarily focuses on behind-the-scenes activities and interviews, and the thumbnail does not accurately represent this content. The use of the phrase ""Todo lo que paso antes y después del encuentro"" creates a misleading expectation for viewers, as it implies that the match itself will be covered, which is not the case."
jXCYRfv3_lM,"### Categorization: Not Misleading

**Explanation:**

The thumbnail depicts a large crowd gathered around a prominent historical monument in Paris, which aligns closely with the video content. The video shows a significant turnout of protesters, with various flags and banners indicating a diverse range of causes, including LGBTQ+ rights. The presence of the July Column at Place de la Bastille is a clear reference to a well-known location in Paris, often associated with protests and demonstrations.

The subtitles mention that 100,000 protesters demonstrated in France against the new Prime Minister, which is consistent with the visual evidence in the video. While the exact number of participants varies between different sources (police stating 110,000 and organizations claiming 300,000), the thumbnail effectively conveys the scale of the gathering without exaggerating or misleading the viewer. The image of a large crowd in a historically significant location reinforces the idea of a significant social or political movement, which matches the content described in the video.

Therefore, the thumbnail accurately represents the main topic of the video, which is a large-scale protest in Paris, and does not use any exaggerated claims or misleading tactics."
nObJ4NuwGD0,"### Analysis and Categorization:

#### Step 1: Examine the Thumbnail
The thumbnail shows a woman with long blonde hair, wearing a black outfit, against a backdrop with the Fenty Beauty logo. The image suggests a professional interview setting, likely related to the Fenty Beauty brand.

#### Step 2: Read Through the Video Subtitles and Content Description
The subtitles indicate that the video is about Rihanna discussing her role as a mother and her involvement with Fenty Beauty. The content description mentions that the video includes clips of Rihanna interacting with her son, Riot, and promotes her Fenty Beauty line.

#### Step 3: Compare the Thumbnail to the Actual Video Content
The thumbnail depicts a professional interview setting, which aligns with the content described in the video description. However, the thumbnail does not explicitly mention Rihanna or her role as a mother, nor does it show any images of her son or Fenty Beauty products.

#### Step 4: Determine if the Thumbnail Accurately Represents the Video's Main Topic or Content
While the thumbnail accurately represents the setting of a professional interview, it does not convey the specific content of the video, which includes personal glimpses into Rihanna's life as a mother and her promotion of Fenty Beauty.

#### Step 5: Assess Whether the Thumbnail Uses Exaggeration, False Promises, or Clickbait Tactics
The thumbnail does not use exaggerated claims or false promises. It simply presents a professional interview setting, which is accurate based on the video content.

#### Step 6: Categorize the Thumbnail as Either ""Misleading"" or ""Not Misleading""
Given that the thumbnail accurately represents the setting of the video but fails to convey the specific content (personal glimpses into Rihanna's life as a mother and promotion of Fenty Beauty), it can be considered **misleading**.

#### Explanation:
The thumbnail is misleading because it does not provide enough context about the video's content. While it accurately depicts a professional interview setting, it fails to inform viewers about the personal and promotional elements that are integral parts of the video. This omission could lead viewers to expect a different type of content, potentially causing disappointment upon watching the video.

### Final Categorization:
**Misleading**

### Explanation:
The thumbnail accurately represents the setting of a professional interview but fails to convey the specific content of the video, which includes personal glimpses into Rihanna's life as a mother and promotion of Fenty Beauty."
ucC903dOCk0,"### Categorization: Not Misleading

### Explanation:
The thumbnail for the video shows Selena Gomez, a well-known celebrity, and the text indicates that she is mentioned in relation to becoming a ""billionaire."" The video content, as described, discusses Selena Gomez's wealth and her involvement in the beauty cosmetics brand ""Rare Beauty,"" mental health initiatives, and endorsements. The segment is part of a broader entertainment news segment titled ""POPStart"" on the TODAY show, which typically covers celebrity news and updates.

The thumbnail accurately reflects the content of the video, as it features Selena Gomez, who is indeed the subject of the segment. The text in the thumbnail correctly summarizes the main point of the video, which is about Selena Gomez's wealth and her contributions to the beauty industry and mental health initiatives. There is no exaggeration, false promise, or clickbait tactic used in the thumbnail. Therefore, the thumbnail is not misleading."
nrvzrEwJ9fI,"### Analysis and Categorization:

**Thumbnail:** The thumbnail features Michel Barnier, identified as the newly appointed Prime Minister of France, with the text ""MICHEL BARNIER ES NOMBRADO PRIMER MINISTRO DE FRANCIA."" The background includes a colorful mural, which does not visually represent the formal ceremony or the political context described in the video.

**Subtitles:** The subtitles mention that Michel Barnier has been appointed as the new Prime Minister of France and discuss his priorities, including issues related to debt, financial matters, ecological concerns, and increasing France’s influence in Europe.

**Video Description:** The video content describes a series of scenes depicting a formal ceremony at a government building, interactions between officials, and political commentary surrounding the appointment of Michel Barnier as the new Prime Minister. The video provides a comprehensive look at the significance of this political event in French governance.

### Comparison and Decision:

- **Thumbnail vs. Video Content:** The thumbnail shows Michel Barnier in a formal setting, which aligns with the video content describing a formal ceremony. However, the background mural does not visually represent the formal nature of the event or the political context discussed in the subtitles and video description.
  
- **Accuracy Representation:** While the thumbnail correctly identifies Michel Barnier as the new Prime Minister, it fails to convey the formal and serious tone of the event or the political discussions surrounding it. The background mural introduces an element of artistic representation that is not relevant to the video's content.

- **Exaggeration or Clickbait:** The thumbnail does not use exaggerated language or images designed to attract viewers with misleading content. It accurately represents the subject matter but lacks the necessary visual cues to fully capture the gravity and context of the event.

### Conclusion:

**Categorization:** Not Misleading

**Explanation:** The thumbnail accurately represents the subject matter (Michel Barnier being appointed as the new Prime Minister) but fails to visually convey the formal and serious nature of the event or the political discussions surrounding it. The inclusion of a mural in the background does not detract from the accuracy of the subject but may introduce a slight distraction. Therefore, the thumbnail is not misleading but could be improved to better reflect the formal and political context of the event."
fzfVtDPRzt0,"### Analysis and Categorization

#### Step-by-Step Analysis:

1. **Examine the Thumbnail**:
   - The thumbnail features a woman in a professional setting, likely a law office or legal environment, with bookshelves filled with legal volumes in the background.
   - The woman is dressed professionally, wearing a black blazer over a colorful, patterned blouse or scarf, and has long dark hair.
   - The text overlay on the thumbnail reads ""ASK A PSYCHOPATH PART 2.""

2. **Read Through the Video Subtitles and Content Description**:
   - The subtitles discuss topics related to psychopathy, including the narrator's experiences and thoughts about empathy, guilt, and animal behavior.
   - The content includes a story about drowning a baby opossum and taking a neighbor's bikes without permission.
   - The overall tone suggests an educational or conversational piece about psychopathic traits and behaviors.

3. **Compare the Thumbnail to the Actual Video Content**:
   - The thumbnail depicts a professional setting, which aligns with the legal environment described in the video description.
   - However, the text ""ASK A PSYCHOPATH PART 2"" implies that the video content will delve into the personal experiences and insights of a psychopath, which is not explicitly shown in the thumbnail.
   - The video content includes personal anecdotes and discussions about psychopathic traits, which are not visually represented in the thumbnail.

4. **Determine if the Thumbnail Accurately Represents the Video's Main Topic or Content**:
   - The thumbnail does not accurately represent the detailed personal anecdotes and discussions about psychopathic traits that are present in the video.
   - The thumbnail suggests a more formal, professional discussion rather than the personal and anecdotal nature of the video content.

5. **Assess Whether the Thumbnail Uses Exaggeration, False Promises, or Clickbait Tactics**:
   - The thumbnail does not use exaggerated language or false promises.
   - However, it does not fully represent the content, which could be considered misleading as it does not convey the personal and anecdotal nature of the video.

6. **Categorization**:
   - **Misleading**

### Explanation:

The thumbnail is misleading because it does not accurately represent the personal and anecdotal nature of the video content. While the professional setting in the thumbnail aligns with the legal environment discussed in the video, the text ""ASK A PSYCHOPATH PART 2"" suggests a more formal discussion that is not fully conveyed in the thumbnail. The thumbnail fails to capture the personal and introspective elements of the video, which are central to the content. Therefore, the thumbnail is misleading."
1GYbAEGUgm0,"### Categorization: Misleading

**Explanation:**

The thumbnail depicts a firefighter battling a fire in an urban environment, which is visually striking but does not accurately represent the main content of the video. The video's subtitles and description indicate that the primary focus is on new Russian bombings in Ukraine, specifically mentioning the attack on Poltava and the resulting casualties and damage. The thumbnail, however, does not convey any information about the bombing or the scale of destruction mentioned in the subtitles. Instead, it shows a firefighter in action, which might mislead viewers into thinking the video is primarily about firefighting efforts rather than the broader conflict narrative described in the video content. Therefore, the thumbnail is misleading as it fails to reflect the critical elements of the video's main topic."
0uftdOL3fyQ,"### Analysis and Categorization:

**Thumbnail:** The thumbnail shows a conference room setup with a banner indicating the ""Primera Reunión Ordinaria de Comisiones Unidas"" (First Ordinary Meeting of United Commissions). The text ""SE PUEDE ALARGAR HASTA LA MADRUGADA"" is prominently displayed, which translates to ""It can be extended until dawn.""

**Subtitles:** The subtitles provide context about the meeting, mentioning that it involves discussions on constitutional points and legislative studies. It notes that the meeting is expected to last until late at night, specifically around 9:10 PM.

**Video Description:** The video appears to cover a formal meeting in a conference room, with various shots of the room, attendees, and the preparation for media coverage. The video also includes scenes of protests or demonstrations outside the building, indicating public interest or controversy surrounding the meeting.

**Comparison and Assessment:**

- **Thumbnail vs. Subtitles:** The thumbnail accurately reflects the setting of the meeting, which is a formal conference room. However, the text ""SE PUEDE ALARGAR HASTA LA MADRUGADA"" is a statement about the duration of the meeting rather than a misleading claim about the content or purpose of the meeting itself.
  
- **Thumbnail vs. Video Content:** The video content confirms that the meeting is indeed expected to extend until late at night, matching the subtitle information. The protests shown in the video do not contradict the information provided in the thumbnail or subtitles.

**Conclusion:**

The thumbnail does not use exaggerated language or false promises that could mislead viewers. Instead, it accurately represents the setting and the expected duration of the meeting. Therefore, the thumbnail is **not misleading**.

**Explanation:**

The thumbnail correctly depicts the setting of the meeting and the expected duration, which is consistent with the subtitles and the video content. There is no exaggeration or misleading information conveyed through the thumbnail. Thus, the thumbnail is appropriate and accurate for the video content."
5P5rKZi5qCU,"### Analysis and Categorization

#### Step-by-Step Analysis:

1. **Examine the Thumbnail**:
   - The thumbnail shows a group of people, likely a sports team, in a gymnasium or similar setting. There is a handwritten sign that reads, ""Selena Gomez, Please sing the National Anthem @ one of home games: Fri 6:00pm Sat 11.""
   - The image suggests a connection between Selena Gomez and a high school volleyball team, specifically asking her to sing the national anthem at a game.

2. **Read Through the Video Subtitles and Content Description**:
   - The subtitles confirm that Selena Gomez visited a high school volleyball game and sang the national anthem.
   - The video content includes scenes of Selena Gomez interacting with the volleyball team, posing for photos, and signing autographs.
   - The video also mentions her visit to the Telluride Film Festival and her participation in the film ""Amelia Perez.""

3. **Compare the Thumbnail to the Actual Video Content**:
   - The thumbnail accurately reflects the main event depicted in the video: Selena Gomez visiting a high school volleyball game and singing the national anthem.
   - The video content confirms this interaction and shows the team's reaction and the subsequent photos and autographs.

4. **Determine if the Thumbnail Accurately Represents the Video's Main Topic or Content**:
   - The thumbnail correctly represents the core event of the video: Selena Gomez visiting a high school volleyball game and singing the national anthem.
   - There are no exaggerated claims or misleading elements in the thumbnail.

5. **Assess Whether the Thumbnail Uses Exaggeration, False Promises, or Clickbait Tactics**:
   - The thumbnail does not use any exaggerated claims or false promises.
   - It accurately represents the main event and does not employ clickbait tactics.

6. **Categorize the Thumbnail**:
   - Based on the analysis, the thumbnail accurately represents the main topic and content of the video.

### Final Decision:

**Categorization: Not Misleading**

**Explanation:**
The thumbnail accurately depicts the main event of the video, which is Selena Gomez visiting a high school volleyball game and singing the national anthem. There are no misleading elements or exaggerated claims in the thumbnail, ensuring that viewers understand the content they are about to watch."
go-vCNylqcs,"### Analysis and Categorization:

**Thumbnail:** The thumbnail shows a father and son sitting in a modern living room, with the father covering his face and the subtitle ""Oh my God!"" overlaid.

**Subtitles:** The subtitles indicate a conversation where the father is trying to get the son to say his full name correctly, specifically ""Cristiano Ronaldo dos Santos.""

**Video Description:** The video depicts a father and son in a modern living room, with the father giving instructions and the son attempting to say his full name correctly. There are moments of frustration and confusion, culminating in a high-five and a triumphant conclusion in a gym setting.

**Comparison:** The thumbnail shows a father and son in a living room, which matches the initial part of the video. However, the subtitle ""Oh my God!"" suggests a dramatic or exaggerated reaction, which does not align with the overall tone of the video. The video does not feature a dramatic or exaggerated reaction; instead, it portrays a more lighthearted and affectionate interaction between the father and son.

**Assessment:** The thumbnail uses a dramatic subtitle that does not accurately represent the video's content. While the video does show a father and son in a living room, the subtitle suggests a more intense or humorous situation than what is depicted in the video.

**Categorization:** Misleading

**Explanation:** The thumbnail is categorized as misleading because it uses a dramatic subtitle (""Oh my God!"") that does not reflect the actual content of the video. The video shows a more lighthearted and affectionate interaction between the father and son, without any dramatic or exaggerated reactions."
oyZ2HQ1zI8E,"### Analysis and Categorization

#### Step 1: Examine the Thumbnail
The thumbnail shows a man in a dark suit, sitting in a studio environment with a background that includes social media icons and the logo ""adn."" The man appears to be speaking directly to the camera, and the overall tone suggests a professional and informative presentation.

#### Step 2: Read Through the Video Subtitles and Content Description
The subtitles indicate that the video is from a Spanish-language entertainment news show called ""adn40,"" which covers various celebrity and entertainment topics. The content includes discussions about different celebrities and entertainment figures, such as Daniel Craig, Katy Perry, Pepe Aguilar, Alicia Villarreal, Ben Affleck, Justin Timberlake, Harvey Weinstein, and Pedro Almodóvar. The show transitions between different stories and scenes, providing commentary and analysis on these topics.

#### Step 3: Compare the Thumbnail to the Actual Video Content
The thumbnail depicts a man in a studio setting, which aligns with the professional and informative nature of the show described in the video content. The content of the video matches the theme suggested by the thumbnail, as it covers a variety of entertainment-related topics.

#### Step 4: Determine if the Thumbnail Accurately Represents the Video's Main Topic or Content
The thumbnail accurately represents the content of the video, which is a news segment covering various entertainment topics. There are no exaggerated elements or misleading visuals that suggest a different theme or content.

#### Step 5: Assess Whether the Thumbnail Uses Exaggeration, False Promises, or Clickbait Tactics
The thumbnail does not use any exaggerated elements or false promises. It simply presents a professional and informative appearance that matches the content of the video.

#### Step 6: Categorize the Thumbnail
Based on the analysis, the thumbnail accurately represents the content of the video and does not use any misleading elements.

### Final Decision
**Categorization: Not Misleading**

**Explanation:** The thumbnail accurately represents the content of the video, which is a news segment covering various entertainment topics. There are no exaggerated elements or misleading visuals that suggest a different theme or content. The thumbnail effectively communicates the professional and informative nature of the show, making it not misleading."
KafZCpAp82Q,"### Analysis and Categorization

**Thumbnail:** The thumbnail features a soccer player in a white jersey with the Real Madrid emblem, suggesting a connection to the club. The text ""Luis Fonsi x Daddy Yankee Despacito 2014"" is prominently displayed, indicating a collaboration between the singers Luis Fonsi and Daddy Yankee, and the year 2014.

**Video Description:** The video is a highlight reel or montage featuring a prominent soccer player, showcasing his career achievements and memorable moments across different clubs and competitions. The player is shown in various team uniforms, including an orange and black kit, indicating a long and varied career at the highest levels of the sport.

**Comparison:** The thumbnail does not directly relate to the content of the video. While the player in the thumbnail is wearing a Real Madrid jersey, the video itself focuses on a soccer player's career achievements and highlights across multiple clubs, not specifically tied to Real Madrid. The thumbnail suggests a connection to a music collaboration, which is entirely unrelated to the video's content.

**Assessment:** The thumbnail is misleading because it does not accurately represent the video's main topic or content. It uses a connection to a music collaboration (Despacito) to attract viewers, which is irrelevant to the soccer player's career highlights shown in the video.

**Categorization:** Misleading

**Explanation:** The thumbnail is misleading because it suggests a connection to a music collaboration (Despacito), which is unrelated to the soccer player's career achievements and highlights shown in the video. The thumbnail does not accurately represent the content of the video and uses a false promise to attract viewers."
rF31t3oqsj8,"### Analysis and Categorization:

**Thumbnail:** The thumbnail features a woman standing in a modern apartment, smiling widely with her arms outstretched. The text ""HOUSE TOUR"" is prominently displayed above her.

**Subtitles:** The subtitles suggest a personal vlog-style video where the narrator is introducing their new home and expressing excitement about it.

**Video Description:** The video showcases a modern apartment with various scenes of people interacting, a baby in a crib, and a general lively atmosphere. The narrator discusses the setup of the apartment, the presence of a baby, and the overall feeling of the space.

### Comparison and Assessment:

- **Thumbnail vs. Video Content:** The thumbnail depicts a woman in a modern apartment, which aligns closely with the video content. The video indeed shows a modern apartment with people interacting, a baby in a crib, and a lively atmosphere. The thumbnail accurately represents the main topic of the video, which is a house tour.

- **Exaggeration or False Promises:** There are no exaggerated claims or false promises in the thumbnail. It simply shows a woman in a modern apartment, which matches the content described in the video.

- **Clickbait Tactics:** The thumbnail does not use clickbait tactics. It clearly indicates that the video is a house tour, which is exactly what the video content is.

### Conclusion:

**Categorization:** Not Misleading

**Explanation:** The thumbnail accurately represents the main topic of the video, which is a house tour. It does not use any exaggerated claims or clickbait tactics. Therefore, it is not misleading."
lArb4T4Yp3k,"### Analysis and Categorization:

**Thumbnail:** The thumbnail features a man with a beard, smiling, against a vibrant orange background with purple accents. The text overlay indicates it is a compilation from ""The Graham Norton Show"" featuring Kevin Hart.

**Subtitles:** The subtitles include phrases like ""Compilation,"" ""Kevin Hart,"" and indicate that the video is a compilation of segments from the show.

**Video Description:** The video appears to be a compilation of segments from ""The Graham Norton Show,"" featuring Kevin Hart. The scenes show Kevin Hart interacting with other guests in a talk show setting. The atmosphere is lively, with animated conversations and laughter among the participants.

**Comparison and Assessment:**

- **Thumbnail vs. Video Content:** The thumbnail accurately represents the content of the video. It shows Kevin Hart, which aligns with the subtitle indicating a compilation featuring him. The vibrant background matches the show's typical aesthetic.
  
- **Exaggeration or False Promises:** There is no indication of exaggeration or false promises in the thumbnail. It clearly states that it is a compilation from ""The Graham Norton Show.""

- **Clickbait Tactics:** The thumbnail does not use clickbait tactics. It provides clear information about the content, which is a compilation of segments featuring Kevin Hart.

### Conclusion:

**Categorization:** Not Misleading

**Explanation:** The thumbnail accurately represents the content of the video, which is a compilation of segments from ""The Graham Norton Show"" featuring Kevin Hart. There are no misleading elements or clickbait tactics used in the thumbnail. Therefore, the thumbnail is not misleading."
333xQzTQKEU,"### Categorization: Not Misleading

### Explanation:
The provided video description depicts a fan encounter with a celebrity, specifically mentioning a meeting with Justin Bieber. The thumbnail shows two individuals posing together outdoors, which aligns closely with the video content. The video captures a casual and positive interaction between a fan and a celebrity, as evidenced by the smiles and relaxed body language of both individuals. The presence of social media overlays and captions further supports the idea that this is a fan encounter, as these are common elements used to share such moments online.

There are no exaggerated claims or misleading elements in the thumbnail. It accurately represents the main topic of the video, which is a fan encounter with a celebrity. Therefore, the thumbnail is not misleading."
2qepS30_wdA,"### Analysis and Categorization:

#### Step 1: Examine the Thumbnail
The thumbnail shows a person sitting outdoors, seemingly deep in thought or reflecting on something. The background includes a view of a street and some greenery, suggesting an urban or suburban setting. The overall tone appears contemplative and introspective.

#### Step 2: Read Through the Video Subtitles and Content Description
The subtitles indicate that the video is about a person reflecting on their current situation and considering their future aspirations. The content description mentions themes of youth culture, urban life, personal introspection, and human connection, all set against the backdrop of a modern Asian city. The video includes scenes of everyday life, creative pursuits, and moments of reflection.

#### Step 3: Compare the Thumbnail to the Actual Video Content
The thumbnail depicts a reflective moment, which aligns well with the introspective and contemplative themes mentioned in the subtitles and the video description. The outdoor setting and the person's posture suggest a moment of self-reflection, which is consistent with the themes of the video.

#### Step 4: Determine if the Thumbnail Accurately Represents the Video's Main Topic or Content
The thumbnail accurately represents the reflective and introspective nature of the video. It captures the essence of the themes discussed in the subtitles and the video description without any exaggeration or misleading elements.

#### Step 5: Assess Whether the Thumbnail Uses Exaggeration, False Promises, or Clickbait Tactics
There are no exaggerated elements or false promises in the thumbnail. It simply presents a scene that reflects the themes of the video.

#### Step 6: Categorize the Thumbnail
Based on the analysis, the thumbnail is **Not Misleading**.

#### Explanation:
The thumbnail effectively represents the reflective and introspective nature of the video. It does not use any exaggerated elements or false promises. Instead, it accurately conveys the themes of personal reflection and urban life explored in the video. Therefore, it is not misleading."
V-bP1mziAKk,"### Analysis and Categorization

#### Step-by-Step Analysis:

1. **Examine the Thumbnail**:
   - The thumbnail features two individuals, a woman and a man, sitting together.
   - The text ""SPILL YOUR GUTS"" is prominently displayed in bold, large letters.
   - The background suggests a talk show setting, with a dark backdrop and stage lighting.

2. **Read Through the Video Subtitles and Content Description**:
   - The subtitles indicate a food-related challenge or game involving unusual food items.
   - The video description mentions a late-night talk show segment featuring a female guest and a male host engaging in a food-related challenge.
   - The segment includes various food items such as ""Pig Flesh Meat Jelly,"" ""Giant Water Scorpion,"" and ""Bird Saliva.""
   - The participants react with varying degrees of discomfort, curiosity, and amusement.

3. **Compare the Thumbnail to the Actual Video Content**:
   - The thumbnail suggests a serious or intense interaction, possibly involving a game or challenge.
   - The video content, however, depicts a humorous and light-hearted interaction between the host and guest, focusing on their reactions to the food items presented.

4. **Assess Whether the Thumbnail Accurately Represents the Video's Main Topic or Content**:
   - The thumbnail does not accurately represent the light-hearted and humorous nature of the segment.
   - The text ""SPILL YOUR GUTS"" implies a serious or intense interaction, which contrasts with the actual content of the video.

5. **Evaluate for Exaggeration, False Promises, or Clickbait Tactics**:
   - The thumbnail uses the phrase ""SPILL YOUR GUTS,"" which could be interpreted as a serious or intense interaction, potentially misleading viewers into expecting a more serious or dramatic segment.

6. **Categorization**:
   - **Misleading**

### Explanation:

The thumbnail is categorized as misleading because it creates an expectation of a serious or intense interaction based on the text ""SPILL YOUR GUTS."" However, the actual video content is a humorous and light-hearted segment involving a food-related challenge, which does not match the serious tone suggested by the thumbnail. This discrepancy misleads viewers into expecting a different type of content than what is actually presented."
jBwMeX0tU0U,"### Analysis and Categorization:

**Thumbnail:** The thumbnail shows a player in an Argentina jersey holding two trophies, with confetti falling around them. The image conveys a sense of celebration and achievement.

**Subtitles:** The subtitles discuss Lionel Messi's dominance in international football, his contributions to Argentina, and his achievements, including winning the Copa America title.

**Video Description:** The video montage celebrates Lionel Messi's career and achievements with the Argentine national team, highlighting his impact on the team and his personal journey. Scenes include interviews, celebrations, and moments of triumph and reflection.

**Comparison:** The thumbnail accurately represents the video content. It shows a player holding trophies, which aligns with the video's focus on Messi's achievements and the team's victories. The confetti and celebratory atmosphere in the thumbnail mirror the emotional high points depicted in the video.

**Assessment:** The thumbnail does not use exaggeration, false promises, or clickbait tactics. It directly reflects the content of the video, which is a celebration of Messi's career and the team's success.

**Categorization:** **Not Misleading**

**Explanation:** The thumbnail accurately represents the video content, showing a player holding trophies and celebrating, which is consistent with the video's depiction of Messi's achievements and the team's victories. There are no misleading elements or exaggerated claims in the thumbnail that do not match the video's content."
WqMkSLe2BQM,"### Analysis and Categorization:

**Thumbnail:** The thumbnail shows a person holding an umbrella in a rainy environment, with the text ""CLIMA HELADO Y LLUVIAS, EN GRAN PARTE DE MÉXICO"" (Cold Weather and Rain, in Most Parts of Mexico).

**Subtitles:** The subtitles provide information about the weather conditions in Mexico, specifically mentioning cold fronts, tropical waves, and heavy rains in various regions.

**Video Description:** The video appears to be a weather forecast segment discussing current weather conditions in Mexico. It includes meteorological maps, satellite imagery, and ground-level scenes showing people in cold weather attire and rainy conditions.

**Comparison and Assessment:**

1. **Thumbnail vs. Video Content:** The thumbnail depicts a person in a rainy environment, which aligns well with the video content discussing heavy rain and cold weather conditions in Mexico. The text on the thumbnail matches the subtitles, indicating that the weather forecast is indeed about cold weather and rain in Mexico.

2. **Exaggeration or False Promises:** The thumbnail does not use any exaggerated language or false promises. It accurately represents the content of the video, which focuses on the current weather conditions described in the subtitles.

3. **Clickbait Tactics:** There are no clickbait tactics used in the thumbnail. It clearly communicates the main topic of the video, which is the weather forecast for Mexico.

**Conclusion:**

**Categorization:** Not Misleading

**Explanation:** The thumbnail accurately represents the video's content by showing a person in a rainy environment, which aligns with the weather forecast discussing cold weather and rain in Mexico. The text on the thumbnail matches the subtitles, ensuring that viewers understand the main topic of the video. There are no exaggerated elements or clickbait tactics present in the thumbnail."
TYHhRhr3CQE,"### Analysis and Categorization

#### Step 1: Examine the Thumbnail
The thumbnail shows a man in a floral shirt standing outdoors in a garden-like setting. The image is clear and does not contain any text or visual elements that suggest sensationalism or misleading content.

#### Step 2: Read Through the Video Subtitles and Content Description
The subtitles and video content describe a news segment from Inside Edition about O.J. Simpson's will. The segment discusses the contents of the will, including the signature date, the declaration of marital status, and the distribution of assets. It also touches on the legal proceedings surrounding the estate and the potential claims from Nicole Brown Simpson and Ronald Goldman's families.

#### Step 3: Compare the Thumbnail to the Actual Video Content
The thumbnail depicts a man in a casual outdoor setting, which aligns with the video content that includes interviews and scenes from a news broadcast. However, the thumbnail does not provide any indication of the legal or somber nature of the content discussed in the video.

#### Step 4: Determine if the Thumbnail Accurately Represents the Video's Main Topic or Content
The thumbnail does not accurately represent the serious and legal nature of the content discussed in the video. It fails to convey the gravity of the subject matter, which involves a high-profile legal case and the distribution of assets.

#### Step 5: Assess Whether the Thumbnail Uses Exaggeration, False Promises, or Clickbait Tactics
The thumbnail does not use any exaggerated visuals or text that could mislead viewers. It simply shows a man in a casual setting, which is appropriate for a news segment but does not reflect the serious tone of the content.

#### Step 6: Categorize the Thumbnail as Either ""Misleading"" or ""Not Misleading""
Based on the analysis, the thumbnail is **misleading** because it does not accurately represent the serious and legal nature of the content discussed in the video. It fails to convey the gravity of the subject matter and does not prepare viewers for the detailed legal proceedings and discussions about the will.

#### Explanation:
The thumbnail should have included visual elements that reflect the serious and legal nature of the content, such as a newsroom setting, legal documents, or a somber expression of the interviewee. By showing a casual outdoor setting, the thumbnail misleads viewers into expecting a less serious or less formal discussion than what is actually presented in the video."
gpcTOohKzYw,"### Analysis and Categorization

#### Step-by-Step Analysis:

1. **Examine the Thumbnail**:
   - The thumbnail features two women, one with short dark hair and the other with long, wavy brown hair.
   - The text ""KARDASHIANS"" is prominently displayed, indicating the show's branding.
   - The overall aesthetic suggests a serious and potentially emotional conversation between the two women.

2. **Read Through the Video Subtitles**:
   - The subtitles indicate a conversation between two women discussing a significant life change involving Caitlyn Jenner (formerly Bruce Jenner).
   - The dialogue revolves around feelings of hurt, disappointment, and the impact of the change on relationships and family dynamics.
   - The conversation touches on topics such as family dynamics, past conflicts, and the desire to move forward for the sake of the children.

3. **Compare the Thumbnail to the Actual Video Content**:
   - The thumbnail depicts two women in a serious discussion, which aligns with the content of the subtitles.
   - The video content confirms that the conversation is indeed about a significant life change involving Caitlyn Jenner and its impact on relationships within the family.

4. **Determine Accuracy Representation**:
   - The thumbnail accurately represents the serious nature of the conversation depicted in the video.
   - There are no exaggerated elements or misleading promises in the thumbnail.

5. **Assess for Exaggeration, False Promises, or Clickbait Tactics**:
   - The thumbnail does not use any sensationalized language or imagery that could mislead viewers.
   - The content described in the subtitles matches the visual representation in the thumbnail.

### Conclusion:

The thumbnail accurately represents the video's content, which focuses on a serious conversation between two women discussing a significant life change involving Caitlyn Jenner. There are no misleading elements or exaggerated promises in the thumbnail.

**Categorization**: Not Misleading

**Explanation**: The thumbnail accurately reflects the serious and emotional nature of the conversation depicted in the video, which discusses the impact of Caitlyn Jenner's life change on family relationships. There are no misleading elements or exaggerated promises in the thumbnail."
ISlS4aukpaM,"### Analysis and Categorization:

#### Step 1: Examine the Thumbnail
The thumbnail features a woman seated in a green chair in a studio setting, with a backdrop displaying framed photos and a logo for ""Abandonados."" The woman appears to be engaged in conversation, and the overall tone suggests a talk show or interview format.

#### Step 2: Read Through the Video Subtitles and Content Description
The subtitles and video description indicate that the video is a promotional piece or segment about the return of Paola Nuñez as the host of ""Abandonados."" The content revolves around the show's format, which involves elimination races across multiple countries, and highlights Paola's past experiences and achievements in the entertainment industry.

#### Step 3: Compare the Thumbnail to the Actual Video Content
The thumbnail accurately depicts the setting and the main subject of the video, which is Paola Nuñez returning to host ""Abandonados."" The studio environment, the presence of the host, and the logo are all consistent with the video content.

#### Step 4: Determine if the Thumbnail Accurately Represents the Video's Main Topic or Content
The thumbnail effectively represents the main topic of the video, which is Paola Nuñez's return to host ""Abandonados."" It does not mislead viewers about the content or the purpose of the video.

#### Step 5: Assess Whether the Thumbnail Uses Exaggeration, False Promises, or Clickbait Tactics
There are no elements in the thumbnail that suggest exaggeration, false promises, or clickbait tactics. The thumbnail is straightforward and informative, clearly indicating the subject matter of the video.

#### Step 6: Categorize the Thumbnail
Based on the analysis, the thumbnail is not misleading.

#### Explanation:
The thumbnail accurately reflects the content of the video, which is a promotional piece about Paola Nuñez's return to host ""Abandonados."" It does not contain any misleading elements or exaggerated claims. Therefore, the thumbnail is categorized as ""Not Misleading.""

### Final Decision:
**Categorization:** Not Misleading  
**Explanation:** The thumbnail accurately represents the content of the video, which is a promotional piece about Paola Nuñez's return to host ""Abandonados."" It does not contain any misleading elements or exaggerated claims."
4wBFoWumJEI,"### Categorization: Not Misleading

**Explanation:**
The provided video description and thumbnail depict a red carpet interview segment for the American Song Contest on NBC. The thumbnail shows a man with distinctive braided hair, wearing a gray jacket with a printed t-shirt, interacting with a female interviewer. The backdrop features NBC and American Song Contest logos, creating a high-profile event atmosphere. The video content aligns closely with the thumbnail, as it captures the essence of a red carpet interview, showcasing the interaction between a celebrity guest and an entertainment reporter at a music event. 

There are no exaggerated elements or misleading aspects in the thumbnail compared to the actual video content. The thumbnail accurately represents the setting and context of the interview, providing a clear and honest preview of what viewers can expect. Therefore, the thumbnail is not misleading."
cxkUhSMSWXs,"### Analysis and Categorization

#### Step-by-Step Analysis:

1. **Examine the Thumbnail**:
   - The thumbnail shows a man and a young girl in a casual setting, possibly a home or office environment.
   - The man appears to be engaging in a conversation with the girl, who is smiling and looking at him.
   - The overall tone of the thumbnail suggests a friendly and positive interaction.

2. **Read Through the Video Subtitles and Content Description**:
   - The subtitles indicate a discussion about whether it is okay to lie to children.
   - The content description mentions a talk show segment discussing the topic of lying to children, with hosts engaging in a debate about the matter.
   - The video includes a poll result showing that 73% of respondents believe it is okay to lie to children, while 27% disagree.

3. **Compare the Thumbnail to the Actual Video Content**:
   - The thumbnail depicts a casual, friendly interaction between an adult and a child.
   - The actual video content involves a serious discussion about a controversial topic, specifically the ethics of lying to children.
   - The setting and tone of the thumbnail do not match the serious and potentially controversial nature of the topic discussed in the video.

4. **Determine if the Thumbnail Accurately Represents the Video's Main Topic or Content**:
   - The thumbnail does not accurately represent the serious and complex discussion about lying to children.
   - It fails to convey the gravity and controversy surrounding the topic.

5. **Assess Whether the Thumbnail Uses Exaggeration, False Promises, or Clickbait Tactics**:
   - The thumbnail does not use exaggerated expressions or false promises.
   - However, it does not accurately reflect the content of the video, which is misleading in terms of the context and seriousness of the discussion.

6. **Categorization**:
   - **Misleading**

7. **Explanation**:
   - The thumbnail is categorized as misleading because it does not accurately represent the serious and potentially controversial nature of the topic discussed in the video. The casual and friendly interaction depicted in the thumbnail does not align with the serious and complex discussion about lying to children that is the main focus of the video. This mismatch between the thumbnail and the actual content creates a misleading impression for viewers.

### Final Decision:
**Misleading**

**Explanation**: The thumbnail inaccurately represents the serious and potentially controversial nature of the topic discussed in the video, failing to convey the gravity and complexity of the discussion about lying to children."
9ncvEazcJ8U,"### Analysis and Categorization

**Thumbnail:** The thumbnail features a close-up of a smiling individual with the text ""EXCELSIOR MUERE A LOS 26 AÑOS JAMES HOLLICROFT.""

**Subtitles:** The subtitles read: ""This Saturday the death was confirmed of Mexican actor James Holcroft, 26 years old known for his participation in the series As the saying goes said his sister Jade Holc was the one who He was initially reported missing on last September 3rd in the area of tisapan San Angel Mexico City lo which generated concern among its family and friends the news of his death was confirmed by the art education center sea Eugenio Cobo where James was part as an actor through his networks social the sea shared an emotional farewell message expressing his gratitude for the moments shared with the young actor although the The circumstances of his death have not been revealed friends and colleagues have begun to share messages in his memory James He also participated in the play tell me yes And he was a member of the club American football Manzanillo Cyclones His sister said goodbye to him with an emotional message Thanking for the moments lived""

**Video Description:** The video compilation features a man with dark hair and facial hair in various settings, transitioning through different moods and environments. The scenes include a close-up of the man holding a phone and drink, outdoor contemplative moments, indoor speaking scenes, and celebratory moments with confetti.

**Comparison and Assessment:**

- **Thumbnail vs. Video Content:** The thumbnail prominently displays the name ""James Hollcroft"" and indicates his death at age 26. However, the video content does not feature any explicit mention of his death or any celebratory scenes that might suggest a positive outcome. Instead, the video compilation showcases a mix of serious and celebratory moments, but no specific reference to his death is made within the video itself.
  
- **Exaggeration or False Promises:** The thumbnail uses the word ""MUERE"" (dies) which is a strong statement about the subject's fate. While the video content confirms his death, the thumbnail's emphasis on his death at a young age may mislead viewers into expecting a more somber or tragic narrative than what the video actually depicts.

- **Clickbait Tactics:** The thumbnail employs a dramatic headline to attract attention, which could be considered clickbait if the viewer expects a more detailed or emotional account of his life or death. However, the video content does not delve deeply into the circumstances of his death or provide a detailed account of his life.

**Conclusion:**

**Categorization:** Misleading

**Explanation:** The thumbnail uses the word ""MUERE"" (dies) to create a sense of urgency and drama, which may mislead viewers into expecting a more somber or tragic narrative than what the video actually depicts. Although the video content confirms his death, the thumbnail's emphasis on his death at a young age may give viewers incorrect expectations about the content they are about to watch."
Z19RVYmDNrE,"### Analysis and Categorization:

**Thumbnail:** The thumbnail features two women in a kitchen setting, one holding a bowl of pasta, with the text ""PASTA ALLA TEQUILA with Kendall & Kylie.""

**Subtitles:** The subtitles indicate that the video involves Kendall and Kylie making a pasta dish called ""Pasta Alla Tequila,"" which includes tequila as an ingredient.

**Video Description:** The video shows two women preparing a pasta dish in a modern kitchen. The process includes cooking pasta, preparing a sauce with tequila, and combining the two. The women are seen enjoying the cooking process and discussing the dish.

### Comparison and Assessment:

1. **Thumbnail vs. Video Content:**
   - The thumbnail clearly states ""PASTA ALLA TEQUILA with Kendall & Kylie.""
   - The video content confirms that the dish prepared is indeed ""Pasta Alla Tequila,"" and both Kendall and Kylie are involved in the cooking process.

2. **Exaggeration or False Promises:**
   - The thumbnail accurately represents the main topic of the video, which is a cooking tutorial for ""Pasta Alla Tequila.""
   - There are no exaggerated claims or false promises in the thumbnail that mislead viewers about the content.

3. **Clickbait Tactics:**
   - The thumbnail does not use clickbait tactics; it simply provides accurate information about the video's content.

### Conclusion:

The thumbnail accurately represents the video's main topic and content without any misleading elements. Therefore, the thumbnail is categorized as **Not Misleading**.

**Explanation:** The thumbnail correctly identifies the main topic of the video, which is a cooking tutorial for ""Pasta Alla Tequila."" It does not contain any exaggerated claims or misleading information, ensuring that viewers understand what to expect from the video."
fKECBVo-63U,"**Categorization:** Misleading

**Explanation:** The thumbnail shows a close-up image of a young man with dark hair and facial hair, smiling broadly, alongside text in Spanish announcing the death of someone named James Hollcroft at 26 years old. The subtitles confirm the death of James Holcroft, a young actor from Mexico, and provide details about his disappearance and the confirmation of his death by Televisa. However, the video content described in the video description does not match the thumbnail. The video appears to be a collection of scenes featuring a young man, likely an actor or public figure, showcasing different aspects of his life and career, rather than a tribute or news report about his death. The thumbnail misleads viewers into expecting a news report about the actor's passing when the video content is entirely unrelated to the death announcement shown in the thumbnail."
31L-QkC_lfM,"### Analysis and Categorization

**Thumbnail:** The thumbnail shows a wide-angle view of the Mexican Senate chamber with the text ""ASÍ SERÁ LA DISCUSIÓN"" (This is how the discussion will be).

**Subtitles:** The subtitles indicate that the video will cover the discussion on judicial reform in the Senate.

**Video Description:** The video covers the proceedings of a Senate session discussing judicial reform. It includes shots of senators engaging in debate, displaying documents, and the presence of the Senate leadership. The video provides a comprehensive look at the deliberations and decision-making process surrounding the judicial reform.

**Comparison:**
- The thumbnail shows a wide-angle view of the Senate chamber, which aligns with the video content as it depicts the setting where the discussion takes place.
- The subtitles confirm that the video will cover the discussion on judicial reform, which matches the content shown in the video.
- The video description provides a detailed breakdown of the session, including the presence of senators, the display of documents, and the formal nature of the proceedings.

**Assessment:**
- The thumbnail accurately represents the setting and context of the video content.
- There are no exaggerated claims or misleading elements in the thumbnail.
- The thumbnail does not use clickbait or false promises.

**Conclusion:**
The thumbnail is **Not Misleading** because it accurately represents the setting and context of the video content, which is a comprehensive look at the judicial reform discussion in the Mexican Senate.

**Explanation:**
The thumbnail effectively communicates the location and purpose of the video content without any misleading elements. It accurately reflects the formal setting of the Senate and the topic of discussion, ensuring that viewers understand what to expect from the video."
yBAihc9a3tg,"### Analysis and Categorization

#### Step-by-Step Analysis:

1. **Examine the Thumbnail**:
   - The thumbnail features a player from the Kansas City Chiefs (wearing jersey number 15), preparing to throw a pass.
   - The text ""NFL Kickoff"" and ""Resumen Semana 1"" (Summary Week 1) are prominently displayed.
   - Logos for the Baltimore Ravens and the Kansas City Chiefs are included.

2. **Read the Video Subtitles and Content Description**:
   - The subtitles provide a detailed breakdown of the game between the Baltimore Ravens and the Kansas City Chiefs.
   - The content describes various plays, scores, and key moments of the game.
   - The video shows a comprehensive summary of the first week of the NFL season.

3. **Compare the Thumbnail to the Actual Video Content**:
   - The thumbnail clearly depicts a scene from the game, specifically a Chiefs player preparing to throw a pass.
   - The subtitles confirm that the video is indeed a summary of the first week of the NFL season, featuring the Ravens-Chiefs matchup.
   - The content description matches the thumbnail, as it shows a full game between these two teams.

4. **Assess for Misleading Elements**:
   - The thumbnail accurately represents the content of the video, which is a summary of the first week of the NFL season.
   - There are no exaggerated claims or false promises in the thumbnail.
   - The thumbnail does not use clickbait tactics or suggest anything beyond what is shown in the video.

5. **Final Decision**:
   - The thumbnail accurately represents the video content without any misleading elements.

### Conclusion:

**Categorization: Not Misleading**

**Explanation:**
The thumbnail accurately represents the content of the video, which is a summary of the first week of the NFL season featuring the Baltimore Ravens and the Kansas City Chiefs. It does not use any exaggerated claims or false promises, and there are no clickbait tactics involved. Therefore, the thumbnail is not misleading."
zaPcin5knJk,"**Categorization:** Misleading

**Explanation:** The thumbnail depicts a Santa Claus figure dressed in a traditional red suit and hat, which is a classic and recognizable image associated with Christmas. However, the video content reveals a completely different and disturbing narrative. The Santa Claus figure in the video is not a cheerful character but rather a grotesque, blood-covered figure that is part of a violent and horror-filled storyline. The juxtaposition of the thumbnail with the actual video content creates a misleading impression, as the thumbnail does not accurately represent the main topic or content of the video. The thumbnail suggests a lighthearted or festive theme, while the video content is explicitly a horror film with gory and disturbing elements. Therefore, the thumbnail is misleading."
3ktU5YAxvkE,"### Analysis and Categorization

#### Step-by-Step Analysis:

1. **Examine the Thumbnail**:
   - The thumbnail features two soccer players, Lionel Messi and Cristiano Ronaldo, with the text ""The Ultimate Messi vs. Ronaldo Debate"" prominently displayed.
   - The ESPN FC logo is also included, suggesting a sports-related context.

2. **Read Through the Video Subtitles and Content Description**:
   - The subtitles indicate a debate or discussion comparing Messi and Ronaldo.
   - The video content involves various individuals reacting to questions about choosing between the two players, with a recurring theme of difficulty in making a decision between them.
   - The video includes a mix of interview setups, sports settings, and casual environments, but the core theme revolves around the debate between Messi and Ronaldo.

3. **Compare the Thumbnail to the Actual Video Content**:
   - The thumbnail accurately represents the main topic of the video, which is a debate or discussion comparing Messi and Ronaldo.
   - The video content supports the theme depicted in the thumbnail, as it consistently revolves around the debate between the two players.

4. **Determine Accuracy Representation**:
   - The thumbnail accurately reflects the main topic of the video, which is a debate or discussion comparing Messi and Ronaldo.
   - There are no exaggerated elements or false promises in the thumbnail that mislead viewers about the content.

5. **Assess for Exaggeration, False Promises, or Clickbait Tactics**:
   - The thumbnail does not use any exaggerated language or false promises.
   - It clearly states the topic as a debate between Messi and Ronaldo, which aligns with the video content.

6. **Categorization**:
   - The thumbnail is not misleading because it accurately represents the main topic of the video.

### Final Decision:
**Categorization: Not Misleading**

**Explanation**:
The thumbnail accurately depicts the main topic of the video, which is a debate or discussion comparing Messi and Ronaldo. It does not use any exaggerated language or false promises, and the content of the video supports the theme depicted in the thumbnail. Therefore, the thumbnail is not misleading."
Cd9qrDtXq0E,"### Analysis and Categorization:

**Thumbnail:** The thumbnail features Jim Carrey being interviewed on CBS Mornings, with the text overlay stating ""Oscars Overshadowed"" and ""Jim Carrey on the lasting impact of Will Smith's actions.""

**Subtitles:** The subtitles indicate that Jim Carrey discusses the lasting impact of Will Smith's actions at the Oscars, specifically mentioning the slap incident and its aftermath.

**Video Description:** The video compilation includes interviews with Jim Carrey discussing the Oscars controversy, particularly focusing on Will Smith's actions and their consequences. The video also includes clips from the Oscars red carpet, interviews from the Elton John AIDS Foundation event, and a brief clip from ""Sonic the Hedgehog 2.""

**Comparison and Assessment:**

1. **Thumbnail vs. Video Content:** The thumbnail accurately represents the main topic discussed in the video, which is Jim Carrey's interview about the Oscars controversy and Will Smith's actions. The text overlay correctly reflects the content of the interview.

2. **Exaggeration or False Promises:** The thumbnail does not use any exaggerated claims or false promises. It clearly states the topic of the interview, which aligns with the actual content of the video.

3. **Clickbait Tactics:** There are no clickbait elements in the thumbnail. It provides a straightforward representation of the content, which is a discussion about the Oscars controversy.

**Conclusion:**

The thumbnail is **Not Misleading** because it accurately represents the main topic of the video, which is Jim Carrey discussing the Oscars controversy and Will Smith's actions. There are no exaggerated claims or clickbait elements present in the thumbnail.

**Final Categorization:** Not Misleading"
ncfUdhm9JDk,"### Analysis and Categorization

#### Step 1: Examine the Thumbnail
The thumbnail shows a young woman with her hair styled in a bun, adorned with a pink bow. She is wearing a white top and large hoop earrings. The background suggests an indoor setting, possibly a hotel room or apartment, with white walls and recessed lighting. The image conveys a casual and relaxed atmosphere.

#### Step 2: Read Through the Video Subtitles and Content Description
The subtitles indicate that the video is a live Instagram stream where the woman is interacting with her audience. The conversation includes references to a comment about a bow, a request for a vote, and mentions of other individuals like Roxy and Kalia. The woman is seen smiling, gesturing, and engaging with the viewers, which aligns with the casual and interactive nature of the stream.

#### Step 3: Compare the Thumbnail to the Actual Video Content
The thumbnail accurately represents the main subject of the video—a young woman with a casual hairstyle and attire, engaging with her audience in a relaxed environment. The content of the video, as described, matches the setting and mood depicted in the thumbnail.

#### Step 4: Determine if the Thumbnail Accurately Represents the Video's Main Topic or Content
The thumbnail effectively captures the essence of the video, which is a casual live stream interaction between the woman and her audience. It does not mislead viewers into expecting a different type of content (e.g., a formal interview, a product review, etc.).

#### Step 5: Assess Whether the Thumbnail Uses Exaggeration, False Promises, or Clickbait Tactics
There are no elements in the thumbnail that suggest exaggeration, false promises, or clickbait tactics. The image is straightforward and accurately reflects the content of the video.

#### Step 6: Categorize the Thumbnail
Based on the analysis, the thumbnail is not misleading.

#### Explanation:
The thumbnail accurately represents the main topic and content of the video, which is a casual live stream interaction between a young woman and her audience. It does not use any exaggerated elements or false promises, and it clearly depicts the setting and mood of the video. Therefore, the thumbnail is categorized as ""Not Misleading."""
ixUmZiUP3Ko,"### Analysis and Categorization:

**Thumbnail:** The thumbnail shows a man in a blue shirt sitting in what appears to be a TV studio or press conference setting. The logo ""La Jornada de Oriente"" is visible, suggesting this is from a news program. The man is seen laughing heartily while looking at his phone, and there are TikTok overlays present.

**Video Subtitles:** The subtitles discuss a political situation involving the return of a Mexican individual named Vicente Fox to Mexico after being denied entry into Venezuela due to the upcoming elections. The narrator expresses frustration and humor regarding the incident, mentioning that Fox is not welcome in Mexico and that the situation is ridiculous.

**Video Description:** The video appears to be a satirical or critical commentary on political figures, specifically Nicolás Maduro and Vicente Fox. It contrasts their behaviors and statements in a humorous manner, using rapid transitions and exaggerated facial expressions to emphasize the differences between them.

**Comparison and Assessment:**

- **Thumbnail vs. Video Content:** The thumbnail depicts a man in a TV studio laughing while looking at his phone, which aligns closely with the video content where the man is also seen laughing and interacting with his phone. However, the TikTok overlays suggest that the footage has been repurposed for social media, which might imply a different context or tone compared to the original news broadcast.
  
- **Exaggeration and Clickbait:** The TikTok overlays and the overall tone of the video suggest a satirical approach rather than a straightforward news report. The rapid transitions and exaggerated expressions are typical of satirical content designed to entertain rather than inform.

- **Misleading Elements:** While the thumbnail accurately represents the main subject matter (a man in a TV studio), the presence of TikTok overlays and the satirical nature of the video could lead viewers to expect a different type of content. This might mislead viewers into thinking the video is a standard news report instead of a satirical piece.

**Conclusion:**

**Categorization:** Misleading

**Explanation:** The thumbnail accurately represents the main subject matter of the video, but the presence of TikTok overlays and the satirical nature of the content might mislead viewers into expecting a standard news report. This could lead to confusion about the intended tone and purpose of the video, making it misleading."
RrjGfIMoaWo,"### Analysis and Categorization

**Thumbnail:** The thumbnail features a bearded man in a pink jacket with a fantastical background of lush green fields, majestic mountains, and a bright sky. The text ""TRÁILER HD"" suggests it is a high-definition trailer for a movie or video game.

**Video Content Description:**
The video showcases a fantastical world with diverse landscapes, characters, and magical elements. It includes scenes of a group of characters exploring a vibrant, imaginative world, with hints of adventure, danger, and creation. The visuals are highly stylized, blending photorealistic and cartoonish elements, and the overall tone is one of wonder and discovery.

**Comparison:**
- **Thumbnail:** Depicts a bearded man in a pink jacket with a fantastical background.
- **Video Content:** Features a group of diverse characters exploring a vibrant, imaginative world with magical elements.

**Assessment:**
- The thumbnail accurately represents the fantastical and adventurous nature of the video content. It captures the essence of the world depicted in the video, which is filled with vibrant landscapes and magical elements.
- There are no exaggerated claims or misleading elements in the thumbnail. It effectively conveys the theme of the video without overpromising or underdelivering.

**Conclusion:**
The thumbnail is **Not Misleading** because it accurately represents the fantastical and adventurous theme of the video content without using any exaggerated or misleading elements.

**Explanation:**
The thumbnail correctly portrays the main theme of the video, which is a fantastical and imaginative world. It does not promise anything beyond what is shown in the video, ensuring that viewers have a clear expectation of what to expect from the content."
4d-EYIZAqXc,"### Analysis and Categorization

**Thumbnail:** The thumbnail shows a man holding two young boys in a pool, with water splashing around them. The image conveys a sense of fun and playfulness, suggesting a lighthearted and family-oriented scene.

**Video Description:** The video depicts a series of scenes that transition from a peaceful, idyllic setting to a catastrophic natural disaster. The initial scenes show a serene environment with a woman enjoying nature, which contrasts sharply with the subsequent scenes of a devastating tsunami engulfing a structure and a person struggling in the water.

**Comparison:** The thumbnail depicts a tranquil and joyful moment, which is vastly different from the intense and frightening scenes of a natural disaster depicted in the video. The contrast between the two is stark, and the thumbnail does not accurately represent the main content of the video.

**Assessment:** The thumbnail uses a completely different scenario to attract viewers, which is misleading. It suggests a family-friendly, fun-filled environment when the actual content is a dramatic depiction of a natural disaster.

**Categorization:** Misleading

**Explanation:** The thumbnail is misleading because it presents a scene of joy and normalcy, which is entirely unrelated to the content of the video. The video is a trailer for a dramatic movie involving a natural disaster, and the thumbnail fails to convey any element of the impending catastrophe or the emotional turmoil it causes. Therefore, the thumbnail is misleading as it does not accurately represent the main topic or content of the video."
QCFluH5CZbo,"### Categorization: Not Misleading

**Explanation:**

The thumbnail depicts a formal meeting with officials from Ukraine and the United States, which aligns closely with the video content. The presence of flags (Ukrainian and American) and the setting of a conference table with officials seated around it strongly suggests a diplomatic or strategic meeting, consistent with the video's depiction of a high-level diplomatic discussion. The subtitles mention Volodymyr Zelensky, the President of Ukraine, and discuss the request for more weapons to stop the Russian advance, which is also reflected in the video content. The overall tone and setting of the thumbnail accurately represent the main topic of the video, which is a diplomatic meeting focusing on defense and military aid. Therefore, the thumbnail does not use exaggeration, false promises, or clickbait tactics, making it not misleading."
fTrMH2Pdq2M,"### Analysis and Categorization

**Thumbnail:** The thumbnail shows a large cut of meat labeled ""Martillo de Thor a la Parrilla,"" which translates to ""Thor's Hammer on the Grill."" The image prominently displays the meat being grilled, with a golden foil-wrapped object resembling Thor's hammer placed on top of the meat.

**Subtitles:** The subtitles describe the video as a cooking demonstration involving a large cut of beef, specifically mentioning that it is a cut of meat called ""Chamorro de res"" (Osso buco or Chamberet), which is known for its rich, fatty flavor. The subtitles also mention that the meat is being prepared with a Mexican and American marinade, and the cooking process involves grilling and slow cooking.

**Video Description:** The video content describes the preparation and cooking of a large cut of beef, likely for barbecue or slow cooking. The process includes handling the raw beef, sealing it in a plastic bag for marinating, adding various spices and liquids to create marinades, and cooking the meat on a grill. The meat is shown being handled, checked for doneness, and eventually served as part of a dish.

### Reasoning

1. **Comparison Between Thumbnail and Video Content:**
   - The thumbnail prominently features Thor's hammer, which is not mentioned in the subtitles or described in the video content. The video is clearly about cooking a large cut of beef, not about Thor's hammer.
   - The subtitle text and video content focus on the preparation and cooking of the beef, emphasizing the traditional and flavorful nature of the cut, rather than any connection to Thor's hammer.

2. **Exaggeration or False Promises:**
   - The thumbnail uses imagery that is not relevant to the actual content of the video. It suggests a connection to Thor's hammer, which is not present in the video.
   - The thumbnail might mislead viewers into expecting a video about a mythical weapon rather than a cooking demonstration.

3. **Clickbait Tactics:**
   - The thumbnail does not use clickbait tactics but rather presents a misleading image that does not align with the actual content of the video.

### Conclusion

The thumbnail is categorized as **Misleading** because it features an image that is not related to the actual content of the video. The video is about cooking a large cut of beef, and the thumbnail incorrectly suggests a connection to Thor's hammer, which is not mentioned or depicted in the video. Therefore, the thumbnail is misleading as it does not accurately represent the video's main topic or content."
nvZ_O9LoCXQ,"### Categorization: Not Misleading

**Explanation:**
The provided video description depicts a nighttime scene outside a restaurant or club, likely capturing the arrival or departure of someone notable. The sequence of events includes a crowd of people, security personnel, and a luxury vehicle, which aligns with the typical scenario of a high-profile individual leaving a venue. The presence of a ""Valet Parking"" sign further supports the idea that this is a location associated with celebrities or VIPs. The atmosphere described—controlled chaos with a mix of professional handlers and excited onlookers—matches the context of a celebrity event. 

Given that the video does not have subtitles and the description accurately reflects the visual elements and atmosphere depicted in the thumbnail, the thumbnail effectively represents the content of the video. Therefore, it is not misleading."
x3RY2S33ylA,"### Analysis and Categorization

#### Step-by-Step Analysis:

1. **Examine the Thumbnail**:
   - The thumbnail features players in red and white striped jerseys celebrating a goal.
   - The text ""RESUMEN"" (Summary) indicates that this is likely a highlight reel or summary video.
   - The logo of Club Deportivo Guadalajara (Chivas) is prominently displayed, along with the text ""LIGAMX AP24,"" which refers to the Liga MX Apertura 2024 season.

2. **Read the Video Subtitles and Content Description**:
   - The subtitles mention a match between Chivas and Juarez, with Chivas winning 4-0.
   - The content description confirms that the video is a summary of a Liga MX match between Chivas and Juarez, with Chivas winning 4-0.

3. **Compare the Thumbnail to the Actual Video Content**:
   - The thumbnail accurately depicts the celebratory moment of a goal scored by Chivas during the match.
   - The text ""RESUMEN"" and the Liga MX logo confirm that this is indeed a summary video of the match.

4. **Determine Accuracy Representation**:
   - The thumbnail correctly represents the main topic of the video, which is a summary of a Liga MX match between Chivas and Juarez.
   - There are no exaggerated claims or misleading elements in the thumbnail.

5. **Assess for Exaggeration, False Promises, or Clickbait Tactics**:
   - The thumbnail does not use any exaggerated language or false promises.
   - It clearly states that this is a summary of a specific match result.

6. **Final Categorization**:
   - The thumbnail accurately represents the content of the video, which is a summary of a Liga MX match between Chivas and Juarez, with Chivas winning 4-0.

### Conclusion:

**Categorization: Not Misleading**

**Explanation:**
The thumbnail accurately represents the content of the video, which is a summary of a Liga MX match between Chivas and Juarez, with Chivas winning 4-0. There are no misleading elements or exaggerated claims in the thumbnail. Therefore, the thumbnail is not misleading."
Ooe-QU-77BI,"### Analysis and Categorization

#### Step-by-Step Analysis:

1. **Examine the Thumbnail**:
   - The thumbnail shows two women sitting at a table, each holding a large sandwich. The setting appears casual and relaxed, with plates of food and drinks in front of them.

2. **Read the Video Subtitles and Content Description**:
   - The subtitles indicate that the video involves a ""po boy sandwich shop"" theme, with the hosts discussing and eating po boy sandwiches.
   - The content description confirms this, mentioning scenes of the women eating large sandwiches, chatting, and enjoying each other's company in a bright, stylish interior setting.

3. **Compare the Thumbnail to the Actual Video Content**:
   - The thumbnail accurately depicts the main activity shown in the video: the women eating large sandwiches.
   - The setting and the overall tone of the thumbnail align closely with the content described in the video.

4. **Determine Accuracy Representation**:
   - The thumbnail correctly represents the main topic of the video, which is the consumption of po boy sandwiches.
   - There are no exaggerated elements or misleading aspects in the thumbnail.

5. **Assess for Exaggeration, False Promises, or Clickbait Tactics**:
   - The thumbnail does not use any exaggerated elements or false promises.
   - There is no clickbait-like behavior; the thumbnail clearly indicates the content of the video.

6. **Categorization**:
   - Given that the thumbnail accurately represents the main topic and content of the video, it is not misleading.

### Final Decision:
**Categorization: Not Misleading**

**Explanation**: The thumbnail accurately depicts the main activity (eating po boy sandwiches) and setting (a casual, friendly environment) shown in the video. There are no misleading elements or exaggerated promises in the thumbnail."
G-4tJ63X5vo,"### Analysis and Categorization

**Thumbnail:** The thumbnail shows a man and a woman in formal wedding attire, with the text ""YouTube Originals"" and ""Justin Bieber: Seasons.""

**Video Description:** The video appears to document a high-profile wedding celebration. Key scenes include:
1. An aerial view of a wedding venue.
2. Preparations for the event, including the groom getting ready and the bride being prepared.
3. The wedding ceremony where the couple exchanges vows and rings.
4. The reception, featuring the couple's first dance and the groom singing on stage.
5. Scenes of dancing and celebration throughout the event.

**Subtitles:** The subtitles include casual conversation among friends discussing the wedding, with references to a ring and a performance.

**Comparison:** The thumbnail depicts a wedding scene, which aligns closely with the content described in the video description. The video indeed captures a wedding celebration, including the ceremony and reception, which are central themes in the thumbnail.

**Assessment:** The thumbnail accurately represents the main topic of the video, which is a wedding celebration. It does not use any clickbait tactics or mislead viewers about the content. The thumbnail effectively communicates the nature of the video without exaggeration or false promises.

**Categorization:** **Not Misleading**

**Explanation:** The thumbnail correctly portrays a wedding scene, which matches the content of the video. It does not contain any misleading elements or clickbait tactics. The thumbnail accurately reflects the theme of the video, which is a wedding celebration, and thus it is not misleading."
3SsK-cxlj_w,"### Analysis and Categorization

#### Step-by-Step Analysis:

1. **Examine the Thumbnail**:
   - The thumbnail prominently displays the words ""NATURAL WONDERS"" overlaid on an image of a bay with numerous islands and boats.
   - The image itself depicts a natural landscape, which aligns with the theme suggested by the title.

2. **Read Through the Video Subtitles and Content Description**:
   - The subtitles mention specific natural wonders such as Angel Falls, Giant's Causeway, Na Pali Coast, Mount Everest, Pulpit Rock, Wadi Rum, Lake Baikal, and Victoria Falls.
   - The video content description also highlights various natural landscapes and wonders, including salt flats, canyons, ancient stone formations, coastlines, deserts, lakes, and waterfalls.

3. **Compare the Thumbnail to the Actual Video Content**:
   - The thumbnail effectively represents the theme of ""Natural Wonders,"" as it shows a natural landscape with islands and boats, which is consistent with the content described in the video.
   - The video content indeed showcases a variety of natural wonders, which matches the theme set by the thumbnail.

4. **Determine if the Thumbnail Accurately Represents the Video's Main Topic or Content**:
   - The thumbnail accurately represents the main topic of the video, which is exploring various natural wonders around the world.

5. **Assess Whether the Thumbnail Uses Exaggeration, False Promises, or Clickbait Tactics**:
   - The thumbnail does not use any exaggerated elements or false promises. It clearly conveys the theme of natural wonders without misleading the viewer.

6. **Categorize the Thumbnail**:
   - Given that the thumbnail accurately represents the main topic and content of the video, it is not misleading.

### Final Decision:

**Categorization: Not Misleading**

**Explanation:**
The thumbnail accurately represents the theme of the video, which is exploring various natural wonders around the world. It does not use any exaggerated elements or false promises, and it effectively communicates the main topic of the video. Therefore, it is not misleading."
C6FNlGPkhLw,"### Analysis and Categorization

**Thumbnail:** The thumbnail shows a person wrapped in colorful streamers against a plain wall, with a playful and humorous tone suggested by the visual.

**Video Content:** The video compilation features a series of amusing or unexpected moments captured on camera, including reactions to surprising events, playful interactions, and everyday activities.

**Comparison:** The thumbnail depicts a person wrapped in streamers, which could be interpreted as a playful or celebratory scene. However, the video content primarily consists of various reactions to surprising or amusing situations, with no clear indication of streamers or a similar playful setup.

**Assessment:** The thumbnail does not accurately represent the main content of the video. While the playful tone of the thumbnail might suggest humor, the video itself focuses more on reactions and interactions rather than a specific playful scenario involving streamers.

**Categorization:** Misleading

**Explanation:** The thumbnail suggests a playful or celebratory scene involving streamers, which is not reflected in the actual video content. The video primarily captures reactions and interactions in various settings, without any clear connection to the playful setup depicted in the thumbnail. Therefore, the thumbnail is misleading."
M8ZpecCPo54,"### Analysis and Categorization:

**Thumbnail:**
The thumbnail features a colorful abstract design with the title ""Noticias El Heraldo de México"" prominently displayed. The design includes stylized figures and shapes, and the background is a pale yellow with a white rounded rectangle framing the central image. The website URL is displayed at the bottom.

**Video Subtitles:**
The subtitles provide details about the achievements of Mexican athletes in a sporting event, specifically mentioning the medal counts and performances of various athletes. The text highlights the success of Mexican athletes, particularly in weightlifting and swimming, and mentions the upcoming grand final of the football tournament for blind men.

**Video Content Description:**
The video appears to be a promotional piece for a podcast or news segment about Mexican athletes' performances in a sporting event. It includes a static image with an animated waveform representing audio, and the content focuses on the achievements of Mexican athletes, including medal counts and individual performances.

**Comparison and Assessment:**
- **Thumbnail vs. Video Content:** The thumbnail does not visually depict any specific athlete or achievement mentioned in the subtitles. Instead, it features a generic abstract design that does not convey the specific content of the video.
- **Exaggeration or False Promises:** The thumbnail does not exaggerate or promise specific content that is not represented in the video. However, it does not accurately reflect the content either.
- **Clickbait Tactics:** The thumbnail does not use clickbait tactics by promising specific content that is not delivered.

**Conclusion:**
The thumbnail is not misleading because it does not promise specific content that is not delivered in the video. However, it does not accurately represent the content either, as it does not visually depict the achievements mentioned in the subtitles. Therefore, it can be considered somewhat misleading in the sense that it does not fully communicate the specific content of the video.

**Final Categorization:**
**Misleading**

**Explanation:**
The thumbnail is categorized as misleading because it does not accurately represent the specific content of the video. While it does not promise false information, it fails to visually depict the achievements mentioned in the subtitles, which could lead viewers to expect a different type of content than what is actually presented in the video."
-dC6mVzQk-M,"### Categorization: Not Misleading

### Explanation:
The provided thumbnail depicts a shirtless drummer with extensive tattoos, seated behind a drum kit in a recording studio or practice space with purple-tinted lighting. The video description confirms that the video showcases a passionate drum performance in a studio or practice environment, emphasizing the physical and emotional intensity of the drummer. The thumbnail accurately represents the main topic of the video, which is a high-energy drum performance. There are no exaggerated elements or misleading aspects in the thumbnail compared to the video content. Therefore, the thumbnail is not misleading."
UOhskKdvhrI,"### Analysis and Categorization:

**Thumbnail:** The thumbnail shows a woman in a dark purple robe standing in front of a modern kitchen with dark cabinets and a few decorative items like vases and plants.

**Video Subtitles:** The subtitles indicate that the video is a tour of a luxurious home, specifically mentioning the living room, dining area, kitchen, and other rooms. The woman, identified as Kris Jenner, is enthusiastically describing the home and its features.

**Video Description:** The video is a tour of a modern, luxurious home, featuring various rooms including the living room, dining area, kitchen, and a bar area. The woman, presumably Kris Jenner, is guiding the viewer through these spaces, highlighting their features and design elements.

**Comparison:** The thumbnail shows a woman in a dark purple robe in a modern kitchen, which aligns closely with the video content described. The video does indeed feature a tour of a modern home, and the woman is shown in various rooms, including the kitchen, which is mentioned in the subtitles.

**Assessment:** The thumbnail accurately represents the video content by showing a woman in a modern kitchen, which is consistent with the tour of a luxurious home described in the video. The thumbnail does not use exaggerated claims or misleading elements that would mislead viewers about the content.

**Categorization:** **Not Misleading**

**Explanation:** The thumbnail accurately reflects the content of the video, which is a tour of a modern luxury home. It does not contain any misleading elements or false promises. The woman in the thumbnail is shown in a setting that matches the video content, and the overall theme of the video is clearly depicted. Therefore, the thumbnail is not misleading."
I4vpY-wMU6A,"### Categorization: Not Misleading

### Explanation:
The thumbnail for the video depicts Will Smith sitting on a throne-like chair, which aligns closely with the video content. The video is a trailer for ""Black Panther III,"" and the thumbnail accurately represents the central theme of the film, which involves a significant role for Will Smith as the Black Panther character. The throne imagery suggests a regal and powerful presence, which is consistent with the narrative of a superhero protecting his nation. The trailer showcases the futuristic African city of Wakanda, advanced technology, and the cultural richness of the Black Panther universe, all of which are reflected in the thumbnail. Therefore, the thumbnail does not mislead viewers about the content of the video; it effectively summarizes the essence of the film's themes and characters."
pdXTJOJp7c0,"### Analysis and Categorization:

**Thumbnail:** The thumbnail features a muscular individual in a sports jersey, with the text ""2018 SHAPE OF YOU FT. ED SHEERAN"" prominently displayed. The image suggests a connection to the song ""Shape of You"" by Ed Sheeran, which is not directly related to the content described in the video description.

**Video Description:** The video compilation showcases the career highlights and various moments of a famous soccer player, focusing on his achievements and moments across different teams and competitions. The scenes include formal settings, match action, celebrations, and off-field moments, providing a comprehensive overview of the player's career.

**Comparison:** The thumbnail does not accurately represent the content of the video. While the player is indeed a famous soccer star, the mention of ""Shape of You"" and Ed Sheeran in the thumbnail is misleading as it suggests a connection to the song rather than the player's career highlights.

**Assessment:** The thumbnail uses false promises by implying a connection to the song ""Shape of You,"" which is not relevant to the video content. It does not provide any accurate representation of the player's career or the video's focus.

**Categorization:** Misleading

**Explanation:** The thumbnail is misleading because it falsely suggests that the video contains content related to the song ""Shape of You"" by Ed Sheeran, which is not mentioned in the video description. Instead, the video is a compilation of the player's career highlights and achievements, which are not connected to the song."
zhEWqfP6V_w,"### Analysis and Categorization

**Thumbnail:** The thumbnail shows a group of Argentine players celebrating with the FIFA World Cup trophy, with fireworks in the background. The text reads ""FIFA WORLD CUP Qatar2022 Highlights.""

**Subtitles:** The subtitles include phrases like ""Argentina champions of the world,"" ""glorious goal,"" and ""Argentina gold."" These suggest a celebratory tone and highlight Argentina's victory.

**Video Description:** The video captures the highlights of the 2022 FIFA World Cup Final between Argentina and France, showcasing the dramatic progression of the match, culminating in Argentina's victory.

**Comparison and Assessment:**
- The thumbnail prominently features Argentina celebrating with the trophy, which aligns well with the video content as it shows Argentina winning the World Cup.
- The subtitles reinforce the celebratory nature of the video, indicating Argentina's triumph.
- The video description confirms that Argentina won the match, which matches the celebratory theme depicted in the thumbnail.

**Conclusion:**
The thumbnail accurately represents the main topic of the video, which is Argentina winning the 2022 FIFA World Cup. It does not use any exaggeration, false promises, or clickbait tactics. Therefore, the thumbnail is **not misleading**.

**Final Categorization:** Not Misleading

**Explanation:** The thumbnail correctly portrays the celebratory moment of Argentina winning the World Cup, which is consistent with the video content. The celebratory tone and the depiction of the trophy align perfectly with the actual event captured in the video."
tCe4KrQhraw,"### Analysis and Categorization:

**Thumbnail:** The thumbnail shows Cristiano Ronaldo with a celebratory gesture, with the text ""GOAT! CRISTIANO RONALDO HITS 900 GOALS!"" prominently displayed.

**Subtitles:** The subtitles read: ""GOAT! CRISTIANO RONALDO HITS 900 GOALS!""

**Video Description:** The video is a tribute or highlight reel focusing on Cristiano Ronaldo's career, emphasizing his goal-scoring prowess and his impact on the sport. It includes scenes from press conferences, on-field footage, graphics, and commentary highlighting his achievements.

**Comparison and Assessment:**

1. **Thumbnail vs. Video Content:** The thumbnail accurately reflects the main topic of the video, which is Cristiano Ronaldo achieving 900 career goals. The text ""GOAT! CRISTIANO RONALDO HITS 900 GOALS!"" directly aligns with the content described in the video description.

2. **Exaggeration or Clickbait:** The thumbnail does not use exaggerated language or clickbait tactics. It clearly communicates the achievement without any misleading elements.

3. **Accuracy Representation:** The thumbnail effectively represents the video's main topic without any misleading elements. It accurately conveys the milestone achieved by Ronaldo.

### Conclusion:

**Categorization:** Not Misleading

**Explanation:** The thumbnail accurately represents the main topic of the video, which is Cristiano Ronaldo achieving 900 career goals. It does not use exaggerated language or clickbait tactics, and it correctly conveys the achievement without any misleading elements."
ZmKy_fnRM_E,"### Analysis and Categorization

#### Step 1: Examine the Thumbnail
The thumbnail shows a soccer player holding up a trophy amidst confetti, surrounded by cheering fans. The image conveys a celebratory atmosphere, likely associated with a victory or achievement in a major tournament.

#### Step 2: Read Through the Video Subtitles and Content Description
The subtitles and video description indicate that the video is a compilation of scenes highlighting an Argentine soccer player’s journey through the World Cup, likely focusing on Lionel Messi. The video includes various elements such as action shots, interviews, and emotional moments, all centered around the player’s participation in the World Cup.

#### Step 3: Compare the Thumbnail to the Actual Video Content
The thumbnail depicts a celebratory moment, which aligns closely with the content described in the video. The video itself showcases the player’s journey through the World Cup, including moments of triumph and emotional highs, which are consistent with the celebratory tone suggested by the thumbnail.

#### Step 4: Determine if the Thumbnail Accurately Represents the Video's Main Topic or Content
The thumbnail accurately represents the main topic of the video, which is the player’s journey through the World Cup, particularly focusing on Lionel Messi. It captures the essence of a victorious celebration, which is a key element in the video’s narrative.

#### Step 5: Assess Whether the Thumbnail Uses Exaggeration, False Promises, or Clickbait Tactics
The thumbnail does not use any exaggerated elements or false promises. It simply depicts a celebratory moment, which is a natural representation of the player’s achievements in the World Cup.

#### Step 6: Categorize the Thumbnail
Based on the analysis, the thumbnail is not misleading. It accurately represents the main topic and content of the video.

### Final Decision
**Categorization:** Not Misleading

**Explanation:** The thumbnail accurately depicts a celebratory moment, which is a natural representation of the player’s achievements in the World Cup. It does not use any exaggerated elements or false promises, thus not misleading viewers about the content of the video."
oULoamyhycA,"### Analysis and Categorization

**Thumbnail:** The thumbnail features a man speaking directly to the camera in a modern office setting. The text overlay reads ""A Master Class in Venture Capital.""

**Subtitles:** The subtitles indicate that the speaker is introducing himself as Chris Olsen, the founder of a venture capital firm named Drive Capital. He expresses gratitude to the organizers of the program and begins to explain the basics of venture capital.

**Video Description:** The video appears to be a professional presentation or interview discussing venture capital. The speaker, Chris Olsen, explains the concept of venture capital, highlighting that venture capitalists invest in high-risk startups that banks and traditional investors often avoid. The video includes visual aids such as graphs and historical images of computing equipment, which support the discussion of venture capital and its role in funding innovative businesses.

**Comparison and Assessment:**
- The thumbnail accurately represents the main topic of the video, which is a master class in venture capital.
- The subtitles confirm that the speaker is indeed discussing venture capital, aligning with the content described in the video.
- There are no exaggerated claims or misleading elements in the thumbnail or subtitles. The content matches the expectations set by the thumbnail.

**Conclusion:**
The thumbnail is **not misleading** because it accurately reflects the topic of the video, which is a master class in venture capital. The content of the video supports the claim made in the thumbnail, and there are no misleading elements present.

**Explanation:**
The thumbnail effectively communicates the subject matter of the video without any exaggeration or false promises. It clearly indicates that the video is about a master class in venture capital, which is exactly what the video content delivers. Therefore, the thumbnail is appropriate and accurate in representing the video's main topic."
OuRPA7KmJOs,"### Analysis and Categorization:

**Thumbnail:** The thumbnail shows a large crowd of protesters carrying Mexican flags, with text in Spanish overlaid that translates to ""They go out to march in defense of the judicial power.""

**Subtitles:** The subtitles provide details about the protest, including the date, time, and purpose. They mention that the protest is happening in Mexico City and is organized by workers of the PJF (Federal Judiciary).

**Video Description:** The video documentation of the protest matches the subtitles and the thumbnail. It shows a large crowd of protesters marching in Mexico City, carrying Mexican flags and signs related to judicial reform. The protest is described as organized by workers of the Federal Judiciary, and the crowd is diverse, with people of all ages participating.

### Reasoning:

1. **Accuracy of the Thumbnail:** The thumbnail accurately depicts a large crowd of protesters carrying Mexican flags, which aligns with the video content. The text ""They go out to march in defense of the judicial power"" correctly summarizes the purpose of the protest as stated in the subtitles.

2. **Alignment with Video Content:** The video content confirms that the protest is indeed happening in Mexico City, involving workers of the Federal Judiciary, and the crowd is marching in defense of the judicial system. The presence of Mexican flags and signs related to judicial reform further supports the accuracy of the thumbnail.

3. **No Exaggeration or Clickbait:** The thumbnail does not use any exaggerated elements or clickbait tactics. It simply presents the factual information about the protest as described in the subtitles and video content.

### Conclusion:

**Categorization:** Not Misleading

**Explanation:** The thumbnail accurately represents the video content by showing a large crowd with Mexican flags marching in support of the judicial power. The video documentation confirms the presence of a significant protest by workers of the Federal Judiciary in Mexico City, which aligns perfectly with the information presented in the thumbnail and subtitles. Therefore, the thumbnail is not misleading."
IvMJDmdCxfk,"### Categorization: Not Misleading

**Explanation:**
The thumbnail accurately represents the content of the video by showing a large crowd in a major French city, likely Paris, filled with protesters. The text ""PROTESTAS EN FRANCIA CONTRA MACRON"" clearly indicates that the video is about protests in France against President Emmanuel Macron. The image of a densely packed crowd aligns with the video's depiction of a significant political demonstration. The overall visual and textual elements in the thumbnail effectively convey the main topic of the video, which is the protests against Macron's decision to appoint Michel Barnier as Prime Minister. Therefore, the thumbnail is not misleading."
XVDOo9wjIOU,"### Analysis and Categorization

**Thumbnail:** The thumbnail features a collage of images showing a player in an England national team jersey, celebrating, training, and interacting with the team. The text ""PLAYER FOCUS HARRY KANE"" is prominently displayed.

**Video Description:** The video is a compilation of scenes featuring an English national football team player, likely Harry Kane, showcasing various aspects of his journey with the team, including matches, training sessions, and interactions with fans.

**Comparison:** The thumbnail effectively captures the essence of the video content. It highlights the player in various contexts relevant to the video's theme—matches, training, and interactions with fans. The text ""PLAYER FOCUS HARRY KANE"" clearly indicates the subject of the video.

**Assessment:** The thumbnail accurately represents the video's main topic and content without any exaggeration, false promises, or clickbait tactics. It provides a clear preview of the player-focused narrative presented in the video.

**Categorization:** Not Misleading

**Explanation:** The thumbnail accurately reflects the content of the video, which is a comprehensive look at the player's journey with the national team. It does not mislead viewers into expecting something different than what is actually shown in the video."
8KeOxeuiZjs,"### Analysis and Categorization

#### Step-by-Step Analysis:

1. **Examine the Thumbnail**:
   - The thumbnail shows a man in a tuxedo holding an Oscar statuette, surrounded by a group of people, presumably the winners of the Best Picture award.
   - The man appears to be giving a speech, and the overall tone suggests a celebratory and formal atmosphere typical of an awards ceremony.

2. **Read Through the Video Subtitles and Content Description**:
   - The subtitles confirm that the video is from the Academy Awards ceremony.
   - The content description mentions a mix of celebration and confusion, indicating a significant event occurred during the ceremony.
   - The video shows a group of people on stage holding Oscar statuettes, which aligns with the Best Picture award being announced.
   - The confusion and commotion described in the video content suggest a mix-up or error in announcing the winner.

3. **Compare the Thumbnail to the Actual Video Content**:
   - The thumbnail accurately depicts a moment from the ceremony where the Best Picture award is being announced.
   - However, the video content reveals that there was a mix-up in announcing the winner, which is not immediately apparent from the thumbnail alone.

4. **Determine if the Thumbnail Accurately Represents the Video's Main Topic or Content**:
   - While the thumbnail correctly shows a moment from the ceremony, it does not convey the unexpected mix-up that occurs later in the video.
   - The thumbnail does not prepare the viewer for the subsequent confusion and commotion on stage.

5. **Assess Whether the Thumbnail Uses Exaggeration, False Promises, or Clickbait Tactics**:
   - The thumbnail does not use exaggerated visuals or language to mislead viewers.
   - It simply shows a typical moment from the ceremony, which is accurate but incomplete in conveying the full narrative of the video.

6. **Categorization**:
   - The thumbnail is not misleading because it accurately represents a moment from the ceremony, but it fails to convey the unexpected mix-up that occurs later in the video.

### Final Decision:
**Misleading**

**Explanation**:
The thumbnail accurately depicts a moment from the ceremony where the Best Picture award is being announced, but it does not convey the subsequent confusion and commotion that occur due to a mix-up in announcing the winner. This omission misleads viewers by not fully representing the dramatic and unexpected turn of events in the video."
90D_hOnFrgU,"### Analysis and Categorization:

**Thumbnail:** The thumbnail features two individuals on stage, one appearing to be Will Smith and the other a younger individual, with the text ""LA VERDAD DOBLADO AL ESPAÑOL OSCARS 2022.""

**Subtitles:** The subtitles describe a humorous incident involving Will Smith and his wife, Lleida, during the Oscars 2022. It mentions that Will Smith made a joke about Lleida's alopecia, which led to a moment of awkwardness when Lleida's face changed unexpectedly.

**Video Description:** The video captures scenes from an awards ceremony, likely the Oscars, with various reactions from attendees. The focus seems to be on the reactions to a joke made by Will Smith, which resulted in a moment of surprise or embarrassment.

**Comparison and Assessment:**

- **Thumbnail vs. Video Content:** The thumbnail depicts a scene from the Oscars, which aligns with the video content. However, the thumbnail does not specifically highlight the incident involving Will Smith and his wife, which is the central theme of the subtitles and video content.
  
- **Exaggeration or False Promises:** The thumbnail does not exaggerate or promise anything beyond depicting a scene from the Oscars. It accurately represents the setting but does not mislead viewers about the specific incident involving Will Smith and his wife.

- **Clickbait Tactics:** The thumbnail does not use clickbait tactics; it simply shows a scene from the Oscars, which is relevant to the video content.

**Conclusion:**

**Categorization:** Not Misleading

**Explanation:** The thumbnail accurately represents the setting of the Oscars, which is the primary context of the video. While it does not explicitly depict the specific incident involving Will Smith and his wife, it does not mislead viewers about the content of the video. The thumbnail is straightforward and does not use exaggerated language or false promises. Therefore, it is not misleading."
eeumL7Fz-8M,"### Analysis and Categorization

#### Step 1: Examine the Thumbnail
The thumbnail shows a late-night talk show set with four individuals seated on a couch. The backdrop features a cityscape, and the text ""JIMMY KIMMEL LIVE!"" is prominently displayed along with the names ""DRE, SNOOP & 50."" The image suggests a talk show segment featuring Dr. Dre, Snoop Dogg, and 50 Cent.

#### Step 2: Read Through the Video Subtitles and Content Description
The subtitles indicate that the video features Dr. Dre, Snoop Dogg, and 50 Cent discussing their experiences and achievements in the music industry. The content description confirms that the video is indeed a segment from Jimmy Kimmel Live, featuring these three individuals sharing their stories and insights.

#### Step 3: Compare the Thumbnail to the Actual Video Content
The thumbnail accurately depicts the setting and participants of the video. It correctly identifies the show as Jimmy Kimmel Live and includes the names of the guests (Dr. Dre, Snoop Dogg, and 50 Cent). The image does not exaggerate or misrepresent the content of the video.

#### Step 4: Determine if the Thumbnail Accurately Represents the Video's Main Topic or Content
The thumbnail effectively communicates the essence of the video, which is a talk show segment featuring Dr. Dre, Snoop Dogg, and 50 Cent discussing their careers and experiences in the music industry. There are no misleading elements or false promises in the thumbnail.

#### Step 5: Assess Whether the Thumbnail Uses Exaggeration, False Promises, or Clickbait Tactics
The thumbnail does not use any exaggerated language or false promises. It simply provides accurate information about the show and the guests featured.

#### Step 6: Categorize the Thumbnail
Based on the analysis, the thumbnail is not misleading. It accurately represents the content of the video and does not use any deceptive tactics.

### Final Decision
**Categorization:** Not Misleading

**Explanation:** The thumbnail accurately represents the content of the video, showing a late-night talk show set with Dr. Dre, Snoop Dogg, and 50 Cent, which matches the actual video content described in the subtitles and video description. There are no misleading elements or false promises in the thumbnail."
1B1XwdZ7Kzo,"### Categorization: Misleading

### Explanation:
The thumbnail for the video depicts a scene from a Trump rally, showing a large crowd gathered in an indoor venue, with supporters holding signs and wearing red caps. The stage is decorated with American flags and banners. The candidate is seen speaking at a podium, gesturing animatedly to the crowd.

However, the video content described in the analysis includes a significant portion dedicated to the chaotic scenes of the January 6th events at the U.S. Capitol, which are not depicted in the thumbnail. The thumbnail does not accurately represent the majority of the video content, which transitions between political rallies and the Capitol riot.

The thumbnail suggests a typical political rally environment, which contrasts sharply with the chaotic and violent scenes shown later in the video. This misrepresents the overall content and tone of the video, making it misleading. Therefore, the thumbnail is categorized as misleading."
u8o7YBY_iaw,"### Analysis and Categorization:

#### Step 1: Examine the Thumbnail
The thumbnail shows two individuals seated on a couch in a studio setting, with a neutral background. The individuals appear to be engaged in a conversation, and the overall tone suggests a casual and relaxed talk show environment.

#### Step 2: Read Through the Video Subtitles and Content Description
The subtitles indicate that the video is about a talk show segment featuring a mother (Patty) discussing her son (Justin), who is a talented musician. The subtitles highlight that Justin is the most subscribed musician on YouTube in Canada and the second most subscribed globally. The conversation also mentions that Justin is about to move to the United States and is facing a significant step in his career.

#### Step 3: Compare the Thumbnail to the Actual Video Content
The thumbnail depicts a casual talk show setting with two individuals seated on a couch. The content of the video, however, focuses on a discussion about a young musician and his achievements, which is a significant departure from the casual, conversational tone suggested by the thumbnail.

#### Step 4: Determine if the Thumbnail Accurately Represents the Video's Main Topic or Content
The thumbnail does not accurately represent the main topic or content of the video. While the setting might suggest a casual talk show, the actual content revolves around a discussion about a young musician's achievements and upcoming career milestones.

#### Step 5: Assess Whether the Thumbnail Uses Exaggeration, False Promises, or Clickbait Tactics
The thumbnail does not use exaggerated language or false promises. However, it fails to convey the specific focus of the video, which is the achievement and future prospects of a young musician.

#### Step 6: Categorize the Thumbnail
**Categorization: Misleading**

#### Explanation:
The thumbnail is categorized as misleading because it does not accurately reflect the main topic or content of the video. While the setting may suggest a casual talk show, the video content is focused on a discussion about a young musician's achievements and upcoming career milestones. The thumbnail fails to convey this specific focus, leading viewers to expect a different type of content."
HC4A7zCoX6U,"### Analysis and Categorization

#### Step-by-Step Analysis:

1. **Examine the Thumbnail**:
   - The thumbnail shows two individuals seated on a stage with a backdrop displaying the ""iConnections"" logo. The individuals appear to be dressed professionally, suggesting a formal event or panel discussion.

2. **Read Through the Video Subtitles and Content Description**:
   - The subtitles indicate a panel discussion or interview at an iConnections event titled ""Global Alts 2023.""
   - The content description mentions a panel discussion involving three speakers, including an older man, a woman, and a younger man, discussing topics related to business, social media, and e-commerce trends.
   - The video includes segments where the speakers discuss their backgrounds, experiences, and future plans, particularly focusing on entrepreneurship and investment strategies.

3. **Compare the Thumbnail to the Actual Video Content**:
   - The thumbnail accurately depicts the setting of a professional panel discussion at an iConnections event.
   - The video content confirms that the event involves discussions about business, social media, and e-commerce, which aligns with the theme suggested by the thumbnail.

4. **Determine Accuracy Representation**:
   - The thumbnail does not exaggerate or misrepresent the nature of the event or the topics discussed.
   - The video content matches the expectations set by the thumbnail, providing a clear and accurate representation of the event.

5. **Assess for Exaggeration, False Promises, or Clickbait Tactics**:
   - There are no elements in the thumbnail that suggest exaggeration or false promises.
   - The thumbnail does not use clickbait tactics or misleading imagery.

6. **Final Categorization**:
   - The thumbnail accurately represents the video content without any misleading elements.

### Conclusion:

The thumbnail is **Not Misleading**.

**Explanation**: The thumbnail accurately reflects the setting and context of the event described in the video. It shows a professional panel discussion at an iConnections event, which aligns perfectly with the content of the video. There are no exaggerated claims or misleading elements present in the thumbnail."
avMZGNytm9Y,"**Categorization:** Not Misleading

**Explanation:** The thumbnail for the video clearly depicts a scene from the Disney live-action adaptation of Snow White, featuring a character in a vibrant yellow dress interacting with a bird in a lush forest setting. The subtitle ""TRÁILER OFICIAL"" confirms that this is indeed the official trailer for the movie. The thumbnail accurately represents the main topic of the video, which is a preview of the Disney live-action Snow White film. There are no exaggerated elements or misleading promises in the thumbnail; it faithfully reflects the content of the video. Therefore, the thumbnail is not misleading."
iRcyp7tWK3w,"### Categorization: Misleading

**Explanation:**
The thumbnail shows two individuals with blonde hair, one facing away from the camera and the other facing forward. The text overlay reads ""TRAS CATEO ENCUENTRAN TEXTOS DE MATANZAS,"" which translates to ""After a raid, they find texts about murders."" This suggests a serious and potentially violent context, implying that the video content involves criminal activities or investigations related to murders.

However, the video description indicates that the video documents a legal proceeding and its aftermath, specifically focusing on a school shooting incident. The scenes include a courtroom setting, law enforcement escorting the individual, and a memorial site, which are typical elements of a news report covering a tragic event rather than a criminal investigation. The presence of a memorial site and the focus on the aftermath of a school shooting suggest that the video is more about the impact and response to the tragedy rather than the investigation of criminal activities.

Therefore, the thumbnail misleads viewers by suggesting a more serious and criminal context than what the video actually documents. It exaggerates the severity and nature of the events depicted in the video, making it misleading."
2p7Ah8uQqmU,"### Analysis and Categorization

#### Video Description:
The video is a compilation of soccer match highlights featuring various teams and competitions. It showcases different moments from matches across different leagues and competitions, including the Champions League, La Liga, Premier League, and international matches.

#### Video Subtitles:
The subtitles highlight specific moments from matches, particularly focusing on Cristiano Ronaldo's performances. They mention goals scored by Ronaldo, his influence in matches, and his impact on the outcomes of games. For example, the subtitles describe Ronaldo scoring a goal that secured a victory for his team, turning the tie around, and making a significant contribution to the team's success.

#### Comparison:
The thumbnail shows a celebratory moment from a Champions League match, likely featuring Cristiano Ronaldo and another player from Real Madrid. The image captures a joyful celebration, which aligns closely with the video content that includes moments from the Champions League and La Liga matches.

#### Assessment:
The thumbnail accurately represents the video content by depicting a celebratory moment from a Champions League match, which is a significant part of the video's content. The video indeed features matches from the Champions League, and the subtitles emphasize Ronaldo's contributions to these matches. Therefore, the thumbnail effectively communicates the main theme of the video.

### Conclusion:
**Categorization:** Not Misleading

**Explanation:** The thumbnail accurately represents the video content by showing a celebratory moment from a Champions League match, which is a significant part of the video's focus. The video includes matches from the Champions League and La Liga, and the subtitles highlight Ronaldo's contributions to these matches. Thus, the thumbnail does not mislead viewers about the content of the video."
65Dew37xj9w,"### Analysis and Categorization

#### Step 1: Examine the Thumbnail
The thumbnail features a woman speaking into a microphone, with the text overlay reading, ""MY PSORIASIS WOULDN'T GO AWAY."" The image suggests a personal narrative about dealing with a chronic health condition.

#### Step 2: Read Through the Video Subtitles and Content Description
The subtitles indicate that the video is a podcast or interview discussing Kim Kardashian's experience with psoriasis, featuring her and her rheumatologist Dr. Dan Wallace. The content revolves around sharing personal stories and insights about psoriasis, a skin condition affecting many Americans.

#### Step 3: Compare the Thumbnail to the Actual Video Content
The thumbnail accurately represents the main topic of the video, which is Kim Kardashian discussing her personal experience with psoriasis. The text ""MY PSORIASIS WOULDN'T GO AWAY"" aligns well with the content described in the subtitles and video description.

#### Step 4: Determine if the Thumbnail Accurately Represents the Video's Main Topic or Content
The thumbnail effectively communicates the main topic of the video, which is Kim Kardashian sharing her personal experience with psoriasis. It does not exaggerate or misrepresent the content.

#### Step 5: Assess Whether the Thumbnail Uses Exaggeration, False Promises, or Clickbait Tactics
The thumbnail does not use any exaggerated language or false promises. It simply states a fact about Kim Kardashian's experience with psoriasis, which is clearly depicted in the video content.

#### Step 6: Categorize the Thumbnail
Based on the analysis, the thumbnail is not misleading.

#### Explanation
The thumbnail accurately represents the main topic of the video, which is Kim Kardashian discussing her personal experience with psoriasis. It does not use any exaggerated language or false promises. Therefore, the categorization is:

**Categorization: Not Misleading**

**Explanation:** The thumbnail effectively communicates the main topic of the video, which is Kim Kardashian sharing her personal experience with psoriasis. It does not exaggerate or misrepresent the content."
U55QFiK8EQs,"### Analysis and Categorization:

**Thumbnail:** The thumbnail shows two athletes, one in a wheelchair and one standing, both holding medals. The text reads ""Mexicanos Arrasan en París,"" which translates to ""Mexicans Shine in Paris.""

**Subtitles:** The subtitles indicate that Mexican athletes have achieved bronze medals in the Paralympic Games in Paris.

**Video Description:** The video showcases the achievements of two Paralympic athletes, Ángel Camacho and Osiris Machado, highlighting their performances in the 150m combined event and the women's discus throw event respectively. Both athletes are seen celebrating on the podium with their medals, and the video emphasizes their success and the pride they bring to their country.

**Comparison:** The thumbnail accurately represents the video content by showing athletes holding medals, which aligns with the video's focus on the achievements of Mexican Paralympic athletes in Paris. The text ""Mexicanos Arrasan en París"" correctly conveys the theme of the video, which is about Mexican athletes excelling in the Paralympic Games.

**Assessment:** The thumbnail does not use exaggeration, false promises, or clickbait tactics. It accurately reflects the main topic and content of the video, which is about the success of Mexican Paralympic athletes in Paris.

**Categorization:** Not Misleading

**Explanation:** The thumbnail accurately represents the video content by showing athletes holding medals and the text ""Mexicanos Arrasan en París"" correctly conveys the theme of the video. There are no elements in the thumbnail that mislead viewers about the content or exaggerate the achievements. Therefore, the thumbnail is not misleading."
NS0mpa7K1ZM,"### Analysis and Categorization

#### Step 1: Examine the Thumbnail
The thumbnail shows a woman in a black and gold patterned dress walking confidently on a stage-like setting. The background features lush greenery, wooden elements, and decorative vases, giving a sophisticated and elegant ambiance.

#### Step 2: Read Through the Video Subtitles and Content Description
The subtitles and video description indicate that the video is from a talk show segment on ""The Ellen Show."" The conversation revolves around a serious topic involving OJ Simpson, discussing the OJ Simpson trial and the impact it had on the guest's life and relationships. The guest shares personal stories and reflections on the tragic events surrounding the case.

#### Step 3: Compare the Thumbnail to the Actual Video Content
The thumbnail depicts a woman in a stylish dress walking confidently, which aligns with the idea of a talk show segment. However, the content of the video focuses on a deeply personal and somber discussion about a traumatic event in American history. The setting described in the video description is a talk show set, but the conversation is far from the glamorous and light-hearted tone suggested by the thumbnail.

#### Step 4: Determine if the Thumbnail Accurately Represents the Video's Main Topic or Content
The thumbnail does not accurately represent the serious and emotionally charged nature of the conversation in the video. The image of a woman in a stylish dress walking on a stage does not convey the gravity and personal nature of the discussion about the OJ Simpson trial and its impact on the guest's life.

#### Step 5: Assess Whether the Thumbnail Uses Exaggeration, False Promises, or Clickbait Tactics
The thumbnail does not use exaggerated visuals or false promises. Instead, it sets a tone of elegance and sophistication that contrasts sharply with the serious and emotional content of the video.

#### Step 6: Categorize the Thumbnail as Either ""Misleading"" or ""Not Misleading""
Based on the analysis, the thumbnail is **misleading**.

#### Explanation:
The thumbnail suggests a light-hearted and glamorous talk show segment, which is misleading because the actual video content is a serious and emotionally charged discussion about a tragic event in American history. The contrast between the thumbnail and the video content creates a misleading impression, as viewers might expect a different type of program based on the thumbnail alone."
F-kvFACZ5yE,"### Categorization: Not Misleading

### Explanation:
The provided thumbnail depicts two individuals seated on a stage with a backdrop that reads ""LEADERSHIP SUMMIT"" and ""DENZEL WASHINGTON,"" indicating a formal event centered around leadership and possibly featuring Denzel Washington as a keynote speaker or facilitator. The video content, however, focuses on an interview or conversation between two individuals discussing a recent incident involving a slap at the Oscars. The thumbnail accurately represents the setting of a leadership summit, which aligns with the formal and professional tone suggested by the backdrop and the stage setup. 

The video content, while discussing a specific incident, does not contradict the setting depicted in the thumbnail. The thumbnail effectively communicates the context of a leadership summit without misleading viewers about the specific topic of the conversation. Therefore, the thumbnail is not misleading."
P0AG6qpOTPs,"### Categorization: Not Misleading

### Explanation:
The thumbnail depicts a group of four individuals being interviewed at what appears to be a high-profile fashion event, likely the Met Gala. The individuals are dressed in glamorous attire, and the setting includes a tent-like structure with greenery, which is consistent with the typical decor of such events. The presence of microphones labeled ""Vogue"" further supports the context of a fashion-related interview.

The video content corroborates this depiction, showing a lively interaction among the interviewees and reporters, with a focus on discussing fashion looks and the event itself. The subtitles confirm that the video involves interviews with celebrities, specifically mentioning Kim Kardashian and Lana Del Rey, and discussing their outfits and experiences at the event.

The thumbnail accurately represents the video's content, which centers around the fashion and social dynamics of a high-profile event. There are no exaggerated claims or misleading elements present in the thumbnail that would mislead viewers about the video's content. Therefore, the thumbnail is categorized as ""Not Misleading."""
7Cxwmnyv9Sc,"### Categorization: Not Misleading

**Explanation:**

The thumbnail accurately represents the video content by showing the main speaker (likely the President of Mexico) at a podium during an official press conference. The image includes the Mexican flag, the government seal, and a green backdrop featuring the year 2021, which aligns with the description of the video. The presence of a sign language interpreter in the inset box also matches the video's depiction of accessibility for deaf or hard-of-hearing viewers. The overall setting and context of the video, including the discussion of corruption and government matters, are clearly represented in the thumbnail without any exaggeration or misleading elements. Therefore, the thumbnail is not misleading."
16KaoVmVTPE,"**Categorization:** Misleading

**Explanation:** The thumbnail depicts a man in a suit with his hands raised, which is a common visual trope used in news broadcasts or documentaries to signify a person being arrested or under arrest. However, the video content does not depict a scene where the individual is being arrested. Instead, the video focuses on a high-profile court case involving the defendant trying on gloves as part of the evidence presentation. The thumbnail creates a misleading impression by suggesting a more dramatic and conclusive moment (arrest) rather than the detailed examination of evidence and testimony that is actually shown in the video. Therefore, the thumbnail is misleading as it does not accurately represent the content of the video."
fAfy1SHLjI0,"### Categorization: Not Misleading

### Explanation:
The provided video description and subtitles indicate that the video captures an interview or speech given by a woman in a public setting, likely involving an emotional discussion about a personal or social issue. The woman appears to be explaining something important, as evidenced by her changing facial expressions and gestures throughout the video. The presence of a crowd with umbrellas suggests it might be raining, adding context to the setting.

The subtitles reveal that the woman is addressing the audience directly, expressing gratitude for support, and discussing a situation involving a child. She mentions that the child is a minor and that she wants to clarify certain points without taking sides or holding a grudge. The overall tone of the video seems to be one of reflection and explanation rather than sensationalism or misleading content.

The thumbnail shows the woman under a polka-dotted umbrella, which aligns with the description of the rainy setting. There are no exaggerated claims or misleading elements present in the thumbnail compared to the video content. Therefore, the thumbnail accurately represents the video's main topic and content, making it ""Not Misleading."""
YT33knOgg8U,"### Analysis and Categorization

**Thumbnail:** The thumbnail shows a shirtless person performing pull-ups on a piece of gym equipment with red spherical attachments. The individual appears to be exerting effort in their pull-up attempt.

**Video Content:** The video compilation showcases various mishaps and unusual workout attempts in a gym setting. It includes scenes of a person struggling with pull-ups, a dumbbell on the floor, a person in purple clothing attempting to use a weight machine incorrectly, and other chaotic moments.

**Comparison:** The thumbnail depicts a single, focused moment of a person performing pull-ups, which is a common and expected activity in a gym. However, the video content is a compilation of mishaps and unusual workout attempts, which deviates significantly from the thumbnail's depiction.

**Assessment:** The thumbnail does not accurately represent the video's main topic or content. It suggests a typical gym workout scenario, while the video features a series of mishaps and unusual attempts that are not typical of a standard gym environment.

**Conclusion:** The thumbnail is **misleading** because it fails to convey the chaotic and humorous nature of the video content, which focuses on mishaps rather than a standard workout session.

**Explanation:** The thumbnail is misleading because it presents a calm and controlled environment (pull-ups) that contrasts sharply with the chaotic and humorous mishaps depicted in the video. The quick cuts and abrupt transitions in the video content further emphasize the unexpected and unusual nature of the scenes, making the thumbnail's depiction inaccurate and unrepresentative of the overall content."
Ylj_Omeqg0I,"### Analysis and Categorization:

**Thumbnail:** The thumbnail shows a man in a black tuxedo on a stage, which aligns with the formal setting of an awards ceremony. However, the image does not provide any specific context or highlight the host's performance or the audience's reactions.

**Subtitles:** The subtitles indicate that the video is a live broadcast of the 95th Oscars, featuring the host delivering a comedic monologue or making jokes. The host's performance is described as dynamic, with various hand gestures and changing facial expressions.

**Video Description:** The video captures the essence of a high-profile awards ceremony, with a charismatic host entertaining a star-studded audience. The host's performance is lively and engaging, with the audience reacting positively. The video includes reactions from the audience, such as laughter and applause, which complement the host's performance.

### Conclusion:

The thumbnail accurately represents the formal setting of an awards ceremony and the presence of a host. However, it does not convey the dynamic nature of the host's performance or the audience's reactions. While the thumbnail provides a general idea of the event, it does not fully capture the essence of the host's comedic performance and the audience's engagement.

**Categorization:** **Not Misleading**

**Explanation:** The thumbnail accurately depicts the setting of an awards ceremony and the presence of a host, which is consistent with the video content. Although it does not fully convey the host's performance or the audience's reactions, it does not mislead viewers about the type of content they can expect. The thumbnail serves as a reasonable representation of the event, albeit limited in scope."
t-v_TQO6FVg,"### Analysis and Categorization:

#### Step 1: Examine the Thumbnail
The thumbnail features a split-screen image. On the left, there is a gameplay scene from League of Legends, specifically a match involving Pyke and Viper champions. On the right, there is a headshot of a player, presumably the streamer or commentator.

#### Step 2: Read Through the Video Subtitles and Content Description
The subtitles indicate that the video is a compilation of top plays from a professional League of Legends tournament or series. The content description confirms this, detailing various intense battle scenes, teamfights, and skillful plays typical of professional esports.

#### Step 3: Compare the Thumbnail to the Actual Video Content
The thumbnail accurately depicts a League of Legends match, which aligns with the content described in the video description. It shows a specific champion (Pyke) and a player's reaction, which is consistent with the theme of the video.

#### Step 4: Determine if the Thumbnail Accurately Represents the Video's Main Topic or Content
The thumbnail effectively represents the main topic of the video, which is a compilation of top plays from a professional League of Legends tournament. It does not mislead viewers about the content.

#### Step 5: Assess Whether the Thumbnail Uses Exaggeration, False Promises, or Clickbait Tactics
There are no exaggerated elements or false promises in the thumbnail. It clearly indicates that the video contains highlights from a professional esports tournament.

#### Step 6: Categorize the Thumbnail
Based on the analysis above, the thumbnail is not misleading.

#### Explanation:
The thumbnail accurately reflects the content of the video, which is a compilation of top plays from a professional League of Legends tournament. It does not use any misleading elements or clickbait tactics. Therefore, the thumbnail is categorized as **Not Misleading**.

---

### Final Decision:
**Not Misleading**

**Explanation:** The thumbnail accurately represents the content of the video, which is a compilation of top plays from a professional League of Legends tournament. It does not use any misleading elements or clickbait tactics."
21029bAd4_w,"### Categorization: Not Misleading

### Explanation:
The thumbnail depicts two individuals wearing Beats headphones, which aligns closely with the video content described. The video is a promotional piece for Beats headphones, featuring a collaboration with a celebrity (likely Kim Kardashian). The thumbnail accurately represents the main topic of the video, which is promoting the collaboration between Beats and a celebrity. The video content includes scenes of people discussing and reacting to the collaboration, which is consistent with the theme suggested by the thumbnail. Therefore, the thumbnail does not use exaggeration, false promises, or clickbait tactics, and it accurately represents the video's main topic."
D1XQ0nSqIBs,"### Categorization: Not Misleading

### Explanation:
The thumbnail depicts a romantic moment under a floral arch in a moonlit setting, which aligns closely with the video content. The video indeed features a romantic moment between the two main characters, suggesting a budding relationship or a special moment. The setting described in the thumbnail matches the intimate and emotional atmosphere portrayed in the video, particularly the scene where the couple is shown under a floral arch. The rest of the video, while exploring themes of fame, relationships, and the challenges of a high-profile lifestyle, does not contradict the romantic theme suggested by the thumbnail. Therefore, the thumbnail accurately represents the main topic of the video, making it not misleading."
9D2kQ054PVE,"### Categorization: Not Misleading

### Explanation:
The thumbnail depicts a performer on stage with a microphone, wearing a light-colored outfit, and the stage is illuminated with blue lighting. The video description confirms that the content is indeed footage from a large-scale concert or performance featuring a popular musician. The scenes described include various elements such as the main performer singing, dancing, and interacting with the audience, as well as the use of lighting effects and stage design consistent with a concert setting. The thumbnail accurately represents the main topic of the video, which is a concert performance. Therefore, the thumbnail does not mislead viewers about the content of the video."
VZqok0qjlBk,"### Categorization: Misleading

**Explanation:**
The thumbnail depicts a courtroom scene with a man in a suit and white gloves, which could be interpreted as a dramatic or intense moment. However, the video content focuses on a detailed demonstration involving the man's hands and gloves, which appears to be part of a legal proceeding where the man is explaining or demonstrating something to the court. The thumbnail does not accurately represent the main topic or content of the video, as it suggests a more general courtroom drama rather than a specific demonstration involving gloves. The thumbnail uses a dramatic image that may mislead viewers into expecting a more sensational or emotionally charged scene, which is not the primary focus of the video. Therefore, the thumbnail is misleading."
ngddfxog-yw,"### Categorization: Not Misleading

### Explanation:
The provided thumbnail depicts a professional ski jumper at the top of a massive ski jump ramp, which accurately reflects the main topic of the video. The video content indeed documents a professional ski jumper's preparation and execution of a challenging jump, as described in the video description. The thumbnail effectively conveys the essence of the video without any exaggeration, false promises, or clickbait tactics. The dramatic setting and the athlete's focused demeanor in the thumbnail align perfectly with the video's depiction of the ski jumping event, emphasizing the scale and intensity of the sport. Therefore, the thumbnail does not mislead viewers about the content of the video."
Stb3hfQDfzg,"### Categorization: Misleading

**Explanation:**

The provided video description and subtitles suggest a highly critical and negative tone towards a political figure, likely the President of Mexico, given the context of a press conference. The video appears to be a critique of the administration, focusing on issues such as corruption, plunder, and moral degradation. However, the thumbnail shows a formal press conference setting with a sign language interpreter, which does not visually convey the critical and negative content described in the subtitles.

The thumbnail depicts a standard press conference scenario, which is not misleading in terms of the setting but fails to reflect the intense criticism and negative narrative present in the subtitles. The thumbnail does not visually represent the core message or the critical tone of the video content, making it misleading.

Therefore, the thumbnail is categorized as **Misleading** because it does not accurately represent the critical and negative content described in the subtitles and video description."
n-Gre9Py0Jw,"### Analysis and Categorization

#### Step 1: Examine the Thumbnail
The thumbnail shows a man in a white polo shirt sitting in a green chair, with a woman in a striped shirt sitting beside him. The background features framed pictures and a screen displaying the word ""STAR."" The overall tone of the thumbnail suggests a casual, conversational setting, likely a talk show or interview.

#### Step 2: Read Through the Video Subtitles and Content Description
The subtitles and video content describe a talk show segment discussing a medical situation involving a liver transplant. The main focus is on a man named Dani Bisogno, who has undergone a liver transplant. The conversation revolves around the medical report, the donor, and the emotional journey of the family involved.

#### Step 3: Compare the Thumbnail to the Actual Video Content
The thumbnail depicts a casual talk show setting, which aligns with the content described in the video. The presence of framed pictures and the ""STAR"" screen in the background supports the idea of a talk show environment. However, the thumbnail does not specifically highlight the medical context or the emotional depth of the discussion.

#### Step 4: Determine if the Thumbnail Accurately Represents the Video's Main Topic or Content
While the thumbnail accurately represents the general setting of a talk show, it does not convey the specific medical context or the emotional gravity of the discussion. The thumbnail does not visually communicate the seriousness of the topic or the personal nature of the conversation.

#### Step 5: Assess Whether the Thumbnail Uses Exaggeration, False Promises, or Clickbait Tactics
The thumbnail does not use exaggerated imagery or text to mislead viewers. Instead, it provides a neutral representation of the setting without any misleading elements.

#### Step 6: Categorize the Thumbnail
Based on the analysis, the thumbnail is **Not Misleading**.

#### Explanation:
The thumbnail accurately reflects the setting of a talk show, which matches the general theme of the video. However, it fails to convey the specific medical context or the emotional depth of the discussion. While this omission does not mislead viewers into expecting a completely different type of content, it does not fully represent the main topic of the video. Therefore, the thumbnail is not misleading but could be improved to better reflect the specific content being discussed."
ezbYAglQoxI,"### Analysis and Categorization:

**Thumbnail:** The thumbnail for the video shows a character with golden hair and a determined expression, with a background that includes a glowing orb and dynamic lighting effects. The character appears to be in a state of intense concentration or anger, which is visually striking and aligns with the high-energy style of the Dragon Ball series.

**Subtitles:** The subtitles include phrases like ""Porta and Dot Shi Pupilit Paro,"" ""Porta de Torcy,"" ""Pirithparo,"" and ""Anything that uses or fears the Dragon Balls."" These phrases suggest a mix of dialogue and sound effects, but they do not provide clear context about the plot or the nature of the video.

**Video Description:** The video appears to be a promotional trailer for a new Dragon Ball anime series called ""Dragon Ball Daima."" The scenes depicted include dramatic settings, action sequences, and character interactions that are characteristic of the Dragon Ball franchise. The video showcases a mix of intense action, mystery, and the iconic elements of the series, such as the use of Dragon Balls.

**Comparison:** The thumbnail effectively captures the essence of the Dragon Ball series, which is known for its high-energy battles and dramatic moments. The character's intense expression and the glowing orb in the background are reminiscent of the series' visual style, which often features characters in moments of high tension or power-ups. The subtitles, while fragmented, do not contradict the visual cues provided by the thumbnail.

**Assessment:** The thumbnail accurately represents the high-energy and dramatic tone of the Dragon Ball series, which is evident in the video content. The visual elements in the thumbnail match the action-packed and intense scenes shown in the video. There is no exaggeration, false promise, or clickbait tactic used in the thumbnail.

**Categorization:** **Not Misleading**

**Explanation:** The thumbnail effectively communicates the high-energy and dramatic nature of the Dragon Ball series, which is consistent with the content shown in the video. The visual elements in the thumbnail align with the action-packed and intense scenes depicted in the video, ensuring that viewers understand the type of content they can expect. Therefore, the thumbnail does not mislead viewers about the nature of the video."
pHmezoHODew,"### Analysis and Categorization

#### Step-by-Step Analysis:

1. **Examine the Thumbnail**:
   - The thumbnail shows two individuals wearing white and green uniforms with the Mexican flag emblem, sitting in front of the Mexican flag.
   - The individuals are wearing white caps with a red ""M"" logo, which is associated with Mexican sports teams.
   - The text overlay reads: ""Edgar Fuentes: 'El nivel fue muy exigente en París 2024'"".

2. **Read the Video Subtitles**:
   - The subtitles indicate that the video features a press conference with two Mexican Paralympic athletes discussing their experiences and achievements in the Paralympic Games in Paris 2024.
   - The athletes express their thoughts on the competition, the medal they won, and the challenges faced during the event.

3. **Compare the Thumbnail to the Actual Video Content**:
   - The thumbnail accurately depicts the setting of a press conference with two individuals representing Mexico.
   - The text overlay correctly identifies one of the athletes as Edgar Fuentes, a Paralympic medalist.
   - The content of the video matches the theme suggested by the thumbnail, focusing on the athletes' reflections on their performance and experiences in the Paralympic Games.

4. **Assess for Exaggeration, False Promises, or Clickbait Tactics**:
   - The thumbnail does not use any exaggerated claims or misleading statements.
   - It accurately represents the main topic of the video, which is a press conference with Paralympic athletes discussing their experiences in the Paralympic Games.
   - There are no elements in the thumbnail that suggest false promises or clickbait tactics.

5. **Final Decision**:
   - The thumbnail accurately represents the content of the video without any misleading elements.

### Conclusion:

**Categorization: Not Misleading**

**Explanation:**
The thumbnail accurately represents the content of the video, which is a press conference with two Mexican Paralympic athletes discussing their experiences and achievements in the Paralympic Games in Paris 2024. There are no exaggerated claims or misleading elements in the thumbnail, making it a fair representation of the video's main topic."
GgWkY2LThIo,"### Categorization: Misleading

**Explanation:**
The thumbnail depicts a Mexican flag and a person speaking at a podium, which suggests a formal government or political event. However, the subtitles and video content indicate that the video is discussing a news segment or talk show about President López Obrador addressing concerns regarding the judicial reform and opposition to it. The thumbnail does not accurately represent the content of the video, as it does not visually depict the discussion about the judicial reform or the opposition's concerns. Instead, it gives the impression of a general government announcement or speech, which is misleading. Therefore, the thumbnail is misleading."
2vIdnvYHRdc,"### Analysis and Categorization:

**Step 1:** Examine the thumbnail.
- The thumbnail shows a group of people wearing Venezuelan flags, which suggests a political protest or demonstration.

**Step 2:** Read through the video subtitles and content description.
- The subtitles mention Edmundo González, a Venezuelan opposition leader, requesting asylum due to threats from the regime.
- The content description confirms that the video is about a political figure, Edmundo González, who is involved in opposition activities in Venezuela and has sought asylum abroad.

**Step 3:** Compare the thumbnail to the actual video content.
- The thumbnail depicts a group of people with Venezuelan flags, which aligns with the political context described in the subtitles and content description.

**Step 4:** Determine if the thumbnail accurately represents the video's main topic or content.
- The thumbnail accurately represents the political context of the video, showing a group of people supporting a political figure, which matches the theme of the video.

**Step 5:** Assess whether the thumbnail uses exaggeration, false promises, or clickbait tactics.
- The thumbnail does not use any exaggerated claims or false promises. It simply depicts a scene that is consistent with the political content described in the subtitles and video description.

**Step 6:** Categorize the thumbnail as either ""Misleading"" or ""Not Misleading"".
- Based on the analysis, the thumbnail is not misleading. It accurately reflects the political context and content of the video.

**Explanation:**
The thumbnail accurately represents the political context of the video, showing a group of people supporting a political figure. It does not use any exaggerated claims or false promises. Therefore, the thumbnail is not misleading.

**Final Categorization:** Not Misleading"
xKWEBc-df_M,"### Analysis and Categorization

**Thumbnail:** The thumbnail prominently displays the Netflix logo and the text ""AVANCE OFICIAL,"" which translates to ""Official Teaser."" The image itself shows a man with a mustache in a dimly lit, possibly rustic setting, suggesting a dramatic or intense atmosphere.

**Subtitles:** The subtitles include a quote from the video content: ""I came to Comala because they told me that my father lived here. A certain Pedro Paramo. I will cross my arms and Comala will die of hunger.""

**Video Description:** The video appears to be a trailer for a Netflix production based on Juan Rulfo's novel ""Pedro Páramo."" The scenes depicted include a mysterious red-lit opening, a vast arid landscape, a tense village scene, and various characters with intense emotions. The overall tone is dramatic and hints at themes of identity, isolation, and rural Mexican life.

### Comparison and Assessment

The thumbnail effectively captures the essence of the trailer by showing a man in a dimly lit setting, which aligns well with the dramatic and intense atmosphere suggested by the subtitles and the video description. The use of the Netflix logo and the phrase ""AVANCE OFICIAL"" clearly indicates that this is a promotional teaser for a Netflix production, which is accurate and does not mislead viewers.

### Conclusion

**Categorization:** Not Misleading

**Explanation:** The thumbnail accurately represents the content of the trailer by depicting a man in a dimly lit setting, which matches the dramatic and intense atmosphere described in the video content and subtitles. The presence of the Netflix logo and the phrase ""AVANCE OFICIAL"" further clarifies that this is a promotional teaser for a Netflix production, ensuring that viewers understand the source and context of the content. Therefore, the thumbnail does not use exaggeration, false promises, or clickbait tactics, making it ""Not Misleading."""
myjEoDypUD8,"**Categorization:** Not Misleading

**Explanation:** The thumbnail shows a man in a black tuxedo on stage, which aligns with the video content describing an awards ceremony, likely the Oscars. The host is seen delivering a performance, which matches the description of the video where the host is gesticulating and speaking animatedly, engaging with the audience. The audience reactions depicted in the thumbnail are also consistent with the video content, showing laughter and enjoyment. The professional staging and formal attire further support the context of an awards ceremony. Therefore, the thumbnail accurately represents the video's main topic and content without any exaggeration or misleading elements."
U8Ucf9B5izE,"### Analysis and Categorization

#### Step-by-Step Analysis:

1. **Examine the Thumbnail**:
   - The thumbnail shows a quiet street scene with parked cars and a white Jeep, which does not immediately suggest any violent or traumatic event.

2. **Read the Video Subtitles**:
   - The subtitles indicate a tragic event involving multiple deaths and injuries at a quinceañera party in Ciudad Juárez, Mexico.
   - The text mentions ""5 MUERTOS Y 4 HERIDOS EN UNA FIESTA DE XV AÑOS"" (5 dead and 4 injured at a quinceañera party).

3. **Compare the Thumbnail to the Video Content**:
   - The thumbnail depicts a calm street scene, which contrasts sharply with the violent and traumatic content described in the subtitles and video description.
   - The thumbnail does not visually represent the violent aftermath or the crime scene, which includes bloodstains and personal items like sandals.

4. **Assess for Exaggeration, False Promises, or Clickbait Tactics**:
   - The thumbnail does not promise or exaggerate the content; it simply shows a street scene without any indication of violence.
   - The thumbnail does not use misleading imagery to attract viewers.

5. **Determine Misleading or Not Misleading**:
   - The thumbnail fails to accurately represent the violent and traumatic nature of the event described in the subtitles and video content.
   - The thumbnail does not use exaggerated visuals or false promises to attract viewers.

### Conclusion:

**Categorization: Misleading**

**Explanation:**
The thumbnail is categorized as misleading because it does not accurately represent the violent and traumatic content of the video. The street scene depicted in the thumbnail contrasts significantly with the violent aftermath and crime scene imagery shown in the video, which includes bloodstains and personal items like sandals. The thumbnail fails to convey the severity and gravity of the event, potentially misleading viewers about the content they are about to watch."
phNCAbopozQ,"### Categorization: Not Misleading

### Explanation:
The thumbnail accurately represents the video content, which is a compilation of scenes from multiple FIFA Ballon d'Or award ceremonies over several years. The thumbnail shows two individuals holding golden trophies, which aligns with the video's depiction of the prestigious award ceremony. The text ""L'Équipe Ballon d'Or Les sacres de 2012 à 2015"" clearly indicates that the video covers the period from 2012 to 2015, which matches the content described in the video description. There are no exaggerated claims or misleading elements in the thumbnail that do not match the actual video content. Therefore, the thumbnail is not misleading."
bKqSQ1pG5xs,"### Analysis and Categorization:

**Thumbnail:** The thumbnail shows a person in a green and white striped shirt, seemingly in motion, with a background that includes a TV and some furniture. The person appears to be reacting enthusiastically, which suggests excitement or surprise.

**Subtitles:** The subtitles include phrases like ""everybody SP up the Ronaldo's better,"" ""he's in the next one minute matter of fact in the next 30 seconds he's about to pass me,"" and ""Ronaldo the go oh my God he just did it in one day."" These subtitles indicate that the streamer is reacting to a significant achievement involving Cristiano Ronaldo, likely related to a subscriber count or some other metric.

**Video Description:** The video shows a streamer reacting dramatically to events, possibly related to a game or a chat. The streamer's movements are exaggerated, and the counter in the top right corner is steadily increasing, suggesting engagement with the audience.

**Comparison and Assessment:**

- **Thumbnail vs. Video Content:** The thumbnail depicts a person reacting enthusiastically, which aligns with the streamer's behavior shown in the video. However, the thumbnail does not explicitly mention Cristiano Ronaldo or the specific achievement being celebrated.
  
- **Exaggeration and Clickbait:** The thumbnail does not use exaggerated language or imagery that might mislead viewers. It simply captures the streamer's reaction, which is consistent with the video content.

- **Accuracy Representation:** The thumbnail accurately represents the streamer's enthusiastic reaction, which is a key element of the video content. There is no indication of false promises or misleading elements.

### Conclusion:

**Categorization:** Not Misleading

**Explanation:** The thumbnail accurately reflects the streamer's enthusiastic reaction captured in the video. It does not use exaggerated language or imagery that might mislead viewers. The thumbnail effectively conveys the streamer's emotional state, which is a central aspect of the video content. Therefore, it is not misleading."
0W8T9QKQAMA,"### Analysis and Categorization

#### Step-by-Step Analysis:

1. **Examine the Thumbnail**:
   - The thumbnail shows two women seated on a stage with the ""Bloomberg Screentime"" branding prominently displayed.
   - The setting appears formal and professional, suggesting a structured interview or panel discussion.

2. **Read Through the Subtitles and Content Description**:
   - The subtitles indicate a conversation between Kris Jenner and Caroline Hyde, discussing business success, personal experiences, and family dynamics.
   - The content description confirms that the video features a professional interview setting with a focus on Kris Jenner's entrepreneurial journey and her family's role in her career.

3. **Compare the Thumbnail to the Actual Video Content**:
   - The thumbnail accurately depicts the setting of a professional interview with two women on a stage.
   - The content description matches the visual elements shown in the thumbnail, indicating a formal interview environment.

4. **Assess Accuracy Representation**:
   - The thumbnail correctly represents the setting and context of the video content.
   - There are no exaggerated elements or misleading aspects in the thumbnail.

5. **Conclusion**:
   - The thumbnail accurately reflects the professional nature of the interview and the presence of two women on stage, which aligns perfectly with the video content described.

### Final Decision:

**Categorization: Not Misleading**

**Explanation**: The thumbnail accurately represents the professional interview setting and the presence of two women on stage, which is consistent with the video content described. There are no misleading elements or exaggerations in the thumbnail."
t-ZWkb0vyMU,"### Categorization: Not Misleading

### Explanation:
The thumbnail depicts a couple in a close, intimate moment, which aligns well with the content described in the video description. The scenes include a romantic relationship, a proposal or engagement announcement, wedding preparations, a wedding ceremony, and a reception. The video also includes a fashion photoshoot and casual moments, which are consistent with the depiction of a high-profile couple in the entertainment or modeling industry. The overall theme of the video revolves around a romantic relationship and wedding celebration, which is accurately represented by the thumbnail. Therefore, the thumbnail does not use any exaggerated claims or misleading elements to attract viewers."
FEou1UOo8ek,"### Categorization: Misleading

### Explanation:
The thumbnail depicts a woman in a luxurious fur coat, holding a phone, which suggests a glamorous and high-end setting, likely a private jet. However, the video content describes a series of tense and dramatic scenes involving discussions about leaving the plane and changing plans. The luxurious setting and the woman's attire in the thumbnail do not accurately represent the overall tone and content of the video, which focuses on drama and tension rather than luxury and leisure. The thumbnail creates an expectation of a glamorous lifestyle or a relaxed travel experience, which contrasts sharply with the actual content of the video. Therefore, the thumbnail is misleading."
7yH_9nvm9fU,"### Analysis and Categorization

#### Step-by-Step Analysis:

1. **Examine the Thumbnail**:
   - The thumbnail features a woman with long dark hair, wearing a black outfit, and positioned in front of a clothing rack. The text ""KEEPING UP WITH THE KARDASHIANS"" is prominently displayed.

2. **Read Through the Video Subtitles and Content Description**:
   - The subtitles indicate a conversation about a TV show segment involving Kim Kardashian and Tyra Banks.
   - The content description mentions various scenes from a reality TV show, including interviews, domestic scenes, and social outings. It highlights the main woman's expressions and body language, suggesting a range of emotions and activities.

3. **Compare the Thumbnail to the Actual Video Content**:
   - The thumbnail depicts a woman in a clothing store, which aligns with the video content that includes scenes from a clothing store.
   - However, the thumbnail does not provide any specific context about the conversation with Tyra Banks or the emotional moments described in the subtitles.

4. **Determine if the Thumbnail Accurately Represents the Video's Main Topic or Content**:
   - While the thumbnail shows a woman in a clothing store, which is part of the video content, it does not convey the specific context of the conversation with Tyra Banks or the emotional moments discussed in the subtitles.
   - The thumbnail lacks the specific details about the TV show segment and the emotional content, which might mislead viewers about the main focus of the video.

5. **Assess Whether the Thumbnail Uses Exaggeration, False Promises, or Clickbait Tactics**:
   - The thumbnail does not use exaggerated imagery or text to mislead viewers.
   - However, it does not clearly represent the specific content of the video, which might lead viewers to expect a different type of content than what is shown.

6. **Categorization**:
   - **Misleading**: The thumbnail does not accurately represent the specific content of the video, particularly the conversation with Tyra Banks and the emotional moments discussed in the subtitles.

### Explanation:

The thumbnail is categorized as ""Misleading"" because it does not accurately represent the specific content of the video. While it shows a woman in a clothing store, which is part of the video content, it fails to convey the specific context of the conversation with Tyra Banks or the emotional moments discussed in the subtitles. This could lead viewers to expect a different type of content than what is shown in the video."
LQCQym6hVMo,"### Categorization: Not Misleading

### Explanation:
The thumbnail depicts a woman in a bright pink outfit standing on a stage, which aligns closely with the video content. The video is indeed from Saturday Night Live (SNL), as indicated by the set design and the presence of the SNL band setup. The woman in the pink outfit is introduced as Kim Kardashian West, and the video captures her hosting the show, delivering a monologue or introduction. The background elements, such as the ornate archway, twinkling lights, and floral arrangements, are consistent with the SNL stage design. The audience reaction and the overall atmosphere captured in the thumbnail match the live performance aspect of the show. Therefore, the thumbnail accurately represents the video content without any misleading elements."
w-YaTnxwQxU,"### Analysis and Categorization:

**Thumbnail:** The thumbnail features a close-up of a character resembling Sonic the Hedgehog, with a dynamic and intense background suggesting action and adventure. The text ""TRAILER"" is prominently displayed.

**Video Content Summary:**
- The trailer opens with a suspenseful atmosphere.
- It introduces animated characters, including Sonic and Tails, in various settings.
- The scenes include futuristic cityscapes, urban destruction, and high-speed action sequences.
- The trailer also incorporates live-action elements, such as a character in a plaid shirt reacting to something surprising.
- The tone shifts between action-packed sequences and moments of tension, emphasizing the blend of animated and live-action elements typical of the Sonic franchise.

**Comparison:**
- The thumbnail effectively captures the essence of the trailer, showcasing Sonic in a dramatic pose with a dynamic background, which aligns well with the high-energy action sequences described in the video.
- The text ""TRAILER"" clearly indicates that this is indeed a promotional video for a film related to the Sonic franchise.
- The video content matches the expectations set by the thumbnail, as it features Sonic and other characters in action-packed scenarios, blending live-action and animated elements.

**Conclusion:**
The thumbnail accurately represents the video's main topic and content, as it effectively conveys the high-action nature of the trailer and the presence of Sonic the Hedgehog. There are no exaggerated claims or misleading elements present.

**Categorization:** Not Misleading

**Explanation:** The thumbnail correctly reflects the content of the trailer, which is a high-action film featuring Sonic the Hedgehog. It does not use any exaggerated claims or misleading elements, ensuring that viewers understand the nature of the content they are about to watch."
Y_yY_m-Lpck,"### Categorization: Not Misleading

### Explanation:
The thumbnail accurately represents the video content. It shows a drummer performing on a drum kit in a vibrant, high-tech stage setting, which matches the description of the video. The thumbnail captures the essence of the performance, including the use of a helmet, the dynamic lighting, and the energetic atmosphere typical of an electronic music concert. The subtitles and video description further reinforce the idea of a live performance by Marshmello, emphasizing the energy and visual spectacle of the show. Therefore, the thumbnail does not mislead viewers about the content of the video."
