video_id,classification
SLuVmCdjp8w,"### Categorization: Not Misleading

**Explanation:**
The thumbnail depicts a scene where two prominent Bollywood figures are engaged in a professional setting, likely a photo shoot or press event. The image shows the older male actor in a purple jacket and glasses standing next to a younger actress in a shimmering white dress. The backdrop suggests a formal environment, and the interaction between the two appears cordial and respectful, which aligns with the overall theme of the video described. 

The video content confirms that it is indeed a behind-the-scenes look at a photo shoot or interview involving two Bollywood figures, capturing moments of camaraderie and professionalism. There are no exaggerated claims or misleading elements present in the thumbnail that do not match the actual content of the video. Therefore, the thumbnail accurately represents the video's main topic and content, making it not misleading."
MVjD3CVlRDs,"### Categorization: Misleading

**Explanation:**
The provided video description consists of a series of unrelated and diverse scenes, each capturing a unique moment or situation. The thumbnail, however, depicts a cyclist racing alongside a bear on a snowy road, which is completely unrelated to the content described in the video description. The thumbnail suggests a high-energy, adventurous, and potentially dangerous scenario involving a cyclist and a bear, which is not reflected in the actual video content. The video appears to be a compilation of various unrelated scenes, each capturing different moments and situations, none of which involve a cyclist or a bear. Therefore, the thumbnail is misleading as it does not accurately represent the content of the video."
3Y2vg5kUvXE,"### Analysis and Categorization

#### Step 1: Examine the Thumbnail
The thumbnail shows a woman interacting closely with a large animal, specifically a horse, in a grassy outdoor setting. There are two laughing emojis overlaid on the image, suggesting humor or amusement.

#### Step 2: Read Through the Video Subtitles and Content Description
The subtitles and video content appear to be a compilation of various humorous or amusing moments, including interactions with animals, everyday activities, and unexpected events. The video does not seem to focus on a specific interaction with a horse or any particular humorous moment involving a horse.

#### Step 3: Compare the Thumbnail to the Actual Video Content
The thumbnail depicts a woman interacting with a horse, which is not explicitly mentioned in the video description. The video content includes a variety of scenes, none of which prominently feature a woman interacting with a horse.

#### Step 4: Determine if the Thumbnail Accurately Represents the Video's Main Topic or Content
The thumbnail does not accurately represent the main topic or content of the video. It suggests a specific interaction (a woman with a horse) that is not present in the video content.

#### Step 5: Assess Whether the Thumbnail Uses Exaggeration, False Promises, or Clickbait Tactics
The thumbnail uses exaggerated imagery and emojis to suggest humor, which might mislead viewers into expecting a specific type of content that is not actually shown in the video.

#### Step 6: Categorize the Thumbnail
**Categorization: Misleading**

#### Explanation:
The thumbnail is categorized as misleading because it depicts a specific interaction (a woman with a horse) that is not represented in the actual video content. The video compilation includes a variety of humorous or amusing moments but does not feature a woman interacting with a horse. The use of emojis and the overall imagery in the thumbnail may lead viewers to expect a particular type of content that is not present, thus misleading them about the actual video content."
iV1kP5ERQvE,"### Analysis and Categorization

#### Step-by-Step Analysis:

1. **Examine the Thumbnail**:
   - The thumbnail shows a close-up of a player's face with a question mark (""?"") overlaid, suggesting confusion or surprise.
   - The player appears to be wearing a soccer uniform, indicating the context is a soccer match.

2. **Read Through the Video Subtitles and Content Description**:
   - The subtitles and video content describe various humorous and unusual moments from women's soccer matches.
   - The video includes scenes of players reacting emotionally, goal attempts, and humorous situations.
   - The overall tone is light-hearted and comedic, focusing on the unpredictable and sometimes amusing aspects of women's soccer.

3. **Compare the Thumbnail to the Actual Video Content**:
   - The thumbnail captures a moment of confusion or surprise, which aligns with the video content that includes humorous and unexpected moments.
   - However, the thumbnail does not explicitly highlight the comedic or unusual elements that are central to the video's content.

4. **Determine if the Thumbnail Accurately Represents the Video's Main Topic or Content**:
   - While the thumbnail captures a moment of confusion, it does not convey the overall theme of humor and unpredictability that permeates the video.
   - The thumbnail suggests a serious or dramatic moment, which could mislead viewers expecting a video filled with humor rather than a serious or confusing moment.

5. **Assess Whether the Thumbnail Uses Exaggeration, False Promises, or Clickbait Tactics**:
   - The thumbnail does not use exaggerated language or false promises.
   - However, it may create a misleading expectation by suggesting a serious or dramatic moment when the video is primarily about humor and unpredictability.

6. **Categorization**:
   - **Misleading**

### Explanation:

The thumbnail is misleading because it depicts a moment of confusion or surprise, which is not the primary focus of the video. The video is a compilation of humorous and unpredictable moments from women's soccer matches, and the thumbnail does not accurately represent this theme. While the thumbnail captures a moment of confusion, it does not convey the light-hearted and comedic nature of the video content. Therefore, the thumbnail creates a misleading expectation for viewers."
wFkScaokx7c,"### Analysis and Categorization

#### Step 1: Examine the Thumbnail
The thumbnail features a man wearing a cap and an ""ALIENS"" t-shirt, along with the text ""2024 UFO's"" and ""Mexico City UFO."" It also includes an image of a close-up of a reptilian eye circled in red.

#### Step 2: Read Through the Video Subtitles and Content Description
The subtitles and video content describe a series of UFO sightings and related phenomena, including footage from Mexico City and other locations. The man in the thumbnail appears to be reacting to these sightings, expressing curiosity, surprise, and skepticism.

#### Step 3: Compare the Thumbnail to the Actual Video Content
The thumbnail prominently features the man reacting to UFO footage, which aligns closely with the video content. However, the thumbnail also includes a close-up of a reptilian eye, which is not directly related to the UFO footage shown in the video.

#### Step 4: Determine if the Thumbnail Accurately Represents the Video's Main Topic or Content
While the thumbnail effectively represents the main topic of UFO sightings and the man's reactions, the inclusion of the reptilian eye image introduces an element that is not directly related to the UFO footage. This could potentially mislead viewers into expecting a different type of content, such as a discussion about alien creatures or a conspiracy theory involving reptilians.

#### Step 5: Assess Whether the Thumbnail Uses Exaggeration, False Promises, or Clickbait Tactics
The thumbnail does not use exaggerated language or false promises. However, the inclusion of the reptilian eye image could be seen as a clickbait tactic, as it may attract viewers interested in alien creatures or reptilian-themed content rather than UFO footage.

#### Step 6: Categorize the Thumbnail
Based on the analysis, the thumbnail is categorized as **Misleading**.

#### Explanation:
The thumbnail effectively represents the main topic of UFO sightings and the man's reactions, but the inclusion of the reptilian eye image introduces an element that is not directly related to the UFO footage. While this does not necessarily mislead viewers about the main topic, it could attract viewers interested in a different type of content, which could be considered clickbait. Therefore, the thumbnail is misleading due to the potential for viewer confusion regarding the expected content."
jPvt-ap8Jbc,"### Analysis and Categorization

#### Step 1: Examine the Thumbnail
The thumbnail shows a British Airways aircraft with numerous birds flying around it, suggesting a bird strike scenario.

#### Step 2: Read Through the Video Subtitles and Content Description
The subtitles and video content describe a compilation of dangerous situations, including bird strikes, natural disasters, and high-stakes scenarios. The thumbnail, however, only depicts a single event—a bird strike.

#### Step 3: Compare the Thumbnail to the Actual Video Content
The thumbnail accurately represents a specific event (a bird strike) shown in the video. However, the video itself contains a wide range of other dangerous situations, including natural disasters, high-stakes scenarios, and other dramatic events.

#### Step 4: Determine if the Thumbnail Accurately Represents the Video's Main Topic or Content
While the thumbnail correctly depicts a bird strike, the video content is a compilation of various dangerous situations, not just bird strikes. Therefore, the thumbnail does not fully represent the broader theme of the video.

#### Step 5: Assess Whether the Thumbnail Uses Exaggeration, False Promises, or Clickbait Tactics
The thumbnail does not use exaggerated language or false promises. It accurately depicts a specific event within the video content.

#### Step 6: Categorize the Thumbnail
The thumbnail is categorized as **Misleading** because it only depicts a single event (a bird strike) while the video content is a compilation of various dangerous situations.

#### Explanation:
The thumbnail accurately represents a specific event (a bird strike), but the video content is a compilation of various dangerous situations. By focusing solely on the bird strike, the thumbnail misleads viewers into expecting a video that primarily features this event, rather than the broader range of dangerous situations depicted in the video."
O4HLdVYXKbc,"### Analysis and Categorization

#### Step-by-Step Analysis:

1. **Examine the Thumbnail**:
   - The thumbnail features a group of actors standing together in a desert-like environment, with military vehicles in the background.
   - The text ""RACE 3"" is prominently displayed below the image.

2. **Read Through the Video Subtitles and Content Description**:
   - The subtitles provide details about the cast, the storyline, and the release date of the film ""Race 3.""
   - The content description outlines the plot elements, including action scenes, glamorous settings, and the involvement of various characters.

3. **Compare the Thumbnail to the Actual Video Content**:
   - The thumbnail shows a group of actors in a desert setting, which aligns with the typical backdrop of the ""Race"" franchise.
   - The text ""RACE 3"" matches the title of the film being promoted.

4. **Determine if the Thumbnail Accurately Represents the Video's Main Topic or Content**:
   - The thumbnail effectively represents the main topic of the video, which is promoting the film ""Race 3.""
   - It captures the essence of the ""Race"" franchise, which is known for its action-packed scenes and glamorous settings.

5. **Assess Whether the Thumbnail Uses Exaggeration, False Promises, or Clickbait Tactics**:
   - The thumbnail does not use any exaggerated elements or false promises.
   - It simply showcases the cast and the setting, which are accurate representations of the film's content.

6. **Categorize the Thumbnail**:
   - Based on the analysis, the thumbnail accurately represents the video's main topic and content without any misleading elements.

### Final Decision:

**Categorization: Not Misleading**

**Explanation:**
The thumbnail accurately represents the video's content by showing the cast in a desert setting, which is consistent with the typical visual style of the ""Race"" franchise. The text ""RACE 3"" clearly indicates the film being promoted, and there are no exaggerated or misleading elements present. Therefore, the thumbnail is not misleading."
Doe5YJNYFEs,"### Analysis and Categorization:

**Thumbnail:** The thumbnail features a character in a black mask, a large gorilla-like creature, and another character in a suit. The text ""Krrish 4"" is prominently displayed, along with the logos for Filmkraft and Eros International.

**Subtitles:** The subtitles include dialogue from the video, which discusses a character named Rohit and his journey involving magic, powers, and a superhero identity. The text suggests themes of magic, transformation, and a superhero narrative.

**Video Description:** The video appears to be a trailer or montage for an action-packed science fiction film, featuring elements of magic, high-tech environments, and dramatic character moments. The scenes include a mix of futuristic settings, action sequences, and character interactions, hinting at a complex plot involving advanced science and potential conflict.

**Comparison and Assessment:**

1. **Thumbnail vs. Video Content:** The thumbnail prominently features a character in a mask, which aligns with the superhero theme suggested in the subtitles. However, the presence of a gorilla-like creature and another character in a suit introduces elements that are not explicitly mentioned in the subtitles or the video description. These additional elements could be misleading as they do not directly relate to the core themes discussed in the subtitles.

2. **Exaggeration and False Promises:** While the thumbnail does not explicitly promise a gorilla or a suit-wearing character, the inclusion of these elements might mislead viewers into expecting a different type of content than what is described in the subtitles and video description.

3. **Clickbait Tactics:** The thumbnail uses a mix of elements that are intriguing but not necessarily aligned with the core themes of the video. This could be seen as a form of clickbait, as it may attract viewers based on the visual elements rather than the content described in the subtitles.

**Conclusion:**

**Categorization:** Misleading

**Explanation:** The thumbnail uses elements that are not directly related to the core themes described in the subtitles and video description. While the superhero theme is present, the inclusion of a gorilla-like creature and another character in a suit introduces elements that are not explicitly mentioned and could mislead viewers into expecting a different type of content. Therefore, the thumbnail is categorized as misleading."
VY30bpNn4GU,"### Analysis and Categorization:

**Thumbnail:** The thumbnail shows a woman sitting on the edge of a pool, suggesting a relaxed and leisurely scene.

**Video Content:** The video compilation includes a variety of craft and lifestyle scenes, ranging from beach scenes, DIY activities, and photography tips. These scenes do not depict a woman sitting on the edge of a pool.

**Comparison:** The thumbnail depicts a serene and relaxing poolside scene, which contrasts sharply with the diverse and dynamic content of the video. The video does not feature a woman sitting on the edge of a pool; instead, it showcases a mix of creative and practical activities.

**Assessment:** The thumbnail uses a misleading image to attract viewers, as it does not represent the actual content of the video. It creates an expectation that is not fulfilled by the video itself.

**Categorization:** Misleading

**Explanation:** The thumbnail is categorized as misleading because it presents a tranquil poolside scene that is not depicted in the actual video content. The video features a variety of craft and lifestyle scenes, none of which involve a woman sitting on the edge of a pool. The thumbnail sets an expectation that is not met, leading viewers to believe they will see something different from what they actually encounter in the video."
4CF3uZV0RJU,"### Analysis and Categorization

**Thumbnail:** The thumbnail features a split image with a football player on the left and a young boy on the right, accompanied by a red circle with a diagonal line through a cigarette and the text ""Don’t SMOKE!"" prominently displayed.

**Subtitles:** The subtitles indicate that the video is about raising a child to be a footballer and discusses things that are forbidden for the child, specifically mentioning smoking.

**Video Description:** The video compilation showcases various aspects of a famous Portuguese football player’s life and career, including personal moments, interviews, and scenes from matches. The description mentions a scene where a young boy speaks to the camera, which aligns with the theme of the video.

**Comparison and Assessment:**

- **Thumbnail vs. Video Content:** The thumbnail clearly indicates a message about not smoking, which is not directly related to the main content of the video. The video primarily focuses on the player’s life and career, with a significant portion dedicated to personal moments and interactions with his son.
  
- **Exaggeration or False Promises:** The thumbnail does not promise or exaggerate any content beyond what is shown in the video. However, it does mislead viewers into expecting a video focused solely on the issue of smoking, which is not the primary theme of the video.

- **Clickbait Tactics:** The thumbnail uses a strong visual cue (the crossed-out cigarette) to attract viewers, which might be considered clickbait if the video content does not align with the promise. However, since the video content does not revolve around smoking, this is not a case of clickbait but rather a misleading thumbnail.

**Conclusion:**

The thumbnail is **misleading** because it suggests that the video is primarily about the issue of smoking, which is not the main focus of the video. The video content is more about the player’s life and career, with a significant part dedicated to personal moments and interactions with his son. Therefore, the thumbnail does not accurately represent the main topic or content of the video.

**Explanation:**

The thumbnail uses a strong visual cue to attract viewers, but the video content does not align with the promise suggested by the thumbnail. While the video does include a scene with a young boy speaking to the camera, it is not centered around the issue of smoking. Thus, the thumbnail misleads viewers into expecting a video focused on smoking, which is not the primary theme of the video."
FmRdmBKmJd4,"### Analysis and Categorization

#### Step 1: Examine the Thumbnail
The thumbnail features a dramatic image of a person riding a motorcycle on a steep ramp, with a helicopter in the background. The text ""ME"" points to the rider, suggesting that the viewer is meant to identify with the protagonist.

#### Step 2: Read Through the Video Subtitles and Content Description
The subtitles indicate that the video is about becoming a stuntman, specifically focusing on learning how to perform stunts like falling safely and taking hits. The content description confirms this, detailing the various stunts and skills the narrator is learning, such as fighting, falling safely, and navigating obstacles.

#### Step 3: Compare the Thumbnail to the Actual Video Content
The thumbnail depicts a high-stakes, adrenaline-pumping scenario involving a motorcycle stunt. However, the video content is entirely focused on the behind-the-scenes process of learning stunt skills, which is quite different from the thrilling action depicted in the thumbnail.

#### Step 4: Determine if the Thumbnail Accurately Represents the Video's Main Topic or Content
The thumbnail does not accurately represent the video's main topic or content. It suggests a high-adrenaline, action-packed scenario that is not present in the actual video.

#### Step 5: Assess Whether the Thumbnail Uses Exaggeration, False Promises, or Clickbait Tactics
The thumbnail uses exaggerated imagery and a misleading promise of thrilling action, which is not reflected in the actual video content.

#### Step 6: Categorize the Thumbnail as Either ""Misleading"" or ""Not Misleading""
Based on the analysis, the thumbnail is **misleading**.

#### Explanation:
The thumbnail creates a false expectation by depicting a high-risk, high-adrenaline stunt that is not the focus of the video. Instead, the video is about the behind-the-scenes process of learning stunt skills, which is a completely different experience from the thrilling action suggested by the thumbnail. Therefore, the thumbnail misleads viewers by promising an exciting stunt performance that is not actually shown in the video."
KwhX61M7EkU,"### Analysis and Categorization:

**Thumbnail:** The thumbnail features two players, one with visible injuries, and the word ""VS"" in the middle, suggesting a confrontation or a comparison between the two players.

**Video Description:** The video is a compilation of soccer highlights, showcasing top plays involving two prominent players, likely Lionel Messi and Cristiano Ronaldo. The video features various dynamic scenes of soccer action, including goalmouth scrambles, individual brilliance, and team play. The video does not depict any confrontational or injury-related scenarios.

**Comparison:** The thumbnail suggests a direct comparison or confrontation between the two players, which is not reflected in the video content. The video focuses on showcasing their skills and moments of play, without any indication of conflict or injury.

**Assessment:** The thumbnail uses exaggerated imagery and a ""VS"" graphic to imply a competitive or confrontational scenario, which is misleading as the video content does not support this theme. The thumbnail does not accurately represent the video's main topic or content.

**Categorization:** Misleading

**Explanation:** The thumbnail is misleading because it exaggerates and misrepresents the content of the video. The video is a compilation of soccer highlights featuring the skills of two prominent players, without any indication of a confrontation or injury. The thumbnail's use of ""VS"" and the image of injured players creates a false impression of a competitive scenario that is not present in the video."
EMOz-wmMG-4,"### Analysis and Categorization

**Thumbnail:** The thumbnail shows a child holding a baseball bat, seemingly confronting a larger figure in a park setting.

**Subtitles:** The subtitles indicate a confrontation between children (""Kids"") and ""Karens,"" suggesting a theme of conflict and possibly bullying.

**Video Description:** The video appears to depict interactions between children and adults labeled as ""Karens,"" where the children are defending their actions or rights, and the adults are reacting negatively or attempting to intervene.

**Comparison and Assessment:**

- **Thumbnail vs. Video Content:** The thumbnail depicts a child holding a bat, which suggests a physical confrontation or a defensive stance. However, the video content seems to involve verbal and emotional confrontations rather than physical altercations.
  
- **Exaggeration:** The thumbnail might be misleading because it implies a physical confrontation when the video content primarily focuses on verbal and emotional exchanges.

- **Clickbait Tactics:** There is no clear indication of clickbait tactics in the thumbnail itself; however, the content described in the subtitles and video description suggests a potentially controversial or sensationalized theme.

**Conclusion:**

The thumbnail is **misleading** because it suggests a physical confrontation when the video content primarily involves verbal and emotional exchanges. The thumbnail does not accurately represent the main topic or content of the video.

**Explanation:**

The thumbnail shows a child holding a bat, which could imply a physical confrontation. However, the video content describes a series of verbal and emotional confrontations between children and adults labeled as ""Karens."" The thumbnail does not reflect the primary focus of the video, which is more about the emotional and verbal dynamics rather than physical altercations. Therefore, the thumbnail is misleading."
zghRo5NMvZE,"### Analysis and Categorization

#### Step 1: Examine the Thumbnail
The thumbnail features a large red diamond held by a hand, with the text ""$32,000,000"" prominently displayed above it. The background includes a green field, suggesting a connection to sports, specifically soccer.

#### Step 2: Read Through the Video Subtitles and Content Description
The subtitles and video content focus on Lionel Messi's wealth and the luxurious lifestyle associated with being a top-tier soccer player. The video highlights various expensive items owned by Messi, such as customized iPhones, luxury watches, and high-end cars. The content also mentions Messi's transition to Paris Saint-Germain (PSG) and the associated financial benefits.

#### Step 3: Compare the Thumbnail to the Actual Video Content
The thumbnail shows a large red diamond, which is visually striking and suggests a significant value. However, the video content primarily discusses Messi's wealth and the luxury items he owns, rather than focusing on a specific item like a diamond.

#### Step 4: Determine if the Thumbnail Accurately Represents the Video's Main Topic or Content
The thumbnail does not directly represent the main topic of the video, which is about Messi's wealth and the luxurious lifestyle he leads. While the thumbnail is visually appealing and captures attention, it does not accurately reflect the core content of the video.

#### Step 5: Assess Whether the Thumbnail Uses Exaggeration, False Promises, or Clickbait Tactics
The thumbnail uses a large red diamond to attract viewers, which might suggest that the video will discuss a significant item related to Messi's wealth. However, the video content is more about general wealth and luxury rather than a specific item like a diamond.

#### Step 6: Categorize the Thumbnail as Either ""Misleading"" or ""Not Misleading""
Based on the analysis, the thumbnail is misleading because it does not accurately represent the main topic of the video. The thumbnail suggests a specific item (a diamond) that is not the primary focus of the video content.

### Final Decision
**Categorization: Misleading**

**Explanation:** The thumbnail uses a large red diamond to attract viewers, which might suggest that the video will discuss a significant item related to Messi's wealth. However, the video content is more about general wealth and luxury rather than a specific item like a diamond. Therefore, the thumbnail is misleading as it does not accurately represent the main topic of the video."
_ypQArko89w,"### Analysis and Categorization

#### Step-by-Step Analysis:

1. **Examine the Thumbnail**:
   - The thumbnail features two individuals, a man and a woman, standing closely together. The woman appears to be smiling, and the man looks serious.
   - The background includes Urdu text, which translates to ""Noor Jehan ki uliyan Abbas Shah Arif Safiyan ka bain"" (translated: ""Noor Jehan's relatives Abbas Shah Arif Safiyan's son"").

2. **Read Through the Video Subtitles and Content Description**:
   - The subtitles suggest a drama series involving a character named Noor Jehan, discussing her relatives and a son named Abbas Shah Arif Safiyan.
   - The content description describes a series of emotional and dramatic scenes from a Pakistani drama series, focusing on a central female character experiencing various situations and emotions.

3. **Compare the Thumbnail to the Actual Video Content**:
   - The thumbnail depicts two individuals, which does not directly relate to the content of the video series described.
   - The video content revolves around a single female character experiencing different emotional scenarios, which is not visually represented in the thumbnail.

4. **Determine Accuracy Representation**:
   - The thumbnail does not accurately represent the main character or the primary focus of the video series.
   - The presence of two individuals in the thumbnail does not match the single female character depicted in the video content.

5. **Assess for Exaggeration, False Promises, or Clickbait Tactics**:
   - The thumbnail does not use exaggerated visuals or false promises.
   - However, the lack of relevance to the actual content makes it misleading.

6. **Categorization**:
   - **Misleading**

### Explanation:
The thumbnail is misleading because it shows two individuals, which does not accurately represent the content of the video series. The video focuses on a single female character experiencing various emotional scenarios, whereas the thumbnail suggests a different context involving two individuals. This mismatch leads viewers to expect a different type of content than what is actually presented in the video."
h6whoYjOIXU,"**Categorization:** Misleading

**Explanation:** The thumbnail shows a person performing a handstand on the side of a green SUV, which is a dynamic and visually striking image. However, the video content does not feature any such scene. Instead, the video compilation includes a variety of unrelated and diverse scenarios, including nature scenes, urban settings, and everyday activities. The thumbnail does not accurately represent the video's main topics or content, thus misleading viewers about what to expect from the video."
pwZhv4YYFg0,"### Analysis and Categorization

#### Step 1: Examine the Thumbnail
The thumbnail shows two shirtless men sitting on the ground, appearing to be restrained by a rope or similar object. There is a military-style uniform partially visible on the right side of the frame, suggesting a tense or confrontational situation.

#### Step 2: Read Through the Video Subtitles and Content Description
The subtitles indicate a comedic reaction video featuring a person in a car, reacting dramatically to something off-camera. The video then transitions into an animated sequence where a cartoon character attempts to skateboard. The animated character gains confidence and successfully skates, with text overlays providing humorous commentary.

#### Step 3: Compare the Thumbnail to the Actual Video Content
The thumbnail depicts a scene of apparent restraint and tension, which is completely unrelated to the content described in the video description. The video is a comedic mash-up involving a real-life reaction and an animated sequence, neither of which involve physical restraint or confrontation.

#### Step 4: Determine if the Thumbnail Accurately Represents the Video's Main Topic or Content
The thumbnail does not accurately represent the video's main topic or content. It suggests a serious or violent scenario, which is entirely different from the comedic nature of the video.

#### Step 5: Assess Whether the Thumbnail Uses Exaggeration, False Promises, or Clickbait Tactics
The thumbnail uses exaggerated imagery (physical restraint) to attract viewers, which is misleading as it does not reflect the actual content of the video.

#### Step 6: Categorize the Thumbnail
**Categorization:** Misleading

#### Explanation:
The thumbnail is categorized as misleading because it depicts a scene of apparent physical restraint and confrontation, which is completely unrelated to the actual content of the video. The video is a comedic reaction and animation sequence, and the thumbnail fails to accurately represent this. Therefore, it uses exaggerated imagery to attract viewers, which is misleading."
mpedtsJBHgw,"### Analysis and Categorization

#### Step 1: Examine the Thumbnail
The thumbnail features a close-up of a Minion character with a red arrow pointing to a small detail in the background. The Minion appears to be in a vehicle, possibly a bus or a van, and there is a small figure of a girl with red hair sitting behind the Minion.

#### Step 2: Read Through the Video Subtitles and Content Description
The subtitles mention a discussion about small mistakes in the Minions movies, specifically focusing on historical continuity errors. The video description does not provide any visual clues about the specific mistakes mentioned in the subtitles.

#### Step 3: Compare the Thumbnail to the Actual Video Content
The thumbnail shows a close-up of a Minion with a red arrow highlighting a small figure of a girl with red hair. However, the video content does not feature this girl prominently or in a way that suggests she is significant to the narrative. Instead, the video focuses on the Minions' adventures and interactions, which are typical of the Minions franchise.

#### Step 4: Determine if the Thumbnail Accurately Represents the Video's Main Topic or Content
The thumbnail does not accurately represent the main topic or content of the video. While the video discusses historical continuity errors in the Minions movies, the thumbnail does not visually depict any of these errors. The thumbnail is more likely intended to draw attention to a specific character or detail within the video, rather than representing the overall theme or content.

#### Step 5: Assess Whether the Thumbnail Uses Exaggeration, False Promises, or Clickbait Tactics
The thumbnail uses a red arrow to highlight a small figure, which could be seen as a clickbait tactic to attract viewers' attention. However, the arrow does not clearly indicate the nature of the mistake discussed in the subtitles.

#### Step 6: Categorize the Thumbnail as Either ""Misleading"" or ""Not Misleading""
Based on the analysis, the thumbnail is **misleading** because it does not accurately represent the main topic or content of the video. The thumbnail focuses on a specific character (the girl) without providing context or relevance to the historical continuity errors discussed in the subtitles.

#### Explanation:
The thumbnail is misleading because it highlights a small figure in the background without explaining its significance to the viewer. The video content is about discussing historical continuity errors in the Minions movies, but the thumbnail does not visually support this theme. Therefore, the thumbnail is designed to attract viewers' attention to a specific detail without providing relevant context, making it misleading."
lWE0fXAVFXM,"### Analysis and Categorization:

#### Step 1: Examine the Thumbnail
The thumbnail shows a young girl holding a large chocolate bar, with a sad face emoji on the left side and a happy face emoji on the right side. The girl on the left appears to be expressing disappointment or dissatisfaction, while the girl on the right looks excited and happy.

#### Step 2: Read Through the Video Subtitles and Content Description
The video description mentions a variety of craft and parenting tips, including organizing diapers, painting, arranging clothes, and other household activities. The subtitles seem to be a mix of random phrases and music, suggesting that the video might have a playful or humorous tone but does not directly relate to the chocolate theme depicted in the thumbnail.

#### Step 3: Compare the Thumbnail to the Actual Video Content
The thumbnail suggests a comparison between two different reactions to chocolate, implying a humorous or relatable scenario. However, the video content focuses on various craft and parenting tips, which do not involve chocolate or any similar theme.

#### Step 4: Determine if the Thumbnail Accurately Represents the Video's Main Topic or Content
The thumbnail does not accurately represent the video's main topic or content. The video is a compilation of craft and parenting tips, whereas the thumbnail suggests a humorous comparison of reactions to chocolate.

#### Step 5: Assess Whether the Thumbnail Uses Exaggeration, False Promises, or Clickbait Tactics
The thumbnail uses exaggerated expressions (sad and happy faces) to create a humorous contrast, which might be misleading to viewers who expect the video to be about chocolate reactions when it is actually about craft and parenting tips.

#### Step 6: Categorize the Thumbnail
**Categorization:** Misleading

#### Explanation:
The thumbnail is categorized as misleading because it presents a humorous scenario involving chocolate reactions, which is not representative of the video's actual content. The video is a compilation of craft and parenting tips, and the thumbnail does not accurately reflect this theme. The exaggerated expressions and the contrast between the two girls' reactions are likely intended to be humorous but do not align with the video's actual content."
lp_26Ec4I1I,"### Analysis and Categorization:

#### Step 1: Examine the Thumbnail
The thumbnail features two images:
1. On the left, a couple is shown in a close embrace, suggesting intimacy and affection.
2. On the right, a luxurious yacht is displayed, indicating wealth and opulence.

#### Step 2: Read Through the Video Subtitles and Content Description
The subtitles and video content describe a wedding gift from Ranbir Kapoor to Alia Bhatt, specifically a custom-made wedding band with eight diamonds, which is a significant detail mentioned in the video.

#### Step 3: Compare the Thumbnail to the Actual Video Content
- The thumbnail prominently features a couple in a close embrace, which aligns well with the theme of a wedding and romantic relationship.
- The luxurious yacht in the thumbnail, however, is not directly related to the wedding gift described in the video. While the yacht could symbolize wealth, it is not a direct representation of the wedding gift itself.

#### Step 4: Determine if the Thumbnail Accurately Represents the Video's Main Topic or Content
The thumbnail effectively captures the essence of a wedding and romantic relationship, which is central to the video's content. However, the inclusion of the yacht introduces an element that is not directly relevant to the wedding gift itself.

#### Step 5: Assess Whether the Thumbnail Uses Exaggeration, False Promises, or Clickbait Tactics
The thumbnail does not use exaggerated language or false promises. It accurately reflects the romantic and celebratory nature of the wedding, which is the primary focus of the video.

#### Step 6: Categorize the Thumbnail
Based on the analysis, the thumbnail is not misleading because it accurately represents the romantic and celebratory themes of the wedding, which are central to the video's content. The inclusion of the yacht, while visually striking, does not detract from the main theme of the wedding gift.

### Final Decision:
**Not Misleading**

**Explanation:**
The thumbnail effectively captures the romantic and celebratory themes of the wedding, which are central to the video's content. Although the yacht introduces an element that is not directly relevant to the wedding gift, it does not detract from the main theme of the wedding. Therefore, the thumbnail is not misleading."
UNgwa7OekXA,"### Analysis and Categorization:

**Thumbnail:** The thumbnail shows two individuals in a rural setting, one in a yellow shirt and the other in a red shirt, both appearing to be in a humorous or exaggerated situation involving a rope tied around their waists. The background includes a river and lush greenery, suggesting a peaceful, natural environment.

**Subtitles:** The subtitles seem to indicate a comedic interaction between the two individuals, possibly involving a playful struggle or a humorous mishap related to the rope.

**Video Description:** The video appears to be a comedic skit set in a rural area, featuring exaggerated facial expressions and body language. The scenes include various humorous interactions, such as examining a piece of wood, dramatic eating, and playful situations involving water and mud. The overall tone is light-hearted and intended to entertain through physical comedy.

**Comparison:** The thumbnail depicts a humorous scenario involving two individuals in a rural setting, which aligns closely with the video's content described in the video description. The rural backdrop and the presence of water and mud are consistent with the scenes shown in the video. The exaggerated expressions and body language seen in the thumbnail are also reflected in the video content.

**Assessment:** The thumbnail accurately represents the video's main topic and content. It captures the essence of the rural setting and the comedic nature of the skit, which involves exaggerated interactions and humorous situations. There is no exaggeration, false promise, or clickbait tactic used in the thumbnail.

**Categorization:** **Not Misleading**

**Explanation:** The thumbnail effectively communicates the main theme and setting of the video, which is a comedic skit set in a rural area. It accurately reflects the humorous and exaggerated nature of the content, ensuring that viewers understand the type of entertainment they can expect from the video."
n32O01tUyvo,"### Analysis and Categorization

#### Step-by-Step Analysis:

1. **Examine the Thumbnail**:
   - The thumbnail shows two players on a soccer field, one in a white jersey and the other in a blue jersey. They appear to be in a confrontational stance, with the player in the blue jersey having his arm extended towards the player in the white jersey.

2. **Read Through the Video Subtitles and Content Description**:
   - The subtitles and video content describe various soccer moments, including confrontations, injuries, and controversial incidents. However, the specific scene depicted in the thumbnail does not directly correspond to the content described in the video.
   - The video content includes scenes of players interacting, arguing, and dealing with injuries, but the thumbnail does not depict these specific interactions.

3. **Compare the Thumbnail to the Actual Video Content**:
   - The thumbnail shows a confrontation between two players, which is a common theme in soccer videos. However, the specific interaction shown in the thumbnail does not align with the detailed descriptions provided in the video content.
   - The video content includes a variety of scenes, such as players arguing, a player being injured, and a referee giving a card, but none of these scenes match the exact interaction shown in the thumbnail.

4. **Assess Whether the Thumbnail Accurately Represents the Video's Main Topic or Content**:
   - The thumbnail accurately represents a common theme in soccer videos, which is confrontations between players. However, it does not specifically represent the detailed content described in the video subtitles and description.

5. **Evaluate for Exaggeration, False Promises, or Clickbait Tactics**:
   - The thumbnail does not use exaggerated imagery or false promises. It simply depicts a common scenario in soccer videos without any misleading elements.

6. **Categorize the Thumbnail**:
   - Given that the thumbnail accurately represents a common theme in soccer videos but does not specifically match the detailed content described in the video, it is not misleading.

### Conclusion:

**Categorization: Not Misleading**

**Explanation**: The thumbnail accurately represents a common theme in soccer videos, depicting a confrontation between two players. While it does not specifically match the detailed content described in the video, it does not use exaggerated imagery or false promises. Therefore, it is not misleading."
fsWXfXrLG6w,"### Analysis and Categorization

#### Step-by-Step Analysis:

1. **Examine the Thumbnail**:
   - The thumbnail shows a suburban street scene with a flock of white birds (likely cockatoos) gathered on the road and lawn of a house. The image suggests a peaceful residential setting with a natural element of wildlife.

2. **Read Through the Video Subtitles and Content Description**:
   - The subtitles and video content description mention a variety of unrelated scenes, including wildlife, human activities, and various events. These scenes range from a bear in a forest, a flock of birds on a suburban street, a fire truck in a smoke-filled environment, school buses colliding, a snowy landscape with a marmot, a helicopter taking off, a whale swimming underwater, and a group of elephants interacting in a sanctuary.

3. **Compare the Thumbnail to the Actual Video Content**:
   - The thumbnail depicts a calm suburban street with birds, which is a single, specific scene. However, the video content includes a wide array of unrelated scenes, ranging from wildlife to human activities and events.

4. **Determine if the Thumbnail Accurately Represents the Video's Main Topic or Content**:
   - The thumbnail does not accurately represent the majority of the video's content. While the video does include a scene with birds, it is just one of many diverse scenes featured throughout the video.

5. **Assess Whether the Thumbnail Uses Exaggeration, False Promises, or Clickbait Tactics**:
   - The thumbnail does not use exaggerated imagery or false promises. It simply shows a scene that is part of the video's content, albeit a minor one.

6. **Categorize the Thumbnail as Either ""Misleading"" or ""Not Misleading""**:
   - Given that the thumbnail does not accurately represent the majority of the video's content, it is misleading.

7. **Provide a Brief Explanation for the Decision**:
   - The thumbnail shows a suburban street with birds, which is a single, specific scene. However, the video contains a wide array of unrelated scenes, including wildlife, human activities, and events. Therefore, the thumbnail is misleading as it does not accurately represent the overall content of the video.

### Final Categorization:
**Misleading**

**Explanation**: The thumbnail depicts a suburban street with birds, which is a single, specific scene. However, the video contains a wide array of unrelated scenes, including wildlife, human activities, and events. Therefore, the thumbnail is misleading as it does not accurately represent the overall content of the video."
ILomVjEJT_k,"### Analysis and Categorization:

#### Step 1: Examine the Thumbnail
The thumbnail features two individuals, a man and a woman, seemingly engaged in a conversation. The text overlay in Urdu translates to ""Shieb and Sania's secret relationship revealed."" The image suggests a discussion or interview format, possibly involving personal or sensitive topics.

#### Step 2: Read Through the Video Subtitles and Content Description
The subtitles indicate a conversation about a relationship, specifically mentioning ""Shieb"" and ""Sania."" The content description describes a series of frames showing various images of a couple in traditional South Asian wedding attire, as well as casual images of the same couple in everyday clothes. The news ticker at the bottom suggests a breaking news segment about a relationship or marriage story.

#### Step 3: Compare the Thumbnail to the Actual Video Content
The thumbnail depicts a conversation between two individuals, which aligns with the content described in the video description. However, the specific mention of ""Shieb and Sania's secret relationship revealed"" in the thumbnail does not match the actual content of the video, which focuses on a couple's relationship and possibly a breaking news segment about it.

#### Step 4: Determine if the Thumbnail Accurately Represents the Video's Main Topic or Content
The thumbnail suggests a discussion about a secret relationship, which is not explicitly mentioned in the video content. The video primarily discusses a couple's relationship and possibly a breaking news segment about it, without any indication of a secret relationship.

#### Step 5: Assess Whether the Thumbnail Uses Exaggeration, False Promises, or Clickbait Tactics
The thumbnail uses exaggerated language (""secret relationship"") that does not accurately represent the content of the video. It creates a misleading impression by suggesting a more sensational topic than what is actually discussed.

#### Step 6: Categorize the Thumbnail
**Categorization:** Misleading

#### Explanation:
The thumbnail is misleading because it suggests a discussion about a secret relationship between Shieb and Sania, which is not supported by the actual video content. The video primarily discusses a couple's relationship and possibly a breaking news segment about it, without any indication of a secret relationship. The use of exaggerated language in the thumbnail creates a misleading impression and does not accurately represent the content of the video."
fDANmSPL4Js,"### Analysis and Categorization

**Thumbnail:** The thumbnail shows a large bone partially buried in sand with the word ""GIANT!"" written above it, accompanied by an arrow pointing to the bone. There are also toy shovels placed near the bone, suggesting a playful or educational context.

**Video Subtitles:** The subtitles indicate that the video is about a discovery of a large bone found on a beach, which researchers believe could be from a new species of marine reptile, specifically an ichthyosaur, and that it is the largest ever found, measuring over 21 meters long.

**Video Description:** The video appears to be an educational segment discussing the discovery of a large bone on a beach, which researchers believe belongs to a new species of marine reptile, possibly an ichthyosaur. The presenter explains the characteristics of the bone and the implications of its size, suggesting it is indeed a significant find.

**Comparison and Assessment:**

- **Thumbnail vs. Video Content:** The thumbnail effectively captures the essence of the video content by highlighting the large bone discovered on the beach. The word ""GIANT!"" and the arrow pointing to the bone clearly convey the significance of the discovery. The presence of toy shovels adds a playful element, which aligns well with the educational and engaging nature of the video.
  
- **Exaggeration or False Promises:** The thumbnail does not use exaggerated language or false promises. It accurately represents the main topic of the video, which is the discovery of a large bone believed to be from a new species of marine reptile.

- **Clickbait Tactics:** The thumbnail does not employ clickbait tactics. It is straightforward and informative, focusing on the discovery without any misleading elements.

**Conclusion:**

The thumbnail is **Not Misleading**. It accurately represents the main topic of the video, which is the discovery of a large bone believed to be from a new species of marine reptile. The thumbnail effectively communicates the significance of the discovery without any exaggeration or false promises. Therefore, the categorization is:

**Categorization: Not Misleading**

**Explanation:** The thumbnail accurately represents the main topic of the video, which is the discovery of a large bone believed to be from a new species of marine reptile. It does not use exaggerated language or false promises, and it does not employ clickbait tactics."
SwYCrmDmLdc,"### Analysis and Categorization:

**Thumbnail:** The thumbnail shows a cow running through a river with a person in the background appearing to be running away. There is a laughing emoji overlaid on the image.

**Video Content Summary:**
- The video compilation includes a variety of humorous and unexpected moments, such as a person precariously balanced on a chair in a flooded room, someone swimming in muddy water, a person struggling to tie their belt in a martial arts studio, and a person attempting to lift heavy objects outdoors.
- The scenes are diverse and include both indoor and outdoor settings, featuring different characters and scenarios.

**Comparison:**
- The thumbnail depicts a cow running through a river, which is a specific and somewhat unusual moment within the compilation.
- However, the overall theme of the video is a collection of various amusing and unexpected situations, rather than a single, specific event like the cow running through the river.

**Assessment:**
- The thumbnail does not accurately represent the majority of the video content, which consists of a wide array of humorous and unexpected moments.
- While the cow running through the river could be part of the video, the thumbnail suggests a more singular focus on this particular event, which might mislead viewers into expecting a video primarily centered around this specific scenario.

**Conclusion:**
**Misleading**

**Explanation:**
The thumbnail is categorized as misleading because it focuses on a single, specific event (a cow running through a river) that is not representative of the diverse and varied content of the entire video compilation. The thumbnail gives the impression that the video is primarily about this particular event, which may not align with the viewer's expectations based on the thumbnail alone."
xSQ8cZE27-Y,"### Categorization: Misleading

**Explanation:**
The thumbnail prominently features a split-screen image of Amitabh Bachchan with text bubbles containing phrases that seem to be excerpts from the subtitles. These phrases include derogatory and confrontational language directed towards Aishwarya Rai and Abhishek Bachchan, which are not representative of the overall content of the video. The thumbnail suggests a highly controversial and negative interaction involving Amitabh Bachchan, which is not evident from the video description provided. Instead, the video seems to be a compilation of scenes from the lives of prominent Bollywood actors, focusing on their personal and professional journeys rather than a specific incident involving Amitabh Bachchan and Aishwarya Rai. Therefore, the thumbnail is misleading as it does not accurately represent the content of the video."
gt_jiSsQQno,"### Analysis and Categorization

#### Step 1: Examine the Thumbnail
The thumbnail shows a soccer player in a red jersey with the number 7, performing a celebratory gesture, likely after scoring a goal. The player is surrounded by a crowd of cheering fans, and the background suggests a stadium setting. The image is vibrant and dynamic, capturing the excitement of a soccer match.

#### Step 2: Read Through the Video Subtitles and Content Description
The subtitles and video content describe a match from the 2010 FIFA World Cup between Portugal and North Korea. The video highlights Cristiano Ronaldo's performance, showcasing his skill and impact on the game. The match is described as a high-stakes encounter with Ronaldo leading Portugal to victory.

#### Step 3: Compare the Thumbnail to the Actual Video Content
The thumbnail accurately reflects the content of the video. It shows a player in a red jersey, which aligns with the description of the Portuguese team. The celebratory gesture and the crowd in the background are consistent with the excitement of a World Cup match.

#### Step 4: Determine if the Thumbnail Accurately Represents the Video's Main Topic or Content
The thumbnail effectively represents the main topic of the video, which is a World Cup match featuring Cristiano Ronaldo and the Portuguese team. The image captures the essence of the match and the player's performance.

#### Step 5: Assess Whether the Thumbnail Uses Exaggeration, False Promises, or Clickbait Tactics
There are no elements in the thumbnail that use exaggeration, false promises, or clickbait tactics. The image is straightforward and accurately represents the content of the video.

#### Step 6: Categorize the Thumbnail
Based on the analysis, the thumbnail is not misleading.

#### Explanation
The thumbnail accurately depicts a World Cup match featuring Cristiano Ronaldo and the Portuguese team, which matches the content described in the video. There are no exaggerated elements or misleading aspects in the thumbnail. Therefore, the thumbnail is categorized as ""Not Misleading.""

### Final Decision
**Categorization:** Not Misleading

**Explanation:** The thumbnail accurately represents the content of the video, which is a World Cup match featuring Cristiano Ronaldo and the Portuguese team. There are no misleading elements in the thumbnail."
Zt08Km802-k,"### Analysis and Categorization

#### Step-by-Step Analysis:

1. **Examine the Thumbnail**:
   - The thumbnail features multiple characters in various settings, including a woman with long hair, a man with a beard, and another older man gesturing.
   - The text overlay indicates ""EPISODE 14"" and the title ""Kabhi Main Kabhi Tum.""

2. **Read Through the Video Subtitles and Content Description**:
   - The subtitles provide dialogue from the characters discussing personal relationships, conflicts, and emotional turmoil within the narrative.
   - The content description outlines various scenes depicting domestic settings, arguments, romantic moments, and emotional reactions among characters.

3. **Compare the Thumbnail to the Actual Video Content**:
   - The thumbnail shows a mix of characters and settings, which aligns with the diverse scenes described in the video content.
   - The presence of a woman with long hair and a man with a beard matches the characters mentioned in the subtitles and the video description.
   - The older man in the thumbnail also corresponds to the scene where a character is seen gesturing, which is consistent with the description of a heated discussion or argument.

4. **Determine Accuracy Representation**:
   - The thumbnail accurately represents the main characters and settings depicted in the video content.
   - It does not exaggerate or mislead viewers into expecting a different type of content than what is shown in the video.

5. **Assess for Exaggeration, False Promises, or Clickbait Tactics**:
   - There are no elements in the thumbnail that suggest exaggeration or false promises.
   - The thumbnail does not use clickbait tactics by promising a specific outcome or scene that is not represented.

6. **Final Categorization**:
   - The thumbnail is not misleading.

### Explanation:

The thumbnail accurately reflects the content of the video by showcasing key characters and settings from the drama ""Kabhi Main Kabhi Tum."" It does not use exaggerated imagery or false promises to attract viewers. Therefore, the thumbnail is categorized as ""Not Misleading."""
tJyXy7qQvGw,"### Analysis and Categorization:

**Thumbnail:** The thumbnail shows a child reacting negatively to a bowl of steaming noodles, with a red ""X"" indicating disapproval. On the right side, another child is shown happily eating noodles with a spoon, accompanied by a green checkmark.

**Subtitles:** The subtitles are not provided in the description, so they cannot be analyzed directly.

**Video Description:** The video appears to be a compilation of various craft and cooking projects, as described in the video content breakdown. The scenes include cooking, crafting, and playful activities, with a focus on quick and easy DIY projects.

**Comparison:** 
- The thumbnail suggests a negative reaction to steaming noodles, implying that the video might be about avoiding or dealing with hot food.
- However, the video content describes a variety of craft and cooking projects, which are unrelated to the negative reaction depicted in the thumbnail.

**Assessment:**
- The thumbnail does not accurately represent the video's main topic or content. It misleads viewers by suggesting that the video is about dealing with hot food, which is not the case.
- The thumbnail uses exaggerated imagery to convey a message that is not supported by the actual video content.

**Categorization:** Misleading

**Explanation:** The thumbnail is misleading because it depicts a negative reaction to steaming noodles, which is not the theme of the video. Instead, the video is a collection of craft and cooking projects, as indicated by the video description. The thumbnail creates an expectation that is not fulfilled by the video content, thus misleading viewers."
HXDLxqSh52M,"### Analysis and Categorization

#### Step 1: Examine the Thumbnail
The thumbnail shows a person riding a dirt bike through a tunnel, which appears to be a dramatic and adventurous scene. The image conveys a sense of thrill and excitement, suggesting a high-energy activity.

#### Step 2: Read Through the Video Subtitles and Content Description
The video description mentions a variety of unique and quirky scenes, including:
- Serene sky views
- A person encased in a transparent bubble structure
- Hands interacting with a colorful board game or puzzle
- Security camera footage of a theft attempt
- Running up and down steps in an amphitheater
- People gathered around a computer in an office or shop
- Juggling a small green ball
- Arranging metal bowls in a pyramid formation
- Operating a sewing machine
- Preparing a drink or food item in a small shop
- An artistic portrait made of vertical lines or strings
- A person with a thin red string coming from their mouth
- Walking on a thin pipe or cable high up in the mountains
- Twirling an umbrella while walking in the rain

#### Step 3: Compare the Thumbnail to the Actual Video Content
The thumbnail depicts a person riding a dirt bike through a tunnel, which is completely unrelated to the content described in the video. The video does not feature any scenes involving a dirt bike or a tunnel.

#### Step 4: Determine if the Thumbnail Accurately Represents the Video's Main Topic or Content
The thumbnail does not accurately represent the video's main topic or content. It suggests a high-energy, adventurous activity (riding a dirt bike), whereas the video features a wide range of mundane and quirky scenes, none of which involve a dirt bike or a tunnel.

#### Step 5: Assess Whether the Thumbnail Uses Exaggeration, False Promises, or Clickbait Tactics
The thumbnail uses exaggerated imagery and promises an exciting adventure, which is misleading because the video content does not match the thumbnail's depiction.

#### Step 6: Categorize the Thumbnail
**Categorization: Misleading**

#### Explanation:
The thumbnail is categorized as misleading because it depicts a person riding a dirt bike through a tunnel, which is not represented in the video content. The video features a variety of mundane and quirky scenes, none of which involve a dirt bike or a tunnel. The thumbnail uses exaggerated imagery and promises an exciting adventure, which is not reflected in the actual video content."
Tw8fBZt66P0,"### Analysis and Categorization

#### Step-by-Step Analysis:

1. **Examine the Thumbnail**:
   - The thumbnail shows a child performing a push-up on a bar, with a red arrow pointing towards the child’s head.
   - The child appears to be very young, possibly under five years old, and is shirtless, revealing a muscular physique.

2. **Read the Video Subtitles and Content Description**:
   - The subtitles suggest that the video features impressive feats and activities performed by children.
   - The content description lists various clips of children performing impressive stunts, such as riding a unicycle, performing flips, and demonstrating strength and balance.

3. **Compare the Thumbnail to the Actual Video Content**:
   - The thumbnail depicts a young child performing a push-up, which is not representative of the diverse range of activities shown in the video.
   - The video includes a variety of activities such as gymnastics, skateboarding, and other physical feats, none of which are depicted in the thumbnail.

4. **Determine Accuracy Representation**:
   - The thumbnail does not accurately represent the main topic or content of the video. It focuses on a single activity (push-ups) that is not central to the overall theme of the video.
   - The thumbnail suggests that the video is about a young child performing a specific exercise, which is misleading since the video contains a wide array of activities.

5. **Assess for Exaggeration, False Promises, or Clickbait Tactics**:
   - The thumbnail uses a misleading image to attract viewers, suggesting that the video is about a young child performing a specific exercise, which is not true.
   - There is no indication of exaggeration or false promises in the thumbnail itself; however, the lack of accuracy in representing the video content is misleading.

6. **Categorization**:
   - Based on the analysis, the thumbnail is misleading because it does not accurately represent the diverse range of activities featured in the video.

### Final Decision:
**Misleading**

**Explanation**: The thumbnail depicts a young child performing push-ups, which is not representative of the diverse range of activities shown in the video. The thumbnail suggests that the video is about a young child performing a specific exercise, which is misleading since the video contains a wide array of activities."
RXsnOeKRMWA,"### Analysis and Categorization:

#### Step 1: Examine the Thumbnail
The thumbnail features a collage of images including a man and a woman sitting together, a man in a cricket jersey, and a woman in a hijab. The text in Urdu suggests a discussion about a celebrity couple, specifically mentioning Babar Azam and Hania Aamir.

#### Step 2: Read Through the Video Subtitles and Content Description
The subtitles discuss social media trends and speculations about a relationship between Babar Azam and Hania Aamir. The content description highlights various aspects of their lives, including their professional careers, public appearances, and personal moments.

#### Step 3: Compare the Thumbnail to the Actual Video Content
The thumbnail shows a formal image of a couple, which aligns with the content description that mentions their professional careers and public appearances. However, the thumbnail does not explicitly convey the detailed social media speculation and the specific focus on their relationship dynamics discussed in the subtitles.

#### Step 4: Determine if the Thumbnail Accurately Represents the Video's Main Topic or Content
While the thumbnail does represent the couple, it does not clearly indicate the specific focus on social media speculation and the relationship dynamics mentioned in the subtitles. The thumbnail is somewhat generic and does not provide enough context about the detailed social media trends and discussions about their relationship.

#### Step 5: Assess Whether the Thumbnail Uses Exaggeration, False Promises, or Clickbait Tactics
The thumbnail does not use exaggerated language or false promises. It simply shows a couple, which is accurate but lacks specificity regarding the social media speculation and relationship dynamics discussed in the subtitles.

#### Step 6: Categorize the Thumbnail
Based on the analysis, the thumbnail is **not misleading** because it accurately represents the couple featured in the video. However, it does not fully capture the specific focus on social media speculation and relationship dynamics discussed in the subtitles. Therefore, the thumbnail provides a general representation rather than a detailed preview of the content.

### Final Decision:
**Not Misleading**

**Explanation:** The thumbnail accurately depicts the couple featured in the video but fails to convey the specific focus on social media speculation and relationship dynamics discussed in the subtitles. While it is not misleading, it does not fully represent the detailed content of the video."
3Xl9OVjFK6c,"### Categorization: Misleading

### Explanation:
The thumbnail for this video shows a person with a heavily distorted face, which appears to be a horror or Halloween-themed mask. The video content, however, transitions between a SpongeBob SquarePants scene and a dramatic sunset scene. The thumbnail does not accurately represent the video's main content, which is a mix of comedic and serious elements. The thumbnail's exaggerated and unsettling appearance contrasts sharply with the lighthearted and humorous nature of the SpongeBob scenes and the serene, albeit dramatic, sunset scene. Therefore, the thumbnail is misleading as it does not reflect the actual content of the video."
eiKNcRAyAEE,"### Analysis and Categorization

#### Step-by-Step Analysis:

1. **Examine the Thumbnail**:
   - The thumbnail shows a hand covered in a purple, gelatinous substance interacting with a red magnet.
   - The word ""Magnetic!"" is prominently displayed above the image.

2. **Read Through the Video Subtitles and Content Description**:
   - The subtitles mention a variety of science experiments, including magnetism, density, electricity, and chemical reactions.
   - The video content includes demonstrations such as a magnet picking up coins, a simple electric motor, and a demonstration involving a glowing yellow egg-shaped object.

3. **Compare the Thumbnail to the Actual Video Content**:
   - The thumbnail depicts a specific interaction between a magnet and a gelatinous substance, which is visually striking and intriguing.
   - However, the video content covers a wide range of experiments, many of which do not involve magnets or gelatinous substances.

4. **Determine if the Thumbnail Accurately Represents the Video's Main Topic or Content**:
   - The thumbnail suggests a focus on magnetism, specifically the interaction between a magnet and a gelatinous substance.
   - The video, however, contains a broad array of experiments, including those unrelated to magnetism.

5. **Assess Whether the Thumbnail Uses Exaggeration, False Promises, or Clickbait Tactics**:
   - The thumbnail uses the word ""Magnetic!"" to attract viewers' attention, which could be seen as a clickbait tactic.
   - However, the video content does include a magnet demonstration, but it is just one part of a larger collection of experiments.

6. **Categorize the Thumbnail as Either ""Misleading"" or ""Not Misleading""**:
   - While the thumbnail does highlight a specific experiment (magnetism), it does not accurately represent the overall content of the video, which includes a variety of experiments beyond magnetism.

### Final Decision:

**Categorization: Misleading**

**Explanation:**
The thumbnail is misleading because it focuses on a specific experiment (magnetism) and a visual effect (a hand covered in a gelatinous substance interacting with a magnet), which is not representative of the broader content of the video. The video contains a diverse set of experiments, many of which do not involve magnets or gelatinous substances. Therefore, the thumbnail misleads viewers by not accurately representing the full scope of the video's content."
Bf6iV3Wtl4I,"### Analysis and Categorization

#### Step 1: Examine the Thumbnail
The thumbnail shows a close-up of a woman's face, which appears to be Bella Hadid. The image is accompanied by a pink circular logo with the letters ""tt"" in the bottom left corner. The overall aesthetic suggests a personal or behind-the-scenes look at Bella Hadid, possibly focusing on her personal life or struggles.

#### Step 2: Read Through the Video Subtitles and Content Description
The subtitles and video content describe Bella Hadid's journey from struggling with self-image and mental health to becoming a confident force in the modeling industry. The video highlights her experiences growing up in the shadow of her sister Gigi Hadid, her struggles with plastic surgery, and her openness about mental health challenges.

#### Step 3: Compare the Thumbnail to the Actual Video Content
The thumbnail effectively captures the essence of the video content. It shows Bella Hadid, which aligns with the video's focus on her personal life and struggles. The pink circular logo adds a touch of branding, which could be related to the ""tt"" mentioned in the subtitles, suggesting a possible collaboration or series.

#### Step 4: Determine if the Thumbnail Accurately Represents the Video's Main Topic or Content
The thumbnail accurately represents the video's main topic, which is Bella Hadid's personal journey and struggles. It does not exaggerate or misrepresent the content.

#### Step 5: Assess Whether the Thumbnail Uses Exaggeration, False Promises, or Clickbait Tactics
The thumbnail does not use any exaggerated elements or false promises. It simply shows Bella Hadid, which is appropriate for a video that focuses on her personal life and struggles.

#### Step 6: Categorize the Thumbnail
Based on the analysis, the thumbnail is **Not Misleading**.

#### Explanation
The thumbnail accurately represents the video's content by showing Bella Hadid, which is central to the narrative of her personal journey and struggles. It does not use any exaggerated elements or false promises, making it a fair representation of the video's main topic."
pubcUVtYpY4,"### Analysis and Categorization

#### Step-by-Step Analysis:

1. **Examine the Thumbnail**:
   - The thumbnail prominently features a character in a superhero costume with electric effects surrounding them, suggesting a powerful and dynamic action sequence.
   - The image also includes a close-up of a wolf's face with glowing eyes, adding a mysterious and intense element.

2. **Read the Video Subtitles and Content Description**:
   - The subtitles indicate that the video is an official trailer for a movie titled ""Krrish 4.""
   - The content description mentions scenes related to a science fiction or action movie, including scientific experiments, advanced technology, and a sense of urgency or danger.
   - The video seems to be a compilation of various scenes from the movie, showcasing different characters and settings, including laboratories, aircraft control towers, and futuristic environments.

3. **Compare the Thumbnail to the Actual Video Content**:
   - The thumbnail effectively captures the essence of the movie's genre, which is science fiction and action.
   - The scenes described in the video content match the themes suggested by the thumbnail, such as scientific experiments, advanced technology, and a sense of urgency or danger.

4. **Assess the Accuracy of the Thumbnail Representation**:
   - The thumbnail accurately represents the main topics and themes of the movie, which are prominently featured in the video content.
   - There are no exaggerated or misleading elements in the thumbnail that do not align with the actual video content.

5. **Determine if the Thumbnail Uses Exaggeration, False Promises, or Clickbait Tactics**:
   - The thumbnail does not use any exaggerated or misleading elements that would mislead viewers about the content of the video.
   - The thumbnail clearly communicates the genre and themes of the movie, which are consistent with the video content.

6. **Final Categorization**:
   - The thumbnail is not misleading because it accurately represents the main topics and themes of the movie, which are prominently featured in the video content.

### Conclusion:

**Categorization: Not Misleading**

**Explanation:**
The thumbnail accurately represents the main topics and themes of the movie, which are prominently featured in the video content. There are no exaggerated or misleading elements in the thumbnail that would mislead viewers about the content of the video. Therefore, the thumbnail is not misleading."
Ls5yMv96vXo,"### Analysis and Categorization

#### Step 1: Examine the Thumbnail
The thumbnail shows a person in a pool, appearing distressed and chained, with water splashing around them. The person has visible injuries and is making a defensive gesture with their hands.

#### Step 2: Read Through the Video Subtitles and Content Description
The subtitles and video content describe a series of scenes that seem to involve a mix of comedy, mystery, and possibly some light horror elements. The scenes include:
- A group reacting to something on a laptop.
- A person in a pool, possibly playing a hiding game.
- A person in dark clothing investigating something.
- Scenes of energetic movement, including people running up stairs.
- A group around a laptop discussing a murder mystery.
- A scene involving a ""murdered"" character and a hide-and-seek game.
- A ""murdered"" character being identified as the killer.
- A ""slippery stairs challenge.""
- A ""Jedi"" jump and a car chase.

#### Step 3: Compare the Thumbnail to the Actual Video Content
The thumbnail depicts a person in a pool, chained and appearing distressed, which does not match the primary themes of the video content described above. The video content revolves around a murder mystery, hide-and-seek games, and physical challenges rather than a池中的受困者。

#### Step 4: Determine if the Thumbnail Accurately Represents the Video's Main Topic or Content
The thumbnail does not accurately represent the main topics or content of the video. It suggests a scenario involving a person in distress in a pool, which is not the central theme of the video.

#### Step 5: Assess Whether the Thumbnail Uses Exaggeration, False Promises, or Clickbait Tactics
The thumbnail uses exaggerated imagery to create a sense of danger or distress, which is not reflective of the actual content of the video.

#### Step 6: Categorize the Thumbnail as Either ""Misleading"" or ""Not Misleading""
Based on the analysis, the thumbnail is **Misleading**.

#### Explanation:
The thumbnail depicts a person in a pool, chained and appearing distressed, which is not representative of the video's content. The video primarily involves a murder mystery, hide-and-seek games, and physical challenges, none of which are depicted in the thumbnail. Therefore, the thumbnail misleads viewers about the nature of the video content."
X-88Rn8JRHs,"### Categorization: Misleading

**Explanation:**
The thumbnail depicts a person with a gold mask and a cactus, suggesting a potentially dangerous or humorous interaction between the individual and the cactus. However, the video content described does not involve any such interaction. Instead, the video appears to be a compilation of short, comedic scenes primarily set in a kitchen or home environment, featuring exaggerated reactions and physical comedy. The thumbnail's imagery of a gold mask and a cactus creates a misleading expectation that the video contains content related to these elements, which are not present in the actual video content. Therefore, the thumbnail is misleading as it does not accurately represent the video's main topic or content."
3bh7xtbbKKQ,"### Categorization: Not Misleading

### Explanation:
The provided video description and thumbnail image depict a high-profile event at the Nita Mukesh Ambani Cultural Centre, likely a red carpet or photo opportunity. The thumbnail shows a woman in a striking lime green and gold sari posing alone against a backdrop featuring the center's logo. The video content confirms this setting, as it features individuals dressed elegantly, posing for photographs, and interacting in a celebratory manner typical of such events. The atmosphere described in the video is glamorous and celebratory, consistent with the theme suggested by the thumbnail.

There are no exaggerated claims or misleading elements in the thumbnail compared to the actual video content. The thumbnail accurately represents the event and the individuals involved, providing a clear preview of the content without any misleading information. Therefore, the thumbnail is not misleading."
h8poH5sn1eQ,"### Analysis and Categorization

**Thumbnail:**
The thumbnail features a group of actors in a colorful and dynamic composition, with a mix of romance and horror elements. It prominently displays the title ""Stree-2"" in bold, along with the main cast members. The background includes supernatural and romantic imagery, suggesting a blend of horror and romance themes.

**Video Subtitles:**
The subtitles discuss the anticipation and excitement surrounding the release of ""Stree 2,"" highlighting the return of the supernatural element ""Chanderi"" and the involvement of the original cast. The dialogue mentions the horror and supernatural aspects of the film, emphasizing the return of the ghost ""Chanderi.""

**Video Description:**
The video showcases a mix of romantic and horror elements, with scenes of couples in love, supernatural creatures, and moments of fear. The overall tone is unpredictable, blending romance with horror, which aligns closely with the themes suggested in the thumbnail.

### Comparison and Decision

The thumbnail effectively captures the essence of the film's blend of romance and horror, as described in the video content. The imagery of the actors and the supernatural elements in the background accurately reflect the themes discussed in the subtitles and video description. There are no exaggerated claims or misleading elements present in the thumbnail.

### Conclusion

**Categorization:** Not Misleading

**Explanation:** The thumbnail accurately represents the content of the video, which features a mix of romantic and horror elements. The imagery and text in the thumbnail align with the themes discussed in the subtitles and video description, ensuring that viewers understand the nature of the film before watching. Therefore, the thumbnail is not misleading."
Pv0iVoSZzN8,"### Analysis and Categorization

#### Step-by-Step Analysis:

1. **Examine the Thumbnail**:
   - The thumbnail shows a person wrapped in duct tape with a lit ""TNT"" dynamite stick placed under their chin. The background suggests a confined space, possibly a basement or a similar enclosed area.
   - The image conveys a sense of danger and urgency, which aligns with the theme of a high-stakes challenge involving explosives.

2. **Read Through the Video Subtitles and Content Description**:
   - The subtitles indicate a timed challenge involving a ten-minute countdown where the person must escape a jacket and navigate through multiple floors before an explosion occurs.
   - The video content includes various physical challenges such as climbing, solving puzzles, and dealing with explosive elements, which are consistent with the thumbnail's depiction of a dangerous situation.

3. **Compare the Thumbnail to the Actual Video Content**:
   - The thumbnail effectively captures the essence of the video's content, which revolves around a high-stakes challenge involving physical and mental endurance.
   - The presence of the ""TNT"" dynamite stick in the thumbnail matches the explosive elements described in the subtitles and video content.

4. **Determine Accuracy Representation**:
   - The thumbnail accurately represents the main topic of the video, which is a high-stakes challenge involving physical and mental endurance.
   - There are no exaggerated elements or false promises in the thumbnail that mislead viewers about the nature of the content.

5. **Assess for Exaggeration, False Promises, or Clickbait Tactics**:
   - The thumbnail does not use any exaggerated elements or false promises. It clearly depicts the core elements of the video's content without misleading viewers.

6. **Final Categorization**:
   - The thumbnail is not misleading because it accurately represents the high-stakes, dangerous nature of the challenge depicted in the video.

### Conclusion:
**Categorization: Not Misleading**

**Explanation**: The thumbnail effectively captures the high-stakes, dangerous nature of the challenge depicted in the video, accurately representing the core elements of the content without using any exaggerated elements or false promises."
H9OiyUQiJpw,"### Categorization: Misleading

**Explanation:**

The thumbnail shows a hospital scene with Amitabh Bachchan lying in a bed, which immediately suggests a serious health issue. However, the video subtitles and content description provide a more nuanced view of his condition. While the video does discuss Amitabh Bachchan's health issues, particularly his hip injury and recovery process, the thumbnail's depiction of him in a hospital bed creates a misleading impression that he is critically ill or in severe pain. 

The thumbnail does not accurately represent the overall content of the video, which focuses on his recovery journey and his continued engagement with the public despite his health challenges. It exaggerates the severity of his condition by showing him in a hospital bed, which could lead viewers to expect a more dire situation than what is actually depicted in the video. Therefore, the thumbnail is misleading."
iNsWjYpXOzw,"### Analysis and Categorization:

**Thumbnail:**
- The thumbnail features a group of individuals in protective suits and masks standing near a barricaded area, with the text ""BREAKING NEWS"" prominently displayed above them.
- The text in Urdu translates to ""In the country, a case of monkeypox??""

**Video Subtitles:**
- The subtitles indicate a breaking news report about a case of monkeypox in Pakistan, specifically mentioning a patient from Jeddah who has been admitted to a hospital in Islamabad.

**Video Description:**
- The video appears to be a news broadcast covering the outbreak of monkeypox in Pakistan, with a focus on the specific case mentioned in the subtitles.
- The video includes scenes of a news anchor delivering information, microscopic images of virus particles, and breaking news alerts.
- The content is serious and informative, aimed at informing viewers about the latest developments regarding the monkeypox outbreak.

### Comparison and Assessment:

1. **Accuracy Representation:** The thumbnail accurately represents the main topic of the video, which is the breaking news about a monkeypox case in Pakistan. The presence of individuals in protective suits and the breaking news banner aligns with the content described in the video.

2. **Exaggeration or Clickbait:** There is no indication of exaggeration or clickbait tactics in the thumbnail. The text and imagery are straightforward and informative, reflecting the seriousness of the situation.

3. **Misleading Elements:** The thumbnail does not contain any misleading elements that would mislead viewers into expecting content that is not present in the video. The content is clearly aligned with the information provided in the subtitles and the video description.

### Conclusion:

**Categorization: Not Misleading**

**Explanation:**
The thumbnail accurately represents the main topic of the video, which is the breaking news about a monkeypox case in Pakistan. The imagery and text are consistent with the content described in the video, and there are no exaggerated or misleading elements present. Therefore, the thumbnail is not misleading."
uKpEcfPjy1I,"### Analysis and Categorization:

**Thumbnail:** The thumbnail shows a cat pointing at a human finger, accompanied by a laughing emoji. The image suggests a humorous or playful interaction between the cat and a person.

**Video Subtitles:** The subtitles indicate a series of musical and laughter sounds, suggesting a playful or comedic tone. However, the text itself does not provide any specific details about the content of the video.

**Video Description:** The video appears to be a compilation of various cat scenes, showcasing different interactions and behaviors within a cat-friendly environment. The scenes include cats playing, lounging, and interacting with their surroundings. There is no indication of a specific humorous or playful interaction similar to the one depicted in the thumbnail.

**Comparison:** The thumbnail shows a cat pointing at a human finger, which could imply a playful or humorous interaction. However, the video content described focuses on general cat behavior without any specific emphasis on a playful interaction involving a human finger.

**Assessment:** The thumbnail does not accurately represent the video's main content. While the video may contain humorous elements, the thumbnail suggests a specific interaction that is not necessarily present in the video.

**Categorization:** Misleading

**Explanation:** The thumbnail is misleading because it implies a specific playful interaction between a cat and a human finger, which is not explicitly mentioned or depicted in the video description. The video content is more general and does not focus on a particular humorous interaction involving a human finger. Therefore, the thumbnail misleads viewers about the nature of the video content."
sDpdv-SRlaE,"### Analysis and Categorization:

**Thumbnail:** The thumbnail features three individuals, two women and one man, with a bold headline in Urdu that translates to ""They are a married couple! Sania Mirza's reaction to Sana Javed and Shoaib Malik's picture."" The image also includes a smaller subtitle stating ""Who is the person behind this?"" and a larger text at the bottom saying ""What is the reason behind Shoaib Malik and Sana Javed's marriage?""

**Subtitles:** The subtitles discuss a viral video involving Shoaib Malik and Sana Javed, where Sana Javed is seen holding Shoaib Malik's hand. The discussion revolves around Sania Mirza's reaction to this situation, with Sania Mirza claiming that Shoaib Malik is still the father of their children despite the separation.

**Video Description:** The video appears to be a news segment or a compilation of news clips discussing cricket-related issues, including the separation of Shoaib Malik and Sania Mirza, and the involvement of Sana Javed. The video includes scenes of news anchors, interviews, and discussions related to cricket news and celebrity gossip.

**Comparison and Assessment:**

- **Thumbnail vs. Video Content:** The thumbnail suggests a specific focus on the reaction of Sania Mirza to the viral video involving Shoaib Malik and Sana Javed. However, the video content primarily discusses cricket news and celebrity gossip, with a significant portion dedicated to the separation of Shoaib Malik and Sania Mirza, and the involvement of Sana Javed. The thumbnail does not accurately represent the main topics discussed in the video.

- **Exaggeration and Clickbait:** The thumbnail uses the phrase ""They are a married couple!"" which is misleading as the video does not confirm or deny the marital status of the individuals involved. Additionally, the question ""Who is the person behind this?"" and the larger text ""What is the reason behind Shoaib Malik and Sana Javed's marriage?"" are clickbait tactics designed to attract viewers by promising exclusive or sensational content.

- **Overall Impression:** The thumbnail creates a misleading impression by focusing on a specific reaction (Sania Mirza) that is not the primary subject of the video. Instead, the video is a broader discussion about cricket news and celebrity gossip, which does not revolve around the marital status of the individuals mentioned.

**Categorization:** Misleading

**Explanation:** The thumbnail is categorized as misleading because it uses clickbait tactics and exaggerates the content of the video by focusing on a specific reaction that is not the main topic of the video. The thumbnail does not accurately represent the main topics discussed in the video, which include cricket news and celebrity gossip rather than a specific reaction to a viral video."
RvJP7JbMW9I,"### Analysis and Categorization:

**Thumbnail:** The thumbnail shows a couple dressed in traditional South Asian wedding attire, with the woman wearing a white dress and the man in a cream-colored suit. The image suggests a wedding celebration.

**Subtitles:** The subtitles mention a wedding event in Lahore during the third day of Eid al-Fitr, involving cricketers and a famous cricketer named Alia Riaz. It mentions the presence of Babar Azam, the current captain of the Pakistan national cricket team, and other prominent cricketers.

**Video Description:** The video appears to document a wedding celebration, focusing on the couple's happiness and the festive atmosphere. It includes scenes of the couple, the wedding ceremony, and the reception, with various rituals and traditions being observed.

**Comparison and Assessment:**

- **Thumbnail vs. Subtitles:** The thumbnail accurately depicts a wedding celebration, which aligns with the content described in the video description. The subtitles provide additional context about the event being a wedding and the presence of notable cricketers, which is consistent with the video content.
  
- **Exaggeration or False Promises:** The thumbnail does not use any exaggerated claims or false promises. It simply shows a wedding scene, which matches the video content.

- **Clickbait Tactics:** There are no clickbait tactics used in the thumbnail. It clearly indicates a wedding celebration, which is the primary theme of the video.

### Conclusion:

**Categorization:** Not Misleading

**Explanation:** The thumbnail accurately represents the content of the video, which is a wedding celebration. It does not use any misleading elements or clickbait tactics. The subtitles provide additional context that supports the wedding theme depicted in the thumbnail. Therefore, the thumbnail is not misleading."
XNiVcuJoBgQ,"### Analysis and Categorization:

**Thumbnail:** The thumbnail features a ""BREAKING NEWS"" banner with the text ""ملک میں لاک داؤن؟"" (Is there a lockdown in the country?) written in Urdu. There are images of individuals wearing face masks, suggesting a health-related issue.

**Subtitles:** The subtitles mention health advice, specifically regarding the use of masks and the spread of the monkeypox virus. They advise viewers to wear masks in certain directions and highlight the global emergency status of monkeypox in Sweden, with reports of cases in Pakistan and India. China has imposed a ban on customs and immigration, and Saudi Arabia has monitored passengers.

**Video Description:** The video appears to be a news broadcast from BOL News, discussing the monkeypox virus. It includes breaking news graphics, medical imagery, and a news ticker providing updates. The broadcast seems to be informing viewers about the health emergency and advising them on preventive measures.

### Comparison and Assessment:

1. **Thumbnail vs. Video Content:** The thumbnail suggests a breaking news story about a potential lockdown (""لاک داؤن"") in the country, which is not directly related to the content of the video. The video is focused on health advice and the monkeypox virus, not a lockdown announcement.

2. **Exaggeration/Clickbait:** The thumbnail uses the word ""BREAKING NEWS"" and a question mark, which can be misleading as it implies an urgent announcement about a lockdown when the video content is about health advice and the monkeypox virus.

3. **Accuracy Representation:** The thumbnail does not accurately represent the video's main topic, which is health advice and the monkeypox virus, not a lockdown announcement.

### Conclusion:

**Categorization:** Misleading

**Explanation:** The thumbnail is misleading because it suggests a breaking news story about a potential lockdown in the country, which is not substantiated by the video content. Instead, the video focuses on health advice and the monkeypox virus. The use of ""BREAKING NEWS"" and a question mark in the thumbnail creates a sense of urgency and importance that does not match the actual content of the video."
i6_OomloWUg,"### Analysis and Categorization:

**Thumbnail:** The thumbnail shows a split image. On the left, a person is depicted with a necktie made out of a rubber band, and on the right, a person is shown with a distressed expression labeled ""MOM.""

**Subtitles:** The subtitles include phrases like ""MOM,"" ""oh my gosh,"" ""not,"" ""again,"" ""stop,"" ""hey,"" ""what,"" ""fighty,"" ""baby,"" ""come here fast,"" and ""I got a gift for you."" These suggest a humorous or exaggerated interaction, possibly involving a parent-child dynamic.

**Video Description:** The video appears to be a series of comedic scenes featuring exaggerated reactions and interactions among characters. The scenes include various settings such as kitchens, living rooms, and outdoor areas, with characters engaging in playful or dramatic actions. The video seems to focus on humor rather than a specific dramatic or serious event.

**Comparison:** The thumbnail depicts a dramatic and exaggerated interaction involving a ""MOM"" character, which contrasts sharply with the video content that primarily consists of light-hearted, comedic scenes without a clear focus on a dramatic or emotional moment involving a mother.

**Assessment:** The thumbnail uses exaggerated imagery (a rubber band tied around a neck) and a dramatic expression (""MOM"") to create a sense of urgency or distress, which does not align with the actual content of the video. The video itself is a collection of humorous and light-hearted scenes without a significant focus on a dramatic or emotional interaction.

**Categorization:** Misleading

**Explanation:** The thumbnail is categorized as misleading because it features exaggerated imagery and a dramatic expression that do not accurately represent the content of the video. The video is primarily a series of comedic scenes without a clear focus on a dramatic or emotional interaction involving a mother. Therefore, the thumbnail misleads viewers by suggesting a more serious or dramatic context than what is actually presented in the video."
2_nA-sz7pyk,"### Analysis and Categorization

#### Step-by-Step Analysis:

1. **Examine the Thumbnail**:
   - The thumbnail shows a child eating ice cream, with a clock and lightning bolts in the background.
   - The image suggests a playful and fun activity involving ice cream.

2. **Read Through the Video Subtitles and Content Description**:
   - The subtitles indicate a family-oriented video where children are involved in cleaning up after a messy play session.
   - The video includes scenes of children playing superheroes, cleaning up, and engaging in various playful activities.
   - The overall theme revolves around family interaction and responsibility, rather than ice cream or a playful activity involving ice cream.

3. **Compare the Thumbnail to the Actual Video Content**:
   - The thumbnail depicts a child enjoying ice cream, which is not a central theme in the video content.
   - The video primarily focuses on family dynamics, responsibility, and playful activities, which are quite different from the ice cream theme suggested by the thumbnail.

4. **Determine if the Thumbnail Accurately Represents the Video's Main Topic or Content**:
   - The thumbnail does not accurately represent the main topic or content of the video. It misleads viewers by suggesting a video about ice cream enjoyment when the video is about family interaction and responsibility.

5. **Assess Whether the Thumbnail Uses Exaggeration, False Promises, or Clickbait Tactics**:
   - The thumbnail uses a misleading image to attract viewers, promising a video about ice cream enjoyment when the content is about family dynamics and responsibility.

6. **Categorize the Thumbnail**:
   - **Misleading**

7. **Explanation for Decision**:
   - The thumbnail is misleading because it prominently features a child eating ice cream, which is not the central theme of the video. Instead, the video is about family interaction, responsibility, and playful activities. The thumbnail uses a false promise to attract viewers, leading them to expect a video about ice cream enjoyment when the content is about family dynamics and responsibility.

### Final Answer:
**Categorization: Misleading**
**Explanation:** The thumbnail is misleading because it suggests a video about ice cream enjoyment when the video is about family interaction, responsibility, and playful activities."
_z8RDEOeSl4,"### Analysis and Categorization

**Thumbnail Description:** The thumbnail shows a person performing a yoga pose on a log, with a shark emerging from the water behind them. The image suggests a dramatic and potentially dangerous scenario involving both the person and the shark.

**Video Content Description:** The video compilation showcases a variety of thrilling and adventurous activities across different settings. Scenes include outdoor workouts, skiing, swimming, and other sports and activities. The video does not feature any dramatic or dangerous interactions with sharks or other animals.

**Comparison:** The thumbnail depicts a person in a yoga pose with a shark in the background, which creates a sense of danger and excitement. However, the video content does not contain any scenes involving a shark or any dangerous animal interaction. Instead, it features a series of unrelated and varied activities.

**Assessment:** The thumbnail uses exaggerated imagery to attract viewers, suggesting a dangerous or thrilling scenario that is not present in the actual video content. This creates a misleading impression that the video contains content that it does not.

**Conclusion:** The thumbnail is **misleading** because it depicts a dangerous and dramatic scenario (a person in a yoga pose with a shark) that is not present in the actual video content. The thumbnail uses exaggerated imagery to attract viewers, which is not representative of the video's actual content.

**Explanation:** The thumbnail creates a sense of danger and excitement by showing a person in a yoga pose with a shark, which is not depicted in the video. This misleading imagery is intended to attract viewers, but it does not accurately represent the content of the video, which consists of a series of unrelated and varied activities."
clLom3M4hnQ,"### Analysis and Categorization:

**Thumbnail:** The thumbnail features a cricket player in a blue uniform with the text ""BYJU'S INDIA"" and a speech bubble saying ""Ye kya tha Dhawan 😡"". 

**Subtitles:** The subtitles include phrases like ""That,"" ""Understand the compulsion anywhere,"" ""nine goals and,"" ""First went to hit a 90 cut completely in the air,"" ""but what should not have happened,"" ""not even subscribed but,"" ""he had killed before this he had killed before this,"" ""There was a good deal of water in it and,"" ""the second wicket fell,"" ""but very awesome for,"" ""This is awesome,"" ""very awesome,"" ""Batting,"" ""come little by little,"" ""I was doing a lot of attacking in the last 10 years,"" ""When I was on Airtel, I felt that maybe if,"" ""Take your time and enter comfortably,"" ""I'll take it and I wanted a little more, this is mine,"" ""believed it was,"" ""because when I was saying that,"" ""I think,"" ""do it for me.""

**Video Description:** The video appears to be a cricket commentary or analysis segment featuring a man providing commentary on a cricket match. The scenes show a commentator reacting to different moments of the match, with players in maroon and blue uniforms on the field. The commentator's expressions and gestures indicate reactions to exciting moments, such as diving catches and runs.

**Comparison and Assessment:**

- **Thumbnail vs. Content:** The thumbnail features a cricket player and a speech bubble saying ""Ye kya tha Dhawan 😡,"" which translates to ""What happened to Dhawan 😡."" This suggests a negative reaction towards a player named Dhawan. However, the video content does not explicitly mention Dhawan or any negative reaction towards him. Instead, it focuses on general commentary and reactions to the match.

- **Exaggeration/Clickbait:** The thumbnail uses a negative emoticon and a question mark to imply a problem or issue with Dhawan, which is not reflected in the video content. This creates a misleading expectation that the video will discuss a specific issue with Dhawan, which it does not.

- **Accuracy Representation:** The thumbnail does not accurately represent the content of the video. It suggests a focus on a specific player's performance or mistake, which is not evident from the video description.

### Conclusion:

**Categorization:** Misleading

**Explanation:** The thumbnail uses a negative emoticon and a question mark to imply a problem or issue with Dhawan, which is not reflected in the video content. This creates a misleading expectation that the video will discuss a specific issue with Dhawan, which it does not. Therefore, the thumbnail is misleading."
t5mjLoStmFU,"### Analysis and Categorization

#### Step 1: Examine the Thumbnail
The thumbnail shows a person smashing a red sports car with a hammer, with the words ""I HATE U"" written on the car. The person appears to be expressing intense anger or frustration.

#### Step 2: Read Through the Video Subtitles and Content Description
The subtitles indicate that the video involves a group of young people engaging in pranks and activities, with a focus on a 11-year-old girl named Chanel who lives in a Beverly Hills mansion. The video includes scenes of the group entering Chanel's house, interacting with her, and potentially causing disturbances. The text mentions that the group will have to babysit Chanel for the day and that things escalate to the point where the police are called.

#### Step 3: Compare the Thumbnail to the Actual Video Content
The thumbnail depicts a dramatic and destructive act of breaking a car, which is not directly related to the content described in the subtitles and video description. The video content revolves around pranks and interactions within a house, not physical destruction.

#### Step 4: Determine if the Thumbnail Accurately Represents the Video's Main Topic or Content
The thumbnail does not accurately represent the video's main topic or content. It suggests a violent and destructive scenario that is not depicted in the video description.

#### Step 5: Assess Whether the Thumbnail Uses Exaggeration, False Promises, or Clickbait Tactics
The thumbnail uses exaggerated imagery and text (""I HATE U"") to create a sense of conflict and drama, which is misleading as it does not reflect the actual content of the video.

#### Step 6: Categorize the Thumbnail
**Categorization: Misleading**

#### Explanation:
The thumbnail is misleading because it depicts a dramatic and destructive act that is not present in the video content. Instead, the video involves pranks and interactions within a house, which are not visually represented in the thumbnail. The use of the phrase ""I HATE U"" further exaggerates the situation, leading viewers to expect a more intense and confrontational scenario than what is actually shown in the video."
swadfg2DtYo,"### Analysis and Categorization

#### Step 1: Examine the Thumbnail
The thumbnail features Cristiano Ronaldo in a Portugal national team uniform, with a Portuguese flag that appears to be engulfed in flames. Another individual, dressed in Superman attire, is running towards Ronaldo. The overall image suggests a dramatic and intense situation involving Ronaldo and the Portuguese national team.

#### Step 2: Read Through the Video Subtitles and Content Description
The subtitles and video content appear to be a compilation of various football (soccer) scenes, including match action, fan reactions, and behind-the-scenes moments. The video does not specifically focus on a single dramatic event involving Ronaldo and the Portuguese national team. Instead, it showcases a variety of football-related incidents and moments.

#### Step 3: Compare the Thumbnail to the Actual Video Content
The thumbnail depicts a highly dramatized and exaggerated scene involving Ronaldo and the Portuguese national team, which is not representative of the actual content of the video. The video compilation includes a range of football-related incidents but does not feature a specific event involving Ronaldo and the Portuguese national team in a fiery, superhero-themed scenario.

#### Step 4: Determine if the Thumbnail Accurately Represents the Video's Main Topic or Content
The thumbnail significantly misrepresents the video's content. It suggests a dramatic and intense event involving Ronaldo and the Portuguese national team, which is not depicted in the video compilation.

#### Step 5: Assess Whether the Thumbnail Uses Exaggeration, False Promises, or Clickbait Tactics
The thumbnail uses exaggerated imagery and a superhero theme to create a sense of drama and excitement, which is not present in the actual video content. This creates a misleading impression that the video will contain a specific event that it does not.

#### Step 6: Categorize the Thumbnail as Either ""Misleading"" or ""Not Misleading""
Based on the analysis, the thumbnail is categorized as **Misleading**.

#### Explanation:
The thumbnail is misleading because it depicts a highly dramatized and exaggerated scene involving Ronaldo and the Portuguese national team, which is not representative of the actual content of the video compilation. The thumbnail uses exaggerated imagery and a superhero theme to create a sense of drama and excitement, which is not present in the actual video content. This creates a misleading impression that the video will contain a specific event that it does not."
IGS04NYSG0c,"### Analysis and Categorization:

**Thumbnail:**
The thumbnail features two individuals, each holding a bowl of instant noodles. One bowl contains a red, spicy-looking noodle dish, while the other contains a blue, icy-looking noodle dish. The contrasting colors and the ""VS"" symbol suggest a comparison or competition between the two types of noodles.

**Subtitles:**
The subtitles indicate a comparison between hot and cold instant noodles, emphasizing the contrast in temperature and flavor.

**Video Description:**
The video appears to showcase two individuals engaging in a playful and humorous comparison of hot and cold instant noodles. The scenes include various reactions and interactions with the noodles, highlighting the differences in texture, taste, and appearance due to the varying temperatures.

**Comparison:**
- **Hot Noodles:** The individual on the left is shown with a bowl of red, spicy-looking noodles, indicating a hot and potentially spicy flavor.
- **Cold Noodles:** The individual on the right is shown with a bowl of blue, icy-looking noodles, suggesting a cold and refreshing flavor.

**Explanatory Points:**
- The thumbnail effectively captures the essence of the video content, which revolves around comparing hot and cold instant noodles.
- The contrasting colors (red vs. blue) and the ""VS"" symbol clearly indicate a competitive or comparative theme.
- The video description aligns with the thumbnail, as it describes a playful comparison of hot and cold instant noodles.

**Conclusion:**
The thumbnail accurately represents the video's main topic and content. It does not use exaggeration, false promises, or clickbait tactics. Instead, it provides a clear and direct preview of the video's theme.

**Final Categorization:**
**Not Misleading**

**Explanation:**
The thumbnail accurately reflects the video's content, which involves a comparison between hot and cold instant noodles. The contrasting colors and the ""VS"" symbol effectively convey the theme without misleading viewers."
lDeaUlsuV-8,"### Analysis and Categorization:

#### Step 1: Examine the Thumbnail
The thumbnail shows two women dressed in traditional attire, one wearing a pink outfit and the other in blue. The background appears to be indoors, possibly a home or a formal setting. The text ""Noor Jahan"" is visible, which is the name of the drama series mentioned in the subtitles.

#### Step 2: Read Through the Video Subtitles and Content Description
The subtitles provide a detailed summary of the plot, highlighting conflicts and tensions within the family. The drama revolves around a matriarchal figure named Noor Jahan Begum and her interactions with her daughter-in-law Maha, as well as other family members. The storyline involves themes of family conflict, power struggles, and emotional turmoil.

#### Step 3: Compare the Thumbnail to the Actual Video Content
The thumbnail accurately depicts the setting and characters involved in the drama series. It shows two women, which aligns with the depiction of Noor Jahan and her daughter-in-law Maha. The indoor setting matches the domestic scenes described in the video description.

#### Step 4: Determine if the Thumbnail Accurately Represents the Video's Main Topic or Content
The thumbnail effectively represents the main topic of the video, which is a family drama series involving themes of conflict and emotional tension. It does not mislead viewers about the nature of the content.

#### Step 5: Assess Whether the Thumbnail Uses Exaggeration, False Promises, or Clickbait Tactics
The thumbnail does not use any exaggerated elements or false promises. It simply shows the characters and setting of the drama series, which is appropriate for a promotional image.

#### Step 6: Categorize the Thumbnail
Based on the analysis, the thumbnail is not misleading.

#### Explanation:
The thumbnail accurately reflects the content of the video, which is a family drama series involving themes of conflict and emotional tension. It does not use any exaggerated elements or false promises. Therefore, it is categorized as ""Not Misleading.""

### Final Decision:
**Categorization:** Not Misleading  
**Explanation:** The thumbnail accurately represents the main topic and content of the video, depicting the characters and setting of the drama series without using any exaggerated elements or false promises."
8b8MVT9SJNo,"### Categorization: Not Misleading

**Explanation:**

The provided video description and subtitles indicate that the video is a motivational speech given by a cricket player to his teammates. The setting is a locker room or indoor facility, which is typical for such team meetings. The speaker is actively engaging with his teammates, emphasizing the importance of perseverance and improvement in their performance. The subtitles reinforce this theme, highlighting the necessity of fighting hard and improving skills to handle challenging situations effectively.

The thumbnail depicts three individuals in a locker room or indoor facility, which aligns perfectly with the context described in the video description. The individuals are dressed in sports attire, and the setting suggests a post-match or pre-match team meeting scenario. The overall atmosphere captured in the thumbnail matches the described video content, which focuses on a motivational speech aimed at inspiring the team.

There are no exaggerated claims or misleading elements present in the thumbnail. Instead, it accurately represents the setting and purpose of the video, which is a motivational speech within a sports team environment. Therefore, the thumbnail is not misleading."
Rlqiw0uQXfQ,"### Analysis and Categorization

#### Step 1: Examine the Thumbnail
The thumbnail features a close-up image of a person with large, dark eyes and a neutral expression. The URL displayed in the browser tab reads ""god_dont_exist.com"". The image appears to be a stock photo or a generic image often used for mysterious or supernatural themes.

#### Step 2: Read Through the Video Subtitles and Content Description
The subtitles indicate that the video is about discussing strange websites on the internet, specifically those that can be accessed via the address bar. The video promises to cover 19 different websites and encourages viewers to visit them. The content warning at the beginning suggests that the video may involve sensitive topics, but the main focus is on exploring unusual websites.

#### Step 3: Compare the Thumbnail to the Actual Video Content
The thumbnail does not visually represent the content of the video. It does not depict any of the specific websites mentioned in the subtitles or the content warning. Instead, it appears to be a generic image that could be associated with various themes, including the supernatural or mysterious.

#### Step 4: Determine if the Thumbnail Accurately Represents the Video's Main Topic or Content
The thumbnail does not accurately represent the video's main topic or content. It does not provide any visual cues that align with the discussion of strange websites or the content warning about sensitive topics.

#### Step 5: Assess Whether the Thumbnail Uses Exaggeration, False Promises, or Clickbait Tactics
The thumbnail does not use exaggerated visuals or false promises. However, it does not accurately reflect the content of the video, which is about exploring strange websites on the internet.

#### Step 6: Categorize the Thumbnail as Either ""Misleading"" or ""Not Misleading""
Based on the analysis, the thumbnail is misleading.

#### Explanation:
The thumbnail features a generic image that does not visually represent the content of the video. It does not provide any context or visual cues that align with the discussion of strange websites or the content warning about sensitive topics. Therefore, it misleads viewers about the nature of the video content.

**Categorization:** Misleading"
buvIEPekwoc,"### Analysis and Categorization:

**Thumbnail:** The thumbnail shows two soccer players in contrasting positions—one lying on the ground and the other performing a handstand. There is a laughing emoji overlaid on the image.

**Video Content:** The video appears to be a compilation of various football (soccer) scenes and moments from different matches and situations. It includes intense gameplay moments, player interactions, and dramatic saves/goals. The video does not feature any handstands or comedic elements related to the thumbnail.

**Comparison:** The thumbnail suggests a humorous or exaggerated moment involving a handstand, which is not depicted in the actual video content. The video focuses on typical soccer scenes without any unusual or comedic elements.

**Assessment:** The thumbnail uses exaggerated imagery and humor that is not present in the actual video content. It misleads viewers by suggesting a specific type of content that is not actually featured in the video.

**Conclusion:** The thumbnail is **misleading**.

**Explanation:** The thumbnail depicts a handstand, which is not part of the actual video content. The video is a compilation of typical soccer scenes, and the thumbnail's exaggerated imagery misleads viewers into expecting a specific type of content that is not present."
ysAcIS4eiZo,"### Categorization: Misleading

**Explanation:**
The thumbnail shows a man with a serious expression accompanied by the text ""PLEASE FORGIVE ME."" However, the video content appears to be discussing a controversial incident involving former Bangladesh cricket captain Shakib Hasan, where he is accused of murder during a violent event. The thumbnail does not accurately represent the content of the video, which involves a serious discussion about allegations and legal proceedings. The use of a seemingly innocent or apologetic tone in the thumbnail contrasts sharply with the potentially sensitive and serious nature of the video's content. Therefore, the thumbnail is misleading as it fails to reflect the gravity of the situation depicted in the video."
uwiKbZh4HNc,"**Categorization:** Not Misleading

**Explanation:** The thumbnail depicts a burning bridge with a tank and a flag, which could be interpreted as a symbolic representation of conflict or destruction. However, the video content described does not feature a burning bridge but rather a series of nighttime combat scenarios involving aerial and ground engagements. The thumbnail does not accurately represent the main topic or content of the video, which focuses on military air combat and ground attacks. Therefore, the thumbnail is misleading."
KWGE8_7Cj7Q,"### Analysis and Categorization:

**Thumbnail:** The thumbnail shows a Coca-Cola delivery truck that appears to be involved in an accident, with debris scattered around and emergency personnel present. 

**Video Content Description:** The video compilation includes various vehicle-related scenes and incidents, showcasing risky or unusual situations on roads and in different environments. It covers a range of scenarios, including a motorcycle ride, a large truck carrying long cylindrical objects, a car losing control on a snowy road, and a rally car speeding past spectators on a dirt road. The scenes vary widely in location and type of action, providing a diverse look at different vehicle-related scenarios.

**Comparison:** The thumbnail depicts a specific incident involving a Coca-Cola delivery truck, which is one of many scenes in the video compilation. However, the thumbnail does not represent the full scope of the video content, which includes a variety of other vehicle-related incidents and scenarios.

**Assessment:** The thumbnail is misleading because it focuses on a single incident (a Coca-Cola delivery truck involved in an accident) while the video compilation includes a wide range of vehicle-related incidents and scenarios. The thumbnail does not accurately represent the diversity of content in the video.

**Categorization:** Misleading

**Explanation:** The thumbnail is misleading because it suggests that the entire video is about a single incident involving a Coca-Cola delivery truck, whereas the video compilation actually showcases a variety of vehicle-related incidents and scenarios. The thumbnail does not provide a comprehensive representation of the video's content, thus leading viewers to expect a different type of content than what is actually presented."
3awRSNFHV1s,"### Analysis and Categorization

#### Step-by-Step Analysis:

1. **Examine the Thumbnail**:
   - The thumbnail features a young boy smiling, with a modern, luxurious house in the background, and a Rolls-Royce car parked in front of the house.
   - The text ""$300,000"" is prominently displayed, suggesting a significant amount of money related to the content.

2. **Read Through the Video Subtitles and Content Description**:
   - The subtitles and video content describe the life and achievements of a young soccer player named Cristiano Ronaldo Jr., highlighting his talent and the luxurious lifestyle associated with his father, Cristiano Ronaldo.
   - The video showcases various aspects of Ronaldo Jr.'s life, including his family, personal achievements, and the wealth inherited from his father.

3. **Compare the Thumbnail to the Actual Video Content**:
   - The thumbnail prominently features a Rolls-Royce car, which is mentioned in the video content as one of the luxury vehicles owned by Cristiano Ronaldo Sr.
   - However, the thumbnail incorrectly states ""$300,000,"" which does not align with the actual content of the video.

4. **Determine if the Thumbnail Accurately Represents the Video's Main Topic or Content**:
   - The thumbnail suggests a significant financial figure ($300,000) that is not supported by the video content. The video focuses on Ronaldo Jr.'s life and achievements rather than a specific financial transaction.

5. **Assess Whether the Thumbnail Uses Exaggeration, False Promises, or Clickbait Tactics**:
   - The thumbnail uses exaggerated language (""$300,000"") to attract viewers, which is misleading as it does not reflect the actual content of the video.
   - The thumbnail implies a direct connection between the financial figure and the content, which is not accurate.

6. **Categorize the Thumbnail as Either ""Misleading"" or ""Not Misleading""**:
   - Given that the thumbnail uses a misleading financial figure and does not accurately represent the video's content, it should be categorized as ""Misleading.""

### Explanation:

The thumbnail is misleading because it suggests a significant financial figure ($300,000) that is not supported by the video content. Instead, the video focuses on Ronaldo Jr.'s life and achievements, which do not involve a specific financial transaction of that magnitude. The use of exaggerated language in the thumbnail to attract viewers is misleading and does not accurately represent the video's main topic or content."
uwIjrEbywnk,"### Analysis and Categorization

#### Step 1: Examine the Thumbnail
The thumbnail shows a black-and-white image of a medical professional attending to a patient lying on a hospital bed. The patient appears to be a newborn baby, and the medical professional is performing some kind of examination or treatment. The image is circumscribed by a yellow circle, drawing attention to the baby.

#### Step 2: Read Through the Video Subtitles and Content Description
The subtitles and video content description indicate that the video is a compilation of various medical and social situations, often highlighting unusual or challenging conditions. The video includes scenes of medical professionals attending to patients, including a newborn baby, and discusses individuals with rare conditions or physical differences.

#### Step 3: Compare the Thumbnail to the Actual Video Content
The thumbnail depicts a newborn baby receiving medical care, which aligns with the content of the video. However, the thumbnail does not provide any specific details about the conditions or circumstances surrounding the baby, such as the baby's health status or the nature of the medical intervention.

#### Step 4: Determine if the Thumbnail Accurately Represents the Video's Main Topic or Content
The thumbnail accurately represents the general theme of the video, which involves medical scenarios and individuals with unique physical conditions. However, the thumbnail does not convey the specific focus on the newborn baby or the detailed medical context that the video content provides.

#### Step 5: Assess Whether the Thumbnail Uses Exaggeration, False Promises, or Clickbait Tactics
The thumbnail does not use exaggerated language or imagery to mislead viewers. Instead, it accurately reflects the content of the video, albeit in a broad sense. The thumbnail does not promise or suggest anything beyond the general theme of medical care and individual cases.

#### Step 6: Categorize the Thumbnail as Either ""Misleading"" or ""Not Misleading""
Based on the analysis, the thumbnail is **Not Misleading**. While it does not provide specific details about the newborn baby or the medical context, it accurately represents the general theme of the video, which focuses on medical scenarios and individuals with unique physical conditions.

#### Explanation:
The thumbnail effectively captures the essence of the video's content without misleading viewers. It accurately portrays a medical setting, which is consistent with the video's theme. The lack of specific details in the thumbnail does not detract from the overall representation of the video's content, as the video itself provides the necessary context and details."
gMwFf1euJ0E,"### Analysis and Categorization:

**Thumbnail:** The thumbnail features a large banana being loaded onto a truck, with the text ""So Huge! Heavier Than a Car!"" prominently displayed.

**Subtitles:** The subtitles read: ""So Huge! Heavier Than a Car!""

**Video Description:** The video appears to be a compilation showcasing giant vegetables and fruits from different countries, primarily the UK, USA, and Belgium. It highlights the impressive sizes of various produce items, including leeks, onions, sweet potatoes, cauliflowers, pineapples, tomatoes, lemons, cabbages, zucchinis, and pumpkins.

**Comparison and Reasoning:**

- **Thumbnail vs. Video Content:** The thumbnail depicts a large banana being loaded onto a truck, which is visually striking and aligns with the theme of showcasing large produce. However, the text ""Heavier Than a Car!"" is highly exaggerated and misleading. While bananas can indeed be very large, they are not typically heavy enough to be compared to a car.
  
- **Exaggeration:** The claim that the banana is heavier than a car is completely unrealistic and misleading. A car weighs thousands of pounds, whereas even the largest bananas weigh only a few pounds at most. This kind of hyperbole is designed to grab attention but does not reflect reality.

- **Clickbait Tactics:** The thumbnail uses clickbait tactics by promising something far beyond what the video actually delivers. It creates an expectation that cannot be met, leading viewers to feel misled once they realize the banana is not actually as heavy as a car.

**Conclusion:**

**Categorization:** Misleading

**Explanation:** The thumbnail is categorized as misleading because it uses exaggerated language (""Heavier Than a Car!"") that does not accurately represent the video's content. The video focuses on showcasing large produce items, but the claim about the banana's weight is so far-fetched that it misleads viewers about the actual content of the video."
UYFXDUGsZmk,"### Analysis and Categorization:

#### Step 1: Examine the Thumbnail
The thumbnail shows a man and a young girl with exaggerated makeup, holding large inflatable crayons. The man has a surprised expression, while the girl looks shocked. The overall tone suggests a humorous or exaggerated scenario involving oversized crayons.

#### Step 2: Read Through the Video Subtitles and Content Description
The subtitles and video content seem to revolve around playful and imaginative scenarios involving children engaging in various activities, such as interacting with inflatable objects, dressing up, and playing in different settings. The video does not explicitly mention anything related to oversized crayons or exaggerated reactions.

#### Step 3: Compare the Thumbnail to the Actual Video Content
The thumbnail depicts a scene with oversized crayons and exaggerated reactions, which does not align with the actual video content described. The video content involves children in various playful and imaginative scenarios without any reference to oversized crayons or exaggerated reactions.

#### Step 4: Determine if the Thumbnail Accurately Represents the Video's Main Topic or Content
The thumbnail does not accurately represent the video's main topic or content. It introduces an element (oversized crayons) that is not present in the actual video content.

#### Step 5: Assess Whether the Thumbnail Uses Exaggeration, False Promises, or Clickbait Tactics
The thumbnail uses exaggerated visuals and expressions to create a sense of humor or surprise, which might mislead viewers into expecting a video that is not aligned with the actual content.

#### Step 6: Categorize the Thumbnail as Either ""Misleading"" or ""Not Misleading""
Based on the analysis, the thumbnail is categorized as **Misleading**.

#### Explanation:
The thumbnail introduces an element (oversized crayons) that is not present in the actual video content. It uses exaggerated visuals and expressions to create a sense of humor or surprise, which might mislead viewers into expecting a video that is not aligned with the actual content. Therefore, the thumbnail is misleading."
0hc2RleZaHk,"### Analysis and Categorization

#### Step 1: Examine the Thumbnail
The thumbnail features a dog's head against a backdrop of clouds, with a cursor arrow pointing towards the dog. The URL displayed in the browser bar reads ""hosanna28201.com.""

#### Step 2: Read Through the Video Subtitles and Content Description
The subtitles indicate that the video is about revisiting a fan favorite topic, specifically discussing the internet's strangest websites. The content includes various websites described as obscure, funny, and sometimes horrible, such as the ""Skyway Bridge Reports,"" ""Heaven's Gate Cult Site,"" and ""Boobas."" The creator mentions a Patreon update and discusses reaching 100,000 likes for a potential Part 2 on the Dark Web.

#### Step 3: Compare the Thumbnail to the Actual Video Content
The thumbnail depicts a dog, which is completely unrelated to the content described in the subtitles and video description. The video is about discussing strange websites, not featuring a dog.

#### Step 4: Determine if the Thumbnail Accurately Represents the Video's Main Topic or Content
The thumbnail does not accurately represent the video's main topic or content. It shows a dog, which is entirely unrelated to the discussion of strange websites.

#### Step 5: Assess Whether the Thumbnail Uses Exaggeration, False Promises, or Clickbait Tactics
The thumbnail uses clickbait tactics by suggesting that the video contains content about a dog, which is not true. It misleads viewers into expecting a video about a dog when the actual content is about strange websites.

#### Step 6: Categorize the Thumbnail
**Categorization:** Misleading

#### Explanation:
The thumbnail is misleading because it shows a dog, which is completely unrelated to the content of the video. Viewers are likely to be misled into thinking the video is about a dog when it is actually about discussing strange websites. This type of misleading thumbnail is a common tactic used to attract clicks and views, which is why it should be categorized as misleading."
hc42BgAB9Jg,"### Analysis and Categorization

#### Step 1: Examine the Thumbnail
The thumbnail features a close-up of a cross tattoo on a person's skin, with a green background. There is no indication of a soccer player or any connection to the video's content about soccer players' tattoos.

#### Step 2: Read Through the Video Subtitles and Content Description
The subtitles and video description focus on various soccer players and their tattoos, discussing the stories behind them. The content includes examples of players like Neymar, Zlatan Ibrahimović, and Sergio Ramos, and their unique tattoos and the significance behind them.

#### Step 3: Compare the Thumbnail to the Actual Video Content
The thumbnail does not represent the content of the video. It shows a cross tattoo, which is not mentioned in the video description or subtitles. The video content is about soccer players and their tattoos, not about a cross tattoo specifically.

#### Step 4: Determine if the Thumbnail Accurately Represents the Video's Main Topic or Content
The thumbnail fails to represent the main topic of the video, which is about soccer players and their tattoos. Instead, it shows a cross tattoo, which is not related to the video's content.

#### Step 5: Assess Whether the Thumbnail Uses Exaggeration, False Promises, or Clickbait Tactics
The thumbnail uses clickbait tactics by showing a cross tattoo, which is not mentioned in the video content. It creates a misleading impression that the video is about a specific cross tattoo, when it is actually about soccer players and their tattoos.

#### Step 6: Categorize the Thumbnail
**Categorization: Misleading**

#### Explanation:
The thumbnail is misleading because it shows a cross tattoo, which is not mentioned or relevant to the video's actual content about soccer players and their tattoos. The thumbnail creates an expectation that the video is about a specific cross tattoo, which is not the case. Therefore, the thumbnail misleads viewers about the content of the video."
MLziFdIHp2U,"### Analysis and Categorization:

**Thumbnail:**
The thumbnail features two individuals, one of whom appears to be a cricket player (likely representing the Bangladesh team) and the other a commentator or analyst. The text overlay includes phrases like ""Who is Virendra Sehwag?"" and ""Tera Baap,"" which translates to ""Your Father."" These elements suggest a discussion or debate about Virendra Sehwag, a former Indian cricketer known for his controversial comments and interactions with players.

**Video Subtitles:**
The subtitles discuss a specific incident involving Virendra Sehwag criticizing Shakib Al Hasan, a Bangladeshi cricketer, during a match. The commentary highlights the controversy surrounding Sehwag's statement and the resulting backlash in the cricket world.

**Video Content Description:**
The video appears to be a compilation of scenes related to cricket, particularly focusing on the Bangladesh national team. It includes press conferences, on-field action shots, and analysis segments. The recurring theme revolves around the Bangladesh team and specific incidents involving players and commentators.

**Comparison and Assessment:**
The thumbnail effectively captures the essence of the video content by highlighting the controversy involving Virendra Sehwag and the Bangladesh team. The text overlays and the presence of the player and commentator in the thumbnail align closely with the video's focus on the incident and its aftermath.

**Conclusion:**
The thumbnail accurately represents the main topic of the video, which is the controversy surrounding Virendra Sehwag's comments about Shakib Al Hasan. The thumbnail does not use exaggerated claims or false promises, nor does it mislead viewers about the content of the video.

**Categorization:**
**Not Misleading**

**Explanation:**
The thumbnail correctly reflects the main topic of the video, which is the controversy involving Virendra Sehwag and the Bangladesh team. It does not use exaggerated claims or false promises, and it accurately represents the content of the video. Therefore, it is not misleading."
bQGki4Dy4kg,"### Categorization: Not Misleading

### Explanation:
The provided thumbnail depicts a composite image of various scenes from the video, including a woman holding a baby, a man in a formal setting, and another man appearing distressed. These images are representative of the diverse emotional and relational dynamics described in the video description. The thumbnail effectively captures the essence of the drama, showcasing the complexity of family relationships, emotional intensity, and the mix of light-hearted and serious moments mentioned in the video content. There are no exaggerated elements or misleading promises in the thumbnail; instead, it accurately reflects the thematic elements discussed in the video description. Therefore, the thumbnail is not misleading."
bIiG-Y-BCNU,"**Categorization:** Misleading

**Explanation:** The thumbnail depicts a person with bright green hair in a red dress interacting with a large toothbrush inside a mouth filled with giant teeth. This image strongly suggests a dental hygiene or oral care theme, which is likely intended to attract viewers interested in such topics. However, the video content does not focus on dental hygiene or oral care; instead, it features a variety of unrelated scenes, including a classroom setting, a surreal scene with giant teeth, a person enjoying nature, and various life hacks and craft tutorials. The thumbnail creates an expectation that the video will provide tips or demonstrations related to dental health, which is not the case. Therefore, the thumbnail is misleading as it does not accurately represent the actual content of the video."
ETLsRShil4E,"### Categorization: Not Misleading

**Explanation:**
The thumbnail depicts a car partially submerged in a pool, which is a dramatic and unusual scene. However, the video content described consists of a series of short, everyday moments and mishaps, many of which are mundane and do not involve any dramatic or unusual events like a car in a pool. The thumbnail does not accurately represent the video's main topic or content, as it suggests a serious or unexpected event (a car in a pool) that is not present in the video descriptions provided. Therefore, the thumbnail is misleading because it sets expectations for a specific type of content that does not match the actual video content."
x4fF7lMFdiQ,"### Analysis and Categorization

#### Step 1: Examine the Thumbnail
The thumbnail shows a close-up of the Statue of Liberty's face, specifically highlighting the area around her eyes. The image is split into two parts: the left side shows the statue as it typically appears, while the right side has a red circle highlighting the area around her eyes.

#### Step 2: Read Through the Video Subtitles and Content Description
The subtitles and video content describe mysterious moving statues that science cannot explain. The video discusses various examples of statues that appear to move or blink, including a Jesus statue in a church, an Egyptian statue in a museum, and a Buddha statue in a temple. The video aims to explore these unexplained phenomena and discuss possible explanations or interpretations.

#### Step 3: Compare the Thumbnail to the Actual Video Content
The thumbnail focuses on the Statue of Liberty's face, particularly her eyes, which are highlighted with a red circle. However, the video content does not feature the Statue of Liberty or any discussion about her eyes moving. Instead, it discusses various moving statues across different locations and contexts.

#### Step 4: Determine if the Thumbnail Accurately Represents the Video's Main Topic or Content
The thumbnail does not accurately represent the main topic or content of the video. While the video discusses moving statues, the thumbnail does not visually depict any moving statues or highlight the specific phenomenon being discussed.

#### Step 5: Assess Whether the Thumbnail Uses Exaggeration, False Promises, or Clickbait Tactics
The thumbnail uses a misleading tactic by focusing on the Statue of Liberty's face, which is not relevant to the video's content. It creates a false expectation that the video will discuss the Statue of Liberty's moving eyes, which is not the case.

#### Step 6: Categorize the Thumbnail as Either ""Misleading"" or ""Not Misleading""
Based on the analysis, the thumbnail is categorized as **Misleading**.

#### Explanation:
The thumbnail misleads viewers by focusing on the Statue of Liberty's face, which is not the subject of the video. The video content discusses moving statues in various locations, but the thumbnail does not provide any visual cue that aligns with the video's actual content. This creates a false expectation and distracts from the actual topic of the video."
XGPex66EyTU,"### Analysis and Categorization

#### Step-by-Step Analysis:

1. **Examine the Thumbnail**:
   - The thumbnail shows two contrasting images:
     - On the left, a person in a bikini sliding down a water slide with a ""Keep Out"" tape around it.
     - On the right, a person breaking a polar bear out of a glass enclosure with a hammer.

2. **Read the Video Subtitles and Content Description**:
   - The subtitles indicate that the video involves breaking 100 rules within 24 hours at a water park.
   - The content includes various scenes of people engaging in different activities, some of which involve breaking rules at a water park.
   - The video also features scenes outside the water park, such as a drive-thru, a gym, a beach, and a movie theater.

3. **Compare the Thumbnail to the Actual Video Content**:
   - The thumbnail prominently features a water park scenario, which aligns with the video content.
   - However, the thumbnail also includes a scene of breaking a polar bear out of a glass enclosure, which is not mentioned in the subtitles or the video description.

4. **Assess the Accuracy of the Thumbnail Representation**:
   - The thumbnail accurately represents the main theme of the video, which revolves around breaking rules at a water park.
   - The inclusion of breaking a polar bear out of a glass enclosure is misleading as it is not part of the video content.

5. **Determine if the Thumbnail Uses Exaggeration, False Promises, or Clickbait Tactics**:
   - The thumbnail uses exaggerated imagery (breaking a polar bear) to attract viewers, which is misleading.
   - It does not accurately represent the majority of the video content, which is focused on breaking rules at a water park.

### Conclusion:

**Categorization: Misleading**

**Explanation:**
The thumbnail is misleading because it includes an image of breaking a polar bear out of a glass enclosure, which is not part of the video content. While the main theme of breaking rules at a water park is accurately represented, the inclusion of the polar bear scene misleads viewers into expecting a different type of content."
gnSI8oD11us,"**Categorization:** Misleading

**Explanation:** The thumbnail depicts two identical, simplistic stick figure-like characters with friendly appearances, which does not accurately represent the video's content. The video explores a more complex and potentially harmful relationship between the two characters, as depicted through a series of visual metaphors. The thumbnail fails to convey the darker, more unsettling nature of the relationship portrayed in the video, making it misleading."
4KjapCzpWQg,"### Analysis and Categorization

#### Step-by-Step Analysis:

1. **Examine the Thumbnail:**
   - The thumbnail shows a person standing on top of a severely damaged car, holding a large tool above their head. The car appears to be in a state of significant destruction, with broken windows and structural damage visible.

2. **Read Through the Video Subtitles and Content Description:**
   - The subtitles suggest a video that involves various humorous or unexpected incidents, often with a focus on mishaps and accidents.
   - The video content description includes multiple scenes depicting different types of accidents, near-misses, and humorous situations, such as a person slipping and falling, a car struggling to park, and a truck with an unsecured load.

3. **Compare the Thumbnail to the Actual Video Content:**
   - The thumbnail depicts a dramatic and intense scene of a person standing on a damaged car, which contrasts sharply with the typical content described in the video description. The video does not feature a person standing on a damaged car; instead, it shows a compilation of various incidents and mishaps.

4. **Determine if the Thumbnail Accurately Represents the Video's Main Topic or Content:**
   - The thumbnail does not accurately represent the video's main topic or content. It suggests a serious or dramatic incident, whereas the video is a compilation of humorous and light-hearted incidents.

5. **Assess Whether the Thumbnail Uses Exaggeration, False Promises, or Clickbait Tactics:**
   - The thumbnail uses exaggerated imagery to create a sense of drama and intensity, which is misleading as it does not reflect the actual content of the video.

6. **Categorize the Thumbnail as Either ""Misleading"" or ""Not Misleading"":**
   - Based on the analysis, the thumbnail is misleading.

7. **Provide a Brief Explanation for the Decision:**
   - The thumbnail depicts a dramatic and intense scene that is not representative of the video's content. The video is a compilation of various humorous and light-hearted incidents, and the thumbnail does not accurately reflect this theme. Therefore, the thumbnail is misleading.

### Final Categorization:
**Misleading**

**Explanation:** The thumbnail depicts a dramatic and intense scene that is not representative of the video's content. The video is a compilation of various humorous and light-hearted incidents, and the thumbnail does not accurately reflect this theme."
75QGZqOZxfg,"### Analysis and Categorization:

#### Step 1: Examine the Thumbnail
The thumbnail features two distinct images:
1. A person with extremely long hair flowing dramatically behind them.
2. A person dressed entirely in bananas, sitting on a throne-like structure made of bananas.

#### Step 2: Read Through the Video Subtitles and Content Description
The subtitles and video description suggest a compilation of various short clips showcasing different activities, technologies, and situations. These include:
- Water sports, skateboarding tricks, and other everyday life scenarios.
- Food handling, irrigation systems, and creative uses of technology.
- Cooking, medical devices, and DIY projects.
- Humorous and innovative ideas presented in a diverse and engaging manner.

#### Step 3: Compare the Thumbnail to the Actual Video Content
The thumbnail does not represent the content of the video. Instead of depicting a compilation of everyday life scenarios, it showcases surreal and fantastical elements (extremely long hair and a banana dress).

#### Step 4: Determine if the Thumbnail Accurately Represents the Video's Main Topic or Content
The thumbnail is completely unrelated to the actual video content. It does not reflect the mundane and practical nature of the scenes described in the video description.

#### Step 5: Assess Whether the Thumbnail Uses Exaggeration, False Promises, or Clickbait Tactics
The thumbnail uses exaggerated and unrealistic imagery to attract viewers, which is misleading. It does not accurately represent the content of the video.

#### Step 6: Categorize the Thumbnail
**Categorization:** Misleading

#### Explanation:
The thumbnail is categorized as misleading because it depicts surreal and fantastical elements (extremely long hair and a banana dress) that are not representative of the actual video content. The video is a compilation of everyday life scenarios and practical innovations, which the thumbnail fails to convey. Therefore, the thumbnail uses exaggerated and unrealistic imagery to attract viewers, leading to a misleading representation of the video's content."
Lhy4Kmcv-ro,"### Categorization: Not Misleading

### Explanation:
The provided thumbnail does not appear to be misleading based on the video description. The thumbnail shows a group of people dressed in traditional Indian attire, which aligns with the description of a large, festive Indian gathering, likely a wedding or similar celebration. The individuals in the thumbnail are engaged in what looks like a social interaction, which matches the scenes described in the video where people are greeting each other, engaging in conversation, and posing for photographs. The setting depicted in the thumbnail, with people dressed in colorful traditional clothing, is consistent with the description of the event being a vibrant and culturally rich celebration. Therefore, the thumbnail accurately represents the main topic and content of the video, making it not misleading."
OX5d5IaoDn4,"### Analysis and Categorization

#### Step 1: Examine the Thumbnail
The thumbnail shows a soccer player in a red Manchester United jersey receiving a red card from a referee. The player appears to be smiling and laughing, which contrasts sharply with the serious and often negative connotation of receiving a red card in soccer.

#### Step 2: Read Through the Video Subtitles and Content Description
The subtitles and video content description indicate that the video is a compilation of various soccer moments, including intense game action, humorous moments, and behind-the-scenes glimpses. The content does not specifically focus on a single player receiving a red card, nor does it suggest that the player is laughing or smiling in a way that would be typical for a player receiving a red card.

#### Step 3: Compare the Thumbnail to the Actual Video Content
The thumbnail depicts a player receiving a red card, which is a serious event typically associated with a player being sent off the field. However, the video content, as described, does not show a specific instance of a player receiving a red card. Instead, it appears to be a general compilation of soccer moments.

#### Step 4: Determine if the Thumbnail Accurately Represents the Video's Main Topic or Content
The thumbnail does not accurately represent the main topic or content of the video. It suggests a specific event (a player receiving a red card) that is not necessarily depicted in the video content.

#### Step 5: Assess Whether the Thumbnail Uses Exaggeration, False Promises, or Clickbait Tactics
The thumbnail uses exaggerated imagery by showing a player laughing while receiving a red card, which is not typical behavior for a player in this situation. This creates a misleading impression that the video will feature a humorous or light-hearted take on a serious event.

#### Step 6: Categorize the Thumbnail as Either ""Misleading"" or ""Not Misleading""
Based on the analysis, the thumbnail is categorized as **Misleading**.

#### Explanation:
The thumbnail misleads viewers by suggesting that the video will feature a humorous or light-hearted take on a player receiving a red card, when the video content actually appears to be a general compilation of soccer moments without focusing on a specific incident involving a red card. The exaggerated depiction of the player laughing while receiving a red card creates a misleading expectation that does not align with the actual content of the video."
8vXabW4z3yY,"### Analysis and Categorization

**Thumbnail:** The thumbnail shows a soccer player in a blue jersey with ""KAFD"" on it, making a gesture with his hands. The text above the player says, ""I'm leaving...""

**Subtitles:** The subtitles mention Cristiano Ronaldo reacting in frustration, with Hal La scoring three goals in just 14 minutes of the second half, turning the tide in the Saudi Super Cup. It also mentions Alexander Mid of his bra, leading to the team taking control of the match. Ronaldo is described as visibly upset and expressing disappointment over the team's lack of focus during critical moments.

**Video Description:** The video features a soccer player in a blue jersey with ""KAFD"" on it, showing various emotions and actions typical of a soccer match. The player is seen making gestures, appearing frustrated, and possibly questioning a call or reacting to play.

**Comparison:** The thumbnail shows a player in a blue jersey making a gesture, which aligns with the video content where the player in the blue jersey is seen making gestures and appearing frustrated. However, the text ""I'm leaving..."" is misleading as it suggests the player is leaving the game, which is not depicted in the video content. The subtitles refer to Cristiano Ronaldo, which is not the main focus of the video.

**Assessment:**
- The thumbnail does not accurately represent the main topic or content of the video.
- The text ""I'm leaving..."" is exaggerated and misleading, as it implies the player is leaving the game, which is not shown in the video.
- The video content focuses on a player in a blue jersey, but the thumbnail incorrectly suggests it is about Cristiano Ronaldo.

**Categorization:** Misleading

**Explanation:** The thumbnail is misleading because it incorrectly suggests that the player in the blue jersey is leaving the game, which is not depicted in the video content. Additionally, the text ""I'm leaving..."" is exaggerated and does not accurately represent the video's main topic or content."
Q19ddpjmbwY,"### Analysis and Categorization:

**Thumbnail:** The thumbnail shows a person holding an umbrella in a stormy environment with lightning in the background. The image conveys a sense of danger and urgency, suggesting a dramatic or intense scenario.

**Video Content Description:** The video is a compilation of various short clips showcasing unexpected or humorous situations. These clips include a person falling into a hidden hole, a cat on a balcony, a skier descending a slope, a person in a small boat reacting dramatically, a skateboarder falling, a dramatic ski jump, a person slipping on a wet floor, and various other comedic and surprising moments.

**Subtitles:** The subtitles provide context and humor to the video, often highlighting the unexpected or amusing nature of the situations depicted. They do not suggest any dramatic or dangerous scenarios related to the thumbnail.

**Comparison:** The thumbnail depicts a person in a stormy environment with lightning, which is visually striking and potentially misleading. However, the video content consists entirely of short, comedic clips without any dramatic or dangerous elements. The thumbnail does not accurately represent the video's main topic or content.

**Conclusion:** The thumbnail is misleading because it suggests a dramatic or dangerous situation, which is not reflected in the actual video content. The video is a collection of short, humorous clips without any elements resembling the dramatic scenario shown in the thumbnail.

**Categorization:** Misleading

**Explanation:** The thumbnail uses a dramatic visual (lightning) to attract viewers, which is not representative of the video's content. The video is a compilation of short, comedic clips without any elements resembling the dramatic scenario suggested by the thumbnail. Therefore, the thumbnail is misleading."
fAbrKxrq9pw,"### Analysis and Categorization

**Thumbnail:**
- The thumbnail features a person holding a large Kidder Joy egg, with the text ""सबसे बड़ा kidder TOY"" prominently displayed.

**Video Subtitles:**
- The subtitles suggest a conversation about a large Kidder Joy egg, emphasizing its size and value.

**Video Description:**
- The video appears to be a commercial or promotional video for Kidder Joy, showcasing the product and its contents. It includes scenes of individuals reacting to the egg and its contents, highlighting the surprise and joy associated with discovering what’s inside.

**Comparison:**
- The thumbnail effectively captures the essence of the video content, which revolves around the excitement and surprise of opening a Kidder Joy egg.
- The subtitles reinforce the theme of the video, focusing on the size and value of the egg.
- The video description aligns with the thumbnail and subtitles, providing context and reinforcing the main message of the video.

**Assessment:**
- The thumbnail accurately represents the main topic of the video, which is the Kidder Joy egg and the reactions to it.
- There is no exaggeration, false promises, or clickbait tactics used in the thumbnail.
- The thumbnail provides a clear and honest preview of the video content.

**Conclusion:**
- The thumbnail is **Not Misleading**.

**Explanation:**
- The thumbnail effectively communicates the core message of the video, which is the excitement and surprise associated with the Kidder Joy egg. It accurately reflects the content and purpose of the video without any misleading elements."
RDuwKsaI56w,"### Analysis and Categorization:

**Thumbnail:** The thumbnail shows a dog interacting with a large, golden fish in a pond. The image is visually striking and humorous, as it depicts a dog seemingly trying to kiss or nuzzle the fish, which is an unusual and amusing scenario.

**Video Content:** The video compilation consists of a series of short clips featuring various animals, children, and adults in everyday situations. These clips include interactions between animals and humans, playful moments, and humorous scenarios. There is no mention of a dog interacting with a fish in the video content.

**Comparison:** The thumbnail shows a dog interacting with a fish, which is not depicted in the video content. The video primarily features a collection of lighthearted and humorous moments involving animals, children, and adults in various settings.

**Assessment:** The thumbnail is misleading because it does not accurately represent the content of the video. It suggests a specific interaction (a dog interacting with a fish) that is not present in the actual video content. The thumbnail uses a humorous and exaggerated image to attract viewers, which is not reflective of the actual video's content.

**Categorization:** Misleading

**Explanation:** The thumbnail is categorized as misleading because it depicts a specific interaction (a dog interacting with a fish) that is not present in the actual video content. The thumbnail uses a humorous and exaggerated image to attract viewers, which is not reflective of the actual video's content. The video compilation primarily features a collection of lighthearted and humorous moments involving animals, children, and adults in various settings, none of which involve a dog interacting with a fish."
kn3EJiWMys0,"### Analysis and Categorization

**Thumbnail:**
The thumbnail features a man in a suit, which aligns with the formal portrait described in the video description. However, the text accompanying the thumbnail reads: 
""فردووس جمال کی بطوری پوپی دوجوان میط اور فیلمی دیکھ کر آپ دنگ رہ جا سکیں گے"" (Translation: ""Watch the poppy of Firdaus Jamal, you will be moved and want to watch the film"").

**Video Subtitles:**
The subtitles discuss Firdaus Jamal's family background, his acting career, and his personal life. They mention his sons, Hamza and Bilal, and his involvement in theater and film. The video seems to be a documentary or interview-style piece about the actor's life and career.

**Video Description:**
The video showcases Firdaus Jamal's life and career, highlighting his versatility as an actor, his influence in the industry, and his personal relationships. It emphasizes his enduring legacy and contributions to Pakistani entertainment.

**Comparison:**
- **Thumbnail:** The thumbnail suggests a poppy (a flower) and a film, implying a romantic or emotional element.
- **Subtitles:** The subtitles focus on Firdaus Jamal's family background, career achievements, and personal life, without any mention of a poppy or a film.
- **Content:** The video content is a documentary-style piece about Firdaus Jamal's life and career, which does not include any romantic or emotional elements suggested by the thumbnail.

**Conclusion:**
The thumbnail uses exaggerated imagery and text that are not representative of the actual content of the video. It implies a romantic or emotional element that is not present in the video, which is misleading.

**Categorization:**
**Misleading**

**Explanation:**
The thumbnail uses exaggerated imagery and text that are not representative of the actual content of the video. It implies a romantic or emotional element that is not present in the video, which is misleading. The thumbnail does not accurately represent the video's main topic or content, and it uses clickbait tactics by suggesting that viewers will be moved and want to watch a film after watching the poppy of Firdaus Jamal."
EtSLD5jtZKA,"**Categorization:** Misleading

**Explanation:** The thumbnail for the video features a character in a black suit standing in a futuristic environment, accompanied by the title ""Krrish 4."" However, the video content described in the description is a trailer for a sci-fi action film involving an alien threat and a superhero-like character. The thumbnail does not accurately represent the sci-fi action theme depicted in the video content. Instead, it suggests a more fantastical or magical theme, which is not reflected in the actual video. The presence of the ""Fantasy Studios"" watermark further supports the idea that the video might be a fan-made or independent production, but the thumbnail still misleads viewers by not clearly communicating the sci-fi action genre. Therefore, the thumbnail is misleading."
T5CiiQaWUag,"### Analysis and Categorization

#### Step-by-Step Analysis:

1. **Examine the Thumbnail**:
   - The thumbnail features a woman with her hand covering her mouth, suggesting surprise or shock.
   - There is a question mark next to her, indicating uncertainty or confusion.
   - The text on the thumbnail reads: ""بابر اعظم کی دلہن کون---؟ شادی کی دیت بھی بتا دی"" which translates to ""Who is Babar Azam's girlfriend---? Even told about the dowry for marriage.""

2. **Read Through the Video Subtitles**:
   - The subtitles discuss a conversation about Babar Azam's girlfriend and marriage-related topics.
   - The dialogue revolves around questions about Babar Azam's personal life, specifically his girlfriend and marriage plans.

3. **Compare the Thumbnail to the Actual Video Content**:
   - The thumbnail suggests a focus on Babar Azam's girlfriend and marriage details.
   - The video content indeed discusses Babar Azam's girlfriend and marriage-related topics, but it does not visually depict the woman mentioned in the thumbnail.

4. **Determine if the Thumbnail Accurately Represents the Video's Main Topic or Content**:
   - The thumbnail accurately represents the main topic of the video, which is discussing Babar Azam's girlfriend and marriage details.
   - However, the visual elements (the woman with a question mark) might lead viewers to expect a specific reaction or reveal related to the woman mentioned in the subtitle.

5. **Assess Whether the Thumbnail Uses Exaggeration, False Promises, or Clickbait Tactics**:
   - The thumbnail does not use exaggerated visuals or false promises.
   - The question mark and the woman's expression suggest curiosity or surprise, which aligns with the content of the video discussing Babar Azam's girlfriend and marriage details.

6. **Categorize the Thumbnail**:
   - Since the thumbnail accurately represents the main topic of the video and does not use exaggerated visuals or false promises, it can be considered ""Not Misleading.""

### Final Decision:
**Categorization: Not Misleading**

**Explanation**: The thumbnail accurately represents the main topic of the video, which is discussing Babar Azam's girlfriend and marriage details. The visual elements (the woman with a question mark) suggest curiosity or surprise, which aligns with the content of the video. Therefore, the thumbnail does not use exaggerated visuals or false promises, making it ""Not Misleading."""
O9uthfOIejE,"### Analysis and Categorization:

**Thumbnail:**
The thumbnail features a collage of images related to Abdullah Shafiq, a Pakistani cricketer. It includes:
- A cricket player in a white uniform.
- A couple labeled as ""Wife"" and ""Brother.""
- A modern house.
- A Rolls-Royce car.
- A pool area.

**Subtitles:**
The subtitles indicate that the video will discuss Abdullah Shafiq's lifestyle, family, age, biography, and other interesting facts about him. It promises to reveal unknown details about the cricketer without skipping the video.

**Video Description:**
The video showcases various aspects of Abdullah Shafiq's life, including:
- Professional cricket scenes.
- Personal moments with family and friends.
- Lifestyle elements like a modern house and a car.
- Cricket-related achievements and statistics.

**Comparison:**
The thumbnail effectively captures the essence of the video content by featuring images that represent Abdullah Shafiq's professional and personal life. The images of the house and car suggest a focus on his lifestyle, which aligns with the subtitles promising to discuss his lifestyle and family.

**Exaggeration or False Promises:**
There are no exaggerated claims or false promises in the thumbnail. It accurately reflects the content described in the subtitles and video description. The images are relevant to the topics discussed in the video.

**Conclusion:**
The thumbnail is not misleading. It accurately represents the content of the video, which covers Abdullah Shafiq's professional and personal life, including his lifestyle and family. The images used in the thumbnail are appropriate and do not mislead viewers about the video's content.

**Final Categorization:**
**Not Misleading**

**Explanation:**
The thumbnail accurately represents the video's content by featuring images that reflect Abdullah Shafiq's professional and personal life, including his lifestyle and family. There are no exaggerated claims or false promises in the thumbnail, making it a truthful representation of the video's content."
aRUinTY9odw,"### Analysis and Categorization:

**Thumbnail:** The thumbnail features two individuals in green and red jerseys, with a caption that reads ""SEHWAG TAKLU WHO?"" and ""REAL VIDEO.""

**Subtitles:** The subtitles discuss a press conference or interview setting involving a player from the Bangladesh national cricket team, mentioning Virender Sehwag and a discussion about his criticism of Shakib Al Hasan.

**Video Description:** The video appears to be from a press conference or interview setting for a cricket event, likely related to the T20 World Cup. It shows a player from the Bangladesh national cricket team speaking to the media, discussing the performance of players like Shakib Al Hasan and Virender Sehwag.

**Comparison and Assessment:**

- **Thumbnail vs. Subtitles:** The thumbnail suggests a focus on Virender Sehwag, as indicated by the text ""SEHWAG TAKLU WHO?"" This implies a discussion or criticism of Sehwag's performance or statements. However, the subtitles mention a discussion about Sehwag's criticism of Shakib Al Hasan, which is not directly addressed in the thumbnail.
  
- **Thumbnail vs. Video Content:** The video content primarily revolves around a press conference where the player discusses the performance of players like Shakib Al Hasan and Virender Sehwag. There is no indication in the video that it involves a direct criticism of Sehwag's performance or statements.

- **Exaggeration or Clickbait:** The thumbnail uses the phrase ""SEHWAG TAKLU WHO?"" which could be interpreted as a provocative question meant to attract viewers' attention. However, the video content does not seem to address Sehwag directly in a critical manner.

**Conclusion:**

The thumbnail is somewhat misleading because it suggests a discussion about Sehwag's performance or statements, which is not explicitly addressed in the subtitles or the video content. While the thumbnail uses a provocative question, the video itself does not delve into a direct criticism of Sehwag. Therefore, the thumbnail might mislead viewers into expecting a more critical discussion than what is actually presented in the video.

**Categorization:** Misleading

**Explanation:** The thumbnail uses a provocative question (""SEHWAG TAKLU WHO?"") that suggests a discussion about Sehwag's performance or statements, which is not explicitly addressed in the subtitles or the video content. This creates a misleading expectation for the viewer."
efXOrthfd2U,"### Analysis and Categorization

**Thumbnail:** The image shows a group of workers in orange uniforms mixing a large quantity of brown liquid in a circular tank. The workers appear to be engaged in some form of industrial or manufacturing process involving a thick, viscous substance.

**Subtitles:** The subtitles suggest that the video is about workers performing various tasks, with phrases like ""Prepare yourself, as WOW Tech will show you!"" and ""This guy knows how to operate a drilling rig like a pro.""

**Video Description:** The video compilation showcases various crafts, skills, and unique techniques across different fields. Scenes include pressure washing, spray painting, culinary activities, artistic displays, pastry decoration, and more. The video emphasizes craftsmanship and attention to detail in various processes.

**Comparison and Assessment:**

1. **Thumbnail vs. Video Content:** The thumbnail depicts workers mixing a large quantity of brown liquid in a tank, which aligns closely with the video content that includes scenes of industrial or manufacturing processes. However, the thumbnail does not specifically highlight the variety of crafts and skills showcased throughout the video.

2. **Exaggeration or False Promises:** The thumbnail does not use exaggerated language or false promises. It accurately represents the industrial setting depicted in the video.

3. **Clickbait Tactics:** There are no clickbait tactics present in the thumbnail. It simply shows a scene relevant to the video content.

**Conclusion:**

The thumbnail accurately represents the video content, which includes industrial or manufacturing processes. While it does not explicitly highlight the variety of crafts and skills showcased throughout the video, it does not mislead viewers about the main topic of the video.

**Categorization:** Not Misleading

**Explanation:** The thumbnail accurately depicts a scene from the video content, which involves industrial or manufacturing processes. Although it does not explicitly highlight the variety of crafts and skills showcased throughout the video, it does not mislead viewers about the main topic of the video."
NniHBZVshyY,"### Categorization: Not Misleading

**Explanation:**
The provided thumbnail depicts a scene of a building being demolished, which is visually dramatic and could be mistaken for an earthquake or similar catastrophic event. However, the video content clearly describes a compilation of security camera footage showing the effects of a 7.4-magnitude earthquake in Russia's Kamchatka Peninsula. The thumbnail does not accurately represent the main topic of the video, which focuses on the seismic activity and its effects on various locations.

The thumbnail shows a building being demolished, which is not related to the earthquake depicted in the video. The video content, on the other hand, shows the effects of the earthquake, including shaking, falling objects, and structural damage, which are consistent with the description of an earthquake. Therefore, the thumbnail is misleading because it does not reflect the actual content of the video."
V8aSo2sQ13E,"### Categorization: Misleading

**Explanation:**
The thumbnail depicts a collage of images featuring a young boy with glasses, smiling and interacting with others, including a baby. The text overlay includes phrases like ""Surely we belong to Allah and to Him shall we return,"" which suggests a religious context. However, the subtitles and video content describe a tragic event involving the death of a young boy named Ahmed Pathani, whose younger sister has passed away after being ill for a long time. The thumbnail does not accurately represent the main topic of the video, which is the death of Ahmed's younger sister and the emotional impact on the family. The use of a cheerful image of a young boy in the thumbnail creates a misleading impression that contrasts sharply with the somber and tragic nature of the video's content. Therefore, the thumbnail is considered misleading."
EWzj9rErGQI,"### Analysis and Categorization

#### Step 1: Examine the Thumbnail
The thumbnail shows a security camera view inside a store, where a police officer is present among customers. The officer is circled in red, suggesting that the video might focus on the interaction between the officer and the customers.

#### Step 2: Read Through the Video Subtitles and Content Description
The subtitles and video content appear to be a compilation of various short clips, including mundane activities and humorous moments. The clips cover different scenarios such as a security guard, a child, a dog, and various interactions in different settings. There is no mention of a police officer or any specific interaction with customers in the provided video description.

#### Step 3: Compare the Thumbnail to the Actual Video Content
The thumbnail depicts a security camera view inside a store with a police officer present, which is completely unrelated to the video content described. The video content consists of a compilation of various short clips, none of which feature a police officer or a store setting.

#### Step 4: Determine if the Thumbnail Accurately Represents the Video's Main Topic or Content
The thumbnail does not accurately represent the video's main topic or content. It suggests a scenario involving a police officer in a store, which is not depicted in the video clips provided.

#### Step 5: Assess Whether the Thumbnail Uses Exaggeration, False Promises, or Clickbait Tactics
The thumbnail uses exaggerated imagery and a misleading setup, as it implies a specific interaction that is not present in the video content.

#### Step 6: Categorize the Thumbnail
**Categorization:** Misleading

#### Explanation:
The thumbnail is categorized as misleading because it depicts a security camera view inside a store with a police officer, which is entirely unrelated to the video content. The video is a compilation of various short clips, none of which feature a police officer or a store setting. The thumbnail sets up a scenario that is not actually represented in the video, leading viewers to expect a different type of content than what is actually shown."
81v7fgp3Two,"### Analysis and Categorization:

**Thumbnail:** The thumbnail depicts a person in a bright green and red outfit interacting with a large airplane wheel. The image suggests a humorous or exaggerated scenario involving a person trying to lift or manipulate a massive aircraft component.

**Subtitles:** The subtitles do not provide specific details about the video content but seem to indicate a playful or comedic tone, possibly involving stunts or pranks related to aviation.

**Video Description:** The video compilation showcases a variety of impressive feats, stunts, and unusual activities. It includes scenes of martial arts demonstrations, breaking boards, balancing acts, and other physical challenges. The video does not feature any interaction with airplanes or aircraft components.

**Comparison:** The thumbnail shows a person interacting with a large airplane wheel, which is not depicted in the video content. The video primarily features human feats and stunts unrelated to aviation.

**Assessment:** The thumbnail is misleading because it suggests a scenario involving a person interacting with a large airplane wheel, which is not present in the video content. The thumbnail implies a humorous or exaggerated situation that does not align with the actual video content.

**Categorization:** Misleading

**Explanation:** The thumbnail uses exaggerated imagery to suggest a scenario that is not depicted in the video. It creates a false expectation that the video will involve a person interacting with a large airplane wheel, which is not the case. The thumbnail does not accurately represent the video's main topic or content, thus making it misleading."
HMbDPgINfto,"### Analysis and Categorization

#### Step 1: Examine the Thumbnail
The thumbnail shows two images side by side:
- On the left, a person wearing flip-flops with a single strap and a thick sole, which appears to be uncomfortable and impractical.
- On the right, a person wearing flip-flops with multiple straps and a layered, wedge-like sole, which looks more comfortable and stylish.

#### Step 2: Read Through the Video Subtitles and Content Description
The video content appears to be a compilation of various 5-minute craft or life hack demonstrations, including cooking, DIY projects, and lifestyle tips. The video does not seem to be focused on footwear or flip-flops.

#### Step 3: Compare the Thumbnail to the Actual Video Content
The thumbnail suggests that the video is about comparing different types of flip-flops, possibly highlighting the benefits of one style over another. However, the video content is a compilation of various DIY projects and life hacks, which do not involve flip-flops at all.

#### Step 4: Determine if the Thumbnail Accurately Represents the Video's Main Topic or Content
The thumbnail does not accurately represent the video's main topic or content. It implies that the video is about flip-flops, but the video content is entirely unrelated to footwear.

#### Step 5: Assess Whether the Thumbnail Uses Exaggeration, False Promises, or Clickbait Tactics
The thumbnail uses exaggerated imagery to attract viewers' attention, suggesting that the video will provide useful information about flip-flops. However, the video content does not match the implied topic.

#### Step 6: Categorize the Thumbnail
**Categorization: Misleading**

**Explanation:**
The thumbnail is misleading because it suggests that the video is about comparing different types of flip-flops, which is not the case. The video content is a compilation of various DIY projects and life hacks, and there is no mention of flip-flops in the subtitles or video description. The thumbnail uses exaggerated imagery to attract viewers, which is not aligned with the actual content of the video."
okqEpX07e3g,"### Analysis and Categorization:

**Thumbnail:** The thumbnail shows a soccer player in a red jersey being interviewed by a female interviewer. The text overlay reads ""F*** STUPID QUESTIONS!"" 

**Subtitles:** The subtitles suggest that the video contains interviews where reporters ask ""stupid"" questions, implying that the content might involve players reacting negatively to such questions.

**Video Description:** The video appears to be a compilation of various soccer-related interview clips and moments, capturing different reactions, responses, and situations involving players and managers. The scenes include interviews, press conferences, and moments of humor and candidness.

**Comparison and Assessment:**

1. **Thumbnail vs. Video Content:** The thumbnail suggests that the video focuses on players reacting negatively to ""stupid"" questions. However, the video description indicates that it is a compilation of various interview clips and moments, which may include both positive and negative interactions between players and reporters.

2. **Exaggeration and Clickbait:** The thumbnail uses strong language (""F*** STUPID QUESTIONS!"") which might be intended to attract viewers by suggesting that the video contains controversial or heated exchanges. However, the video content described does not necessarily align with this exaggerated claim.

3. **Accuracy Representation:** While the thumbnail does not provide a complete picture of the video content, it does not appear to be misleading in the sense that it overstates the content significantly. The video likely includes interviews where players react to questions, but the thumbnail does not imply that every interaction is negative or that the video is solely focused on such moments.

**Conclusion:**

**Categorization:** Not Misleading

**Explanation:** The thumbnail accurately reflects the general theme of the video, which involves interviews and interactions between players and reporters. Although the thumbnail uses strong language to attract attention, it does not misrepresent the actual content of the video. The video description confirms that it is a compilation of various interview clips, which may include both positive and negative interactions, but the thumbnail does not suggest that the entire video consists of players reacting negatively to ""stupid"" questions. Therefore, the thumbnail is not misleading."
jUpknoy-DKc,"### Analysis and Categorization:

**Thumbnail:**
The thumbnail shows three images:
1. A person with a blue eye mask covering one eye.
2. The same person with a surprised expression.
3. The person jumping mid-air in a room.

**Subtitles:**
The subtitles include phrases like ""3 2 1 E go,"" ""birthday K congratulations,"" ""call real rich,"" ""3 2 1 go,"" ""thank you,"" ""3 2 1 people,"" ""3 2 1 E go,"" ""okay can you see this right here,"" ""what's that,"" ""whoa who,"" ""3 2 1 people,"" ""3 2 1 ground,"" ""3 2 1,"" ""3 2 1 we go,"" ""3 2 1 we go,"" ""3 2 1 we go,"" ""3 2 1 we go,"" ""3 2 1 we go,"" ""3 2 1 we go,"" ""3 2 1 we go,"" ""3 2 1 we go,"" ""3 2 1 we go,"" ""3 2 1 we go,"" ""3 2 1 we go,"" ""3 2 1 we go,"" ""3 2 1 we go,"" ""3 2 1 we go,"" ""3 2 1 we go,"" ""3 2 1 we go,"" ""3 2 1 we go,"" ""3 2 1 we go,"" ""3 2 1 we go,"" ""3 2 1 we go,"" ""3 2 1 we go,"" ""3 2 1 we go,"" ""3 2 1 we go,"" ""3 2 1 we go,"" ""3 2 1 we go,"" ""3 2 1 we go,"" ""3 2 1 we go,"" ""3 2 1 we go,"" ""3 2 1 we go,"" ""3 2 1 we go,"" ""3 2 1 we go,"" ""3 2 1 we go,"" ""3 2 1 we go,"" ""3 2 1 we go,"" ""3 2 1 we go,"" ""3 2 1 we go,"" ""3 2 1 we go,"" ""3 2 1 we go,"" ""3 2 1 we go,"" ""3 2 1 we go,"" ""3 2 1 we go,"" ""3 2 1 we go,"" ""3 2 1 we go,"" ""3 2 1 we go,"" ""3 2 1 we go,"" ""3 2 1 we go,"" ""3 2 1 we go,"" ""3 2 1 we go,"" ""3 2 1 we go,"" ""3 2 1 we go,"" ""3 2 1 we go,"" ""3 2 1 we go,"" ""3 2 1 we go,"" ""3 2 1 we go,"" ""3 2 1 we go,"" ""3 2 1 we go,"" ""3 2 1 we go,"" ""3 2 1 we go,"" ""3 2 1 we go,"" ""3 2 1 we go,"" ""3 2 1 we go,"" ""3 2 1 we go,"" ""3 2 1 we go,"" ""3 2 1 we go,"" ""3 2 1 we go,"" ""3 2 1 we go,"" ""3 2 1 we go,"" ""3 2 1 we go,"" ""3 2 1 we go,"" ""3 2 1 we go,"" ""3 2 1 we go,"" ""3 2 1 we go,"" ""3 2 1 we go,"" ""3 2 1 we go,"" ""3 2 1 we go,"" ""3 2 1 we go,"" ""3 2 1 we go,"" ""3 2 1 we go,"" ""3 2 1 we go,"" ""3 2 1 we go,"" ""3 2 1 we go,"" ""3 2 1 we go,"" ""3 2 1 we go,"" ""3 2 1 we go,"" ""3 2 1 we go,"" ""3 2 1 we go,"" ""3 2 1 we go,"" ""3 2 1 we go,"" ""3 2 1 we go,"" ""3 2 1 we go,"" ""3 2 1 we go,"" ""3 2 1 we go,"" ""3 2 1 we go,"" ""3 2 1 we go,"" ""3 2 1 we go,"" ""3 2 1 we go,"" ""3 2 1 we go,"""
3fJYobTdW-U,"### Analysis and Categorization

#### Step 1: Examine the Thumbnail
The thumbnail shows two individuals in traditional Indian attire, seemingly engaged in a conversation. One person is pointing towards the other, and there is a text overlay that reads ""Dimaag Kharab Mat Karo Abhi,"" which translates to ""Don't Ruin Your Mind Now.""

#### Step 2: Read Through the Video Subtitles and Content Description
- **Subtitles:** Not available.
- **Content Description:** The video captures scenes from a large, lavish Indian event, likely a wedding or engagement ceremony. It includes shots of guests arriving, socializing, and posing for photographs. The event space is beautifully decorated, and the attire reflects a high-profile gathering. The video highlights the joyous and celebratory atmosphere, with traditional Indian clothing and customs prominently displayed.

#### Step 3: Compare the Thumbnail to the Actual Video Content
The thumbnail depicts a moment of interaction between two individuals, which is not necessarily indicative of the overall content of the video. The video itself focuses on a broader event with multiple scenes of socializing, posing for photos, and the overall festive atmosphere. The thumbnail does not accurately represent the main topics or content of the video.

#### Step 4: Determine if the Thumbnail Accurately Represents the Video's Main Topic or Content
The thumbnail does not provide a clear representation of the main topics or content of the video. It suggests a specific interaction or moment that may not be the primary focus of the video.

#### Step 5: Assess Whether the Thumbnail Uses Exaggeration, False Promises, or Clickbait Tactics
The thumbnail uses a text overlay that implies a dramatic or cautionary message (""Don't Ruin Your Mind Now""), which is not supported by the video content. This creates a misleading expectation for viewers.

#### Step 6: Categorize the Thumbnail
**Categorization:** Misleading

#### Explanation:
The thumbnail is misleading because it suggests a specific interaction or moment that is not representative of the overall content of the video. The video primarily captures a broad event with multiple scenes of socializing and posing for photographs, rather than focusing on a particular interaction between two individuals. The text overlay in the thumbnail adds an element of drama that is not present in the video, thus misleading viewers about the content they can expect."
7JZCmVjBAEg,"### Analysis and Categorization:

**Thumbnail:**
- The thumbnail prominently features the title ""Krrish 4"" along with the tagline ""Official Trailer.""
- The image includes a close-up of a character's face, suggesting a serious or intense mood.
- The overall aesthetic is dark and dramatic, with a focus on the character's expression and the film's title.

**Video Subtitles and Content Description:**
- The subtitles and video content describe a trailer for an action-packed film involving themes of heroism, global threats, and personal struggles.
- The scenes depicted include dramatic space and aerial sequences, futuristic cityscapes, and intense action and suspenseful moments.
- The tone is predominantly heroic and intense, with a mix of action, drama, and suspense.

**Comparison:**
- The thumbnail effectively captures the essence of the trailer, emphasizing the dramatic and intense nature of the film.
- The text ""Krrish 4"" clearly indicates the film's title, which matches the content described in the video.
- The image of the character's face aligns with the serious and intense mood conveyed in the trailer.

**Assessment:**
- The thumbnail accurately represents the main topic and content of the video, which is a trailer for the film ""Krrish 4.""
- There are no exaggerated claims or misleading elements in the thumbnail.
- The thumbnail does not employ clickbait tactics or misrepresent the video's content.

**Categorization:**
- **Not Misleading**

**Explanation:**
- The thumbnail correctly represents the film ""Krrish 4"" and its themes of heroism, action, and suspense. It accurately conveys the dramatic and intense nature of the trailer without any misleading elements. Therefore, it should be categorized as ""Not Misleading."""
mHddP1CDTQ0,"### Analysis and Categorization:

**Thumbnail Description:** The thumbnail shows a group of people in a rural setting, seemingly engaged in a celebratory activity. The individuals are dressed in colorful traditional attire, and the environment includes natural elements like trees and open fields. The overall tone suggests a festive and joyful gathering.

**Video Description:** The video depicts a vibrant and festive production, likely a celebration or cultural event in a rural setting. It includes scenes of traditional and modern elements, colorful decorations, and lively dance sequences. The setting transitions between a decorated area, a rural landscape, and a modern element (a blue truck), showcasing a mix of traditional and contemporary aspects. The video emphasizes joy, celebration, and cultural richness.

**Comparison:** The thumbnail accurately represents the video's content. It captures the essence of a festive gathering with traditional attire and a rural setting, which matches the description of the video. The thumbnail does not exaggerate or mislead; it provides a clear preview of the video's main theme and setting.

**Conclusion:** The thumbnail is **Not Misleading**.

**Explanation:** The thumbnail effectively conveys the main theme of the video—a festive and cultural celebration in a rural setting. It accurately reflects the traditional attire, the rural environment, and the overall joyful atmosphere described in the video. There are no elements in the thumbnail that are misleading or misleadingly exaggerated compared to the actual content of the video."
lDvDAuwMago,"### Categorization: Not Misleading

**Explanation:**
The thumbnail depicts a woman in traditional South Asian attire, which aligns with the video description that mentions scenes set in a South Asian context. The woman's expressions of distress and concern are consistent with the emotional journey described in the video description. The settings shown in the thumbnail, such as the elegant home and the grand staircase, also match the descriptions of the video content. The overall theme of family drama or personal struggles within a wealthy household is evident both in the thumbnail and the video description. Therefore, the thumbnail accurately represents the content of the video without any misleading elements."
6ujHuYFkaHY,"### Analysis and Categorization:

**Thumbnail:** The thumbnail shows a white dog playfully interacting with a toy crocodile that has a large open mouth, resembling a crocodile's head. The dog appears to be biting or playing with the toy, and there is a laughing emoji in the corner.

**Subtitles:** The subtitles are not provided in the description, so they cannot be analyzed for accuracy or relevance to the thumbnail.

**Video Description:** The video compilation showcases various pet-related scenes, primarily focusing on cats and their interactions with their environment and owners. The scenes include playful and curious behaviors of cats interacting with toys, each other, and their caretakers. The overall tone is light-hearted and humorous.

**Comparison:** The thumbnail depicts a playful interaction between a dog and a toy crocodile, which is not directly related to the content described in the video description. The video primarily focuses on cats and their interactions, rather than dogs or crocodile-themed toys.

**Assessment:** The thumbnail does not accurately represent the main topic or content of the video. While the thumbnail shows a playful interaction, the video content is centered around cats and their activities, which are not depicted in the thumbnail. The thumbnail uses a toy crocodile, which is not a significant element in the video content.

**Categorization:** **Misleading**

**Explanation:** The thumbnail is categorized as misleading because it shows a dog interacting with a toy crocodile, which is not the primary focus of the video. The video content is primarily about cats and their playful interactions, making the thumbnail misleading as it does not reflect the actual content of the video."
HogL3kqBdDA,"### Analysis and Categorization:

**Thumbnail:** The thumbnail shows a woman in a vibrant pink and lime green sari, with a speech bubble saying ""Hi Amitabh."" There is another woman in a red saree with a speech bubble saying ""MAT Dekho Usko.""

**Subtitles:** There are no subtitles provided in the video description.

**Video Description:** The video captures scenes from a high-profile event in India, featuring celebrities and public figures arriving and posing for photographs. It includes various shots of people arriving in luxury vehicles, security personnel assisting guests, and interactions among attendees. The event appears to be significant, possibly a film premiere, awards ceremony, or high-society gathering.

**Comparison:** The thumbnail shows a woman in a vibrant sari with a speech bubble saying ""Hi Amitabh,"" which suggests a friendly interaction with a famous personality named Amitabh. However, the video content primarily focuses on the arrival and interactions of various attendees at a high-profile event, without any specific mention of a direct interaction with Amitabh Bachchan.

**Assessment:**
- The thumbnail depicts a specific interaction (""Hi Amitabh"") that is not explicitly mentioned in the video description.
- The video content is broader and more general, capturing the overall atmosphere of a high-profile event rather than focusing on a particular interaction with Amitabh Bachchan.
- The thumbnail might give viewers the impression that the video will feature a direct interaction with Amitabh Bachchan, which is not the case based on the provided video description.

**Categorization:** Misleading

**Explanation:** The thumbnail is misleading because it suggests a specific interaction with a famous personality (Amitabh Bachchan) that is not depicted in the video content. The video primarily captures the general atmosphere of a high-profile event without focusing on a particular interaction with Amitabh Bachchan."
GphDte8cJJ0,"### Analysis and Categorization:

**Thumbnail:** The thumbnail features a composite image with a man and a woman appearing to be in a heated discussion. The text overlay reads ""Alia Bhatt ANGRY.""

**Subtitles:** The subtitles do not provide any specific context or details about the video content. They seem to be incomplete and fragmented, making it difficult to understand the narrative.

**Video Description:** The video appears to capture scenes from a high-profile event, likely at a luxury shopping or entertainment venue. The setting is a brightly lit, upscale indoor space with storefronts visible, including a Cartier boutique. The scenes show a group of well-dressed individuals navigating through a crowded environment, with a sense of urgency and excitement. The main focus seems to be on a woman in a black suit, possibly a celebrity or public figure, moving through the space with an entourage.

**Comparison and Assessment:**

- **Thumbnail vs. Video Content:** The thumbnail depicts a scene of a woman appearing angry, while the video content describes a high-profile event with a group of well-dressed individuals moving through a crowded, upscale venue. There is no direct correlation between the thumbnail and the actual video content.
  
- **Exaggeration/Clickbait:** The thumbnail uses the word ""ANGRY"" to create a sense of drama and conflict, which is not supported by the video content. The video does not depict any significant conflict or anger among the individuals shown.

- **Accuracy Representation:** The thumbnail does not accurately represent the video's main topic or content. It suggests a dramatic interaction that is not present in the actual video.

### Conclusion:

**Categorization:** Misleading

**Explanation:** The thumbnail is misleading because it implies a dramatic interaction involving anger, which is not depicted in the actual video content. The video shows a high-profile event with a group of well-dressed individuals moving through a crowded, upscale venue, without any indication of conflict or anger. The use of the word ""ANGRY"" in the thumbnail creates an exaggerated expectation that is not met in the video, making it misleading."
kKj0yzRyOpg,"### Analysis and Categorization

#### Step 1: Examine the Thumbnail
The thumbnail features a police officer and a woman with a surprised expression. The background includes a police vehicle, suggesting a law enforcement or crime-related theme.

#### Step 2: Read Through the Video Subtitles and Content Description
The subtitles and video description indicate a reality TV-style show or vlog series focused on a group of people participating in a camp or educational program. The scenes include various activities such as milkshakes, challenges, and interactions among participants. The content does not involve law enforcement or crime.

#### Step 3: Compare the Thumbnail to the Actual Video Content
The thumbnail depicts a scene involving law enforcement, which is entirely unrelated to the content described in the video description. The video is about a camp or educational program, not a crime or police-related scenario.

#### Step 4: Determine if the Thumbnail Accurately Represents the Video's Main Topic or Content
The thumbnail does not accurately represent the video's main topic or content. It suggests a law enforcement or crime-related theme, which is not present in the actual video.

#### Step 5: Assess Whether the Thumbnail Uses Exaggeration, False Promises, or Clickbait Tactics
The thumbnail uses exaggerated imagery and a misleading context to attract viewers, which is not aligned with the actual content of the video.

#### Step 6: Categorize the Thumbnail as Either ""Misleading"" or ""Not Misleading""
Based on the analysis, the thumbnail is categorized as **Misleading**.

#### Explanation:
The thumbnail creates a misleading impression by featuring a police officer and a woman with a surprised expression, which strongly suggests a crime or law enforcement theme. However, the actual video content is about a camp or educational program, which is entirely unrelated to the depicted scene. This discrepancy between the thumbnail and the actual video content makes the thumbnail misleading."
qUL0EyCRAgM,"### Categorization: Misleading

### Explanation:
The thumbnail shows a person leaning out of a window, appearing to be in distress or reacting to something happening inside the vehicle. However, the video content described includes a variety of mishaps, accidents, and humorous situations across different settings, such as a person jumping into water, a dog peeking around a doorway, and a kitchen scene with multiple people reacting to something on the floor. The thumbnail does not accurately represent the diverse range of scenarios depicted in the video. It suggests a specific, dramatic moment that is not representative of the overall content, making it misleading."
Lra2N5CsyDA,"### Analysis and Categorization

#### Step-by-Step Analysis:

1. **Examine the Thumbnail**:
   - The thumbnail depicts a gorilla and a lion in a grassy field, engaging in what appears to be a physical confrontation or a playful interaction.

2. **Read Through the Video Subtitles and Content Description**:
   - The subtitles suggest a compilation of various wildlife interactions, including confrontations and playful behaviors among different species.
   - The video content includes scenes of lions, elephants, bears, and other animals in natural settings, showcasing their behaviors and interactions.

3. **Compare the Thumbnail to the Actual Video Content**:
   - The thumbnail shows a gorilla and a lion in a grassy field, which is not depicted in the video content.
   - The video content focuses on various wildlife interactions but does not include a gorilla-lion confrontation.

4. **Determine if the Thumbnail Accurately Represents the Video's Main Topic or Content**:
   - The thumbnail does not accurately represent the video's main topic or content. It suggests a specific interaction that is not present in the video.

5. **Assess Whether the Thumbnail Uses Exaggeration, False Promises, or Clickbait Tactics**:
   - The thumbnail uses exaggerated imagery and a misleading scenario to attract viewers, which is not aligned with the actual video content.

6. **Categorize the Thumbnail**:
   - **Misleading**

7. **Explanation**:
   - The thumbnail is misleading because it depicts a gorilla-lion confrontation, which is not shown in the video. Instead, the video features a compilation of various wildlife interactions without any gorilla-lion interaction. The thumbnail creates an expectation that is not fulfilled by the video content, leading viewers to believe they will see a specific interaction that is not there.

### Final Decision:
**Misleading**

**Explanation**: The thumbnail depicts a gorilla-lion confrontation, which is not shown in the video content. The video features a compilation of various wildlife interactions without any gorilla-lion interaction, making the thumbnail misleading."
2_nCluvm-9A,"### Analysis and Categorization

#### Step 1: Examine the Thumbnail
The thumbnail features a soccer ball adorned with diamonds, accompanied by the text ""$2,000,000"". The image suggests a luxurious and valuable item, which aligns with the theme of wealth and extravagance.

#### Step 2: Read Through the Video Subtitles and Content Description
The subtitles and video content describe various aspects of Cristiano Ronaldo's wealth and lifestyle, including expensive items such as watches, cleats, and jewelry. The video highlights his financial achievements and charitable contributions, but the thumbnail focuses specifically on the diamond-adorned soccer ball.

#### Step 3: Compare the Thumbnail to the Actual Video Content
The thumbnail prominently displays a diamond-encrusted soccer ball, which is mentioned in the video as one of Ronaldo's most expensive possessions. However, the video content goes beyond just showcasing this single item; it covers a wide range of topics including his overall wealth, charitable donations, and personal relationships.

#### Step 4: Determine if the Thumbnail Accurately Represents the Video's Main Topic or Content
While the thumbnail does represent a significant aspect of Ronaldo's wealth (the diamond-encrusted soccer ball), it does not fully capture the broader narrative of the video. The video delves into multiple facets of Ronaldo's life, including his charitable efforts, personal relationships, and overall financial status.

#### Step 5: Assess Whether the Thumbnail Uses Exaggeration, False Promises, or Clickbait Tactics
The thumbnail uses a visually striking image of a diamond-encrusted soccer ball to attract viewers, which could be considered clickbait. However, the video content does not solely revolve around this single item but rather presents a comprehensive overview of Ronaldo's life and achievements.

#### Step 6: Categorize the Thumbnail
Based on the analysis, the thumbnail is misleading because it focuses on a single, visually appealing item (the diamond-encrusted soccer ball) without providing a comprehensive representation of the video's content. While the item is significant, the video covers much more than just this one aspect of Ronaldo's wealth.

### Final Decision
**Categorization: Misleading**

**Explanation:** The thumbnail is misleading because it focuses on a single, visually appealing item (the diamond-encrusted soccer ball) without providing a comprehensive representation of the video's content. The video covers multiple facets of Ronaldo's life and achievements, which are not fully represented by the thumbnail."
kNZpnFo20Sk,"### Analysis and Categorization:

**Thumbnail:** The thumbnail shows a soccer player in a red jersey reacting dramatically, with exaggerated visual effects like flames and smoke added to emphasize the intensity of the moment.

**Video Content:** The video depicts various scenes from professional soccer matches, including intense moments of play, referee decisions, and player interactions. It does not feature any dramatic visual effects or exaggerated reactions similar to those shown in the thumbnail.

**Comparison:** The thumbnail uses exaggerated visual effects to create a sense of drama and excitement, which is not present in the actual video content. The video focuses on realistic and intense moments typical of professional soccer matches, without the use of such dramatic visual effects.

**Assessment:** The thumbnail is misleading because it uses exaggerated visual effects to create a sense of drama that is not present in the actual video content. The thumbnail suggests a more sensationalized and visually intense experience than what the viewer would actually encounter.

**Categorization:** Misleading

**Explanation:** The thumbnail is misleading because it uses exaggerated visual effects to create a sense of drama that is not present in the actual video content. The video focuses on realistic and intense moments typical of professional soccer matches, without the use of such dramatic visual effects. The thumbnail creates an expectation that is not met by the actual video content."
AiQqtvoZvMw,"### Analysis and Categorization:

**Thumbnail:** The thumbnail shows a referee holding up a rainbow flag, with the text ""NOT ALLOWED"" prominently displayed. This suggests a protest or issue related to LGBTQ+ rights during a soccer match.

**Video Description:** The video appears to be a compilation of highlights and memorable moments from women's football matches. It showcases various scenes of gameplay, celebrations, and interactions among players. The video emphasizes the excitement and skill of women's soccer, featuring moments of goal-scoring, defensive plays, and team celebrations.

**Subtitles:** The subtitles provide commentary on specific moments within the video, such as a player missing a goal opportunity, a goalkeeper making a dramatic save, and a player scoring a goal despite the goalkeeper's error. The subtitles highlight the unpredictability and excitement of women's football.

**Comparison:** The thumbnail depicts a situation involving a rainbow flag and a referee, which is not directly related to the content described in the video description. The thumbnail suggests a protest or controversy, whereas the video content focuses on general highlights and moments from women's football matches.

**Conclusion:** The thumbnail is misleading because it implies a specific issue (LGBTQ+ rights protest) that is not addressed in the video content. The video itself is a compilation of general highlights and moments from women's football matches without any direct reference to the rainbow flag or LGBTQ+ rights.

**Categorization:** Misleading

**Explanation:** The thumbnail uses a visual element (rainbow flag) and text (""NOT ALLOWED"") that suggest a specific controversy or protest, which is not present in the video content. The video is a general compilation of women's football highlights and does not address any issues related to LGBTQ+ rights. Therefore, the thumbnail misrepresents the video's content by implying a specific issue that is not depicted in the video."
Y4id5tlTYsY,"### Categorization: Not Misleading

**Explanation:**

The provided video description outlines a compilation of various sports and athletic moments, showcasing different events and dramatic scenes across multiple sports disciplines. The thumbnail depicts a soccer goalkeeper making a diving save, which is a common and expected scene in soccer matches. This image accurately represents the content described in the video, which includes a variety of sports and athletic moments.

The video's subtitle suggests that it will feature amusing and ridiculous moments from different sports, which aligns with the content described in the video description. The thumbnail effectively captures the essence of the video, which is a collection of sports highlights and humorous moments. It does not exaggerate or misrepresent the content; instead, it provides a clear preview of the type of content viewers can expect.

Therefore, the thumbnail is not misleading as it accurately reflects the diverse and varied nature of the sports content featured in the video."
J6RveRkUNXA,"**Categorization:** Not Misleading

**Explanation:** The thumbnail depicts a burning bridge with a rocket being launched, which could be interpreted as part of a larger military operation or combat scenario. However, the video content described does not feature a burning bridge or a rocket launch. Instead, the video appears to depict a military operation involving aerial combat, naval bombardment, and beach landings, all of which are consistent with the thumbnail's depiction of a large-scale military operation. The thumbnail accurately represents the main theme of the video, which is a military operation or combat scenario, albeit in a more generalized form. Therefore, the thumbnail is not misleading."
h2pe4zpWXT4,"### Analysis and Categorization

#### Step 1: Examine the Thumbnail
The thumbnail shows a car covered in a thick layer of black substance, with a person standing nearby gesturing. The image suggests a dramatic or unusual situation involving a car being covered in some form of liquid or substance.

#### Step 2: Read Through the Video Subtitles and Content Description
The subtitles and video content describe a compilation of various vehicle-related incidents and unusual situations. These include:
- A silver car stuck on a brick sidewalk.
- A military tank on a city street.
- Someone chaining a car to a fire hydrant.
- Cars being loaded onto tow trucks.
- Chaotic street scenes with multiple cars and people.
- A person lying on the ground between parked cars.
- A car being crushed by an excavator.
- A large vehicle crushing a small convertible car.
- Various other scenes involving cars in unusual situations.

#### Step 3: Compare the Thumbnail to the Actual Video Content
The thumbnail depicts a car covered in a thick layer of black substance, which is not directly related to the video content. The video content focuses on various vehicle-related incidents and unusual situations, many of which do not involve a car covered in a black substance.

#### Step 4: Determine if the Thumbnail Accurately Represents the Video's Main Topic or Content
The thumbnail does not accurately represent the main topics or content of the video. It suggests a specific scenario (a car covered in a black substance) that is not present in the video content.

#### Step 5: Assess Whether the Thumbnail Uses Exaggeration, False Promises, or Clickbait Tactics
The thumbnail uses exaggerated imagery to attract viewers, which is misleading because the video content does not feature a car covered in a black substance.

#### Step 6: Categorize the Thumbnail as Either ""Misleading"" or ""Not Misleading""
Based on the analysis, the thumbnail is **Misleading**.

#### Explanation:
The thumbnail creates an expectation that the video will show a car covered in a black substance, which is not the case. Instead, the video content features a compilation of various vehicle-related incidents and unusual situations, none of which involve a car covered in a black substance. Therefore, the thumbnail is misleading as it does not accurately represent the video's main topic or content."
MnGCjmcUp6c,"### Analysis and Categorization

#### Step 1: Examine the Thumbnail
The thumbnail shows a person carrying a large, bulky object that resembles a mattress or a similar heavy item, struggling to balance it on their back while walking down a street. The individual appears to be in a state of effort and strain.

#### Step 2: Read Through the Video Subtitles and Content Description
The video compilation includes a variety of unusual and unexpected events, such as a camel running loose on a highway, a motorcyclist falling, a large shipping container truck driving on a city street, and a person struggling with a vending machine. These events are described as mishaps, surprising moments, and unusual situations meant to entertain viewers.

#### Step 3: Compare the Thumbnail to the Actual Video Content
The thumbnail depicts a person carrying a heavy object, which aligns more closely with the theme of physical exertion and unusual events rather than the specific mishaps mentioned in the video description. However, the thumbnail does not explicitly show any of the specific events listed in the video description.

#### Step 4: Determine if the Thumbnail Accurately Represents the Video's Main Topic or Content
While the thumbnail shows a person carrying a heavy object, which could be related to the theme of physical exertion or unusual events, it does not directly represent any of the specific mishaps or unusual situations described in the video content. The thumbnail does not provide a clear indication of the type of content viewers can expect from the video.

#### Step 5: Assess Whether the Thumbnail Uses Exaggeration, False Promises, or Clickbait Tactics
The thumbnail does not use exaggerated language or false promises. It simply shows a person carrying a heavy object, which is a plausible scenario but does not necessarily indicate the specific mishaps or unusual situations depicted in the video.

#### Step 6: Categorize the Thumbnail
Based on the analysis, the thumbnail is not misleading because it does not explicitly represent any of the specific mishaps or unusual situations described in the video content. While it may not perfectly match the exact content, it does not use exaggerated language or false promises.

### Final Decision
**Categorization:** Not Misleading

**Explanation:** The thumbnail accurately represents a scenario that could be related to the theme of physical exertion or unusual events, but it does not explicitly represent any of the specific mishaps or unusual situations described in the video content. Therefore, it is not misleading."
ssu3MJkD5tk,"### Analysis and Categorization

**Thumbnail:** The thumbnail shows a lipstick being filled with a watermelon-like substance, suggesting a creative or unusual DIY beauty product.

**Video Content:** The video appears to be a collection of various craft and beauty tutorials, including nail art, makeup application, and DIY projects. There is no indication of a watermelon-filled lipstick in the video content.

**Comparison:** The thumbnail depicts a watermelon-filled lipstick, which is not present in the video content. The video primarily focuses on beauty and craft tutorials without any mention of a watermelon-themed product.

**Assessment:** The thumbnail uses exaggerated imagery (a watermelon-filled lipstick) that does not align with the actual content of the video. This creates a misleading impression that the viewer might expect to see something entirely different from what is actually presented.

**Categorization:** Misleading

**Explanation:** The thumbnail is categorized as misleading because it promotes a product or concept (watermelon-filled lipstick) that is not part of the actual video content. The video is a compilation of beauty and craft tutorials, and there is no indication of any watermelon-themed product. The thumbnail uses clickbait tactics by promising an unusual and visually striking product that does not match the video's actual content."
7g9xcCMdwns,"**Categorization:** Misleading

**Explanation:** The thumbnail depicts a character in a Spider-Man costume with a visibly exaggerated and distorted face, which suggests a comedic or exaggerated scenario. However, the video content described includes intense action sequences, futuristic elements, and a mix of serious and humorous moments, which do not necessarily align with the exaggerated and comedic tone suggested by the thumbnail. The thumbnail creates an expectation of a lighthearted or humorous take on Spider-Man, whereas the video content seems to balance action and drama with some comedic elements but does not primarily focus on humor as indicated by the thumbnail. Therefore, the thumbnail is misleading as it does not accurately represent the overall tone and content of the video."
dik8ItxhfgE,"### Categorization: Misleading

**Explanation:**

The thumbnail depicts a dramatic and potentially dangerous situation involving a bull and two individuals climbing a pole. The image suggests a high-stakes or thrilling scenario, which could mislead viewers into expecting a video filled with intense action or danger. However, the video content described does not involve any bullfighting or dangerous stunts. Instead, it is a compilation of various short, entertaining clips showcasing different scenarios and activities, ranging from everyday life moments to stunts and animal antics. 

The thumbnail creates an expectation of excitement and danger that is not aligned with the actual content of the video. Therefore, the thumbnail is misleading as it does not accurately represent the video's main topic or content."
ZdzvGvPurRo,"### Analysis and Categorization:

**Thumbnail:** The thumbnail shows a man in a suit holding an award, with a woman standing beside him. The text overlay reads ""RISHI KAPOOR ANGRY ON WIFE NEETU.""

**Subtitles:** The subtitles indicate that Rishi Kapoor is expressing anger towards his wife Neetu. The text suggests a confrontation or disagreement between the two.

**Video Description:** The video appears to be from a media event or press conference, likely for the Hindustan Times Most Stylish 2017 awards. The scenes show a man speaking at a podium, holding an award, and interacting with a woman who appears supportive. The overall tone is formal and celebratory, with moments of levity.

**Comparison:** The thumbnail prominently displays the text ""RISHI KAPOOR ANGRY ON WIFE NEETU,"" which strongly implies a conflict or disagreement between the two individuals. However, the video content does not depict any such conflict. Instead, it shows a formal event with a celebratory atmosphere, and the interaction between the man and the woman appears supportive rather than confrontational.

**Assessment:** The thumbnail uses exaggerated language (""ANGRY"") and suggests a dramatic situation that is not reflected in the actual video content. The thumbnail creates a misleading impression by implying a conflict that is not present in the video.

**Categorization:** **Misleading**

**Explanation:** The thumbnail is categorized as misleading because it sensationalizes the content by suggesting a conflict or disagreement between Rishi Kapoor and Neetu, which is not depicted in the actual video. The thumbnail uses exaggerated language (""ANGRY"") and creates a false expectation of drama that is not supported by the video content."
bJ5PTkdH-20,"### Analysis and Categorization

#### Step-by-Step Analysis:

1. **Examine the Thumbnail**:
   - The thumbnail features a soccer player wearing a white jersey with the number 7, which is associated with Cristiano Ronaldo.
   - There is a helicopter in the background with flames, suggesting a dramatic or dangerous situation.
   - An arrow points to the helicopter, emphasizing it as a significant element.

2. **Read Through the Video Subtitles and Content Description**:
   - The subtitles and video content appear to be a compilation of soccer highlights and moments, focusing on various players and teams.
   - The video includes scenes of intense action, celebrations, and behind-the-scenes footage.
   - There is no mention of a helicopter or any dramatic incident involving a player.

3. **Compare the Thumbnail to the Actual Video Content**:
   - The thumbnail depicts a helicopter with flames, which is not present in the video content.
   - The player shown in the thumbnail is wearing a white jersey with the number 7, which is associated with Cristiano Ronaldo.
   - The video content does not feature a helicopter or any dramatic incident involving a player.

4. **Determine if the Thumbnail Accurately Represents the Video's Main Topic or Content**:
   - The thumbnail does not accurately represent the video's main topic or content. It introduces elements (a helicopter with flames) that are not present in the actual video.

5. **Assess Whether the Thumbnail Uses Exaggeration, False Promises, or Clickbait Tactics**:
   - The thumbnail uses exaggerated imagery (a helicopter with flames) to create a sense of danger or urgency, which is not reflected in the actual video content.
   - This creates a misleading impression that the video will contain dramatic or dangerous content, which it does not.

6. **Categorize the Thumbnail as Either ""Misleading"" or ""Not Misleading""**:
   - Based on the analysis, the thumbnail is misleading because it introduces elements (a helicopter with flames) that are not present in the actual video content.

### Final Decision:

**Categorization: Misleading**

**Explanation:**
The thumbnail is categorized as misleading because it introduces elements (a helicopter with flames) that are not present in the actual video content. This creates a sense of danger or urgency that is not reflected in the actual video, leading viewers to expect a different type of content than what is actually shown."
0k1SPmGrFoU,"**Categorization:** Not Misleading

**Explanation:** The thumbnail depicts a group of people sitting on stacked clay pots, which is a visual element present in the video content. However, the thumbnail does not accurately represent the entire video, which features a variety of scenes with vibrant colors, unusual costumes, and chaotic, playful actions typical of a comedy skit or short film. The thumbnail focuses on a specific scene that is part of the larger video but does not capture the full range of activities and settings depicted throughout the video. Therefore, while the thumbnail does not fully represent the entire video, it does not use exaggeration, false promises, or clickbait tactics to mislead viewers. The video content is described as a colorful and eccentric comedy skit, which aligns with the playful and whimsical elements suggested by the thumbnail. Thus, the thumbnail is not misleading."
odMRrTkobOQ,"### Analysis and Categorization:

#### Step-by-Step Analysis:
1. **Examine the Thumbnail**:
   - The thumbnail shows a man in traditional Islamic attire, likely a religious figure, speaking into a microphone. The text in Urdu translates to ""Dr. Zakir Naik's reply to Kapil Sharma about animals.""
   
2. **Read the Video Subtitles**:
   - The subtitles discuss a conversation between Dr. Zakir Naik and Kapil Sharma regarding the treatment of animals and dietary practices.
   - The dialogue includes discussions about vegetarianism, non-vegetarian diets, and the ethical treatment of animals.

3. **Compare the Thumbnail to the Actual Video Content**:
   - The thumbnail accurately depicts the main speaker, Dr. Zakir Naik, and the context of the discussion about animals.
   - The video content indeed features Dr. Zakir Naik speaking about animals and dietary practices, which aligns with the theme suggested by the thumbnail.

4. **Assess for Misleading Elements**:
   - The thumbnail does not exaggerate or promise false information.
   - It correctly represents the topic discussed in the video.
   - There are no elements in the thumbnail that suggest misleading content or false promises.

5. **Conclusion**:
   - The thumbnail accurately represents the video's content and does not contain any misleading elements.

### Final Decision:
**Categorization: Not Misleading**

**Explanation**: The thumbnail accurately reflects the content of the video, which discusses Dr. Zakir Naik's response to Kapil Sharma about animals and dietary practices. There are no misleading elements or exaggerated claims in the thumbnail that do not match the actual video content."
rgBVLnBSgHs,"**Categorization:** Not Misleading

**Explanation:** The thumbnail depicts a red brick wall, which is the primary object in the video. The video content, however, shows a dark-colored horse interacting with the brick wall in a humorous manner. The thumbnail accurately represents the main visual element of the video, which is the brick wall. There is no exaggeration or false promise in the thumbnail; it simply shows the object that the video revolves around. Therefore, the thumbnail is not misleading."
eVvjsXjeiB4,"### Analysis and Categorization

#### Step-by-Step Analysis:

1. **Examine the Thumbnail**:
   - The thumbnail shows a man in a police uniform standing next to a naked individual who appears to be in a compromising position against a wall. The image is suggestive and does not align with the typical content of a security camera compilation video.

2. **Read Through the Video Subtitles and Content Description**:
   - The subtitles and video content description focus on various security camera footage depicting criminal activities, accidents, and unusual events. These include breaking into buildings, explosions, altercations, and other incidents captured on surveillance footage.
   - The content is described as a compilation of various security camera and surveillance footage showing a range of unexpected and often concerning incidents in different settings.

3. **Compare the Thumbnail to the Actual Video Content**:
   - The thumbnail depicts a scene that is entirely unrelated to the content described in the video. It shows a man in a police uniform interacting with a naked individual, which is not mentioned in the video description or subtitles.
   - The video content is entirely focused on security camera footage of criminal activities and unusual events, not on any form of police interaction with a naked individual.

4. **Determine if the Thumbnail Accurately Represents the Video's Main Topic or Content**:
   - The thumbnail does not represent the main topic or content of the video. It is completely misleading as it shows a scene that is not depicted in the video.

5. **Assess Whether the Thumbnail Uses Exaggeration, False Promises, or Clickbait Tactics**:
   - The thumbnail uses exaggerated imagery and content that is not representative of the actual video content. It is designed to attract viewers with a misleading image rather than providing accurate representation of the video's content.

6. **Categorization**:
   - **Misleading**

### Explanation:

The thumbnail is misleading because it shows a scene that is entirely unrelated to the content of the video. The video is a compilation of security camera footage depicting criminal activities and unusual events, whereas the thumbnail depicts a scene involving a naked individual and a police officer, which is not mentioned in the video description or subtitles. This creates a significant discrepancy between the thumbnail and the actual video content, leading to a misleading impression for potential viewers."
Xp2BSRV5odM,"### Analysis and Categorization:

**Thumbnail:** The thumbnail shows a close-up of a woman with long, wavy hair, wearing a white top. Her expression appears to be one of distress or sadness, with tears visible in her eyes. The lighting is soft, creating a somber and emotional atmosphere.

**Video Subtitles:** The subtitles provide snippets of dialogue from the video, which seem to involve family dynamics and emotional exchanges. The dialogue includes phrases like ""Assalam waalekum views in this kiss,"" ""Nazia was saying I feel like Taya Jaan,"" and ""You yourself are regretting having brought a daughter-in-law, do you remember?"" These excerpts suggest themes of conflict, regret, and emotional distress within a family setting.

**Video Description:** The video description outlines a series of scenes involving various characters, including a young woman with long dark hair, an older woman in a bright yellow outfit, a bearded man in a suit, and a younger man in casual clothes. The scenes depict a range of emotions, from worry and sadness to distress and conflict. The narrative seems to revolve around interpersonal relationships and emotional turmoil.

**Comparison and Assessment:**

- **Thumbnail vs. Video Content:** The thumbnail effectively captures the emotional tone of the video, showing a woman in a state of distress. This aligns closely with the recurring themes of sadness and emotional turmoil mentioned in the subtitles and video description.
  
- **Exaggeration or False Promises:** The thumbnail does not use exaggerated visuals or false promises. It accurately reflects the emotional content suggested by the subtitles and the video description.

- **Clickbait Tactics:** There are no elements in the thumbnail that suggest clickbait tactics. The image is straightforward and focuses on conveying the emotional state of the character, which is typical for promotional material for dramas.

**Conclusion:**

**Categorization:** Not Misleading

**Explanation:** The thumbnail accurately represents the emotional tone and content of the video, which is evident from the subtitles and the video description. It does not use exaggerated visuals or false promises, and there are no clickbait tactics involved. Therefore, the thumbnail is appropriate and not misleading."
YaY5V9TCO0A,"### Analysis and Categorization

#### Step 1: Examine the Thumbnail
The thumbnail shows a child holding a large dolphin, with a red arrow pointing towards the dolphin. The child appears to be interacting with the dolphin in a beach setting.

#### Step 2: Read Through the Video Subtitles and Content Description
The subtitles and video description indicate that the video is a reaction or commentary video where the creator is reacting to various short clips, likely from TikTok or similar platforms. The clips feature children and young people demonstrating impressive skills, such as backhand springs, bowling, deadlifting, and other physical feats.

#### Step 3: Compare the Thumbnail to the Actual Video Content
The thumbnail depicts a child interacting with a large dolphin, which is completely unrelated to the content described in the video description. The video content focuses on children and young people performing impressive physical and cognitive tasks, not involving dolphins.

#### Step 4: Determine if the Thumbnail Accurately Represents the Video's Main Topic or Content
The thumbnail does not accurately represent the video's main topic or content. It shows a completely different scenario (a child with a dolphin) that has nothing to do with the clips featured in the video.

#### Step 5: Assess Whether the Thumbnail Uses Exaggeration, False Promises, or Clickbait Tactics
The thumbnail uses exaggerated imagery (a child with a large dolphin) that is misleading and does not reflect the actual content of the video.

#### Step 6: Categorize the Thumbnail as Either ""Misleading"" or ""Not Misleading""
Based on the analysis, the thumbnail is categorized as **Misleading**.

#### Explanation:
The thumbnail is misleading because it features a completely unrelated scenario (a child with a dolphin) that has nothing to do with the actual content of the video, which focuses on children and young people demonstrating impressive skills. The exaggerated imagery of a child interacting with a large dolphin creates false expectations and does not accurately represent the video's main topic or content."
WhHSAhjIXm8,"### Analysis and Categorization

#### Step-by-Step Analysis:

1. **Examine the Thumbnail**:
   - The thumbnail features a serene landscape with a tree, a lake, and a dramatic explosion in the background. The explosion is emphasized with a large red arrow pointing towards it, suggesting it is significant.

2. **Read the Video Subtitles**:
   - The subtitles indicate that the video is titled ""Daily Dose of Internet"" and explicitly states ""NO INTROS.""

3. **Compare the Thumbnail to the Video Content**:
   - The thumbnail suggests a dramatic and intense event (the explosion), which contrasts sharply with the content described in the video description. The video description outlines a collection of short clips featuring various unrelated and light-hearted moments, such as a person slipping in a grocery store, a dog investigating a plastic bowl, and a soccer match.

4. **Determine Accuracy Representation**:
   - The thumbnail does not accurately represent the video's content. It implies a high-energy, potentially dangerous scenario, which is not depicted in the video.

5. **Assess Exaggeration, False Promises, or Clickbait Tactics**:
   - The thumbnail uses an exaggerated image of an explosion to attract viewers, which is misleading as the video does not contain any explosive or dangerous content.

6. **Categorization**:
   - Based on the analysis, the thumbnail is misleading because it significantly misrepresents the actual content of the video.

### Final Decision:
**Categorization: Misleading**

**Explanation**: The thumbnail depicts a dramatic explosion, which is not reflected in the video content. Instead, the video consists of a series of unrelated, light-hearted, and often humorous moments. The thumbnail uses an exaggerated image to attract viewers, which is misleading and does not accurately represent the video's content."
Q5-SbEYDO34,"### Analysis and Categorization

#### Step 1: Examine the Thumbnail
The thumbnail features a close-up image of a person's arm with visible lesions, accompanied by Urdu text. The text translates to: 
- ""Pakistan mein monkey pox ke kaisi khair naak""
- ""Afsad-e-paimari ki koi lagti hai? Kaise bahaaye?""

#### Step 2: Read Through the Video Subtitles and Content Description
The subtitles discuss the monkey pox situation in Pakistan, mentioning that there is only one case reported and that efforts are underway to increase awareness and testing. The discussion includes questions about the severity of the situation and the need for public education.

#### Step 3: Compare the Thumbnail to the Actual Video Content
The thumbnail shows a close-up of a person's arm with lesions, which is directly related to the topic of monkey pox. However, the video content focuses on a discussion about the situation rather than showing visual evidence of the disease itself.

#### Step 4: Determine if the Thumbnail Accurately Represents the Video's Main Topic or Content
While the thumbnail visually represents the topic of monkey pox, it does not provide any context or information about the discussion taking place in the video. The video content is primarily a dialogue about the situation, not a visual demonstration of the disease.

#### Step 5: Assess Whether the Thumbnail Uses Exaggeration, False Promises, or Clickbait Tactics
The thumbnail does not use exaggerated language or false promises. It simply shows a relevant image related to the topic discussed in the video.

#### Step 6: Categorize the Thumbnail
Based on the analysis, the thumbnail is not misleading because it accurately represents the topic of monkey pox, which is the main focus of the video. However, it does not provide any context about the discussion taking place, which might give viewers a false expectation of what to expect from the video.

### Final Decision
**Categorization:** Not Misleading

**Explanation:** The thumbnail accurately represents the topic of monkey pox, which is the main focus of the video. While it does not provide context about the discussion taking place, it does not use exaggerated language or false promises. Therefore, it is not misleading."
rSXyLqvlUA0,"### Analysis and Categorization

#### Step 1: Examine the Thumbnail
The thumbnail shows two images side by side:
1. On the left, a person wearing a VR headset made of LEGO bricks, with a price tag of $3,000 above it.
2. On the right, a person wearing a modern VR headset, with a similar price tag of $3,000 above it.

#### Step 2: Read Through the Video Subtitles and Content Description
The subtitles and video content describe a series of challenges involving three friends building and purchasing items. The video does not mention anything related to LEGO or VR headsets.

#### Step 3: Compare the Thumbnail to the Actual Video Content
The thumbnail suggests that the video is about a comparison between a LEGO-built VR headset and a real VR headset, both priced at $3,000. However, the video content describes a series of challenges involving building and purchasing items among friends.

#### Step 4: Determine if the Thumbnail Accurately Represents the Video's Main Topic or Content
The thumbnail does not accurately represent the video's main topic or content. It misleads viewers by suggesting that the video is about comparing two VR headsets, when in reality, it is about a series of challenges involving building and purchasing items.

#### Step 5: Assess Whether the Thumbnail Uses Exaggeration, False Promises, or Clickbait Tactics
The thumbnail uses exaggerated imagery (LEGO-built VR headset) and a misleading price tag ($3,000) to attract viewers' attention, which is not aligned with the actual content of the video.

#### Step 6: Categorize the Thumbnail
**Categorization: Misleading**

#### Explanation:
The thumbnail is categorized as misleading because it uses exaggerated imagery and a misleading price tag to attract viewers, which does not accurately represent the actual content of the video. The video is about a series of challenges involving building and purchasing items among friends, not about comparing two VR headsets."
Vl3swga-Xrk,"### Analysis and Categorization

#### Step-by-Step Analysis:

1. **Examine the Thumbnail**:
   - The thumbnail shows a person holding a large diamond on the left side and a stack of $100,000 bills on the right side.
   - The text ""GIANT DIAMOND OR $100,000"" is prominently displayed above the images.

2. **Read Through the Subtitles**:
   - The subtitles mention a choice between a ""Giant Diamond"" worth $38,000 and a mysterious check that could potentially lead to $100,000.
   - The presenter emphasizes the importance of making the right choice, highlighting the potential rewards.

3. **Compare the Thumbnail to the Actual Video Content**:
   - The video content includes various challenges and prizes, but the core choice presented in the thumbnail is misleading.
   - While there are multiple challenges and prizes throughout the video, the primary choice presented in the thumbnail is not accurately represented in the video content.

4. **Assess Whether the Thumbnail Uses Exaggeration, False Promises, or Clickbait Tactics**:
   - The thumbnail uses a dramatic comparison between a ""Giant Diamond"" and a large sum of money ($100,000), which might be misleading as the actual video content does not focus solely on these two options.
   - The thumbnail creates a sense of urgency and importance around the choice, which might mislead viewers into expecting a significant outcome based on the choice presented.

5. **Categorization**:
   - **Misleading**: The thumbnail significantly exaggerates the importance of the choice presented, which is not accurately reflected in the video content. The thumbnail suggests a binary decision between a ""Giant Diamond"" and a large sum of money, which is not the central theme of the video.

### Final Decision:
**Misleading**

**Explanation**:
The thumbnail uses exaggerated imagery and text to create a sense of importance around the choice between a ""Giant Diamond"" and a large sum of money, which is not the central theme of the video. The video content includes multiple challenges and prizes, but the primary choice presented in the thumbnail is misleading and does not accurately represent the overall content of the video."
8T1ZTYtfhI0,"### Analysis and Categorization

#### Step 1: Examine the Thumbnail
The thumbnail shows a shirtless man holding a large, colorful lobster or crayfish against a backdrop of a beach and clear blue water. The lobster appears significantly larger than the man, which creates a visually striking and somewhat exaggerated image.

#### Step 2: Read Through the Video Subtitles and Content Description
The subtitles and video description indicate that the video is about a fishing expedition in crystal-clear tropical waters. The man is excited about catching lobsters and crayfish, and the video showcases various scenes of underwater exploration, marine life, and the handling of large lobsters and crayfish.

#### Step 3: Compare the Thumbnail to the Actual Video Content
The thumbnail depicts a large lobster or crayfish that is disproportionately large compared to the man holding it. In the video, the lobster or crayfish captured is indeed large but not as overwhelmingly large as depicted in the thumbnail. The video does show the man handling large lobsters and crayfish, but the size difference between the lobster in the thumbnail and the ones in the video is significant.

#### Step 4: Determine if the Thumbnail Accurately Represents the Video's Main Topic or Content
The thumbnail exaggerates the size of the lobster, which is not entirely accurate based on the video content. While the lobster is large, it is not as oversized as shown in the thumbnail.

#### Step 5: Assess Whether the Thumbnail Uses Exaggeration, False Promises, or Clickbait Tactics
The thumbnail uses exaggeration by showing a lobster that is much larger than it would realistically be. This could mislead viewers into expecting a video that features an extremely large lobster, which is not the case.

#### Step 6: Categorize the Thumbnail as Either ""Misleading"" or ""Not Misleading""
Based on the analysis, the thumbnail is misleading because it exaggerates the size of the lobster, which is not accurately represented in the video content.

#### Explanation:
The thumbnail creates a misleading impression by showing a lobster that is significantly larger than it actually is. While the lobster in the video is large, the exaggerated size in the thumbnail could lead viewers to expect a video featuring an even larger lobster, which is not the case. Therefore, the thumbnail is categorized as ""Misleading.""

### Final Decision:
**Categorization: Misleading**

**Explanation:** The thumbnail exaggerates the size of the lobster, which is not accurately represented in the video content. This could mislead viewers into expecting a video that features an extremely large lobster, which is not the case."
dTnzxIJMWu4,"### Analysis and Categorization:

#### Step-by-Step Analysis:

1. **Examine the Thumbnail**:
   - The thumbnail features a man in a red shirt with a microphone, suggesting a news broadcast.
   - The text ""BREAKING NEWS"" is prominently displayed, indicating urgency and importance.
   - The headline ""SHAKIB AL HASAN ARRESTED"" is bold and clear, drawing immediate attention.

2. **Read Through the Video Subtitles and Content Description**:
   - The subtitles confirm that the video is indeed about the arrest of Shakib Al Hasan due to a murder case.
   - The content description matches the subtitles, detailing the arrest and the context surrounding the case.

3. **Compare the Thumbnail to the Actual Video Content**:
   - The thumbnail accurately reflects the main topic of the video, which is the arrest of Shakib Al Hasan.
   - The visual elements (man in a red shirt with a microphone) align with the typical presentation style of a news broadcast.
   - The text ""BREAKING NEWS"" and the headline ""SHAKIB AL HASAN ARRESTED"" are consistent with the content described in the video.

4. **Determine Accuracy Representation**:
   - The thumbnail effectively communicates the main topic without any misleading elements.
   - There are no exaggerated claims or false promises in the thumbnail that would mislead viewers.

5. **Assess for Exaggeration, False Promises, or Clickbait Tactics**:
   - The thumbnail does not use any clickbait tactics or exaggerate the importance of the event.
   - It simply presents the information clearly and concisely.

6. **Categorization**:
   - Given that the thumbnail accurately represents the main topic of the video and does not contain any misleading elements, it is categorized as ""Not Misleading.""

### Explanation:

The thumbnail effectively communicates the main topic of the video, which is the arrest of Shakib Al Hasan due to a murder case. It uses standard elements of a news broadcast to convey urgency and importance, which aligns perfectly with the content described in the video. There are no misleading elements or clickbait tactics present in the thumbnail, making it a clear and accurate representation of the video's content. Therefore, the thumbnail is categorized as ""Not Misleading."""
VIthYDSgLjY,"### Analysis and Categorization:

**Thumbnail:** The thumbnail shows a robotic horse running in a grassy field, with glowing red eyes and mechanical components visible beneath the horse's body.

**Subtitles:** The subtitles are not provided in the given information.

**Video Description:** The video showcases various advanced robotic and biomimetic technologies, including a ""Bionic Flying Fox,"" a ""Wheelbot,"" a ""Butterfly Robot,"" a ""Bionic Bee,"" and a ""Bionic Kangaroo."" These robots demonstrate various forms of locomotion and mimic natural movements to perform specific tasks.

**Comparison:** The thumbnail depicts a robotic horse, which is not mentioned in the video description. The video primarily focuses on robots that mimic the movements of animals such as bats, bees, butterflies, and kangaroos. There is no mention of a robotic horse in the video content.

**Assessment:**
- The thumbnail does not accurately represent the main topic of the video, which is focused on biomimetic robots mimicking animal movements.
- The thumbnail uses a visual element (a robotic horse) that is not present in the actual video content.
- There is no indication in the video description that the thumbnail is misleading; however, the absence of a relevant subtitle or description in the provided information makes it difficult to assess the accuracy of the thumbnail.

**Categorization:** Based on the analysis, the thumbnail is **misleading** because it features a robotic horse that is not discussed in the video content. The thumbnail does not accurately represent the main topic of the video, which is biomimetic robots mimicking animal movements.

**Explanation:** The thumbnail is misleading because it introduces a visual element (a robotic horse) that is not present in the actual video content. The video primarily focuses on robots that mimic the movements of bats, bees, butterflies, and kangaroos, and there is no mention of a robotic horse in the video description. Therefore, the thumbnail misleads viewers by presenting a subject that is not aligned with the actual content of the video."
oBtOZlaBNEc,"### Analysis of the Provided Information

#### Step 1: Examine the Thumbnail
The thumbnail shows two individuals peeking through a circular opening, seemingly hiding from someone. One individual is holding a large object resembling a lid or cover. The background features a castle-like structure, likely representing a theme park, specifically Universal Studios Hollywood.

#### Step 2: Read Through the Video Subtitles and Content Description
The subtitles indicate that the video involves a family activity at Universal Studios, specifically a game of hide-and-seek involving a doll. The father is searching for his daughter and son, who are hiding. The daughter has a special surprise for her brother, and the game ends with a challenge related to getting a pink drink before the park closes.

#### Step 3: Compare the Thumbnail to the Actual Video Content
The thumbnail depicts a playful scenario where two individuals are hiding, which aligns with the hide-and-seek theme mentioned in the subtitles. However, the thumbnail does not explicitly show the doll or the specific activities described in the video content.

#### Step 4: Determine if the Thumbnail Accurately Represents the Video's Main Topic or Content
The thumbnail accurately represents the general theme of hide-and-seek at a theme park, but it does not provide specific details about the doll or the challenges mentioned in the subtitles. It suggests a playful, family-oriented activity rather than a detailed narrative involving a doll and a specific challenge.

#### Step 5: Assess Whether the Thumbnail Uses Exaggeration, False Promises, or Clickbait Tactics
The thumbnail does not use exaggerated elements or false promises. It simply depicts a common theme park activity, which is truthful and relevant to the video content.

#### Step 6: Categorize the Thumbnail
Based on the analysis, the thumbnail is **Not Misleading**.

#### Explanation:
The thumbnail accurately represents the general theme of a family activity at a theme park, which is consistent with the video content. While it does not explicitly show the doll or the specific challenges mentioned in the subtitles, it effectively conveys the playful nature of the activity depicted in the video. Therefore, it does not mislead viewers about the specific details of the video content."
L_q-2Ov2Gnw,"### Analysis and Categorization

**Thumbnail:** The thumbnail shows a soccer player in a blue and red jersey falling backward while multiple soccer balls are stacked above him, with a large red arrow pointing to the player.

**Video Content Summary:**
The video appears to be a compilation of scenes related to a famous soccer player’s career and recent developments. It includes various moments such as celebrations, behind-the-scenes footage, and news headlines about the player’s achievements and controversies. The scenes transition between triumphant moments on the field, behind-the-scenes glimpses, and more serious news items, creating a complex narrative about the player’s career and life.

**Comparison and Assessment:**

1. **Thumbnail vs. Video Content:**
   - The thumbnail depicts a dramatic fall with multiple soccer balls stacked above the player, suggesting a humorous or exaggerated moment.
   - The video content, however, does not feature a significant number of soccer balls or a dramatic fall as the central theme. Instead, it focuses on the player’s career achievements, behind-the-scenes moments, and news headlines about controversies.

2. **Exaggeration and Clickbait:**
   - The thumbnail uses a dramatic and exaggerated visual (multiple stacked soccer balls) to attract attention, which may not accurately represent the video’s content.
   - The video itself contains a mix of celebratory and serious moments but does not prominently feature a dramatic fall or multiple soccer balls.

3. **Accuracy Representation:**
   - The thumbnail does not accurately represent the video’s main topics or content. It suggests a humorous or exaggerated moment that is not present in the actual video.

**Conclusion:**

**Categorization: Misleading**

**Explanation:**
The thumbnail uses an exaggerated and humorous visual (multiple stacked soccer balls) to attract viewers, which does not accurately represent the video’s content. The video primarily focuses on the player’s career achievements, behind-the-scenes moments, and news headlines about controversies, none of which involve a dramatic fall or multiple soccer balls. Therefore, the thumbnail is misleading as it does not reflect the actual content of the video."
_18BtKjb4MI,"### Analysis and Categorization:

#### Step 1: Examine the Thumbnail
The thumbnail shows two female soccer players standing on a field, with one player appearing to ask the other, ""ARE YOU SINGLE?"" accompanied by a heart emoji. 

#### Step 2: Read Through the Video Subtitles and Content Description
The subtitles suggest that the video contains a mix of intense gameplay moments, player reactions, and sideline interactions typical of women’s football matches. The content description outlines various scenes, including bad tackles, player reactions, intense gameplay moments, and interactions between players and officials.

#### Step 3: Compare the Thumbnail to the Actual Video Content
The thumbnail depicts a casual interaction between two players, seemingly unrelated to the intense and dramatic moments described in the video content. The thumbnail does not reflect the serious and competitive nature of the matches shown in the video.

#### Step 4: Determine if the Thumbnail Accurately Represents the Video's Main Topic or Content
The thumbnail does not accurately represent the main topics or content of the video. It suggests a light-hearted or romantic interaction, which contrasts sharply with the intense and competitive nature of the matches depicted in the video.

#### Step 5: Assess Whether the Thumbnail Uses Exaggeration, False Promises, or Clickbait Tactics
The thumbnail uses clickbait tactics by suggesting a romantic or personal interaction between the players, which is misleading as it does not reflect the actual content of the video.

#### Step 6: Categorize the Thumbnail
**Categorization:** Misleading

#### Explanation:
The thumbnail is misleading because it depicts a casual interaction between two players, implying a romantic or personal context, which is entirely unrelated to the intense and competitive nature of the women’s football matches shown in the video. This creates a false expectation for viewers, leading them to believe the video contains content that is not actually present."
Al3WyMnwTpE,"### Analysis and Categorization:

**Thumbnail:** The thumbnail does not provide any visual representation of the content described in the video description. It would typically show a still image or a scene from the video, but since the thumbnail is not provided here, we cannot visually assess its accuracy.

**Subtitles:** The subtitles include phrases like ""This is not a drill"" and ""Please check outside your door,"" which are ominous and create a sense of urgency and danger.

**Video Description:** The video features a puppet bird-like character that transitions into a more ominous tone, with repeated warnings about checking outside the door. The character's movements and expressions contribute to an unsettling atmosphere, and the abrupt ""STOP"" screen at the end emphasizes the urgency of the message.

### Reasoning:

1. **Comparison:** The thumbnail is not provided, so there is no direct comparison to make regarding visual accuracy.
   
2. **Content Representation:** The video content is described as a series of frames showing a puppet bird character that becomes increasingly ominous, with repeated warnings and a sense of danger. The subtitles reinforce this by emphasizing urgency and danger.

3. **Exaggeration/Clickbait:** The video does not appear to use exaggerated visuals or clickbait tactics. Instead, it relies on the written warnings and the character's movements to build tension.

4. **Overall Tone:** The overall tone of the video is unsettling and intended to convey a sense of danger, which is not typically associated with a children's show or a lighthearted animation.

### Conclusion:

**Categorization:** Not Misleading

**Explanation:** While the thumbnail is not provided, the video content and subtitles clearly indicate a serious and potentially frightening theme. The video does not use misleading visuals or clickbait tactics; instead, it relies on written warnings and the character's movements to convey its message. Therefore, the thumbnail, if provided, should accurately reflect the ominous and unsettling nature of the video content."
DJxP_R_6d4E,"### Analysis and Categorization:

**Thumbnail:** The thumbnail shows a Duracell battery and a lit match, with the text ""7 SCIENCE TRICKS."" 

**Video Description:** The video appears to be a compilation of various science experiments and visual demonstrations, including mixing different liquids (Fanta and Coca-Cola), manipulating everyday items like toilet paper and a ping pong ball, and demonstrating phenomena such as burning a flame in a glass container and creating visual effects with liquids and flints.

**Comparison:** 
- The thumbnail suggests a focus on simple science tricks involving batteries and matches, which could imply a straightforward demonstration of a basic principle.
- The video content, however, includes a wide range of experiments and demonstrations, some of which may not be directly related to the initial impression given by the thumbnail.

**Assessment:**
The thumbnail does not accurately represent the diverse and varied content of the video. While the video does include some basic science demonstrations, the inclusion of a battery and match in the thumbnail might lead viewers to expect a simpler, more straightforward trick, which is not necessarily the case.

**Conclusion:**
The thumbnail is **misleading** because it gives the viewer an expectation of a single, simple science trick when the video actually contains a broader array of experiments and demonstrations.

**Explanation:**
The thumbnail uses a specific image (a battery and a lit match) to suggest a particular type of content, but the video content is much more extensive and varied. This mismatch between the thumbnail and the actual video content creates a misleading impression for the viewer."
EO4FPY0TtXw,"### Analysis and Categorization

#### Step-by-Step Analysis:

1. **Examine the Thumbnail**:
   - The thumbnail shows a worker in a protective suit standing next to a large, metallic, spherical object that resembles a sculpture or a piece of industrial equipment.

2. **Read the Video Subtitles and Content Description**:
   - The subtitles and video content describe a variety of creative processes, crafts, and techniques across different fields, such as spray painting, cleaning, honeycomb observation, and various other manual tasks.
   - The video does not explicitly mention or depict the metallic sphere shown in the thumbnail.

3. **Compare the Thumbnail to the Actual Video Content**:
   - The thumbnail prominently features a worker interacting with a large metallic sphere, which is not mentioned or depicted in the video content.
   - The video content focuses on a compilation of various crafts and techniques, none of which involve a worker interacting with a metallic sphere.

4. **Determine Accuracy Representation**:
   - The thumbnail does not accurately represent the main topic or content of the video. It suggests a specific scene involving a worker and a metallic sphere, which is not present in the video.

5. **Assess for Exaggeration, False Promises, or Clickbait Tactics**:
   - The thumbnail uses a misleading image to attract viewers, as it does not reflect the actual content of the video.

6. **Categorization**:
   - **Misleading**

7. **Explanation**:
   - The thumbnail is misleading because it shows a worker interacting with a metallic sphere, which is not depicted in the video content. The video is a compilation of various crafts and techniques, and the metallic sphere is not a central element of the video. The thumbnail creates an expectation that is not fulfilled by the actual video content.

### Final Decision:
**Misleading**

**Explanation**: The thumbnail incorrectly suggests a specific scene involving a worker and a metallic sphere, which is not depicted in the video content. The video is a compilation of various crafts and techniques, and the metallic sphere is not a central element of the video."
hwh-EDz2ik4,"### Analysis and Categorization:

**Thumbnail:** The thumbnail shows a person lying on a seesaw-like structure outdoors, with another person pushing them. The image appears to be staged for comedic effect, as the person on the seesaw looks like they are about to fall off, which is exaggerated for humor.

**Subtitles:** The subtitles include phrases like ""Ah Oh shit,"" ""when they tell you to do something,"" ""gra record,"" ""n nothing else happens to you,"" ""ready ready,"" ""trouble,"" ""you know yes yes,"" ""hold on, it's not like that, put it down there,"" ""but don't turn it on,"" ""There you go,"" ""Ok let's go,"" ""given PE hit,"" ""Ah,"" ""Ouch,"" etc. These subtitles suggest a series of humorous or unexpected events, which aligns with the video's content.

**Video Description:** The video appears to be a compilation of various humorous or unexpected moments, including high jumps, interactions in a parking lot, construction scenes, dancing on tables, playful interactions on the ground, and various outdoor activities. The scenes often involve physical comedy and unexpected outcomes, which is consistent with the theme suggested by the subtitles.

**Comparison:** The thumbnail depicts a staged, exaggerated moment that is meant to be humorous. However, the video itself contains a variety of different scenes, many of which are not directly related to the seesaw depicted in the thumbnail. While the seesaw scene could be part of the video, the overall content does not focus solely on this particular moment.

**Assessment:** The thumbnail uses exaggeration and staging to create a humorous effect, which is appropriate for the video's content. However, the thumbnail does not accurately represent the full range of scenes in the video, which includes a variety of different humorous moments.

**Categorization:** **Misleading**

**Explanation:** The thumbnail is categorized as misleading because it focuses on a single, exaggerated moment (the seesaw) that is not necessarily representative of the entire video's content. The video contains a wide array of different humorous moments, and the thumbnail does not capture the diversity of the video's content. Therefore, the thumbnail misleads viewers into expecting a specific type of humor that may not be present throughout the video."
dqYOg04QwfI,"### Analysis and Categorization

#### Step 1: Examine the Thumbnail
The thumbnail shows a man lying in a hospital bed with a cast on his leg. There is a red arrow pointing to the cast, emphasizing the injury. The man appears to be in discomfort, and there are two other individuals standing beside him, one of whom is gesturing towards the cast.

#### Step 2: Read Through the Video Subtitles and Content Description
The subtitles indicate that the video involves a man named Umesh who had a small accident and is currently in the hospital. The video captures various moments related to Umesh’s condition, including scenes in a hospital, a parking garage where he is being pushed in a wheelchair, and a restaurant setting. The overall tone suggests concern and urgency regarding Umesh’s health.

#### Step 3: Compare the Thumbnail to the Actual Video Content
The thumbnail accurately depicts a hospital setting with a man in a cast, which aligns with the video content describing Umesh’s hospital visit and recovery process. However, the thumbnail does not provide context about the nature of the accident or the severity of the injury, which is mentioned in the subtitles.

#### Step 4: Determine if the Thumbnail Accurately Represents the Video's Main Topic or Content
While the thumbnail correctly shows the hospital setting and the presence of a cast, it does not convey the full narrative or the specific details of the accident. The thumbnail focuses solely on the physical aspect of the injury without providing insight into the cause or the broader context of the story.

#### Step 5: Assess Whether the Thumbnail Uses Exaggeration, False Promises, or Clickbait Tactics
The thumbnail does not use exaggeration or false promises. It accurately reflects the main topic of the video, which is Umesh’s hospital visit and recovery. However, it lacks the necessary context to fully represent the video’s content.

#### Step 6: Categorize the Thumbnail
Based on the analysis, the thumbnail is **Not Misleading** because it accurately depicts the main topic of the video, which is Umesh’s hospital visit and recovery. While it does not provide the full context of the accident or the severity of the injury, it effectively conveys the core message of the video.

#### Explanation:
The thumbnail accurately represents the hospital setting and the presence of a cast, which is central to the video’s content. However, it does not provide the necessary context about the accident or the severity of the injury, which is crucial for a complete understanding of the video’s narrative. Despite this limitation, the thumbnail does not use exaggerated or misleading elements, making it appropriate for the video’s content."
pZfbFWASeJs,"### Analysis and Categorization:

**Thumbnail:**
The thumbnail shows three individuals: a woman on the left, a man in the middle wiping his eyes, and another man on the right with a highlighted face. The text in Urdu translates to:
- ""Shoaib Malik's wife's statement against Shoaib Malik's claims, the whole situation is being watched closely!""
- ""Shoaib Malik's wife's statement against Shoaib Malik's claims, the whole situation is being watched closely!""

**Subtitles:**
The subtitles suggest a discussion about Shoaib Malik's wife's statement regarding Shoaib Malik's claims, implying a significant controversy or scandal involving the couple.

**Video Description:**
The video appears to be a news segment or interview compilation focusing on a woman and a man, likely Shoaib Malik and his wife. The woman is shown speaking seriously, and the man appears surprised or concerned in multiple frames. The content revolves around a developing story or scandal, with the woman at the center of the narrative.

**Comparison:**
- **Thumbnail:** The thumbnail depicts a serious situation involving Shoaib Malik and his wife, suggesting a significant controversy or scandal.
- **Subtitles:** The subtitles confirm the presence of a controversy or scandal involving Shoaib Malik and his wife.
- **Video Description:** The video content aligns with the theme suggested by the thumbnail and subtitles, focusing on a developing story or scandal involving the couple.

**Assessment:**
The thumbnail accurately represents the main topic of the video, which is a news segment or interview about a developing controversy or scandal involving Shoaib Malik and his wife. The thumbnail does not use exaggerated language or false promises, and it correctly reflects the content described in the subtitles and video description.

**Categorization:**
**Not Misleading**

**Explanation:**
The thumbnail accurately represents the main topic of the video, which is a news segment or interview about a developing controversy or scandal involving Shoaib Malik and his wife. It does not use exaggerated language or false promises, and it correctly reflects the content described in the subtitles and video description. Therefore, the thumbnail is not misleading."
ut-1yFa6WYo,"### Analysis and Categorization

#### Step-by-Step Analysis:

1. **Examine the Thumbnail**:
   - The thumbnail features a large, irregular hole in a wall, with a red arrow pointing towards it. There are also some colorful scribbles and paint marks around the hole.

2. **Read the Video Subtitles and Content Description**:
   - The subtitles suggest that the video involves children engaging in mischievous activities, which are then caught by their parents.
   - The content description lists various short clips of children doing things they shouldn't, such as sneaking out of the house, playing with flour, and other playful antics.

3. **Compare the Thumbnail to the Actual Video Content**:
   - The thumbnail depicts a significant damage (a large hole) that is not directly related to the video content described. The video content focuses on children's playful and mischievous behaviors, not on causing physical damage to walls.
   - The thumbnail suggests a dramatic or potentially harmful situation, which is misleading compared to the actual content.

4. **Assess Whether the Thumbnail Uses Exaggeration, False Promises, or Clickbait Tactics**:
   - The thumbnail uses exaggerated imagery (a large hole) to attract attention, which is not representative of the actual video content.
   - The thumbnail creates a sense of urgency or danger that is not present in the video itself.

5. **Categorize the Thumbnail**:
   - Given that the thumbnail significantly misrepresents the actual content of the video, it is misleading.

### Final Decision:
**Misleading**

**Explanation**:
The thumbnail depicts a large hole in a wall, which is not representative of the actual content of the video. The video primarily consists of children engaging in playful and mischievous activities, which are then caught by their parents. The thumbnail uses exaggerated imagery to attract attention, which is misleading and does not accurately represent the video's main topic or content."
NtUqKrU8cwU,"### Analysis and Categorization:

**Thumbnail:** The thumbnail shows a group of people, including a man in a light-colored sweater, interacting with fans and posing for photos. The setting appears to be an outdoor location, possibly a resort or event venue.

**Subtitles:** There are no subtitles provided in the video description.

**Video Description:** The video captures scenes from a promotional event or photoshoot, likely for a Bollywood film or fashion line. It features interactions between the central male figure and fans, as well as group poses and individual shots of the participants. The overall tone is upbeat and glamorous, with a focus on the individuals posing and interacting with the audience.

**Comparison:** The thumbnail accurately represents the video content. It shows a group of people, including the central male figure, posing and interacting with fans, which matches the scenes described in the video description. There are no exaggerated elements or misleading aspects in the thumbnail.

**Assessment:** The thumbnail does not use any exaggeration, false promises, or clickbait tactics. It accurately reflects the content of the video, which is a promotional event or photoshoot for a Bollywood film or fashion line.

**Categorization:** **Not Misleading**

**Explanation:** The thumbnail accurately depicts the main theme of the video, which is a promotional event or photoshoot. It shows the central figure interacting with fans and posing for photos, which aligns with the scenes described in the video description. There are no misleading elements or exaggerated claims in the thumbnail."
Aj2yiVIlqz4,"### Analysis and Categorization

#### Step-by-Step Analysis:

1. **Examine the Thumbnail**:
   - The thumbnail features a woman holding a baby, a man looking thoughtful, and a smaller inset image of two people in a conversation.
   - The text ""EPISODE 14"" is prominently displayed, indicating this is part of a series.
   - The title ""Kabhi Main Kabhi Tum"" suggests a romantic or emotional drama series.

2. **Read Through the Video Subtitles and Content Description**:
   - The video description mentions various emotional states and interactions among characters, including intimate moments, serious conversations, and moments of distress.
   - The scenes depicted include domestic settings, professional environments, and emotional close-ups, all of which align with the theme of interpersonal drama.

3. **Compare the Thumbnail to the Actual Video Content**:
   - The thumbnail shows a woman holding a baby, which could imply a family-oriented or maternal theme.
   - However, the video content includes scenes of serious conversations, emotional distress, and intimate moments, which are not immediately apparent from the thumbnail alone.
   - The presence of a baby in the thumbnail might give viewers the impression that the episode focuses more on family life or motherhood, whereas the actual content involves broader interpersonal drama.

4. **Determine if the Thumbnail Accurately Represents the Video's Main Topic or Content**:
   - While the thumbnail does feature a woman, the overall imagery and the text ""EPISODE 14"" suggest a more general drama rather than a specific focus on family life.
   - The content description indicates a mix of emotional and dramatic scenes, which are not clearly represented in the thumbnail.

5. **Assess Whether the Thumbnail Uses Exaggeration, False Promises, or Clickbait Tactics**:
   - The thumbnail does not use exaggerated imagery or false promises but rather provides a general representation of the series' themes.
   - However, the lack of clear depiction of the broader emotional and dramatic content in the thumbnail may lead viewers to expect a different type of episode.

6. **Categorization**:
   - **Misleading**

### Explanation:

The thumbnail is categorized as ""Misleading"" because it primarily features a woman holding a baby, which might give viewers the impression that the episode focuses on family life or motherhood. However, the actual content of the episode includes serious conversations, emotional distress, and intimate moments, which are not immediately apparent from the thumbnail. This discrepancy between the thumbnail and the actual content may mislead viewers into expecting a different type of episode."
M1b7aiS3Ge0,"### Analysis and Categorization

**Thumbnail:**
The thumbnail features a man in a denim shirt, with text in Urdu that translates to questions about the actor's personal life, such as ""What is the name of the actress who is married to Muhammad Urif Ali?"" and ""What is the reason for the divorce?"" The thumbnail also includes a picture of the actor with a woman, suggesting a romantic context.

**Video Description:**
The video is a compilation of scenes featuring a prominent actor, showcasing his versatility across different roles and settings. The scenes include formal events, casual gatherings, and dramatic moments, providing a comprehensive look at the actor's career and persona.

**Comparison:**
- **Thumbnail:** The thumbnail focuses on the actor's personal life, specifically his marital status and reasons for divorce, which are not explicitly mentioned in the video description.
- **Video Content:** The video primarily showcases the actor's acting skills and career highlights, without delving into personal life details.

**Assessment:**
The thumbnail uses a question format that implies a focus on the actor's personal life, which is not the primary content of the video. The video itself is a compilation of scenes highlighting the actor's acting abilities and career journey, rather than discussing his marital status or divorce reasons.

**Conclusion:**
The thumbnail is misleading because it suggests that the video will delve into the actor's personal life, whereas the actual content is a compilation of his acting performances and career highlights.

**Categorization:**
Misleading

**Explanation:**
The thumbnail uses a question format to imply that the video will discuss the actor's personal life, which is not the case. Instead, the video is a compilation of scenes showcasing the actor's acting skills and career journey. Therefore, the thumbnail is misleading as it does not accurately represent the video's content."
ksaJrnLtrU8,"### Analysis and Categorization

#### Step-by-Step Analysis:

1. **Examine the Thumbnail**:
   - The thumbnail features two contrasting images:
     - On the left, a child in a golden dress with a shower of gold glitter, symbolizing luxury and opulence.
     - On the right, a child in a cardboard crown and dress, with a shower of silver glitter, symbolizing simplicity and creativity.

2. **Read Through the Video Subtitles and Content Description**:
   - The subtitles suggest a playful narrative involving children engaging in imaginative play, with themes of creativity, imagination, and resourcefulness.
   - The video content includes scenes of children interacting with props, costumes, and cardboard creations, emphasizing themes of play and resourcefulness rather than material wealth.

3. **Compare the Thumbnail to the Actual Video Content**:
   - The thumbnail prominently features a child in a luxurious golden dress, which contrasts sharply with the video content that focuses on imaginative play and resourcefulness using simple materials like cardboard.

4. **Determine if the Thumbnail Accurately Represents the Video's Main Topic or Content**:
   - The thumbnail does not accurately represent the video's main topic or content. It suggests a theme of material wealth and luxury, which is not the primary focus of the video.

5. **Assess Whether the Thumbnail Uses Exaggeration, False Promises, or Clickbait Tactics**:
   - The thumbnail uses exaggerated imagery (golden dress, glitter) to attract viewers, which may mislead them into expecting a video focused on material wealth when the actual content revolves around imaginative play and resourcefulness.

6. **Categorization**:
   - **Misleading**

7. **Explanation**:
   - The thumbnail is misleading because it depicts a child in a luxurious golden dress, which does not accurately reflect the video's content. The video primarily showcases imaginative play and resourcefulness using simple materials, which is not conveyed by the luxurious imagery in the thumbnail. This creates an expectation gap that may lead viewers to feel misled upon watching the video.

### Final Decision:
**Misleading**

**Explanation**: The thumbnail uses exaggerated imagery (golden dress, glitter) to attract viewers, which does not accurately represent the video's content focusing on imaginative play and resourcefulness using simple materials."
7Tuhg0tyzT4,"### Analysis and Categorization

#### Step-by-Step Analysis:

1. **Examine the Thumbnail**:
   - The thumbnail shows a gorilla and a leopard in a confrontational stance, suggesting a tense or aggressive interaction between the two animals.

2. **Read the Video Subtitles and Content Description**:
   - The subtitles mention various animal interactions, including confrontations and conflicts, but the video content primarily showcases a compilation of different wildlife scenes without focusing on a specific confrontation between a gorilla and a leopard.
   - The video includes scenes of gorillas interacting, but these interactions are not as intense or confrontational as depicted in the thumbnail.

3. **Compare the Thumbnail to the Actual Video Content**:
   - The thumbnail suggests a dramatic confrontation between a gorilla and a leopard, which is not evident in the video content.
   - The video content is a compilation of various wildlife interactions, including gorillas, but does not focus on a specific confrontation between a gorilla and a leopard.

4. **Determine Accuracy Representation**:
   - The thumbnail does not accurately represent the main topic or content of the video. While the video does include gorillas, the confrontation depicted in the thumbnail is not a significant part of the video content.

5. **Assess for Exaggeration, False Promises, or Clickbait Tactics**:
   - The thumbnail uses exaggerated imagery to attract viewers, which is misleading since the video content does not match the depicted scene.

6. **Categorization**:
   - **Misleading**

7. **Explanation**:
   - The thumbnail depicts a dramatic confrontation between a gorilla and a leopard, which is not a significant part of the video content. The video is a compilation of various wildlife interactions, and the confrontation shown in the thumbnail is not representative of the overall content. Therefore, the thumbnail is misleading.

### Final Decision:
**Misleading**

**Explanation**: The thumbnail depicts a dramatic confrontation between a gorilla and a leopard, which is not a significant part of the video content. The video is a compilation of various wildlife interactions, and the confrontation shown in the thumbnail is not representative of the overall content."
I2hCNwZ7Jbw,"### Analysis and Categorization:

#### Step 1: Examine the Thumbnail
The thumbnail features two individuals, a woman and a man, with the text ""BREAKING NEWS"" prominently displayed. The text suggests a significant announcement or event involving the two individuals.

#### Step 2: Read Through the Subtitles and Content Description
The subtitles mention Sania Mirza (a well-known Pakistani tennis player) and Mohammad Shami (an Indian cricketer). The text discusses rumors about a second marriage between Sania Mirza and Mohammad Shami. The subtitles also include a call-to-action for viewers to subscribe and engage with the channel.

#### Step 3: Compare the Thumbnail to the Actual Video Content
The video content primarily focuses on the cricket player and a woman, likely related to him. The scenes include action shots of the cricket player on the field, behind-the-scenes moments, and images of the woman in various settings. The video does not directly address the marriage rumors mentioned in the subtitles.

#### Step 4: Determine if the Thumbnail Accurately Represents the Video's Main Topic or Content
The thumbnail suggests a significant announcement about a marriage between Sania Mirza and Mohammad Shami, which is not the primary focus of the video content. The video is more about the cricket player and his personal life, rather than addressing the marriage rumors.

#### Step 5: Assess Whether the Thumbnail Uses Exaggeration, False Promises, or Clickbait Tactics
The thumbnail uses exaggerated language (""BREAKING NEWS"") and implies a major announcement about a marriage, which is not supported by the video content. This creates a misleading expectation for the viewer.

#### Step 6: Categorize the Thumbnail
**Categorization: Misleading**

**Explanation:**
The thumbnail is categorized as misleading because it suggests a significant announcement about a marriage between Sania Mirza and Mohammad Shami, which is not the primary focus of the video content. The video is more about the cricket player and his personal life, and does not address the marriage rumors mentioned in the subtitles. The use of ""BREAKING NEWS"" and the implication of a major announcement create false expectations for the viewer."
2bQlxl3S1Yc,"**Categorization:** Not Misleading

**Explanation:** The thumbnail depicts a man being restrained by two individuals wearing military uniforms, with visible blood on their hands and the man's shirt. The video content, however, describes a series of scenes involving military operations, including aerial views of rural facilities, explosions, military aircraft engaging in combat, and ground-level shots of soldiers in action. The thumbnail does not accurately represent the main topics or content of the video, which focuses on military operations rather than a physical altercation or injury scene. Therefore, the thumbnail is misleading."
y4zpJOW8OSI,"Categorization: Misleading

Explanation: The thumbnail shows a man holding a firearm in a controlled environment, likely a demonstration or exhibition setting. However, the video content appears to be entirely silent, with only music playing throughout. This discrepancy between the thumbnail and the actual video content suggests that the thumbnail is misleading. It gives the impression that the video contains footage of a firearm being handled or demonstrated, when in reality, it is just a series of static frames with background music. The thumbnail does not accurately represent the video's content, which is why it is considered misleading."
l4QAMRJPBI0,"**Categorization:** Misleading

**Explanation:** The thumbnail prominently features a couple in an intimate moment, which suggests a romantic or passionate scene. However, the video content, as described, includes a mix of romantic, emotional, and even tense moments, but it does not focus solely on a single romantic scene. The thumbnail creates an expectation that the entire video will revolve around a specific romantic interaction, which is not necessarily the case. The video contains a variety of scenes, including moments of joy, tension, and celebration, which are not exclusively浪漫的。此外，视频中还包含了一些严肃和紧张的情绪场景，这些在图片中并未体现出来。因此，这个缩略图误导了观众对视频内容的预期。"
QJppvse1ZVU,"### Analysis and Categorization:

**Thumbnail:**
- The thumbnail shows a split image. On the left, a man is pointing at a woman with a speech bubble saying, ""Alia plz! Depika ko Copy mat kro.""
- On the right, a woman appears to be crying or distressed.

**Video Subtitles:**
- The subtitles contain a mix of personal anecdotes and gossip about Bollywood celebrities, particularly focusing on relationships and copying behavior among actresses.

**Video Description:**
- The video appears to be a compilation of scenes related to a celebrity wedding or event in India, likely involving Bollywood stars. It includes various formal and informal moments, with a focus on glamorous attire and celebratory settings.

**Comparison:**
- The thumbnail suggests a specific issue or conflict between Alia Bhatt and Deepika Padukone, specifically about copying behavior.
- The video content, however, does not directly address this issue. Instead, it provides a general overview of a star-studded event, with no clear indication of the specific conflict depicted in the thumbnail.

**Assessment:**
- The thumbnail uses a dramatic and emotionally charged image to draw attention to a specific issue (copying behavior) between two actresses.
- However, the video content does not delve into this issue; it merely provides a general glimpse into a high-profile event without addressing the conflict suggested in the thumbnail.
- The thumbnail exaggerates the importance of the issue by framing it as a central theme of the video, which it is not.

**Conclusion:**
- **Categorization:** Misleading
- **Explanation:** The thumbnail misleads viewers by suggesting that the video will primarily focus on the issue of copying behavior between Alia Bhatt and Deepika Padukone, which is not the case. The video content is a general compilation of scenes from a star-studded event, and the issue of copying behavior is not addressed or emphasized in the video itself."
23svmUzGXI4,"### Analysis and Categorization:

**Thumbnail:** The thumbnail depicts a massive tsunami wave labeled as ""600m,"" suggesting a wave height of 600 meters. 

**Video Content:** The video provides a comprehensive overview of various tsunamis and natural disasters, showcasing different wave heights and impacts. However, the thumbnail specifically highlights a wave height of 600 meters, which is exaggerated compared to the actual wave heights mentioned in the video descriptions.

**Comparison:** 
- The thumbnail prominently displays a wave labeled ""600m.""
- The video content includes a wave height of approximately 600 meters, but this is part of a larger context where the wave height is described as the maximum height of a landslide-induced tsunami in the East Molokai volcano event from about 1.4 million years ago.
- The video does not focus solely on this specific wave height; it provides a broader perspective on various natural disasters and their impacts.

**Exaggeration:** The thumbnail significantly exaggerates the wave height by labeling it as ""600m"" without context, which might mislead viewers into expecting a much larger wave than what is actually depicted in the video.

**Conclusion:** The thumbnail is misleading because it exaggerates the wave height and does not provide the necessary context to understand the scale of the event.

**Final Categorization:** Misleading

**Explanation:** The thumbnail uses exaggerated labeling (""600m"") to attract attention, which is not representative of the actual content of the video. While the video does mention a wave height of approximately 600 meters, the thumbnail fails to provide the necessary context and may lead viewers to expect a larger wave than what is actually shown."
HiUjyvW5gX4,"### Analysis and Categorization:

#### Step-by-Step Analysis:
1. **Examine the Thumbnail**:
   - The thumbnail features a woman with a serious expression, accompanied by the text ""BREAKING NEWS"" in English and Urdu.
   - The text in Urdu translates to ""Sania Mirza apologized for Hajj.""

2. **Read Through the Video Subtitles**:
   - The subtitles indicate that Sania Mirza apologized for her Hajj pilgrimage and expressed hope for spiritual growth upon returning.
   - It mentions that she shared this apology on her social media account.

3. **Compare the Thumbnail to the Actual Video Content**:
   - The thumbnail suggests a breaking news story about Sania Mirza apologizing for her Hajj pilgrimage.
   - The video content confirms this, showing Sania Mirza apologizing for her Hajj pilgrimage and expressing hope for spiritual growth.

4. **Determine Accuracy Representation**:
   - The thumbnail accurately represents the main topic discussed in the video, which is Sania Mirza apologizing for her Hajj pilgrimage.
   - There is no exaggeration, false promises, or clickbait tactics used in the thumbnail.

5. **Assess Misleading Tactics**:
   - The thumbnail does not use any misleading tactics such as exaggerating the severity of the situation or promising something that is not true.

### Conclusion:
The thumbnail is **Not Misleading**.

### Explanation:
The thumbnail accurately reflects the main topic of the video, which is Sania Mirza apologizing for her Hajj pilgrimage. The subtitles confirm this, and there are no misleading elements in the thumbnail that could mislead viewers into expecting a different type of content. Therefore, the thumbnail is appropriate and truthful in representing the video's content."
6ChWUGU7TFM,"**Categorization:** Misleading

**Explanation:** The thumbnail depicts a person wearing a mask resembling a plague doctor, which is often associated with historical figures who treated patients during the Black Death. The mask features a long beak-like nose and a pointed cap, symbolizing protection against disease. However, the video content described focuses on a dark, misty forest at night, wide-open eyes staring directly at the viewer, a highly pixelated, greenish face, and red text saying ""behind you :)"", which are elements typically used in horror or thriller videos to evoke fear and unease. The thumbnail does not accurately represent the video's content, which is more aligned with a horror theme rather than a plague doctor scenario. Therefore, the thumbnail is misleading as it does not reflect the actual content of the video."
MVy5RKojkeg,"### Analysis and Categorization:

**Thumbnail:**
The thumbnail features a man, a woman labeled as ""WIFE,"" a house, a Bugatti sports car, and the word ""LIFESTYLE."" The image suggests a focus on the lifestyle of a couple, possibly highlighting their wealth and possessions.

**Video Subtitles:**
The subtitles indicate that the video is about the biography of a Pakistani cricketer named Durga Shakti, discussing his birthplace, date of birth, and other personal details. The video also mentions that the cricketer is a young talented batsman and bowler, and provides some biographical information about him.

**Video Description:**
The video appears to be a biographical piece about a Pakistani cricketer named Durga Shakti. It includes various scenes of the cricketer in different settings, such as on the field, in casual moments, and interacting with fans. The video aims to provide a comprehensive look at the cricketer's life and career.

### Comparison and Assessment:

1. **Thumbnail vs. Video Content:**
   - The thumbnail suggests a focus on the lifestyle of a couple, featuring a house, a car, and the word ""LIFESTYLE.""
   - The video content, however, is a biographical piece about a Pakistani cricketer named Durga Shakti, providing details about his life and career.

2. **Exaggeration or False Promises:**
   - The thumbnail does not promise or suggest that the video will be about the lifestyle of a couple; instead, it focuses on a cricketer's biography.
   - There is no indication in the thumbnail that the video will contain content about a couple's lifestyle, which would be misleading.

3. **Clickbait Tactics:**
   - The thumbnail does not use clickbait tactics by promising content that is not present in the video.
   - The thumbnail is straightforward and does not mislead viewers into expecting content that is not relevant to the video's actual content.

### Conclusion:

The thumbnail accurately represents the video's content, which is a biographical piece about a Pakistani cricketer named Durga Shakti. There is no exaggeration or false promise in the thumbnail, and it does not use clickbait tactics.

**Categorization: Not Misleading**

**Explanation:**
The thumbnail accurately reflects the content of the video, which is a biographical piece about a Pakistani cricketer. There is no misleading information or clickbait tactics used in the thumbnail."
kW0EL5l5uyk,"### Analysis and Categorization:

**Thumbnail:** The thumbnail features three individuals (Zlatan Ibrahimovic, Cristiano Ronaldo, and Neymar) along with a tweet from Zlatan Ibrahimovic. The tweet reads, ""Trophy don't follow you,"" accompanied by a laughing emoji.

**Video Content:** The video appears to be a compilation of moments related to a recent soccer match, likely involving a Saudi Arabian team. It includes scenes of celebrations, player reactions, and social media interactions. The video captures the triumph and emotional responses of players and fans following the match.

**Comparison:** The thumbnail prominently features Zlatan Ibrahimovic, Cristiano Ronaldo, and Neymar, suggesting a focus on these players. However, the video content does not explicitly highlight these individuals or their reactions. Instead, it focuses on the overall narrative of the match and its aftermath, including celebrations and social media interactions.

**Assessment:**
- The thumbnail suggests a focus on individual player reactions, specifically those of Ibrahimovic, Ronaldo, and Neymar.
- The video content, however, does not emphasize these specific players but rather provides a broader view of the match's impact and the collective response of the team and fans.
- There is no exaggeration or false promises in the thumbnail; it accurately reflects the content of the video, albeit with a slight misalignment in the emphasis on individual players versus the overall match narrative.

**Conclusion:**

**Categorization:** Not Misleading

**Explanation:** The thumbnail accurately represents the content of the video, which is a compilation of moments from a recent soccer match and its aftermath. While it may not fully capture the specific focus on individual players as suggested by the thumbnail, it still provides a clear indication of the video's theme—celebrations, reactions, and social media interactions following a significant match. Therefore, the thumbnail is not misleading."
r1ExfbrDaXk,"### Analysis and Categorization

#### Step-by-Step Analysis:

1. **Examine the Thumbnail**:
   - The thumbnail shows a person riding a vehicle with large blue tires, which appear to be designed for off-road or aquatic use.
   - The vehicle looks futuristic and innovative, suggesting a focus on advanced technology and versatility.

2. **Read Through the Video Subtitles and Content Description**:
   - The subtitles mention various technological advancements and innovations across different fields such as transportation, agriculture, and medical devices.
   - The video content includes scenes of innovative machinery and technologies, including a personal flying device, robotic hands, and various other gadgets and devices.

3. **Compare the Thumbnail to the Actual Video Content**:
   - The thumbnail depicts a vehicle with large blue tires, which aligns with the theme of innovative technology and versatility.
   - However, the video content primarily showcases a wide range of technological innovations across multiple sectors, rather than focusing specifically on the vehicle depicted in the thumbnail.

4. **Determine if the Thumbnail Accurately Represents the Video's Main Topic or Content**:
   - While the thumbnail suggests a focus on a specific vehicle, the video content is broader and more diverse, covering numerous technological innovations.
   - The thumbnail does not accurately represent the main topic or content of the video, which is a compilation of various technological advancements.

5. **Assess Whether the Thumbnail Uses Exaggeration, False Promises, or Clickbait Tactics**:
   - The thumbnail does not use exaggerated claims or false promises. It simply shows a vehicle with large blue tires, which is a plausible subject for a video about technological innovations.
   - However, the thumbnail might be considered misleading because it does not clearly indicate the diverse nature of the video content.

6. **Categorization**:
   - **Misleading**

### Explanation:

The thumbnail is misleading because it suggests a focus on a specific vehicle with large blue tires, while the video content is a compilation of various technological innovations across different sectors. Although the vehicle depicted in the thumbnail is part of the video content, the overall theme and focus of the video are broader and more diverse. Therefore, the thumbnail does not accurately represent the main topic or content of the video, making it misleading."
Cl98_zamzi4,"### Analysis and Categorization

#### Step 1: Examine the Thumbnail
The thumbnail features a group of six individuals standing together, dressed in stylish and confident attire, with the title ""RACE 3"" prominently displayed. The image conveys a sense of action, glamour, and intensity, which aligns well with the typical aesthetic of a Bollywood action film.

#### Step 2: Read Through the Subtitles and Content Description
The subtitles provide a detailed breakdown of the plot and cast of ""Race 3."" They mention key characters such as Salman Khan, Anil Kapoor, Jacqueline Fernandez, and others, and describe the film's storyline involving action, romance, and conflict. The content description reinforces this by detailing various scenes and characters involved in the film.

#### Step 3: Compare the Thumbnail to the Actual Video Content
The thumbnail effectively captures the essence of the film's promotional material, showcasing the ensemble cast in a dramatic and stylish manner. The video content, while rich in detail, does not deviate significantly from the themes suggested by the thumbnail. Both highlight the action-packed nature of the film and the star-studded cast.

#### Step 4: Determine if the Thumbnail Accurately Represents the Video's Main Topic or Content
The thumbnail accurately represents the main topic and content of the video. It sets the right expectations for viewers, indicating that they can expect a high-energy, action-oriented film with a strong ensemble cast.

#### Step 5: Assess Whether the Thumbnail Uses Exaggeration, False Promises, or Clickbait Tactics
The thumbnail does not use any exaggerated or misleading elements. It simply presents the film's promotional material in a visually appealing way, which is appropriate for a movie trailer.

#### Step 6: Categorize the Thumbnail
Based on the analysis above, the thumbnail is **Not Misleading**.

#### Explanation
The thumbnail effectively communicates the essence of the film, which is an action-packed Bollywood movie with a star-studded cast. It does not promise anything beyond what the video content delivers. Therefore, it accurately represents the video's main topic and content without any misleading elements."
VvuuR7HifUY,"### Analysis and Categorization

#### Step-by-Step Analysis:

1. **Examine the Thumbnail**:
   - The thumbnail shows a dramatic scene inside an elevator involving a man in a suit, a woman in a red top, and another man in a blue tank top. The man in the suit appears to be pushing the woman against the wall, while the other man looks surprised or shocked.

2. **Read the Video Subtitles and Content Description**:
   - The subtitles suggest a compilation of heroic acts and rescues, including a boy saving a dog in an elevator, a delivery man jumping off a bridge to save a drowning woman, and a man catching a person who was about to fall.
   - The content description lists various heroic acts and rescues, emphasizing the theme of saving lives and helping others.

3. **Compare the Thumbnail to the Actual Video Content**:
   - The thumbnail depicts a tense situation inside an elevator involving physical confrontation, which contrasts sharply with the heroic acts and rescues described in the subtitles and content description.

4. **Determine Accuracy Representation**:
   - The thumbnail does not accurately represent the main topic or content of the video. It shows a dramatic and potentially dangerous situation that is not aligned with the heroic and rescue-focused theme described in the subtitles and content.

5. **Assess Exaggeration, False Promises, or Clickbait Tactics**:
   - The thumbnail uses exaggerated imagery to attract viewers, suggesting a more intense and dangerous scenario than what is actually depicted in the video.

6. **Categorization**:
   - **Misleading**

7. **Explanation**:
   - The thumbnail depicts a physical confrontation and a tense situation inside an elevator, which is not representative of the heroic acts and rescues described in the subtitles and content description. This creates a misleading impression that the viewer might expect a different type of content, leading to disappointment upon watching the actual video.

### Final Decision:
**Misleading**

**Explanation**: The thumbnail inaccurately represents the main topic and content of the video, depicting a dramatic and potentially dangerous situation that contrasts with the heroic and rescue-focused theme described in the subtitles and content description."
6IL555Cfvug,"### Analysis and Categorization

#### Step-by-Step Analysis:

1. **Examine the Thumbnail**:
   - The thumbnail shows a person running away from a large, billowing cloud of smoke, which appears to be coming from a tire or similar object. The scene suggests urgency and danger.

2. **Read the Video Subtitles and Content Description**:
   - The subtitles and video content describe a series of intense and adventurous scenes, including natural phenomena, extreme sports, everyday activities, and potentially dangerous situations.
   - The video includes scenes of a tranquil ocean, a rugged desert, a snowy mountain peak, a beach with a parachute, a bowling alley, a train station, a skydiver, and a military conflict zone, among others.
   - The video is described as a rollercoaster of emotions and experiences, alternating between extreme sports, natural phenomena, everyday activities, and potentially dangerous situations.

3. **Compare the Thumbnail to the Actual Video Content**:
   - The thumbnail depicts a scene of urgency and danger, which aligns with the theme of the video being a collection of intense and adventurous moments.
   - However, the thumbnail does not specifically highlight the variety of scenes depicted in the video, which include both extreme and everyday activities.

4. **Assess Whether the Thumbnail Accurately Represents the Video's Main Topic or Content**:
   - While the thumbnail captures the essence of danger and urgency, it does not provide a comprehensive representation of the diverse range of scenes in the video.
   - The thumbnail focuses on a single, dramatic moment, which may mislead viewers into expecting a video that is entirely focused on extreme sports or dangerous situations.

5. **Evaluate for Exaggeration, False Promises, or Clickbait Tactics**:
   - The thumbnail does not use exaggerated language or false promises. It simply depicts a dramatic moment that aligns with the overall theme of the video.
   - However, the lack of diversity in the thumbnail may give viewers the impression that the entire video is filled with similar intense and dangerous scenes.

6. **Categorization**:
   - **Misleading**: The thumbnail may mislead viewers into expecting a video that is entirely focused on extreme sports or dangerous situations, rather than a diverse collection of intense and everyday activities.

### Explanation:

The thumbnail effectively captures the dramatic and urgent nature of the video, which is a significant part of the content. However, it fails to convey the full range of scenes included in the video, which span from extreme sports to everyday activities. This limitation may lead viewers to expect a video that is more uniformly intense and dangerous than what the video actually contains. Therefore, the thumbnail is considered misleading due to its failure to fully represent the diverse content of the video."
eC0dUSDgUgk,"**Categorization:** Misleading

**Explanation:** The thumbnail depicts a woman in a white outfit praying or expressing deep emotion, which is accompanied by a red circle highlighting another person who appears to be crying. However, the video content does not seem to focus on a single individual in distress or a specific emotional event. Instead, the video appears to be a compilation of various family moments, including scenes of children practicing mindfulness, family bonding, and everyday life activities. The thumbnail suggests a more dramatic or emotional context than what is actually shown in the video. Therefore, the thumbnail is misleading as it does not accurately represent the content of the video."
bBj8H3EnTAM,"### Analysis and Categorization

#### Step 1: Examine the Thumbnail
The thumbnail features a collage of images, including a family portrait, a person holding a trophy, and a person with a red circle highlighting their face. The text on the thumbnail is written in Urdu and translates to something along the lines of ""Aliya Rani's husband Shoaib Malik's wife's secret and her past revealed in seconds.""

#### Step 2: Read Through the Video Subtitles and Content Description
The subtitles and video content seem to revolve around a conversation or interview involving a family member, possibly discussing personal matters or achievements. The content does not appear to be sensational or misleading in terms of the topics discussed.

#### Step 3: Compare the Thumbnail to the Actual Video Content
The thumbnail suggests a dramatic or sensational reveal about a family member's past or secrets, which is not supported by the video content described. The video seems to be a more straightforward interview or discussion without any indication of revealing ""secrets"" or ""past events.""

#### Step 4: Determine if the Thumbnail Accurately Represents the Video's Main Topic or Content
The thumbnail significantly exaggerates the content of the video. It implies a dramatic or sensational reveal that is not present in the video description.

#### Step 5: Assess Whether the Thumbnail Uses Exaggeration, False Promises, or Clickbait Tactics
The thumbnail uses exaggerated language and imagery to attract viewers, promising a dramatic revelation that is not supported by the actual content of the video.

#### Step 6: Categorize the Thumbnail as Either ""Misleading"" or ""Not Misleading""
**Categorization: Misleading**

**Explanation:**
The thumbnail is categorized as misleading because it uses exaggerated language and imagery to promise a dramatic or sensational reveal that is not supported by the actual content of the video. The video appears to be a straightforward interview or discussion without any indication of revealing ""secrets"" or ""past events."" The thumbnail's use of bold text and images of a family portrait, a trophy, and a highlighted individual further contributes to the misleading nature of the thumbnail."
6E7nxP3iD4c,"### Analysis of the Provided Information

#### Step 1: Examine the Thumbnail
The thumbnail shows two distinct images side-by-side:
- On the left, a child is depicted with a large, metallic, robotic-like structure wrapped around them, appearing to be suspended in mid-air.
- On the right, a person is playing a video game, wearing headphones and holding a controller, with a bag of Takis chips prominently displayed.

#### Step 2: Read Through the Video Subtitles and Content Description
The subtitles suggest a scenario involving a ""worst babysitter"" challenge where the narrator pretends to be a professional makeup artist and attempts to babysit a child named Salish. The video involves various humorous and chaotic interactions, including the narrator trying to sabotage the child's environment and the child's reaction to the situation.

#### Step 3: Compare the Thumbnail to the Actual Video Content
The thumbnail depicts a scene involving a child in a robotic-like structure, which is completely unrelated to the video content described. The video is about a babysitting challenge and does not involve any robotic elements or a child in such a structure.

#### Step 4: Determine if the Thumbnail Accurately Represents the Video's Main Topic or Content
The thumbnail does not accurately represent the video's main topic or content. It shows a completely different scenario that has nothing to do with the babysitting challenge described in the subtitles and video description.

#### Step 5: Assess Whether the Thumbnail Uses Exaggeration, False Promises, or Clickbait Tactics
The thumbnail uses exaggerated imagery (a child in a robotic structure) that is not present in the actual video content. This creates a misleading impression that the video contains elements that it does not.

#### Step 6: Categorize the Thumbnail
**Categorization:** Misleading

#### Explanation:
The thumbnail is considered misleading because it depicts a scene involving a child in a robotic-like structure, which is entirely unrelated to the babysitting challenge described in the video. The thumbnail uses exaggerated imagery to attract viewers, leading them to expect a scenario that is not present in the actual video content. This creates a false promise and misleads potential viewers about the nature of the video."
Yuakwj_i3wc,"**Categorization:** Misleading

**Explanation:** The thumbnail features a woman crying with the text ""HE'S TOXIC!"" prominently displayed, which immediately sets a negative tone and suggests a significant issue between the individuals shown. However, the video content focuses on specific instances where Ranbir Kapoor allegedly controlled Alia Bhatt, rather than depicting a general toxic relationship. The thumbnail exaggerates the situation by implying a pervasive toxicity issue, which is not fully supported by the video content. The thumbnail uses clickbait tactics by suggesting a broader problem that is not entirely addressed in the video, leading viewers to expect a more severe narrative than what is actually presented."
w14D1mx0RPQ,"### Analysis and Categorization:

**Thumbnail:**
The thumbnail features three individuals, with the central figure appearing to be a woman, and the text in Urdu translates to ""Shahid's talk about divorce will make you cry!"" This suggests a dramatic or emotional narrative centered around a significant personal issue, specifically a divorce.

**Video Subtitles:**
The subtitles include phrases like ""If my heart doesn't get hurt then I will look at both sides,"" ""keep yourself covered if not,"" and ""It should not be less for others."" These phrases indicate a discussion about emotional pain, decision-making, and possibly a conflict or difficult choice.

**Video Description:**
The video appears to be a news segment or documentary about a prominent male figure, likely a celebrity or public personality in South Asian media. It covers various aspects of his life, including professional achievements, personal relationships, and family life. The ""Breaking News"" banner suggests it is a special report or feature on the individual's life and career.

**Comparison and Assessment:**
- **Thumbnail vs. Video Content:** The thumbnail suggests a dramatic narrative about a divorce, while the video content focuses on a broader life story, including professional achievements and personal relationships. The thumbnail uses a sensationalist approach to attract viewers, which is not aligned with the actual content of the video.
- **Exaggeration:** The thumbnail uses the phrase ""will make you cry,"" which is a strong emotional appeal and suggests a highly emotional or dramatic narrative. However, the video content does not necessarily revolve around a divorce or a similarly emotional topic.
- **Clickbait Tactics:** The thumbnail employs exaggerated language (""will make you cry"") to attract viewers, which is a common tactic used in clickbait videos. While the video itself may contain emotional content, the thumbnail does not accurately represent the actual content.

**Conclusion:**
The thumbnail is categorized as **Misleading** because it uses exaggerated language (""will make you cry"") and a dramatic narrative that does not accurately reflect the actual content of the video. The video is a comprehensive look at the individual's life and career, rather than a specific drama about a divorce.

**Explanation:**
The thumbnail misleads viewers by suggesting a highly emotional and dramatic narrative about a divorce, which is not supported by the actual content of the video. Instead, the video provides a broader overview of the individual's life, including professional achievements and personal relationships. The use of sensationalist language in the thumbnail is a clear indication of clickbait tactics, which are designed to attract viewers regardless of the actual content."
WFIKtJ3nXyQ,"### Categorization: Misleading

**Explanation:**
The thumbnail shows a chimpanzee with a monkey's face superimposed over it, which is not depicted in the video content. The video primarily features various primate scenes, including orangutans, chimpanzees, and other monkeys, in different settings such as enclosures, zoo environments, and natural habitats. The thumbnail does not accurately represent the content of the video, as it introduces a visual element (a monkey's face on a chimpanzee) that is not present in the actual video footage. This creates a misleading impression that the video contains a specific type of content (a monkey with a monkey's face) that is not actually shown. Therefore, the thumbnail is misleading."
4J0TsANtpRI,"### Analysis and Categorization:

**Thumbnail:** The thumbnail features two individuals labeled as ""Husband"" and ""Wife,"" with their names displayed beneath them. The image of the husband appears to be a cricket player, while the wife is dressed in traditional attire, suggesting a cultural context.

**Video Description:** The video is described as a montage or compilation showcasing various couples, likely celebrities or public figures. It includes a countdown format, alternating between starry backgrounds displaying numbers and images of couples. The video features diverse individuals in various settings, including personal moments and professional photoshoots.

**Comparison and Assessment:**

1. **Thumbnail vs. Video Content:** The thumbnail prominently displays two individuals labeled as a husband and wife, which suggests a focus on a specific couple. However, the video content does not necessarily revolve around a single couple but rather showcases a variety of couples in different contexts.

2. **Misleading Elements:** The thumbnail implies that the video is centered around a specific couple (M Rizwan and Ayesha Rizwan), which is not explicitly mentioned in the video description. While the video does feature a couple in traditional attire, it does not suggest that this couple is the primary subject of the video.

3. **Clickbait Tactics:** The thumbnail uses a clear label (""Husband"" and ""Wife"") which could be seen as a form of clickbait, as it may attract viewers interested in celebrity relationships or personal lives.

4. **Overall Impression:** The thumbnail creates an expectation that the video focuses on a specific couple, which is not fully supported by the video content. The video appears to be a broader compilation of couples rather than a focused narrative on a single couple.

### Conclusion:

**Categorization:** Misleading

**Explanation:** The thumbnail misleads viewers by suggesting that the video is primarily about a specific couple (M Rizwan and Ayesha Rizwan) when the video content actually features a variety of couples in different contexts. The use of labels like ""Husband"" and ""Wife"" in the thumbnail creates an expectation that is not fulfilled by the video content, thus making the thumbnail misleading."
WA0BqYkg21w,"**Categorization:** Misleading

**Explanation:** The thumbnail depicts a close-up of a person's face with a surprised expression, which does not accurately represent the video content. The video actually shows a group of chimpanzees engaging in a coordinated, rhythmic walking or marching behavior in a forest setting. The thumbnail fails to convey the main subject matter of the video, which is the chimpanzees' synchronized movement, and instead suggests a completely different scenario involving a person reacting to something unexpected. This creates a misleading impression that does not match the actual content of the video."
6bj6DHKGtTE,"### Analysis and Categorization:

**Thumbnail:**
The thumbnail features a woman with large earrings, a luxurious mansion, a private jet, and a row of luxury cars. The text ""LIFESTYLE"" is prominently displayed.

**Subtitles:**
The subtitles indicate that the video will discuss the lifestyle of a ""beautiful actress Alia Bhatt.""

**Video Description:**
The video provides a comprehensive profile of Alia Bhatt, covering her career, personal life, and lifestyle. It includes details about her films, education, family connections, hobbies, favorite foods, destinations, and possessions like her house, car collection, and net worth.

### Comparison and Assessment:

1. **Content vs. Thumbnail:**
   - The thumbnail suggests a focus on Alia Bhatt's lifestyle, emphasizing wealth and luxury.
   - The video content indeed covers her lifestyle but in a broader context, including her career, personal life, and achievements rather than just her wealth.

2. **Exaggeration or False Promises:**
   - The thumbnail uses imagery of luxury items (mansion, private jet, cars) to imply a lavish lifestyle.
   - While the video does showcase her lifestyle, it does not solely focus on her wealth; it provides a detailed profile of her life and career.

3. **Clickbait Tactics:**
   - The thumbnail might attract viewers interested in celebrity lifestyles, but the video content is more informative and balanced.
   - The thumbnail does not use exaggerated language or promises that are not fulfilled in the video.

### Conclusion:

**Categorization: Not Misleading**

**Explanation:**
The thumbnail accurately reflects the content of the video, which indeed showcases Alia Bhatt's lifestyle as part of a broader profile. While the thumbnail emphasizes luxury, the video content goes beyond just her wealth, providing a comprehensive look at her life and career. Therefore, the thumbnail does not mislead viewers about the video's content."
2Juw9LKRMNo,"### Analysis and Categorization

#### Step-by-Step Analysis:

1. **Examine the Thumbnail**:
   - The thumbnail shows two images side by side:
     - On the left, there is a mop with a smartphone integrated into it, suggesting a smart cleaning device.
     - On the right, there is a futuristic-looking toilet with blue lighting, indicating a high-tech bathroom fixture.

2. **Read Through the Video Subtitles and Content Description**:
   - The subtitles and video content describe a variety of technological gadgets and inventions, including a smart mop, a portable printer, a magnetic chair prototype, smart mirrors, and various other devices.
   - The video does not specifically focus on the mop or the toilet featured in the thumbnail.

3. **Compare the Thumbnail to the Actual Video Content**:
   - The thumbnail prominently features a smart mop and a futuristic toilet, which are not the primary focus of the video content.
   - The video content is a compilation of various technological gadgets and inventions, showcasing a wide range of innovations rather than focusing on the specific devices shown in the thumbnail.

4. **Determine if the Thumbnail Accurately Represents the Video's Main Topic or Content**:
   - The thumbnail does not accurately represent the main topic or content of the video. While the smart mop and the futuristic toilet are shown in the thumbnail, they are not the central themes of the video.

5. **Assess Whether the Thumbnail Uses Exaggeration, False Promises, or Clickbait Tactics**:
   - The thumbnail uses exaggerated imagery (smart mop and futuristic toilet) that may mislead viewers into expecting a video focused solely on these specific gadgets.

6. **Categorization**:
   - **Misleading**

7. **Explanation**:
   - The thumbnail is misleading because it prominently features two specific gadgets (a smart mop and a futuristic toilet) that are not the primary focus of the video. The video content is a compilation of various technological gadgets and inventions, and the thumbnail does not accurately reflect this broader theme. The use of exaggerated imagery in the thumbnail may lead viewers to expect a video focused on these specific gadgets, which is not the case.

### Final Decision:
**Misleading**

**Explanation**: The thumbnail uses exaggerated imagery (smart mop and futuristic toilet) that misleads viewers into expecting a video focused solely on these specific gadgets, which are not the primary focus of the video content."
qL3dj-KRAys,"### Analysis and Categorization:

**Thumbnail:**
The thumbnail shows a split image featuring a couple in traditional Indian attire on the left and a group of women in matching yellow dresses on the right. The text overlaid on the thumbnail reads ""شانی میرزا کی دوہو ودیو جو طلاق کی دوجہ بنی"".

**Subtitles:**
The subtitles discuss the separation of Sania Mirza and Shoaib Malik, mentioning that they had promised to die together but after marriage, they realized they were meant for each other. The video also mentions that Sania Mirza had a relationship with Shoaib Malik before their marriage and that she opened it herself. The subtitles further state that Shoaib Malik and Sania Mirza were very happy for the first few years of their marriage but later faced issues due to cultural differences and lack of understanding.

**Video Description:**
The video appears to be a montage showcasing different aspects of a couple's relationship and public appearances, possibly celebrities or public figures in South Asian entertainment. It includes scenes of the couple at a media event, their wedding, a casual scene at home, and a group photo of female athletes holding an Indian flag. The video ends with a reflective scene of a woman looking at herself in a mirror.

**Comparison and Assessment:**
- **Thumbnail vs. Video Content:** The thumbnail features a couple in traditional Indian attire and a group of women in matching yellow dresses, which aligns closely with the wedding and cultural elements depicted in the video. However, the text on the thumbnail refers to Sania Mirza and her separation from Shoaib Malik, which is not explicitly mentioned in the video content.
- **Exaggeration/Clickbait:** The thumbnail uses the text ""شانی میرزا کی دوہو ودیو جو طلاق کی دوجہ بنی"" which translates to ""Sania Mirza's two wives who became separated due to divorce."" This statement is misleading as it implies a separation or divorce scenario that is not directly addressed in the video content.
- **Accuracy:** While the video does mention Sania Mirza and Shoaib Malik, it does not delve into the specifics of their separation or divorce. The thumbnail exaggerates the situation by suggesting a separation or divorce scenario that is not fully explored in the video.

**Conclusion:**
The thumbnail is misleading because it suggests a separation or divorce scenario involving Sania Mirza and Shoaib Malik, which is not fully addressed in the video content. The thumbnail uses exaggerated language to attract viewers, which is not accurate.

**Categorization:**
**Misleading**

**Explanation:**
The thumbnail inaccurately represents the video's content by suggesting a separation or divorce scenario involving Sania Mirza and Shoaib Malik, which is not fully explored in the video. The use of exaggerated language in the thumbnail is misleading and does not accurately reflect the video's content."
aVkG59wJKec,"### Analysis and Categorization

#### Step 1: Examine the Thumbnail
The thumbnail depicts a group of people riding on a tractor, with one individual seemingly stuck in a hole in the ground. The image conveys a sense of adventure and excitement, suggesting a thrilling or humorous situation.

#### Step 2: Read Through the Video Subtitles and Content Description
The subtitles and video content description indicate a playful and creative sequence showcasing daily life and activities in a rural or village setting. The scenes include various interactions among people, playful activities, and a general sense of community and vibrancy. The video does not mention any extreme or dangerous situations, nor does it suggest any humorous or thrilling scenarios involving a tractor or individuals stuck in holes.

#### Step 3: Compare the Thumbnail to the Actual Video Content
The thumbnail shows a group of people on a tractor with one individual in a hole, which contrasts sharply with the actual video content that focuses on everyday rural life and community activities. The thumbnail suggests a specific, exaggerated scenario that is not depicted in the video.

#### Step 4: Determine if the Thumbnail Accurately Represents the Video's Main Topic or Content
The thumbnail does not accurately represent the video's main topic or content. It misleads viewers by suggesting a thrilling or humorous situation that is not present in the actual video.

#### Step 5: Assess Whether the Thumbnail Uses Exaggeration, False Promises, or Clickbait Tactics
The thumbnail uses exaggeration by depicting a humorous or thrilling scenario that is not reflected in the actual video content. It creates a false promise by suggesting that the viewer will experience something exciting or unusual, which is not the case.

#### Step 6: Categorize the Thumbnail
**Categorization:** Misleading

#### Explanation:
The thumbnail is misleading because it exaggerates a humorous or thrilling scenario that is not present in the actual video content. It suggests a specific situation involving a tractor and individuals in a hole, which is not depicted in the video. Instead, the video showcases a series of everyday rural activities and community interactions, which do not align with the exaggerated scenario suggested by the thumbnail."
lAlnxOFVvVc,"### Analysis and Categorization:

**Thumbnail:** The thumbnail shows a man in a suit with a speech bubble saying ""Arey Yaar Papa,"" which translates to ""Hey Buddy, Dad."" There is another person partially visible in the background.

**Video Content:** The video appears to be from a press event or red carpet for an Indian entertainment show or awards ceremony. The backdrop features logos for ""Colors"" and ""Sansui"" with ""Stardust"" prominently displayed. The video shows three main figures interacting in a celebratory manner, with one of them speaking into microphones and others reacting or smiling. The overall tone is lighthearted and professional, typical of a media event in the entertainment industry.

**Comparison:** The thumbnail shows a casual interaction with a speech bubble, which contrasts with the formal and celebratory atmosphere depicted in the video. The thumbnail does not accurately represent the main topic or content of the video, which focuses on a press event rather than a casual interaction.

**Assessment:** The thumbnail uses a casual and informal depiction (speech bubble with ""Arey Yaar Papa"") that does not match the formal and celebratory nature of the event shown in the video. It does not provide accurate representation of the content and could mislead viewers into expecting a different type of interaction or event.

**Categorization:** Misleading

**Explanation:** The thumbnail is categorized as misleading because it depicts a casual interaction with a speech bubble, which is not representative of the formal and celebratory nature of the press event shown in the video. The thumbnail does not accurately reflect the main topic or content of the video, potentially misleading viewers about the type of event they are watching."
DtYACSW-QHA,"### Analysis and Categorization:

**Thumbnail:** The thumbnail shows a split image. On the left, there is a close-up of a hand being punched, with the word ""MOM"" prominently displayed in bold, green letters. On the right, there is a person with a distressed expression, appearing to be in pain or shock.

**Subtitles:** The subtitles include phrases like ""hahaha,"" ""foreign,"" ""thank you,"" ""laughs,"" ""mama,"" ""no way let me try,"" ""babe,"" and ""wait wait wait wait wait wait wait wait wait wait wait wait wait wait wait wait wait wait wait wait wait wait wait wait wait wait wait wait wait wait wait wait wait wait wait wait wait wait wait wait wait wait wait wait wait wait wait wait wait wait wait wait wait wait wait wait wait wait wait wait wait wait wait wait wait wait wait wait wait wait wait wait wait wait wait wait wait wait wait wait wait wait wait wait wait wait wait wait wait wait wait wait wait wait wait wait wait wait wait wait wait wait wait wait wait wait wait wait wait wait wait wait wait wait wait wait wait wait wait wait wait wait wait wait wait wait wait wait wait wait wait wait wait wait wait wait wait wait wait wait wait wait wait wait wait wait wait wait wait wait wait wait wait wait wait wait wait wait wait wait wait wait wait wait wait wait wait wait wait wait wait wait wait wait wait wait wait wait wait wait wait wait wait wait wait wait wait wait wait wait wait wait wait wait wait wait wait wait wait wait wait wait wait wait wait wait wait wait wait wait wait wait wait wait wait wait wait wait wait wait wait wait wait wait wait wait wait wait wait wait wait wait wait wait wait wait wait wait wait wait wait wait wait wait wait wait wait wait wait wait wait wait wait wait wait wait wait wait wait wait wait wait wait wait wait wait wait wait wait wait wait wait wait wait wait wait wait wait wait wait wait wait wait wait wait wait wait wait wait wait wait wait wait wait wait wait wait wait wait wait wait wait wait wait wait wait wait wait wait wait wait wait wait wait wait wait wait wait wait wait wait wait wait wait wait wait wait wait wait wait wait wait wait wait wait wait wait wait wait wait wait wait wait wait wait wait wait wait wait wait wait wait wait wait wait wait wait wait wait wait wait wait wait wait wait wait wait wait wait wait wait wait wait wait wait wait wait wait wait wait wait wait wait wait wait wait wait wait wait wait wait wait wait wait wait wait wait wait wait wait wait wait wait wait wait wait wait wait wait wait wait wait wait wait wait wait wait wait wait wait wait wait wait wait wait wait wait wait wait wait wait wait wait wait wait wait wait wait wait wait wait wait wait wait wait wait wait wait wait wait wait wait wait wait wait wait wait wait wait wait wait wait wait wait wait wait wait wait wait wait wait wait wait wait wait wait wait wait wait wait wait wait wait wait wait wait wait wait wait wait wait wait wait wait wait wait wait wait wait wait wait wait wait wait wait wait wait wait wait wait wait wait wait wait wait wait wait wait wait wait wait wait wait wait wait wait wait wait wait wait wait wait wait wait wait wait wait wait wait wait wait wait wait wait wait wait wait wait wait wait wait wait wait wait wait wait wait wait wait wait wait wait wait wait wait wait wait wait wait wait wait wait wait wait wait wait wait wait wait wait wait wait wait wait wait wait wait wait wait wait wait wait wait wait wait wait wait wait wait wait wait wait wait wait wait wait wait wait wait wait wait wait wait wait wait wait wait wait wait wait wait wait wait wait wait wait wait wait wait wait wait wait wait wait wait wait wait wait wait wait wait wait wait wait wait wait wait wait wait wait wait wait wait wait wait wait wait wait wait wait wait wait wait wait wait wait wait wait wait wait wait wait wait wait wait wait wait wait wait wait wait wait wait wait wait wait wait wait wait wait wait wait wait wait wait wait wait wait wait wait wait wait wait wait wait wait wait wait wait wait wait wait wait wait wait wait wait wait wait wait wait wait wait wait wait wait wait wait wait wait wait wait wait wait wait wait wait wait wait wait wait wait wait wait wait wait wait wait wait wait wait wait wait wait wait wait wait wait wait wait wait wait wait wait wait wait wait wait wait wait wait wait wait wait wait wait wait wait wait wait wait wait wait wait wait wait wait wait wait wait wait wait wait wait wait wait wait wait wait wait wait wait wait wait wait wait wait wait wait wait wait wait wait wait wait wait wait wait wait wait wait wait wait wait wait wait wait wait wait wait wait wait wait wait wait wait wait wait wait wait wait wait wait wait wait wait wait wait wait wait wait wait wait wait wait wait wait wait wait wait wait wait wait wait wait wait wait wait wait wait wait wait wait wait wait wait wait wait wait wait wait wait wait wait wait wait wait wait wait wait wait wait wait wait wait wait wait wait wait wait wait wait wait wait wait wait wait wait wait wait wait wait wait wait wait wait"
CXy5jYSDI38,"### Categorization: Not Misleading

### Explanation:
The thumbnail depicts a ghoulish skull-like face with large, unsettling eyes and a wide grin, which creates a starkly different visual compared to the actual video content. The video shows an animated red apple that undergoes various emotional transformations, starting with a friendly smile and transitioning to a dramatic, wide-open mouth that resembles a human expression. The thumbnail's eerie imagery does not accurately represent the content of the video, which focuses on a playful and surreal animation of an apple. Therefore, the thumbnail is misleading because it does not reflect the actual nature of the video's content."
LvZ9BJA8C0c,"### Categorization: Not Misleading

**Explanation:**
The thumbnail depicts a tilted building, which visually suggests instability and movement, likely due to an earthquake. This imagery aligns well with the video content, which focuses on the impact of a 6.3 magnitude earthquake in Taiwan. The thumbnail effectively conveys the theme of structural damage and seismic activity without exaggerating or misleading the viewer about the severity or scope of the event. The tilted building in the thumbnail serves as a clear visual metaphor for the earthquake's effects, which are further detailed in the video content through various scenes showing the shaking of buildings, people reacting to the tremors, and the broader urban landscape affected by the quake. Therefore, the thumbnail accurately represents the main topic of the video and does not use any clickbait tactics or false promises."
hQdgdvC4_2s,"### Analysis and Categorization:

**Thumbnail:** The thumbnail features two characters, one older and one younger, both with a sci-fi aesthetic. The text ""TRAILER KRRISH 4"" is prominently displayed, indicating that this is a promotional image for the fourth installment of the ""Krrish"" franchise.

**Subtitles:** The subtitles do not provide specific details about the content but seem to be related to a narrative involving power, control, and possibly conflict between races or individuals.

**Video Description:** The video appears to be a trailer for a science fiction action film, featuring a mix of urban, futuristic, and space settings. The scenes include high-tech environments, dramatic action sequences, and a mysterious narrative involving power and control.

**Comparison and Assessment:**

- **Thumbnail vs. Video Content:** The thumbnail effectively captures the essence of a science fiction action film, with a focus on futuristic elements and a sense of drama. It aligns well with the video content, which includes high-tech settings, action sequences, and a sci-fi narrative.
  
- **Exaggeration or False Promises:** The thumbnail does not employ any exaggerated or misleading elements. It accurately represents the genre and themes suggested by the video content.

- **Clickbait Tactics:** There are no clickbait tactics present in the thumbnail. It clearly indicates that this is a trailer for a specific film (""Krrish 4"") and does not promise anything beyond what is expected from such a trailer.

**Conclusion:**

The thumbnail is **Not Misleading**. It accurately represents the genre and themes of the video content, which is a science fiction action film trailer for ""Krrish 4."" The thumbnail effectively sets the expectation for viewers without making any exaggerated or misleading claims."
Y9YQFMxBwQE,"### Categorization: Not Misleading

**Explanation:**
The provided video description does not contain any specific thumbnail imagery or visual cues that would mislead viewers about the content of the video. The video compilation appears to showcase a series of humorous mishaps and daring stunts, which aligns well with the general theme suggested by the video description itself. There are no exaggerated claims or misleading elements in the thumbnail or the video content that suggest otherwise. Therefore, based on the given information, the thumbnail accurately represents the video's content without any misleading aspects."
ezwXAlJ5pAY,"**Categorization:** Misleading

**Explanation:** The thumbnail depicts a dramatic transformation involving a pair of scissors and the word ""MOM,"" suggesting a significant change or reveal related to a mother figure. However, the video content described does not feature any such dramatic transformation or reveal. Instead, it consists of a series of everyday, humorous, and casual scenes that do not involve a mother or any significant transformation. The thumbnail creates an expectation of a more dramatic or revealing content than what is actually presented in the video. Therefore, the thumbnail is misleading."
lepHJI4ze-w,"### Analysis and Categorization:

**Thumbnail:** The thumbnail features a person with exaggerated facial expressions, seemingly reacting to a bottle labeled ""Stretch Glue."" The image is designed to evoke curiosity and humor, suggesting a playful or surprising interaction with the product.

**Video Content:** The video appears to be a compilation of scenes featuring a group of young people engaging in various activities, many of which involve Amazon delivery or packaging. The video showcases energetic interactions, playful antics, and scenes involving Amazon boxes and products. The subtitles indicate that the group is unboxing and delivering a large number of Amazon products within a 24-hour period, with the goal of delivering all the items before the deadline or facing a penalty.

**Comparison:** The thumbnail depicts a humorous and exaggerated interaction with ""Stretch Glue,"" which is not directly related to the main content of the video. The video itself focuses on a group activity involving Amazon deliveries and unboxing, which is a completely different context from the stretch glue scenario shown in the thumbnail.

**Exaggeration and Clickbait:** The thumbnail uses humor and exaggeration to attract viewers, which is not aligned with the actual content of the video. The thumbnail does not accurately represent the main topic or content of the video, which is centered around a group's Amazon delivery and unboxing activities.

**Conclusion:** The thumbnail is **misleading** because it does not accurately represent the main topic or content of the video. The thumbnail suggests a humorous interaction with stretch glue, which is unrelated to the actual video content that involves a group's Amazon delivery and unboxing activities.

**Explanation:** The thumbnail uses humor and exaggeration to attract viewers, which is not aligned with the actual content of the video. The thumbnail does not accurately represent the main topic or content of the video, which is centered around a group's Amazon delivery and unboxing activities. Therefore, the thumbnail is misleading."
pVDqiYIxvdA,"### Analysis and Categorization

**Thumbnail:** The thumbnail shows a purple balloon resting on a bed of nails, with a hand approaching it. The number ""33"" is prominently displayed in large yellow font.

**Video Content Description:** The video features a series of science experiments and demonstrations, including a balloon resting on a bed of nails, a lava lamp-like effect, a cup and ball trick, and various chemical reactions and physical phenomena.

**Comparison:** The thumbnail depicts a specific experiment involving a balloon on a bed of nails, which is one of the many demonstrations shown in the video. However, the thumbnail does not provide context or indicate that the video is a compilation of multiple experiments.

**Assessment:**
- The thumbnail accurately represents one of the experiments shown in the video but does not give a comprehensive overview of the entire content.
- It does not use exaggerated claims or false promises.
- The thumbnail is not misleading because it correctly reflects part of the video's content.

**Conclusion:** The thumbnail is **Not Misleading**.

**Explanation:** The thumbnail accurately represents a specific experiment (balloon on a bed of nails) shown in the video. While it does not provide a full overview of all the experiments, it does not mislead viewers about the nature of the content. The video is indeed a compilation of various science experiments, and the thumbnail appropriately highlights one of these demonstrations."
rah4QI41Lgg,"### Analysis and Categorization

#### Step 1: Examine the Thumbnail
The thumbnail shows a person in a dark coat kneeling beside a circular hole in the ice, appearing to be in a state of distress or concern. The image suggests a dramatic or dangerous situation involving ice and potentially a fall or rescue scenario.

#### Step 2: Read Through the Video Subtitles and Content Description
The subtitles and video description indicate that the video is a compilation of extreme stunts, daring acts, and record-breaking attempts. The content includes various dangerous and physically demanding activities such as hanging from buildings, interacting with wild animals, and handling electrical arcs. The video emphasizes the dangerous nature of these stunts and warns viewers that they should not attempt these feats themselves.

#### Step 3: Compare the Thumbnail to the Actual Video Content
The thumbnail depicts a person near a hole in the ice, which aligns with the theme of danger and risk suggested by the video content. However, the thumbnail does not specifically highlight any of the extreme stunts or record-breaking attempts shown in the video. Instead, it focuses on a more general sense of danger and emergency.

#### Step 4: Determine if the Thumbnail Accurately Represents the Video's Main Topic or Content
While the thumbnail does convey a sense of danger, it does not specifically represent the extreme stunts or record-breaking attempts that are the main focus of the video. The thumbnail is more generic and could be misleading to viewers who expect to see specific stunts or records being demonstrated.

#### Step 5: Assess Whether the Thumbnail Uses Exaggeration, False Promises, or Clickbait Tactics
The thumbnail does not use exaggerated language or false promises. It simply presents a scene that aligns with the overall theme of danger and risk, which is appropriate for the content of the video.

#### Step 6: Categorize the Thumbnail as Either ""Misleading"" or ""Not Misleading""
Given that the thumbnail does not specifically highlight the extreme stunts or record-breaking attempts that are the main focus of the video, it can be considered misleading.

#### Explanation:
The thumbnail is misleading because it does not accurately represent the specific content of the video. While it conveys a sense of danger, it does not provide any indication of the extreme stunts or record-breaking attempts that are the primary focus of the video. This could lead viewers to expect a different type of content and may result in disappointment or confusion.

**Categorization: Misleading**

**Explanation:** The thumbnail depicts a scene of danger and emergency, which aligns with the overall theme of the video but does not specifically highlight the extreme stunts or record-breaking attempts that are the main focus of the video. This could mislead viewers about the specific content they can expect."
yjex6KjvJ4M,"### Analysis and Categorization:

#### Step 1: Examine the Thumbnail
The thumbnail shows a woman in a soccer uniform interacting closely with a referee on a soccer field. The image suggests a moment of discussion or clarification during a match.

#### Step 2: Read Through the Video Subtitles and Content Description
The video content description indicates a compilation of women's soccer/football highlights, featuring various moments of gameplay, celebrations, and interactions between players and officials. The subtitles include commentary on specific plays, such as own goals, fouls, and controversial moments, but do not suggest any misleading or exaggerated content.

#### Step 3: Compare the Thumbnail to the Actual Video Content
The thumbnail depicts a scene that appears to be a standard moment in a soccer match involving a player and a referee. However, the video content includes a variety of scenes, including own goals, fouls, and other intense moments typical of soccer matches. The thumbnail does not represent the diverse range of content shown in the video.

#### Step 4: Determine if the Thumbnail Accurately Represents the Video's Main Topic or Content
The thumbnail does not accurately represent the diverse content of the video, which includes various highlights and moments from women's soccer matches. It fails to capture the essence of the compilation, which includes a mix of celebratory moments, tactical plays, and controversial incidents.

#### Step 5: Assess Whether the Thumbnail Uses Exaggeration, False Promises, or Clickbait Tactics
The thumbnail does not use exaggeration or false promises. It simply shows a typical interaction between a player and a referee, which is a common occurrence in soccer matches.

#### Step 6: Categorize the Thumbnail as Either ""Misleading"" or ""Not Misleading""
Based on the analysis, the thumbnail is **misleading** because it does not accurately represent the diverse content of the video, which includes a mix of celebratory moments, tactical plays, and controversial incidents.

#### Explanation:
The thumbnail fails to convey the multifaceted nature of the video content, which includes various highlights and moments from women's soccer matches. It only captures a single, relatively neutral moment, which does not reflect the dynamic and varied content of the compilation. Therefore, the thumbnail is misleading."
dvoFRAqY9sY,"### Analysis and Categorization

#### Step 1: Examine the Thumbnail
The thumbnail for the video features a group of actors dressed in traditional attire, with a bold title stating ""The Legend of Maula Jatt."" The image includes a mix of men and women, suggesting a diverse cast involved in a significant narrative.

#### Step 2: Read Through the Video Subtitles and Content Description
The subtitles and video description provide detailed information about the film, including its director, writer, producer, cinematographer, editor, and box office performance. The video also discusses the film's budget, release date, and critical reception.

#### Step 3: Compare the Thumbnail to the Actual Video Content
The thumbnail prominently displays the title ""The Legend of Maula Jatt,"" which matches the video's title. However, the thumbnail does not explicitly mention the director, writer, or the fact that the film is a historical drama. It also does not highlight the action sequences, romantic subplot, or the climactic battle scenes mentioned in the video description.

#### Step 4: Determine if the Thumbnail Accurately Represents the Video's Main Topic or Content
While the thumbnail correctly identifies the film's title, it lacks specific details about the content, such as the director, writer, or the nature of the plot. The thumbnail does not convey the epic scale or the dramatic elements described in the video description.

#### Step 5: Assess Whether the Thumbnail Uses Exaggeration, False Promises, or Clickbait Tactics
The thumbnail does not use exaggerated visuals or false promises. Instead, it provides a general impression of the film's cast and title, which is appropriate for a promotional image.

#### Step 6: Categorize the Thumbnail
Based on the analysis, the thumbnail is not misleading because it accurately represents the film's title and the presence of a diverse cast. However, it does not provide enough detail about the film's content or the specific roles of the director and writer, which might be considered a slight omission.

#### Step 7: Provide a Brief Explanation for the Decision
The thumbnail effectively captures the essence of the film's title and the cast, but it lacks specific details about the film's content, director, and writer. While this omission does not significantly mislead viewers, it could be improved to better reflect the film's epic and dramatic nature as described in the video content.

**Categorization:** Not Misleading

**Explanation:** The thumbnail accurately represents the film's title and the presence of a diverse cast, but it does not provide sufficient details about the film's content, director, or writer, which could be improved for a more accurate representation."
RLkdkdQI-ZU,"### Analysis and Categorization:

**Thumbnail:** The thumbnail shows a hand holding a cigarette with a lemon slice above it, with the text ""22 SCIENCE TRICKS.""

**Video Subtitles:** The subtitles are not provided in the given information.

**Video Description:** The video appears to be a compilation of science experiments and demonstrations, including mechanical demonstrations, chemical reactions, and various hands-on experiments. The video does not specifically mention anything related to cigarettes or lemon slices.

**Comparison:** The thumbnail suggests that the video involves a science trick involving a cigarette and a lemon, which is not explicitly mentioned in the video description. The video seems to cover a wide range of scientific demonstrations but does not focus on the specific trick suggested by the thumbnail.

**Assessment:** The thumbnail uses exaggerated imagery and a misleading title (""22 SCIENCE TRICKS"") that does not accurately represent the content of the video. While the video itself may contain various science tricks, the thumbnail is misleading because it implies a specific trick involving a cigarette and a lemon that is not confirmed in the video description.

**Categorization:** Misleading

**Explanation:** The thumbnail is misleading because it suggests a specific trick involving a cigarette and a lemon, which is not supported by the video content. The video appears to be a general compilation of science experiments without focusing on a particular trick involving these items."
SToocHIhCN4,"### Analysis and Categorization:

**Thumbnail:** The thumbnail shows a young man in handcuffs, appearing distressed, with a background suggesting a prison or detention setting.

**Subtitles:** The subtitles indicate that the video involves a student being punished severely by a strict teacher, with the possibility of losing their YouTube channel if they fail to complete the challenge.

**Video Description:** The video appears to be a comedic series depicting life at a school or academy, focusing on students' experiences and interactions within the school environment. It includes scenes of students interacting casually, a teacher or administrator speaking, and various classroom activities. The video also touches on themes of discipline and punishment, but these elements are presented in a lighthearted manner.

**Comparison and Assessment:**

1. **Thumbnail vs. Video Content:** The thumbnail depicts a highly exaggerated and dramatic scenario involving handcuffs and a prison-like setting, which is not representative of the actual video content. The video primarily focuses on comedic scenarios and interactions among students and teachers, with some elements of discipline and punishment, but nothing as severe as depicted in the thumbnail.

2. **Exaggeration and Clickbait:** The thumbnail uses significant exaggeration by showing a student in handcuffs, which is not typical of the video's content. This could mislead viewers into expecting a more serious or intense narrative than what is actually shown.

3. **Overall Tone:** The video maintains a comedic tone throughout, with light-hearted interactions and humorous scenarios. The thumbnail, however, sets a much more serious and dramatic tone, which could mislead viewers into expecting a different type of content.

**Conclusion:**

**Categorization:** Misleading

**Explanation:** The thumbnail is categorized as misleading because it depicts an exaggerated and dramatic scenario involving handcuffs and a prison-like setting, which is not representative of the actual video content. The video primarily focuses on comedic scenarios and interactions among students and teachers, with some elements of discipline and punishment, but nothing as severe as depicted in the thumbnail. The thumbnail uses significant exaggeration and could mislead viewers into expecting a more serious or intense narrative than what is actually shown."
SH8SDdxstco,"### Analysis and Categorization:

**Thumbnail:** The thumbnail shows a soccer player in a blue jersey, seemingly in a tunnel or hallway, with a surprised expression. The image is accompanied by a large arrow pointing to the player, emphasizing their reaction.

**Subtitles:** The subtitles appear to be incomplete and fragmented, but they seem to describe various soccer-related events and reactions, including celebrations, goal attempts, and player interactions.

**Video Description:** The video compilation showcases various moments from professional soccer matches, likely from the German Bundesliga. Scenes include goal celebrations, tactical moments, and interactions between players and fans. The video captures the excitement and camaraderie of the sport.

**Comparison and Assessment:**

The thumbnail depicts a player in a blue jersey with a surprised expression, which could be interpreted as a reaction to a significant event in the match. However, the video content does not necessarily focus on a single player's reaction or a specific event that would justify the exaggerated expression shown in the thumbnail. Instead, the video compilation includes a variety of scenes from different matches, capturing the overall excitement and dynamics of professional soccer.

**Reasoning:**

- The thumbnail suggests a specific, dramatic moment involving a player's reaction, which might be misleading as the video content does not consistently focus on a single player or a particular event.
- The video itself provides a broader overview of various soccer moments, which may not align perfectly with the exaggerated reaction depicted in the thumbnail.
- The thumbnail uses a dramatic visual to attract attention, which might mislead viewers into expecting a specific event or reaction that is not necessarily the main focus of the video.

**Conclusion:**

**Categorization:** Misleading

**Explanation:** The thumbnail is categorized as misleading because it depicts a dramatic reaction that is not necessarily representative of the video's main content. The video compilation captures a range of soccer moments without focusing on a single, exaggerated reaction, making the thumbnail potentially misleading in terms of viewer expectations."
